[13:17:21] [main/INFO] (FabricLoader/GameProvider) Loading Minecraft 1.21.4 with Fabric Loader 0.16.10
[13:17:21] [main/DEBUG] (FabricLoader/GamePatch) Found game constructor: net.minecraft.client.main.Main -> net.minecraft.client.MinecraftClient
[13:17:21] [main/DEBUG] (FabricLoader/GamePatch) Patching game constructor <init>(Lnet/minecraft/client/RunArgs;)V
[13:17:21] [main/DEBUG] (FabricLoader/GamePatch) Run directory field is thought to be net/minecraft/client/MinecraftClient/runDirectory
[13:17:21] [main/DEBUG] (FabricLoader/GamePatch) Applying brand name hook to net/minecraft/client/ClientBrandRetriever::getClientModName
[13:17:21] [main/DEBUG] (FabricLoader/GamePatch) Applying brand name hook to net/minecraft/server/MinecraftServer::getServerModName
[13:17:22] [main/DEBUG] (FabricLoader/Mappings) Loading mappings took 183 ms
[13:17:22] [main/DEBUG] (FabricLoader/GamePatch) Patched 3 classs
[13:17:22] [ForkJoinPool-1-worker-1/WARN] (FabricLoader/Metadata) Mod luxury uses the version 0.6 Beta which isn't compatible with Loader's extended semantic version format (Could not parse version number component '6 Beta'!), SemVer is recommended for reliably evaluating dependencies and prioritizing newer version
[13:17:22] [ForkJoinPool-1-worker-4/WARN] (FabricLoader/Metadata) Mod com_github_oryxel_cubeconverter uses the version 916cadb12a which isn't compatible with Loader's extended semantic version format (Could not parse version number component '916cadb12a'!), SemVer is recommended for reliably evaluating dependencies and prioritizing newer version
[13:17:22] [ForkJoinPool-1-worker-2/WARN] (FabricLoader/Metadata) Mod org_cloudburstmc_netty_netty-transport-raknet uses the version 1.0.0.CR3-SNAPSHOT which isn't compatible with Loader's extended semantic version format (Could not parse version number component 'CR3'!), SemVer is recommended for reliably evaluating dependencies and prioritizing newer version
[13:17:22] [main/DEBUG] (FabricLoader/Discovery) Mod discovery time: 302,7 ms
[13:17:22] [main/DEBUG] (FabricLoader/Resolution) Mod resolution time: 111,1 ms
[13:17:22] [main/INFO] (FabricLoader) Loading 85 mods:
	- fabric-api 0.119.4+1.21.4
	- fabric-api-base 0.4.54+b47eab6b04
	- fabric-api-lookup-api-v1 1.6.86+b1caf1e904
	- fabric-biome-api-v1 15.0.6+b1c29d8e04
	- fabric-block-api-v1 1.0.31+7feeb73304
	- fabric-block-view-api-v2 1.0.20+9c49cc8c04
	- fabric-blockrenderlayer-v1 2.0.8+7feeb73304
	- fabric-client-gametest-api-v1 4.1.1+6816ccd404
	- fabric-client-tags-api-v1 1.1.29+20ea1e2304
	- fabric-command-api-v1 1.2.62+f71b366f04
	- fabric-command-api-v2 2.2.41+e496eb1504
	- fabric-commands-v0 0.2.79+df3654b304
	- fabric-content-registries-v0 9.1.19+25d1a67604
	- fabric-convention-tags-v1 2.1.20+7f945d5b04
	- fabric-convention-tags-v2 2.14.1+aebda09404
	- fabric-crash-report-info-v1 0.3.6+7feeb73304
	- fabric-data-attachment-api-v1 1.6.2+e99da0f704
	- fabric-data-generation-api-v1 22.3.1+0f4e5f5504
	- fabric-dimensions-v1 4.0.10+7feeb73304
	- fabric-entity-events-v1 2.0.15+62245bef04
	- fabric-events-interaction-v0 4.0.4+a4eebcf004
	- fabric-game-rule-api-v1 1.0.63+7d48d43904
	- fabric-gametest-api-v1 2.0.26+7feeb73304
	- fabric-item-api-v1 11.4.0+189dd6fe04
	- fabric-item-group-api-v1 4.2.2+fcb9601404
	- fabric-key-binding-api-v1 1.0.57+7d48d43904
	- fabric-keybindings-v0 0.2.55+df3654b304
	- fabric-lifecycle-events-v1 2.5.4+bf2a60eb04
	- fabric-loot-api-v2 3.0.38+3f89f5a504
	- fabric-loot-api-v3 1.0.26+203e6b2304
	- fabric-message-api-v1 6.0.26+238a33c004
	- fabric-model-loading-api-v1 4.3.0+ae23723504
	- fabric-networking-api-v1 4.4.0+db5e668204
	- fabric-object-builder-api-v1 18.0.14+38b0d59804
	- fabric-particles-v1 4.0.14+7feeb73304
	- fabric-recipe-api-v1 8.1.1+640e77ae04
	- fabric-registry-sync-v0 6.1.11+4a9c1ece04
	- fabric-renderer-api-v1 5.0.3+50f0feb204
	- fabric-renderer-indigo 2.0.3+50f0feb204
	- fabric-rendering-data-attachment-v1 0.3.58+73761d2e04
	- fabric-rendering-fluids-v1 3.1.19+7feeb73304
	- fabric-rendering-v1 10.2.1+0d31b09f04
	- fabric-resource-conditions-api-v1 5.0.13+203e6b2304
	- fabric-resource-loader-v0 3.1.1+360374ac04
	- fabric-screen-api-v1 2.0.38+7feeb73304
	- fabric-screen-handler-api-v1 1.3.118+7feeb73304
	- fabric-sound-api-v1 1.0.32+7feeb73304
	- fabric-tag-api-v1 1.0.7+7d48d43904
	- fabric-transfer-api-v1 5.4.9+efa825c904
	- fabric-transitive-access-wideners-v1 6.3.2+56e78b9b04
	- fabricloader 0.16.10
	- ias 9.0.4
	- java 21
	- luxury 0.6 Beta
	- minecraft 1.21.4
	- mixinextras 0.4.1
	- modmenu 13.0.3
	   \-- placeholder-api 2.5.1+1.21.3
	- viafabricplus 4.0.5-BACKPORT
	   |-- com_github_oryxel_cubeconverter 916cadb12a
	   |-- com_google_code_findbugs_jsr305 3.0.2
	   |-- com_vdurmont_semver4j 3.1.0
	   |-- com_viaversion_viaaprilfools-common 4.0.2-20250426.140810-22
	   |-- com_viaversion_viabackwards-common 5.3.3-20250426.185209-1
	   |-- com_viaversion_vialoader 4.0.3-20250426.141011-6
	   |-- com_viaversion_viaversion-common 5.3.3-20250426.143637-8
	   |-- de_florianmichael_classic4j 2.1.1-SNAPSHOT
	   |-- io_jsonwebtoken_jjwt-api 0.12.6
	   |-- io_jsonwebtoken_jjwt-gson 0.12.6
	   |-- io_jsonwebtoken_jjwt-impl 0.12.6
	   |-- io_netty_netty-codec-http 4.2.0
	   |-- net_jodah_expiringmap 0.5.10
	   |-- net_lenni0451_commons_httpclient 1.6.0
	   |-- net_lenni0451_mcstructs-bedrock_forms 2.0.0
	   |-- net_lenni0451_mcstructs-bedrock_text 2.0.0
	   |-- net_lenni0451_reflect 1.4.0
	   |-- net_raphimc_minecraftauth 4.1.1
	   |-- net_raphimc_viabedrock 0.0.16-20250404.165607-5
	   |-- net_raphimc_vialegacy 3.0.10-20250426.140714-8
	   |-- org_cloudburstmc_netty_netty-transport-raknet 1.0.0.CR3-SNAPSHOT
	   |-- org_lz4_lz4-pure-java 1.8.0
	   |-- team_unnamed_mocha 3.0.1
	   |-- viafabricplus-api 4.0.5-BACKPORT
	   |-- viafabricplus-api-legacy 4.0.5-BACKPORT
	   \-- viafabricplus-visuals 4.0.5-BACKPORT
[13:17:35] [main/DEBUG] (FabricLoader/Knot) Adding /home/zench1k/IdeaProjects/luxury2/.gradle/loom-cache/remapped_mods/remapped/net/fabricmc/fabric-api/fabric-object-builder-api-v1-46549a5a/18.0.14+38b0d59804/fabric-object-builder-api-v1-46549a5a-18.0.14+38b0d59804.jar to classpath.
[13:17:35] [main/DEBUG] (FabricLoader/Knot) Adding /home/zench1k/IdeaProjects/luxury2/.gradle/loom-cache/remapped_mods/remapped/net/fabricmc/fabric-api/fabric-transfer-api-v1-46549a5a/5.4.9+efa825c904/fabric-transfer-api-v1-46549a5a-5.4.9+efa825c904.jar to classpath.
[13:17:35] [main/DEBUG] (FabricLoader/Knot) Adding /home/zench1k/IdeaProjects/luxury2/run/.fabric/processedMods/com_github_oryxel_cubeconverter-916cadb12a-f629b476c87aad21.jar to classpath.
[13:17:35] [main/DEBUG] (FabricLoader/Knot) Adding /home/zench1k/IdeaProjects/luxury2/run/.fabric/processedMods/viafabricplus-api-legacy-4.0.5-BACKPORT-de08d51a8e82deee.jar to classpath.
[13:17:35] [main/DEBUG] (FabricLoader/Knot) Adding /home/zench1k/IdeaProjects/luxury2/.gradle/loom-cache/remapped_mods/remapped/net/fabricmc/fabric-api/fabric-game-rule-api-v1-46549a5a/1.0.63+7d48d43904/fabric-game-rule-api-v1-46549a5a-1.0.63+7d48d43904.jar to classpath.
[13:17:35] [main/DEBUG] (FabricLoader/Knot) Adding /home/zench1k/IdeaProjects/luxury2/run/.fabric/processedMods/com_viaversion_viaaprilfools-com6.140810-22-b8655cfda909dcba.jar to classpath.
[13:17:35] [main/DEBUG] (FabricLoader/Knot) Adding /home/zench1k/IdeaProjects/luxury2/.gradle/loom-cache/remapped_mods/remapped/net/fabricmc/fabric-api/fabric-rendering-data-attachment-v1-46549a5a/0.3.58+73761d2e04/fabric-rendering-data-attachment-v1-46549a5a-0.3.58+73761d2e04.jar to classpath.
[13:17:35] [main/DEBUG] (FabricLoader/Knot) Adding /home/zench1k/IdeaProjects/luxury2/.gradle/loom-cache/remapped_mods/remapped/net/fabricmc/fabric-api/fabric-commands-v0-46549a5a/0.2.79+df3654b304/fabric-commands-v0-46549a5a-0.2.79+df3654b304.jar to classpath.
[13:17:35] [main/DEBUG] (FabricLoader/Knot) Adding /home/zench1k/IdeaProjects/luxury2/run/.fabric/processedMods/viafabricplus-4.0.5-BACKPORT-64b5720b4b825f21.jar to classpath.
[13:17:35] [main/DEBUG] (FabricLoader/Knot) Adding /home/zench1k/IdeaProjects/luxury2/.gradle/loom-cache/remapped_mods/remapped/net/fabricmc/fabric-api/fabric-networking-api-v1-46549a5a/4.4.0+db5e668204/fabric-networking-api-v1-46549a5a-4.4.0+db5e668204.jar to classpath.
[13:17:35] [main/DEBUG] (FabricLoader/Knot) Adding /home/zench1k/IdeaProjects/luxury2/.gradle/loom-cache/remapped_mods/remapped/net/fabricmc/fabric-api/fabric-api-base-46549a5a/0.4.54+b47eab6b04/fabric-api-base-46549a5a-0.4.54+b47eab6b04.jar to classpath.
[13:17:35] [main/DEBUG] (FabricLoader/Knot) Adding /home/zench1k/IdeaProjects/luxury2/.gradle/loom-cache/remapped_mods/remapped/net/fabricmc/fabric-api/fabric-screen-handler-api-v1-46549a5a/1.3.118+7feeb73304/fabric-screen-handler-api-v1-46549a5a-1.3.118+7feeb73304.jar to classpath.
[13:17:35] [main/DEBUG] (FabricLoader/Knot) Adding /home/zench1k/IdeaProjects/luxury2/.gradle/loom-cache/remapped_mods/remapped/net/fabricmc/fabric-api/fabric-gametest-api-v1-46549a5a/2.0.26+7feeb73304/fabric-gametest-api-v1-46549a5a-2.0.26+7feeb73304.jar to classpath.
[13:17:35] [main/DEBUG] (FabricLoader/Knot) Adding /home/zench1k/IdeaProjects/luxury2/.gradle/loom-cache/remapped_mods/remapped/net/fabricmc/fabric-api/fabric-command-api-v1-46549a5a/1.2.62+f71b366f04/fabric-command-api-v1-46549a5a-1.2.62+f71b366f04.jar to classpath.
[13:17:35] [main/DEBUG] (FabricLoader/Knot) Adding /home/zench1k/IdeaProjects/luxury2/run/.fabric/processedMods/placeholder-api-2.5.1+1.21.3-669bbb9036017d1b.jar to classpath.
[13:17:35] [main/DEBUG] (FabricLoader/Knot) Adding /home/zench1k/IdeaProjects/luxury2/run/.fabric/processedMods/com_vdurmont_semver4j-3.1.0-1332a5597c628970.jar to classpath.
[13:17:35] [main/DEBUG] (FabricLoader/Knot) Adding /home/zench1k/IdeaProjects/luxury2/.gradle/loom-cache/remapped_mods/remapped/net/fabricmc/fabric-api/fabric-loot-api-v2-46549a5a/3.0.38+3f89f5a504/fabric-loot-api-v2-46549a5a-3.0.38+3f89f5a504.jar to classpath.
[13:17:35] [main/DEBUG] (FabricLoader/Knot) Adding /home/zench1k/IdeaProjects/luxury2/run/.fabric/processedMods/com_viaversion_viabackwards-comm26.185209-1-5759456b926d5fa9.jar to classpath.
[13:17:35] [main/DEBUG] (FabricLoader/Knot) Adding /home/zench1k/IdeaProjects/luxury2/.gradle/loom-cache/remapped_mods/remapped/net/fabricmc/fabric-api/fabric-rendering-fluids-v1-46549a5a/3.1.19+7feeb73304/fabric-rendering-fluids-v1-46549a5a-3.1.19+7feeb73304.jar to classpath.
[13:17:35] [main/DEBUG] (FabricLoader/Knot) Adding /home/zench1k/IdeaProjects/luxury2/run/.fabric/processedMods/viafabricplus-api-4.0.5-BACKPORT-7ea7d77a8d37ce3b.jar to classpath.
[13:17:35] [main/DEBUG] (FabricLoader/Knot) Adding /home/zench1k/.gradle/caches/modules-2/files-2.1/io.github.llamalad7/mixinextras-fabric/0.4.1/8d1a9e96afb990367fa1f904d17580d164da72e3/mixinextras-fabric-0.4.1.jar to classpath.
[13:17:35] [main/DEBUG] (FabricLoader/Knot) Adding /home/zench1k/IdeaProjects/luxury2/.gradle/loom-cache/remapped_mods/remapped/net/fabricmc/fabric-api/fabric-lifecycle-events-v1-46549a5a/2.5.4+bf2a60eb04/fabric-lifecycle-events-v1-46549a5a-2.5.4+bf2a60eb04.jar to classpath.
[13:17:35] [main/DEBUG] (FabricLoader/Knot) Adding /home/zench1k/IdeaProjects/luxury2/run/.fabric/processedMods/net_jodah_expiringmap-0.5.10-1f0b09a7db5df451.jar to classpath.
[13:17:35] [main/DEBUG] (FabricLoader/Knot) Adding /home/zench1k/IdeaProjects/luxury2/.gradle/loom-cache/remapped_mods/remapped/net/fabricmc/fabric-api/fabric-registry-sync-v0-46549a5a/6.1.11+4a9c1ece04/fabric-registry-sync-v0-46549a5a-6.1.11+4a9c1ece04.jar to classpath.
[13:17:35] [main/DEBUG] (FabricLoader/Knot) Adding /home/zench1k/IdeaProjects/luxury2/run/.fabric/processedMods/com_google_code_findbugs_jsr305-3.0.2-a2f025c66ff47217.jar to classpath.
[13:17:35] [main/DEBUG] (FabricLoader/Knot) Adding /home/zench1k/IdeaProjects/luxury2/.gradle/loom-cache/remapped_mods/remapped/net/fabricmc/fabric-api/fabric-resource-conditions-api-v1-46549a5a/5.0.13+203e6b2304/fabric-resource-conditions-api-v1-46549a5a-5.0.13+203e6b2304.jar to classpath.
[13:17:35] [main/DEBUG] (FabricLoader/Knot) Adding /home/zench1k/IdeaProjects/luxury2/.gradle/loom-cache/remapped_mods/remapped/net/fabricmc/fabric-api/fabric-particles-v1-46549a5a/4.0.14+7feeb73304/fabric-particles-v1-46549a5a-4.0.14+7feeb73304.jar to classpath.
[13:17:35] [main/DEBUG] (FabricLoader/Knot) Adding /home/zench1k/IdeaProjects/luxury2/.gradle/loom-cache/remapped_mods/remapped/net/fabricmc/fabric-api/fabric-transitive-access-wideners-v1-46549a5a/6.3.2+56e78b9b04/fabric-transitive-access-wideners-v1-46549a5a-6.3.2+56e78b9b04.jar to classpath.
[13:17:35] [main/DEBUG] (FabricLoader/Knot) Adding /home/zench1k/IdeaProjects/luxury2/.gradle/loom-cache/remapped_mods/remapped/net/fabricmc/fabric-api/fabric-message-api-v1-46549a5a/6.0.26+238a33c004/fabric-message-api-v1-46549a5a-6.0.26+238a33c004.jar to classpath.
[13:17:35] [main/DEBUG] (FabricLoader/Knot) Adding /home/zench1k/IdeaProjects/luxury2/build/resources/main to classpath.
[13:17:35] [main/DEBUG] (FabricLoader/Knot) Adding /home/zench1k/IdeaProjects/luxury2/.gradle/loom-cache/remapped_mods/remapped/net/fabricmc/fabric-api/fabric-tag-api-v1-46549a5a/1.0.7+7d48d43904/fabric-tag-api-v1-46549a5a-1.0.7+7d48d43904.jar to classpath.
[13:17:35] [main/DEBUG] (FabricLoader/Knot) Adding /home/zench1k/IdeaProjects/luxury2/run/.fabric/processedMods/net_raphimc_viabedrock-0.0.16-2004.165607-5-27eb0096788ed06c.jar to classpath.
[13:17:35] [main/DEBUG] (FabricLoader/Knot) Adding /home/zench1k/IdeaProjects/luxury2/run/.fabric/processedMods/ias-9.0.4-64b5720b4b825f21.jar to classpath.
[13:17:35] [main/DEBUG] (FabricLoader/Knot) Adding /home/zench1k/IdeaProjects/luxury2/run/.fabric/processedMods/net_lenni0451_commons_httpclient-1.6.0-68a938e124be9cfd.jar to classpath.
[13:17:35] [main/DEBUG] (FabricLoader/Knot) Adding /home/zench1k/IdeaProjects/luxury2/.gradle/loom-cache/remapped_mods/remapped/net/fabricmc/fabric-api/fabric-sound-api-v1-46549a5a/1.0.32+7feeb73304/fabric-sound-api-v1-46549a5a-1.0.32+7feeb73304.jar to classpath.
[13:17:35] [main/DEBUG] (FabricLoader/Knot) Adding /home/zench1k/IdeaProjects/luxury2/.gradle/loom-cache/remapped_mods/remapped/net/fabricmc/fabric-api/fabric-recipe-api-v1-46549a5a/8.1.1+640e77ae04/fabric-recipe-api-v1-46549a5a-8.1.1+640e77ae04.jar to classpath.
[13:17:35] [main/DEBUG] (FabricLoader/Knot) Adding /home/zench1k/IdeaProjects/luxury2/run/.fabric/processedMods/net_lenni0451_mcstructs-bedrock_forms-2.0.0-459f4bdbfa4c9927.jar to classpath.
[13:17:35] [main/DEBUG] (FabricLoader/Knot) Adding /home/zench1k/IdeaProjects/luxury2/.gradle/loom-cache/remapped_mods/remapped/net/fabricmc/fabric-api/fabric-blockrenderlayer-v1-46549a5a/2.0.8+7feeb73304/fabric-blockrenderlayer-v1-46549a5a-2.0.8+7feeb73304.jar to classpath.
[13:17:35] [main/DEBUG] (FabricLoader/Knot) Adding /home/zench1k/IdeaProjects/luxury2/.gradle/loom-cache/remapped_mods/remapped/net/fabricmc/fabric-api/fabric-model-loading-api-v1-46549a5a/4.3.0+ae23723504/fabric-model-loading-api-v1-46549a5a-4.3.0+ae23723504.jar to classpath.
[13:17:35] [main/DEBUG] (FabricLoader/Knot) Adding /home/zench1k/IdeaProjects/luxury2/.gradle/loom-cache/remapped_mods/remapped/net/fabricmc/fabric-api/fabric-api-46549a5a/0.119.4+1.21.4/fabric-api-46549a5a-0.119.4+1.21.4.jar to classpath.
[13:17:35] [main/DEBUG] (FabricLoader/Knot) Adding /home/zench1k/IdeaProjects/luxury2/.gradle/loom-cache/remapped_mods/remapped/net/fabricmc/fabric-api/fabric-client-gametest-api-v1-46549a5a/4.1.1+6816ccd404/fabric-client-gametest-api-v1-46549a5a-4.1.1+6816ccd404.jar to classpath.
[13:17:35] [main/DEBUG] (FabricLoader/Knot) Adding /home/zench1k/IdeaProjects/luxury2/run/.fabric/processedMods/io_jsonwebtoken_jjwt-api-0.12.6-7cbeb7e7f206e1e5.jar to classpath.
[13:17:35] [main/DEBUG] (FabricLoader/Knot) Adding /home/zench1k/IdeaProjects/luxury2/.gradle/loom-cache/remapped_mods/remapped/net/fabricmc/fabric-api/fabric-key-binding-api-v1-46549a5a/1.0.57+7d48d43904/fabric-key-binding-api-v1-46549a5a-1.0.57+7d48d43904.jar to classpath.
[13:17:35] [main/DEBUG] (FabricLoader/Knot) Adding /home/zench1k/IdeaProjects/luxury2/.gradle/loom-cache/remapped_mods/remapped/net/fabricmc/fabric-api/fabric-client-tags-api-v1-46549a5a/1.1.29+20ea1e2304/fabric-client-tags-api-v1-46549a5a-1.1.29+20ea1e2304.jar to classpath.
[13:17:35] [main/DEBUG] (FabricLoader/Knot) Adding /home/zench1k/IdeaProjects/luxury2/.gradle/loom-cache/remapped_mods/remapped/net/fabricmc/fabric-api/fabric-dimensions-v1-46549a5a/4.0.10+7feeb73304/fabric-dimensions-v1-46549a5a-4.0.10+7feeb73304.jar to classpath.
[13:17:35] [main/DEBUG] (FabricLoader/Knot) Adding /home/zench1k/IdeaProjects/luxury2/.gradle/loom-cache/remapped_mods/remapped/net/fabricmc/fabric-api/fabric-item-api-v1-46549a5a/11.4.0+189dd6fe04/fabric-item-api-v1-46549a5a-11.4.0+189dd6fe04.jar to classpath.
[13:17:35] [main/DEBUG] (FabricLoader/Knot) Adding /home/zench1k/IdeaProjects/luxury2/run/.fabric/processedMods/org_lz4_lz4-pure-java-1.8.0-2a0a65a2920c5c22.jar to classpath.
[13:17:35] [main/DEBUG] (FabricLoader/Knot) Adding /home/zench1k/IdeaProjects/luxury2/.gradle/loom-cache/remapped_mods/remapped/net/fabricmc/fabric-api/fabric-command-api-v2-46549a5a/2.2.41+e496eb1504/fabric-command-api-v2-46549a5a-2.2.41+e496eb1504.jar to classpath.
[13:17:35] [main/DEBUG] (FabricLoader/Knot) Adding /home/zench1k/IdeaProjects/luxury2/run/.fabric/processedMods/net_raphimc_minecraftauth-4.1.1-a3f419a697a52fc2.jar to classpath.
[13:17:35] [main/DEBUG] (FabricLoader/Knot) Adding /home/zench1k/IdeaProjects/luxury2/.gradle/loom-cache/remapped_mods/remapped/net/fabricmc/fabric-api/fabric-events-interaction-v0-46549a5a/4.0.4+a4eebcf004/fabric-events-interaction-v0-46549a5a-4.0.4+a4eebcf004.jar to classpath.
[13:17:35] [main/DEBUG] (FabricLoader/Knot) Adding /home/zench1k/IdeaProjects/luxury2/.gradle/loom-cache/remapped_mods/remapped/net/fabricmc/fabric-api/fabric-block-api-v1-46549a5a/1.0.31+7feeb73304/fabric-block-api-v1-46549a5a-1.0.31+7feeb73304.jar to classpath.
[13:17:35] [main/DEBUG] (FabricLoader/Knot) Adding /home/zench1k/IdeaProjects/luxury2/run/.fabric/processedMods/io_netty_netty-codec-http-4.2.0-821a3a37674db796.jar to classpath.
[13:17:35] [main/DEBUG] (FabricLoader/Knot) Adding /home/zench1k/IdeaProjects/luxury2/run/.fabric/processedMods/org_cloudburstmc_netty_netty-traR3-SNAPSHOT-ab281775cc67a3ae.jar to classpath.
[13:17:35] [main/DEBUG] (FabricLoader/Knot) Adding /home/zench1k/IdeaProjects/luxury2/run/.fabric/processedMods/io_jsonwebtoken_jjwt-gson-0.12.6-da1d4e48073cfcae.jar to classpath.
[13:17:35] [main/DEBUG] (FabricLoader/Knot) Adding /home/zench1k/IdeaProjects/luxury2/run/.fabric/processedMods/net_lenni0451_reflect-1.4.0-6d0be86487ce3ea4.jar to classpath.
[13:17:35] [main/DEBUG] (FabricLoader/Knot) Adding /home/zench1k/IdeaProjects/luxury2/.gradle/loom-cache/remapped_mods/remapped/net/fabricmc/fabric-api/fabric-item-group-api-v1-46549a5a/4.2.2+fcb9601404/fabric-item-group-api-v1-46549a5a-4.2.2+fcb9601404.jar to classpath.
[13:17:35] [main/DEBUG] (FabricLoader/Knot) Adding /home/zench1k/IdeaProjects/luxury2/run/.fabric/processedMods/io_jsonwebtoken_jjwt-impl-0.12.6-861e996fe25b1918.jar to classpath.
[13:17:35] [main/DEBUG] (FabricLoader/Knot) Adding /home/zench1k/IdeaProjects/luxury2/.gradle/loom-cache/remapped_mods/remapped/net/fabricmc/fabric-api/fabric-renderer-indigo-46549a5a/2.0.3+50f0feb204/fabric-renderer-indigo-46549a5a-2.0.3+50f0feb204.jar to classpath.
[13:17:35] [main/DEBUG] (FabricLoader/Knot) Adding /home/zench1k/IdeaProjects/luxury2/.gradle/loom-cache/remapped_mods/remapped/net/fabricmc/fabric-api/fabric-biome-api-v1-46549a5a/15.0.6+b1c29d8e04/fabric-biome-api-v1-46549a5a-15.0.6+b1c29d8e04.jar to classpath.
[13:17:35] [main/DEBUG] (FabricLoader/Knot) Adding /home/zench1k/IdeaProjects/luxury2/.gradle/loom-cache/remapped_mods/remapped/net/fabricmc/fabric-api/fabric-screen-api-v1-46549a5a/2.0.38+7feeb73304/fabric-screen-api-v1-46549a5a-2.0.38+7feeb73304.jar to classpath.
[13:17:35] [main/DEBUG] (FabricLoader/Knot) Adding /home/zench1k/IdeaProjects/luxury2/.gradle/loom-cache/remapped_mods/remapped/net/fabricmc/fabric-api/fabric-crash-report-info-v1-46549a5a/0.3.6+7feeb73304/fabric-crash-report-info-v1-46549a5a-0.3.6+7feeb73304.jar to classpath.
[13:17:35] [main/DEBUG] (FabricLoader/Knot) Adding /home/zench1k/IdeaProjects/luxury2/.gradle/loom-cache/remapped_mods/remapped/net/fabricmc/fabric-api/fabric-data-generation-api-v1-46549a5a/22.3.1+0f4e5f5504/fabric-data-generation-api-v1-46549a5a-22.3.1+0f4e5f5504.jar to classpath.
[13:17:35] [main/DEBUG] (FabricLoader/Knot) Adding /home/zench1k/IdeaProjects/luxury2/.gradle/loom-cache/remapped_mods/remapped/net/fabricmc/fabric-api/fabric-renderer-api-v1-46549a5a/5.0.3+50f0feb204/fabric-renderer-api-v1-46549a5a-5.0.3+50f0feb204.jar to classpath.
[13:17:35] [main/DEBUG] (FabricLoader/Knot) Adding /home/zench1k/IdeaProjects/luxury2/.gradle/loom-cache/remapped_mods/remapped/net/fabricmc/fabric-api/fabric-entity-events-v1-46549a5a/2.0.15+62245bef04/fabric-entity-events-v1-46549a5a-2.0.15+62245bef04.jar to classpath.
[13:17:35] [main/DEBUG] (FabricLoader/Knot) Adding /home/zench1k/IdeaProjects/luxury2/.gradle/loom-cache/remapped_mods/remapped/net/fabricmc/fabric-api/fabric-api-lookup-api-v1-46549a5a/1.6.86+b1caf1e904/fabric-api-lookup-api-v1-46549a5a-1.6.86+b1caf1e904.jar to classpath.
[13:17:35] [main/DEBUG] (FabricLoader/Knot) Adding /home/zench1k/IdeaProjects/luxury2/.gradle/loom-cache/remapped_mods/remapped/net/fabricmc/fabric-api/fabric-convention-tags-v2-46549a5a/2.14.1+aebda09404/fabric-convention-tags-v2-46549a5a-2.14.1+aebda09404.jar to classpath.
[13:17:35] [main/DEBUG] (FabricLoader/Knot) Adding /home/zench1k/IdeaProjects/luxury2/run/.fabric/processedMods/viafabricplus-visuals-4.0.5-BACKPORT-bc32cc8fc8cdf077.jar to classpath.
[13:17:35] [main/DEBUG] (FabricLoader/Knot) Adding /home/zench1k/IdeaProjects/luxury2/run/.fabric/processedMods/net_lenni0451_mcstructs-bedrock_text-2.0.0-edb4135a812a6894.jar to classpath.
[13:17:35] [main/DEBUG] (FabricLoader/Knot) Adding /home/zench1k/IdeaProjects/luxury2/.gradle/loom-cache/remapped_mods/remapped/net/fabricmc/fabric-api/fabric-content-registries-v0-46549a5a/9.1.19+25d1a67604/fabric-content-registries-v0-46549a5a-9.1.19+25d1a67604.jar to classpath.
[13:17:35] [main/DEBUG] (FabricLoader/Knot) Adding /home/zench1k/IdeaProjects/luxury2/run/.fabric/processedMods/de_florianmichael_classic4j-2.1.1-SNAPSHOT-ac16f6927cf7876d.jar to classpath.
[13:17:35] [main/DEBUG] (FabricLoader/Knot) Adding /home/zench1k/IdeaProjects/luxury2/run/.fabric/processedMods/com_viaversion_viaversion-common26.143637-8-ddb067ee3cce9f3e.jar to classpath.
[13:17:35] [main/DEBUG] (FabricLoader/Knot) Adding /home/zench1k/IdeaProjects/luxury2/run/.fabric/processedMods/com_viaversion_vialoader-4.0.3-226.141011-6-2a72d56d68a1a327.jar to classpath.
[13:17:35] [main/DEBUG] (FabricLoader/Knot) Adding /home/zench1k/IdeaProjects/luxury2/run/.fabric/processedMods/net_raphimc_vialegacy-3.0.10-20226.140714-8-1cefa5eed309712e.jar to classpath.
[13:17:35] [main/DEBUG] (FabricLoader/Knot) Adding /home/zench1k/IdeaProjects/luxury2/run/.fabric/processedMods/modmenu-13.0.3-64b5720b4b825f21.jar to classpath.
[13:17:35] [main/DEBUG] (FabricLoader/Knot) Adding /home/zench1k/IdeaProjects/luxury2/run/.fabric/processedMods/team_unnamed_mocha-3.0.1-51f694f92fdbd0ee.jar to classpath.
[13:17:35] [main/DEBUG] (FabricLoader/Knot) Adding /home/zench1k/IdeaProjects/luxury2/.gradle/loom-cache/remapped_mods/remapped/net/fabricmc/fabric-api/fabric-block-view-api-v2-46549a5a/1.0.20+9c49cc8c04/fabric-block-view-api-v2-46549a5a-1.0.20+9c49cc8c04.jar to classpath.
[13:17:35] [main/DEBUG] (FabricLoader/Knot) Adding /home/zench1k/IdeaProjects/luxury2/.gradle/loom-cache/remapped_mods/remapped/net/fabricmc/fabric-api/fabric-keybindings-v0-46549a5a/0.2.55+df3654b304/fabric-keybindings-v0-46549a5a-0.2.55+df3654b304.jar to classpath.
[13:17:35] [main/DEBUG] (FabricLoader/Knot) Adding /home/zench1k/IdeaProjects/luxury2/.gradle/loom-cache/remapped_mods/remapped/net/fabricmc/fabric-api/fabric-resource-loader-v0-46549a5a/3.1.1+360374ac04/fabric-resource-loader-v0-46549a5a-3.1.1+360374ac04.jar to classpath.
[13:17:35] [main/DEBUG] (FabricLoader/Knot) Adding /home/zench1k/IdeaProjects/luxury2/.gradle/loom-cache/remapped_mods/remapped/net/fabricmc/fabric-api/fabric-convention-tags-v1-46549a5a/2.1.20+7f945d5b04/fabric-convention-tags-v1-46549a5a-2.1.20+7f945d5b04.jar to classpath.
[13:17:35] [main/DEBUG] (FabricLoader/Knot) Adding /home/zench1k/IdeaProjects/luxury2/.gradle/loom-cache/remapped_mods/remapped/net/fabricmc/fabric-api/fabric-rendering-v1-46549a5a/10.2.1+0d31b09f04/fabric-rendering-v1-46549a5a-10.2.1+0d31b09f04.jar to classpath.
[13:17:35] [main/DEBUG] (FabricLoader/Knot) Adding /home/zench1k/IdeaProjects/luxury2/.gradle/loom-cache/remapped_mods/remapped/net/fabricmc/fabric-api/fabric-loot-api-v3-46549a5a/1.0.26+203e6b2304/fabric-loot-api-v3-46549a5a-1.0.26+203e6b2304.jar to classpath.
[13:17:35] [main/DEBUG] (FabricLoader/Knot) Adding /home/zench1k/IdeaProjects/luxury2/.gradle/loom-cache/remapped_mods/remapped/net/fabricmc/fabric-api/fabric-data-attachment-api-v1-46549a5a/1.6.2+e99da0f704/fabric-data-attachment-api-v1-46549a5a-1.6.2+e99da0f704.jar to classpath.
[13:17:35] [main/DEBUG] (FabricLoader/Entrypoint) Registering new-style initializer com.viaversion.viafabricplus.base.modmenu.ModMenuScreenFactory for mod viafabricplus (key modmenu)
[13:17:35] [main/DEBUG] (FabricLoader/Entrypoint) Registering new-style initializer net.fabricmc.fabric.impl.networking.client.ClientNetworkingImpl::clientInit for mod fabric-networking-api-v1 (key client)
[13:17:35] [main/DEBUG] (FabricLoader/Entrypoint) Registering new-style initializer net.fabricmc.fabric.impl.networking.CommonPacketsImpl::init for mod fabric-networking-api-v1 (key main)
[13:17:35] [main/DEBUG] (FabricLoader/Entrypoint) Registering new-style initializer net.fabricmc.fabric.impl.networking.NetworkingImpl::init for mod fabric-networking-api-v1 (key main)
[13:17:35] [main/DEBUG] (FabricLoader/Entrypoint) Registering new-style initializer net.fabricmc.fabric.impl.screenhandler.client.ClientNetworking for mod fabric-screen-handler-api-v1 (key client)
[13:17:35] [main/DEBUG] (FabricLoader/Entrypoint) Registering new-style initializer net.fabricmc.fabric.impl.screenhandler.Networking for mod fabric-screen-handler-api-v1 (key main)
[13:17:35] [main/DEBUG] (FabricLoader/Entrypoint) Registering new-style initializer net.fabricmc.fabric.impl.gametest.FabricGameTestModInitializer for mod fabric-gametest-api-v1 (key main)
[13:17:35] [main/DEBUG] (FabricLoader/Entrypoint) Registering new-style initializer net.fabricmc.fabric.impl.command.v1.LegacyHandler for mod fabric-command-api-v1 (key main)
[13:17:35] [main/DEBUG] (FabricLoader/Entrypoint) Registering new-style initializer net.fabricmc.fabric.impl.loot.v2.LootInitializer for mod fabric-loot-api-v2 (key main)
[13:17:35] [main/DEBUG] (FabricLoader/Entrypoint) Registering new-style initializer net.fabricmc.fabric.impl.client.event.lifecycle.ClientLifecycleEventsImpl for mod fabric-lifecycle-events-v1 (key client)
[13:17:35] [main/DEBUG] (FabricLoader/Entrypoint) Registering new-style initializer net.fabricmc.fabric.impl.event.lifecycle.LifecycleEventsImpl for mod fabric-lifecycle-events-v1 (key main)
[13:17:35] [main/DEBUG] (FabricLoader/Entrypoint) Registering new-style initializer net.fabricmc.fabric.impl.client.registry.sync.FabricRegistryClientInit for mod fabric-registry-sync-v0 (key client)
[13:17:35] [main/DEBUG] (FabricLoader/Entrypoint) Registering new-style initializer net.fabricmc.fabric.impl.registry.sync.FabricRegistryInit for mod fabric-registry-sync-v0 (key main)
[13:17:35] [main/DEBUG] (FabricLoader/Entrypoint) Registering new-style initializer net.fabricmc.fabric.impl.resource.conditions.ResourceConditionsImpl for mod fabric-resource-conditions-api-v1 (key main)
[13:17:35] [main/DEBUG] (FabricLoader/Entrypoint) Registering new-style initializer dev.luxury.Luxury for mod luxury (key main)
[13:17:35] [main/DEBUG] (FabricLoader/Entrypoint) Registering new-style initializer net.fabricmc.fabric.impl.tag.TagInit for mod fabric-tag-api-v1 (key main)
[13:17:35] [main/DEBUG] (FabricLoader/Entrypoint) Registering new-style initializer ru.vidtu.ias.IASModMenu for mod ias (key modmenu)
[13:17:35] [main/DEBUG] (FabricLoader/Entrypoint) Registering new-style initializer ru.vidtu.ias.IASFabric for mod ias (key client)
[13:17:35] [main/DEBUG] (FabricLoader/Entrypoint) Registering new-style initializer net.fabricmc.fabric.impl.recipe.ingredient.client.CustomIngredientSyncClient for mod fabric-recipe-api-v1 (key client)
[13:17:35] [main/DEBUG] (FabricLoader/Entrypoint) Registering new-style initializer net.fabricmc.fabric.impl.recipe.ingredient.CustomIngredientInit for mod fabric-recipe-api-v1 (key main)
[13:17:35] [main/DEBUG] (FabricLoader/Entrypoint) Registering new-style initializer net.fabricmc.fabric.impl.recipe.ingredient.CustomIngredientSync for mod fabric-recipe-api-v1 (key main)
[13:17:35] [main/DEBUG] (FabricLoader/Entrypoint) Registering new-style initializer net.fabricmc.fabric.impl.event.interaction.InteractionEventsRouter for mod fabric-events-interaction-v0 (key main)
[13:17:35] [main/DEBUG] (FabricLoader/Entrypoint) Registering new-style initializer net.fabricmc.fabric.impl.client.indigo.Indigo for mod fabric-renderer-indigo (key client)
[13:17:35] [main/DEBUG] (FabricLoader/Entrypoint) Registering new-style initializer net.fabricmc.fabric.impl.lookup.ApiLookupImpl for mod fabric-api-lookup-api-v1 (key main)
[13:17:35] [main/DEBUG] (FabricLoader/Entrypoint) Registering new-style initializer net.fabricmc.fabric.impl.tag.convention.v2.TranslationConventionLogWarnings for mod fabric-convention-tags-v2 (key main)
[13:17:35] [main/DEBUG] (FabricLoader/Entrypoint) Registering new-style initializer com.viaversion.viafabricplus.visuals.ViaFabricPlusVisuals for mod viafabricplus-visuals (key viafabricplus)
[13:17:35] [main/DEBUG] (FabricLoader/Entrypoint) Registering new-style initializer com.terraformersmc.modmenu.ModMenuModMenuCompat for mod modmenu (key modmenu)
[13:17:35] [main/DEBUG] (FabricLoader/Entrypoint) Registering new-style initializer com.terraformersmc.modmenu.ModMenu for mod modmenu (key client)
[13:17:35] [main/DEBUG] (FabricLoader/Entrypoint) Registering new-style initializer net.fabricmc.fabric.impl.tag.convention.ConventionLogWarnings for mod fabric-convention-tags-v1 (key main)
[13:17:35] [main/DEBUG] (FabricLoader/Entrypoint) Registering new-style initializer net.fabricmc.fabric.impl.attachment.client.AttachmentSyncClient for mod fabric-data-attachment-api-v1 (key client)
[13:17:35] [main/DEBUG] (FabricLoader/Entrypoint) Registering new-style initializer net.fabricmc.fabric.impl.attachment.AttachmentEntrypoint for mod fabric-data-attachment-api-v1 (key main)
[13:17:35] [main/DEBUG] (FabricLoader/Entrypoint) Registering new-style initializer net.fabricmc.fabric.impl.attachment.sync.AttachmentSync for mod fabric-data-attachment-api-v1 (key main)
[13:17:35] [main/INFO] (FabricLoader/Mixin) SpongePowered MIXIN Subsystem Version=0.8.7 Source=file:/home/zench1k/.gradle/caches/modules-2/files-2.1/net.fabricmc/sponge-mixin/0.15.4+mixin.0.8.7/6a12aacc794f1078458433116e9ed42c1cc98096/sponge-mixin-0.15.4+mixin.0.8.7.jar Service=Knot/Fabric Env=CLIENT
[13:17:35] [main/DEBUG] (FabricLoader/Mixin) Initialising Mixin Platform Manager
[13:17:35] [main/DEBUG] (FabricLoader/Mixin) Adding mixin platform agents for container ContainerHandleURI(file:///home/zench1k/.gradle/caches/modules-2/files-2.1/net.fabricmc/fabric-loader/0.16.10/dbd932c2a3641d2c41cf9abfe47e140a5753fa86/fabric-loader-0.16.10.jar)
[13:17:35] [main/DEBUG] (FabricLoader/Mixin) Instancing new MixinPlatformAgentDefault for ContainerHandleURI(file:///home/zench1k/.gradle/caches/modules-2/files-2.1/net.fabricmc/fabric-loader/0.16.10/dbd932c2a3641d2c41cf9abfe47e140a5753fa86/fabric-loader-0.16.10.jar)
[13:17:35] [main/DEBUG] (FabricLoader/Mixin) MixinPlatformAgentDefault accepted container ContainerHandleURI(file:///home/zench1k/.gradle/caches/modules-2/files-2.1/net.fabricmc/fabric-loader/0.16.10/dbd932c2a3641d2c41cf9abfe47e140a5753fa86/fabric-loader-0.16.10.jar)
[13:17:35] [main/DEBUG] (FabricLoader/Mixin) Instancing new MixinPlatformAgentDefault for ContainerHandleURI(file:///home/zench1k/.gradle/caches/modules-2/files-2.1/net.fabricmc/fabric-loader/0.16.10/dbd932c2a3641d2c41cf9abfe47e140a5753fa86/fabric-loader-0.16.10.jar)
[13:17:35] [main/DEBUG] (FabricLoader/Mixin) MixinPlatformAgentDefault accepted container ContainerHandleURI(file:///home/zench1k/.gradle/caches/modules-2/files-2.1/net.fabricmc/fabric-loader/0.16.10/dbd932c2a3641d2c41cf9abfe47e140a5753fa86/fabric-loader-0.16.10.jar)
[13:17:35] [main/DEBUG] (FabricLoader/Mixin) Processing prepare() for PlatformAgent[MixinPlatformAgentDefault:ContainerHandleURI(file:///home/zench1k/.gradle/caches/modules-2/files-2.1/net.fabricmc/fabric-loader/0.16.10/dbd932c2a3641d2c41cf9abfe47e140a5753fa86/fabric-loader-0.16.10.jar)]
[13:17:35] [main/DEBUG] (FabricLoader/Mixin) Processing prepare() for PlatformAgent[MixinPlatformAgentDefault:ContainerHandleURI(file:///home/zench1k/.gradle/caches/modules-2/files-2.1/net.fabricmc/fabric-loader/0.16.10/dbd932c2a3641d2c41cf9abfe47e140a5753fa86/fabric-loader-0.16.10.jar)]
[13:17:36] [main/INFO] (FabricLoader/Mixin) Loaded Fabric development mappings for mixin remapper!
[13:17:36] [main/DEBUG] (FabricLoader/Mixin) Compatibility level JAVA_21 specified by fabric-object-builder-v1.mixins.json is higher than the maximum level supported by this version of mixin (JAVA_13).
[13:17:36] [main/INFO] (FabricLoader/Mixin) Compatibility level set to JAVA_21
[13:17:36] [main/DEBUG] (FabricLoader/Mixin) Mixin config fabric-object-builder-v1.mixins.json does not specify "minVersion" or "requiredFeatures" property
[13:17:36] [main/DEBUG] (FabricLoader/Mixin) Mixin config fabric-object-builder-v1.client.mixins.json does not specify "minVersion" or "requiredFeatures" property
[13:17:36] [main/DEBUG] (FabricLoader/Mixin) Mixin config fabric-transfer-api-v1.mixins.json does not specify "minVersion" or "requiredFeatures" property
[13:17:36] [main/DEBUG] (FabricLoader/Mixin) Mixin config fabric-game-rule-api-v1.mixins.json does not specify "minVersion" or "requiredFeatures" property
[13:17:36] [main/DEBUG] (FabricLoader/Mixin) Mixin config fabric-game-rule-api-v1.client.mixins.json does not specify "minVersion" or "requiredFeatures" property
[13:17:36] [main/DEBUG] (FabricLoader/Mixin) Mixin config fabric-rendering-data-attachment-v1.mixins.json does not specify "minVersion" or "requiredFeatures" property
[13:17:36] [main/DEBUG] (FabricLoader/Mixin) Mixin config fabric-rendering-data-attachment-v1.client.mixins.json does not specify "minVersion" or "requiredFeatures" property
[13:17:36] [main/DEBUG] (FabricLoader/Mixin) Mixin config fabric-networking-api-v1.mixins.json does not specify "minVersion" or "requiredFeatures" property
[13:17:36] [main/DEBUG] (FabricLoader/Mixin) Mixin config fabric-networking-api-v1.client.mixins.json does not specify "minVersion" or "requiredFeatures" property
[13:17:36] [main/DEBUG] (FabricLoader/Mixin) Mixin config fabric-screen-handler-api-v1.mixins.json does not specify "minVersion" or "requiredFeatures" property
[13:17:36] [main/DEBUG] (FabricLoader/Mixin) Mixin config fabric-gametest-api-v1.mixins.json does not specify "minVersion" or "requiredFeatures" property
[13:17:36] [main/DEBUG] (FabricLoader/Mixin) Mixin config fabric-loot-api-v2.mixins.json does not specify "minVersion" or "requiredFeatures" property
[13:17:36] [main/DEBUG] (FabricLoader/Mixin) Mixin config fabric-rendering-fluids-v1.mixins.json does not specify "minVersion" or "requiredFeatures" property
[13:17:36] [main/DEBUG] (FabricLoader/Mixin) Mixin config fabric-lifecycle-events-v1.mixins.json does not specify "minVersion" or "requiredFeatures" property
[13:17:36] [main/DEBUG] (FabricLoader/Mixin) Mixin config fabric-lifecycle-events-v1.client.mixins.json does not specify "minVersion" or "requiredFeatures" property
[13:17:36] [main/DEBUG] (FabricLoader/Mixin) Mixin config fabric-registry-sync-v0.mixins.json does not specify "minVersion" or "requiredFeatures" property
[13:17:36] [main/DEBUG] (FabricLoader/Mixin) Mixin config fabric-registry-sync-v0.client.mixins.json does not specify "minVersion" or "requiredFeatures" property
[13:17:36] [main/DEBUG] (FabricLoader/Mixin) Mixin config fabric-resource-conditions-api-v1.mixins.json does not specify "minVersion" or "requiredFeatures" property
[13:17:36] [main/DEBUG] (FabricLoader/Mixin) Mixin config fabric-particles-v1.client.mixins.json does not specify "minVersion" or "requiredFeatures" property
[13:17:36] [main/DEBUG] (FabricLoader/Mixin) Mixin config fabric-message-api-v1.mixins.json does not specify "minVersion" or "requiredFeatures" property
[13:17:36] [main/DEBUG] (FabricLoader/Mixin) Mixin config fabric-message-api-v1.client.mixins.json does not specify "minVersion" or "requiredFeatures" property
[13:17:36] [main/DEBUG] (FabricLoader/Mixin) Mixin config fabric-tag-api-v1.mixins.json does not specify "minVersion" or "requiredFeatures" property
[13:17:36] [main/DEBUG] (FabricLoader/Mixin) Mixin config fabric-sound-api-v1.mixins.json does not specify "minVersion" or "requiredFeatures" property
[13:17:36] [main/DEBUG] (FabricLoader/Mixin) Mixin config fabric-recipe-api-v1.mixins.json does not specify "minVersion" or "requiredFeatures" property
[13:17:36] [main/DEBUG] (FabricLoader/Mixin) Mixin config fabric-blockrenderlayer-v1.mixins.json does not specify "minVersion" or "requiredFeatures" property
[13:17:36] [main/DEBUG] (FabricLoader/Mixin) Mixin config fabric-model-loading-api-v1.mixins.json does not specify "minVersion" or "requiredFeatures" property
[13:17:36] [main/DEBUG] (FabricLoader/Mixin) Mixin config fabric-client-gametest-api-v1.mixins.json does not specify "minVersion" or "requiredFeatures" property
[13:17:36] [main/DEBUG] (FabricLoader/Mixin) Mixin config fabric-key-binding-api-v1.mixins.json does not specify "minVersion" or "requiredFeatures" property
[13:17:36] [main/DEBUG] (FabricLoader/Mixin) Mixin config fabric-dimensions-v1.mixins.json does not specify "minVersion" or "requiredFeatures" property
[13:17:36] [main/DEBUG] (FabricLoader/Mixin) Mixin config fabric-item-api-v1.mixins.json does not specify "minVersion" or "requiredFeatures" property
[13:17:36] [main/DEBUG] (FabricLoader/Mixin) Mixin config fabric-item-api-v1.client.mixins.json does not specify "minVersion" or "requiredFeatures" property
[13:17:36] [main/DEBUG] (FabricLoader/Mixin) Mixin config fabric-command-api-v2.mixins.json does not specify "minVersion" or "requiredFeatures" property
[13:17:36] [main/DEBUG] (FabricLoader/Mixin) Mixin config fabric-command-api-v2.client.mixins.json does not specify "minVersion" or "requiredFeatures" property
[13:17:36] [main/DEBUG] (FabricLoader/Mixin) Mixin config fabric-events-interaction-v0.mixins.json does not specify "minVersion" or "requiredFeatures" property
[13:17:36] [main/DEBUG] (FabricLoader/Mixin) Mixin config fabric-events-interaction-v0.client.mixins.json does not specify "minVersion" or "requiredFeatures" property
[13:17:36] [main/DEBUG] (FabricLoader/Mixin) Mixin config fabric-block-api-v1.mixins.json does not specify "minVersion" or "requiredFeatures" property
[13:17:36] [main/DEBUG] (FabricLoader/Mixin) Mixin config fabric-item-group-api-v1.mixins.json does not specify "minVersion" or "requiredFeatures" property
[13:17:36] [main/DEBUG] (FabricLoader/Mixin) Mixin config fabric-item-group-api-v1.client.mixins.json does not specify "minVersion" or "requiredFeatures" property
[13:17:36] [main/DEBUG] (FabricLoader/Mixin) Mixin config fabric-renderer-indigo.mixins.json does not specify "minVersion" or "requiredFeatures" property
[13:17:36] [main/DEBUG] (FabricLoader/Mixin) Mixin config fabric-biome-api-v1.mixins.json does not specify "minVersion" or "requiredFeatures" property
[13:17:36] [main/DEBUG] (FabricLoader/Mixin) Mixin config fabric-screen-api-v1.mixins.json does not specify "minVersion" or "requiredFeatures" property
[13:17:36] [main/DEBUG] (FabricLoader/Mixin) Mixin config fabric-crash-report-info-v1.mixins.json does not specify "minVersion" or "requiredFeatures" property
[13:17:36] [main/DEBUG] (FabricLoader/Mixin) Mixin config fabric-data-generation-api-v1.mixins.json does not specify "minVersion" or "requiredFeatures" property
[13:17:36] [main/DEBUG] (FabricLoader/Mixin) Mixin config fabric-data-generation-api-v1.client.mixins.json does not specify "minVersion" or "requiredFeatures" property
[13:17:36] [main/DEBUG] (FabricLoader/Mixin) Mixin config fabric-renderer-api-v1.mixins.json does not specify "minVersion" or "requiredFeatures" property
[13:17:36] [main/DEBUG] (FabricLoader/Mixin) Mixin config fabric-renderer-api-v1.debughud.mixins.json does not specify "minVersion" or "requiredFeatures" property
[13:17:36] [main/DEBUG] (FabricLoader/Mixin) Mixin config fabric-entity-events-v1.mixins.json does not specify "minVersion" or "requiredFeatures" property
[13:17:36] [main/DEBUG] (FabricLoader/Mixin) Mixin config fabric-api-lookup-api-v1.mixins.json does not specify "minVersion" or "requiredFeatures" property
[13:17:36] [main/DEBUG] (FabricLoader/Mixin) Mixin config fabric-convention-tags-api-v2.mixins.json does not specify "minVersion" or "requiredFeatures" property
[13:17:36] [main/DEBUG] (FabricLoader/Mixin) Mixin config fabric-content-registries-v0.mixins.json does not specify "minVersion" or "requiredFeatures" property
[13:17:36] [main/DEBUG] (FabricLoader/Mixin) Compatibility level JAVA_16 specified by mixins.modmenu.json is higher than the maximum level supported by this version of mixin (JAVA_13).
[13:17:36] [main/DEBUG] (FabricLoader/Mixin) Mixin config fabric-block-view-api-v2.mixins.json does not specify "minVersion" or "requiredFeatures" property
[13:17:36] [main/DEBUG] (FabricLoader/Mixin) Mixin config fabric-block-view-api-v2.client.mixins.json does not specify "minVersion" or "requiredFeatures" property
[13:17:36] [main/DEBUG] (FabricLoader/Mixin) Mixin config fabric-resource-loader-v0.mixins.json does not specify "minVersion" or "requiredFeatures" property
[13:17:36] [main/DEBUG] (FabricLoader/Mixin) Mixin config fabric-resource-loader-v0.client.mixins.json does not specify "minVersion" or "requiredFeatures" property
[13:17:36] [main/DEBUG] (FabricLoader/Mixin) Mixin config fabric-rendering-v1.mixins.json does not specify "minVersion" or "requiredFeatures" property
[13:17:36] [main/DEBUG] (FabricLoader/Mixin) Mixin config fabric-loot-api-v3.mixins.json does not specify "minVersion" or "requiredFeatures" property
[13:17:36] [main/DEBUG] (FabricLoader/Mixin) Mixin config fabric-data-attachment-api-v1.mixins.json does not specify "minVersion" or "requiredFeatures" property
[13:17:36] [main/DEBUG] (FabricLoader/Mixin) Mixin config fabric-data-attachment-api-v1.client.mixins.json does not specify "minVersion" or "requiredFeatures" property
[13:17:36] [main/DEBUG] (FabricLoader/Knot) Adding /home/zench1k/IdeaProjects/luxury2/.gradle/loom-cache/minecraftMaven/net/minecraft/minecraft-merged-a172fc6613/1.21.4-net.fabricmc.yarn.1_21_4.1.21.4+build.8-v2/minecraft-merged-a172fc6613-1.21.4-net.fabricmc.yarn.1_21_4.1.21.4+build.8-v2.jar to classpath.
[13:17:36] [main/DEBUG] (FabricLoader/Knot) Adding /home/zench1k/IdeaProjects/luxury2/build/classes/java/main to classpath.
[13:17:36] [main/DEBUG] (FabricLoader/Knot) Adding /home/zench1k/IdeaProjects/luxury2/build/resources/main to classpath.
[13:17:36] [main/DEBUG] (FabricLoader/Knot) Adding /home/zench1k/.gradle/caches/fabric-loom/1.21.4/net.fabricmc.yarn.1_21_4.1.21.4+build.8-v2/mappings.jar to classpath.
[13:17:36] [main/DEBUG] (FabricLoader/Knot) Adding /home/zench1k/.gradle/caches/modules-2/files-2.1/dev.redstones.mediaplayerinfo/media-player-info/0.1.0/32aa3b264c4fd692636e6d35ca97dec2ee074994/media-player-info-0.1.0.jar to classpath.
[13:17:36] [main/DEBUG] (FabricLoader/Knot) Adding /home/zench1k/.gradle/caches/modules-2/files-2.1/com.github.hypfvieh/dbus-java-transport-jnr-unixsocket/5.0.0/45604388617e766bfda8aed601b870c45cf1618e/dbus-java-transport-jnr-unixsocket-5.0.0.jar to classpath.
[13:17:36] [main/DEBUG] (FabricLoader/Knot) Adding /home/zench1k/.gradle/caches/modules-2/files-2.1/com.github.jnr/jnr-unixsocket/0.38.21/a82bcad60a471aff9c73c944322ce10481029c80/jnr-unixsocket-0.38.21.jar to classpath.
[13:17:36] [main/DEBUG] (FabricLoader/Knot) Adding /home/zench1k/.gradle/caches/modules-2/files-2.1/com.github.jnr/jnr-enxio/0.32.16/e5150a15ba39c3712510020ad164d424b6878551/jnr-enxio-0.32.16.jar to classpath.
[13:17:36] [main/DEBUG] (FabricLoader/Knot) Adding /home/zench1k/.gradle/caches/modules-2/files-2.1/com.github.jnr/jnr-posix/3.1.18/b8dd3917e186f47636bf50a2483e40d49880ca67/jnr-posix-3.1.18.jar to classpath.
[13:17:36] [main/DEBUG] (FabricLoader/Knot) Adding /home/zench1k/.gradle/caches/modules-2/files-2.1/com.github.jnr/jnr-ffi/2.2.15/fa3c32f463423469de314b03a157d5f1f7476ec0/jnr-ffi-2.2.15.jar to classpath.
[13:17:36] [main/DEBUG] (FabricLoader/Knot) Adding /home/zench1k/.gradle/caches/modules-2/files-2.1/io.github.llamalad7/mixinextras-fabric/0.4.1/8d1a9e96afb990367fa1f904d17580d164da72e3/mixinextras-fabric-0.4.1.jar to classpath.
[13:17:36] [main/DEBUG] (FabricLoader/Knot) Adding /home/zench1k/.gradle/caches/modules-2/files-2.1/net.fabricmc/dev-launch-injector/0.2.1+build.8/da8bef7e6e2f952da707f282bdb46882a0fce5e3/dev-launch-injector-0.2.1+build.8.jar to classpath.
[13:17:36] [main/DEBUG] (FabricLoader/Knot) Adding /home/zench1k/.gradle/caches/modules-2/files-2.1/com.fasterxml.jackson.core/jackson-annotations/2.13.4/858c6cc78e1f08a885b1613e1d817c829df70a6e/jackson-annotations-2.13.4.jar to classpath.
[13:17:36] [main/DEBUG] (FabricLoader/Knot) Adding /home/zench1k/.gradle/caches/modules-2/files-2.1/com.fasterxml.jackson.core/jackson-core/2.13.4/cf934c681294b97ef6d80082faeefbe1edadf56/jackson-core-2.13.4.jar to classpath.
[13:17:36] [main/DEBUG] (FabricLoader/Knot) Adding /home/zench1k/.gradle/caches/modules-2/files-2.1/com.fasterxml.jackson.core/jackson-databind/2.13.4.2/325c06bdfeb628cfb80ebaaf1a26cc1eb558a585/jackson-databind-2.13.4.2.jar to classpath.
[13:17:36] [main/DEBUG] (FabricLoader/Knot) Adding /home/zench1k/.gradle/caches/modules-2/files-2.1/com.github.oshi/oshi-core/6.6.5/e1099981fd15dc4236c4499d82aba1276fb43a9a/oshi-core-6.6.5.jar to classpath.
[13:17:36] [main/DEBUG] (FabricLoader/Knot) Adding /home/zench1k/.gradle/caches/modules-2/files-2.1/com.github.stephenc.jcip/jcip-annotations/1.0-1/ef31541dd28ae2cefdd17c7ebf352d93e9058c63/jcip-annotations-1.0-1.jar to classpath.
[13:17:36] [main/DEBUG] (FabricLoader/Knot) Adding /home/zench1k/.gradle/caches/modules-2/files-2.1/com.google.guava/failureaccess/1.0.2/c4a06a64e650562f30b7bf9aaec1bfed43aca12b/failureaccess-1.0.2.jar to classpath.
[13:17:36] [main/DEBUG] (FabricLoader/Knot) Adding /home/zench1k/.gradle/caches/modules-2/files-2.1/com.google.guava/guava/33.3.1-jre/852f8b363da0111e819460021ca693cacca3e8db/guava-33.3.1-jre.jar to classpath.
[13:17:36] [main/DEBUG] (FabricLoader/Knot) Adding /home/zench1k/.gradle/caches/modules-2/files-2.1/com.ibm.icu/icu4j/76.1/215f3a8e936d4069344bd75f2b1368fd58112894/icu4j-76.1.jar to classpath.
[13:17:36] [main/DEBUG] (FabricLoader/Knot) Adding /home/zench1k/.gradle/caches/modules-2/files-2.1/com.microsoft.azure/msal4j/1.17.2/a6211e3d71d0388929babaa0ff0951b30d001852/msal4j-1.17.2.jar to classpath.
[13:17:36] [main/DEBUG] (FabricLoader/Knot) Adding /home/zench1k/.gradle/caches/modules-2/files-2.1/com.mojang/blocklist/1.0.10/5c685c5ffa94c4cd39496c7184c1d122e515ecef/blocklist-1.0.10.jar to classpath.
[13:17:36] [main/DEBUG] (FabricLoader/Knot) Adding /home/zench1k/.gradle/caches/modules-2/files-2.1/com.mojang/brigadier/1.3.10/d15b53a14cf20fdcaa98f731af5dda654452c010/brigadier-1.3.10.jar to classpath.
[13:17:36] [main/DEBUG] (FabricLoader/Knot) Adding /home/zench1k/.gradle/caches/modules-2/files-2.1/com.mojang/datafixerupper/8.0.16/67d4de6d7f95d89bcf5862995fb854ebaec02a34/datafixerupper-8.0.16.jar to classpath.
[13:17:36] [main/DEBUG] (FabricLoader/Knot) Adding /home/zench1k/.gradle/caches/modules-2/files-2.1/com.mojang/jtracy/1.0.29/6f07dcb6a2e595c7ee2ca43b67e5d1c018ca0770/jtracy-1.0.29.jar to classpath.
[13:17:36] [main/DEBUG] (FabricLoader/Knot) Adding /home/zench1k/.gradle/caches/modules-2/files-2.1/com.mojang/jtracy/1.0.29/f43b6fa5cd0ecf8e6a33bc30a24b117cd0ebbfa1/jtracy-1.0.29-natives-linux.jar to classpath.
[13:17:36] [main/DEBUG] (FabricLoader/Knot) Adding /home/zench1k/.gradle/caches/modules-2/files-2.1/com.mojang/patchy/2.2.10/da05971b07cbb379d002cf7eaec6a2048211fefc/patchy-2.2.10.jar to classpath.
[13:17:36] [main/DEBUG] (FabricLoader/Knot) Adding /home/zench1k/.gradle/caches/modules-2/files-2.1/com.mojang/text2speech/1.17.9/3cad216e3a7f0c19b4b394388bc9ffc446f13b14/text2speech-1.17.9.jar to classpath.
[13:17:36] [main/DEBUG] (FabricLoader/Knot) Adding /home/zench1k/.gradle/caches/modules-2/files-2.1/com.nimbusds/content-type/2.3/e3aa0be212d7a42839a8f3f506f5b990bcce0222/content-type-2.3.jar to classpath.
[13:17:36] [main/DEBUG] (FabricLoader/Knot) Adding /home/zench1k/.gradle/caches/modules-2/files-2.1/com.nimbusds/lang-tag/1.7/97c73ecd70bc7e8eefb26c5eea84f251a63f1031/lang-tag-1.7.jar to classpath.
[13:17:36] [main/DEBUG] (FabricLoader/Knot) Adding /home/zench1k/.gradle/caches/modules-2/files-2.1/com.nimbusds/nimbus-jose-jwt/9.40/42b1dfa0360e4062951b070bac52dd8d96fd7b38/nimbus-jose-jwt-9.40.jar to classpath.
[13:17:36] [main/DEBUG] (FabricLoader/Knot) Adding /home/zench1k/.gradle/caches/modules-2/files-2.1/com.nimbusds/oauth2-oidc-sdk/11.18/7c7ec4f4066625ff07a711ad856fa04da1ff9de/oauth2-oidc-sdk-11.18.jar to classpath.
[13:17:36] [main/DEBUG] (FabricLoader/Knot) Adding /home/zench1k/.gradle/caches/modules-2/files-2.1/commons-codec/commons-codec/1.17.1/973638b7149d333563584137ebf13a691bb60579/commons-codec-1.17.1.jar to classpath.
[13:17:36] [main/DEBUG] (FabricLoader/Knot) Adding /home/zench1k/.gradle/caches/modules-2/files-2.1/commons-io/commons-io/2.17.0/ddcc8433eb019fb48fe25207c0278143f3e1d7e2/commons-io-2.17.0.jar to classpath.
[13:17:36] [main/DEBUG] (FabricLoader/Knot) Adding /home/zench1k/.gradle/caches/modules-2/files-2.1/commons-logging/commons-logging/1.3.4/b9fc14968d63a8b8a8a2c1885fe3e90564239708/commons-logging-1.3.4.jar to classpath.
[13:17:36] [main/DEBUG] (FabricLoader/Knot) Adding /home/zench1k/.gradle/caches/modules-2/files-2.1/io.netty/netty-buffer/4.1.115.Final/d5daf1030e5c36d198caf7562da2441a97ec0df6/netty-buffer-4.1.115.Final.jar to classpath.
[13:17:36] [main/DEBUG] (FabricLoader/Knot) Adding /home/zench1k/.gradle/caches/modules-2/files-2.1/io.netty/netty-codec/4.1.115.Final/d326bf3a4c785b272da3db6941779a1bd5448378/netty-codec-4.1.115.Final.jar to classpath.
[13:17:36] [main/DEBUG] (FabricLoader/Knot) Adding /home/zench1k/.gradle/caches/modules-2/files-2.1/io.netty/netty-common/4.1.115.Final/9da10a9f72e3f87e181d91b525174007a6fc4f11/netty-common-4.1.115.Final.jar to classpath.
[13:17:36] [main/DEBUG] (FabricLoader/Knot) Adding /home/zench1k/.gradle/caches/modules-2/files-2.1/io.netty/netty-handler/4.1.115.Final/d54dbf68b9d88a98240107758c6b63da5e46e23a/netty-handler-4.1.115.Final.jar to classpath.
[13:17:36] [main/DEBUG] (FabricLoader/Knot) Adding /home/zench1k/.gradle/caches/modules-2/files-2.1/io.netty/netty-resolver/4.1.115.Final/e33b4d476c03975957f5d8d0319d592bf2bc5e96/netty-resolver-4.1.115.Final.jar to classpath.
[13:17:36] [main/DEBUG] (FabricLoader/Knot) Adding /home/zench1k/.gradle/caches/modules-2/files-2.1/io.netty/netty-transport-classes-epoll/4.1.115.Final/11fea00408ecbd8b8d1f0698d708e37db4a01841/netty-transport-classes-epoll-4.1.115.Final.jar to classpath.
[13:17:36] [main/DEBUG] (FabricLoader/Knot) Adding /home/zench1k/.gradle/caches/modules-2/files-2.1/io.netty/netty-transport-native-epoll/4.1.115.Final/a80b32f98ceb4e27958c0ceaf22ddad9ea6c0d4e/netty-transport-native-epoll-4.1.115.Final-linux-aarch_64.jar to classpath.
[13:17:36] [main/DEBUG] (FabricLoader/Knot) Adding /home/zench1k/.gradle/caches/modules-2/files-2.1/io.netty/netty-transport-native-epoll/4.1.115.Final/a6cc58c4a259bad159cbb06120cea9b3474e86a0/netty-transport-native-epoll-4.1.115.Final-linux-x86_64.jar to classpath.
[13:17:36] [main/DEBUG] (FabricLoader/Knot) Adding /home/zench1k/.gradle/caches/modules-2/files-2.1/io.netty/netty-transport-native-unix-common/4.1.115.Final/dc96c67d06cd6b5eb677f2728f27bf2e3d9a7284/netty-transport-native-unix-common-4.1.115.Final.jar to classpath.
[13:17:36] [main/DEBUG] (FabricLoader/Knot) Adding /home/zench1k/.gradle/caches/modules-2/files-2.1/io.netty/netty-transport/4.1.115.Final/39cef77c1a25908ac1abf4960c2e789f0bf70ff9/netty-transport-4.1.115.Final.jar to classpath.
[13:17:36] [main/DEBUG] (FabricLoader/Knot) Adding /home/zench1k/.gradle/caches/modules-2/files-2.1/it.unimi.dsi/fastutil/8.5.15/1e885b40c9563ab0d3899b871fd0b30e958705dc/fastutil-8.5.15.jar to classpath.
[13:17:36] [main/DEBUG] (FabricLoader/Knot) Adding /home/zench1k/.gradle/caches/modules-2/files-2.1/net.java.dev.jna/jna-platform/5.15.0/86b502cad57d45da172b5e3231c537b042e296ef/jna-platform-5.15.0.jar to classpath.
[13:17:36] [main/DEBUG] (FabricLoader/Knot) Adding /home/zench1k/.gradle/caches/modules-2/files-2.1/net.java.dev.jna/jna/5.15.0/1ee1d80ff44f08280188f7c0e740d57207841ac/jna-5.15.0.jar to classpath.
[13:17:36] [main/DEBUG] (FabricLoader/Knot) Adding /home/zench1k/.gradle/caches/modules-2/files-2.1/net.minidev/accessors-smart/2.5.1/19b820261eb2e7de7d5bde11d1c06e4501dd7e5f/accessors-smart-2.5.1.jar to classpath.
[13:17:36] [main/DEBUG] (FabricLoader/Knot) Adding /home/zench1k/.gradle/caches/modules-2/files-2.1/net.minidev/json-smart/2.5.1/4c11d2808d009132dfbbf947ebf37de6bf266c8e/json-smart-2.5.1.jar to classpath.
[13:17:36] [main/DEBUG] (FabricLoader/Knot) Adding /home/zench1k/.gradle/caches/modules-2/files-2.1/net.sf.jopt-simple/jopt-simple/5.0.4/4fdac2fbe92dfad86aa6e9301736f6b4342a3f5c/jopt-simple-5.0.4.jar to classpath.
[13:17:36] [main/DEBUG] (FabricLoader/Knot) Adding /home/zench1k/.gradle/caches/modules-2/files-2.1/org.apache.commons/commons-compress/1.27.1/a19151084758e2fbb6b41eddaa88e7b8ff4e6599/commons-compress-1.27.1.jar to classpath.
[13:17:36] [main/DEBUG] (FabricLoader/Knot) Adding /home/zench1k/.gradle/caches/modules-2/files-2.1/org.apache.commons/commons-lang3/3.17.0/b17d2136f0460dcc0d2016ceefca8723bdf4ee70/commons-lang3-3.17.0.jar to classpath.
[13:17:36] [main/DEBUG] (FabricLoader/Knot) Adding /home/zench1k/.gradle/caches/modules-2/files-2.1/org.apache.httpcomponents/httpclient/4.5.14/1194890e6f56ec29177673f2f12d0b8e627dec98/httpclient-4.5.14.jar to classpath.
[13:17:36] [main/DEBUG] (FabricLoader/Knot) Adding /home/zench1k/.gradle/caches/modules-2/files-2.1/org.apache.httpcomponents/httpcore/4.4.16/51cf043c87253c9f58b539c9f7e44c8894223850/httpcore-4.4.16.jar to classpath.
[13:17:36] [main/DEBUG] (FabricLoader/Knot) Adding /home/zench1k/.gradle/caches/modules-2/files-2.1/org.jcraft/jorbis/0.0.17/8872d22b293e8f5d7d56ff92be966e6dc28ebdc6/jorbis-0.0.17.jar to classpath.
[13:17:36] [main/DEBUG] (FabricLoader/Knot) Adding /home/zench1k/.gradle/caches/modules-2/files-2.1/org.joml/joml/1.10.8/fc0a71dad90a2cf41d82a76156a0e700af8e4f8d/joml-1.10.8.jar to classpath.
[13:17:36] [main/DEBUG] (FabricLoader/Knot) Adding /home/zench1k/.gradle/caches/modules-2/files-2.1/org.lwjgl/lwjgl-freetype/3.3.3/a0db6c84a8becc8ca05f9dbfa985edc348a824c7/lwjgl-freetype-3.3.3.jar to classpath.
[13:17:36] [main/DEBUG] (FabricLoader/Knot) Adding /home/zench1k/.gradle/caches/modules-2/files-2.1/org.lwjgl/lwjgl-freetype/3.3.3/149070a5480900347071b7074779531f25a6e3dc/lwjgl-freetype-3.3.3-natives-linux.jar to classpath.
[13:17:36] [main/DEBUG] (FabricLoader/Knot) Adding /home/zench1k/.gradle/caches/modules-2/files-2.1/org.lwjgl/lwjgl-glfw/3.3.3/efa1eb78c5ccd840e9f329717109b5e892d72f8e/lwjgl-glfw-3.3.3.jar to classpath.
[13:17:36] [main/DEBUG] (FabricLoader/Knot) Adding /home/zench1k/.gradle/caches/modules-2/files-2.1/org.lwjgl/lwjgl-glfw/3.3.3/a03684c5e4b1b1dbbe0d29dbbdc27b985b6840f2/lwjgl-glfw-3.3.3-natives-linux.jar to classpath.
[13:17:36] [main/DEBUG] (FabricLoader/Knot) Adding /home/zench1k/.gradle/caches/modules-2/files-2.1/org.lwjgl/lwjgl-jemalloc/3.3.3/b543467b7ff3c6920539a88ee602d34098628be5/lwjgl-jemalloc-3.3.3.jar to classpath.
[13:17:36] [main/DEBUG] (FabricLoader/Knot) Adding /home/zench1k/.gradle/caches/modules-2/files-2.1/org.lwjgl/lwjgl-jemalloc/3.3.3/4f86728bf449b1dd61251c4e0ac01df1389cb51e/lwjgl-jemalloc-3.3.3-natives-linux.jar to classpath.
[13:17:36] [main/DEBUG] (FabricLoader/Knot) Adding /home/zench1k/.gradle/caches/modules-2/files-2.1/org.lwjgl/lwjgl-openal/3.3.3/daada81ceb5fc0c291fbfdd4433cb8d9423577f2/lwjgl-openal-3.3.3.jar to classpath.
[13:17:36] [main/DEBUG] (FabricLoader/Knot) Adding /home/zench1k/.gradle/caches/modules-2/files-2.1/org.lwjgl/lwjgl-openal/3.3.3/3037360cc4595079bea240af250b6d1a527e0905/lwjgl-openal-3.3.3-natives-linux.jar to classpath.
[13:17:36] [main/DEBUG] (FabricLoader/Knot) Adding /home/zench1k/.gradle/caches/modules-2/files-2.1/org.lwjgl/lwjgl-opengl/3.3.3/2f6b0147078396a58979125a4c947664e98293a/lwjgl-opengl-3.3.3.jar to classpath.
[13:17:36] [main/DEBUG] (FabricLoader/Knot) Adding /home/zench1k/.gradle/caches/modules-2/files-2.1/org.lwjgl/lwjgl-opengl/3.3.3/62c70a4b00ca5391882b0f4b787c1588d24f1c86/lwjgl-opengl-3.3.3-natives-linux.jar to classpath.
[13:17:36] [main/DEBUG] (FabricLoader/Knot) Adding /home/zench1k/.gradle/caches/modules-2/files-2.1/org.lwjgl/lwjgl-stb/3.3.3/25dd6161988d7e65f71d5065c99902402ee32746/lwjgl-stb-3.3.3.jar to classpath.
[13:17:36] [main/DEBUG] (FabricLoader/Knot) Adding /home/zench1k/.gradle/caches/modules-2/files-2.1/org.lwjgl/lwjgl-stb/3.3.3/fd1271ccd9d85eff2fa31f3fd543e02ccfaf5041/lwjgl-stb-3.3.3-natives-linux.jar to classpath.
[13:17:36] [main/DEBUG] (FabricLoader/Knot) Adding /home/zench1k/.gradle/caches/modules-2/files-2.1/org.lwjgl/lwjgl-tinyfd/3.3.3/82d755ca94b102e9ca77283b9e2dc46d1b15fbe5/lwjgl-tinyfd-3.3.3.jar to classpath.
[13:17:36] [main/DEBUG] (FabricLoader/Knot) Adding /home/zench1k/.gradle/caches/modules-2/files-2.1/org.lwjgl/lwjgl-tinyfd/3.3.3/d8d58daa0c3e5fd906fee96f5fddbcbc07cc308b/lwjgl-tinyfd-3.3.3-natives-linux.jar to classpath.
[13:17:36] [main/DEBUG] (FabricLoader/Knot) Adding /home/zench1k/.gradle/caches/modules-2/files-2.1/org.lwjgl/lwjgl/3.3.3/29589b5f87ed335a6c7e7ee6a5775f81f97ecb84/lwjgl-3.3.3.jar to classpath.
[13:17:36] [main/DEBUG] (FabricLoader/Knot) Adding /home/zench1k/.gradle/caches/modules-2/files-2.1/org.lwjgl/lwjgl/3.3.3/1713758e3660ba66e1e954396fd18126038b33c0/lwjgl-3.3.3-natives-linux.jar to classpath.
[13:17:36] [main/DEBUG] (FabricLoader/Knot) Adding /home/zench1k/.gradle/caches/modules-2/files-2.1/org.lz4/lz4-java/1.8.0/4b986a99445e49ea5fbf5d149c4b63f6ed6c6780/lz4-java-1.8.0.jar to classpath.
[13:17:36] [main/DEBUG] (FabricLoader/Knot) Adding /home/zench1k/.gradle/caches/modules-2/files-2.1/com.github.hypfvieh/dbus-java-core/5.0.0/fe1faacc4e7be00387b715a16a658bcc1cfc6434/dbus-java-core-5.0.0.jar to classpath.
[13:17:36] [main/DEBUG] (FabricLoader/Knot) Adding /home/zench1k/.gradle/caches/modules-2/files-2.1/org.projectlombok/lombok/1.18.34/ec547ef414ab1d2c040118fb9c1c265ada63af14/lombok-1.18.34.jar to classpath.
[13:17:36] [main/DEBUG] (FabricLoader/Knot) Adding /home/zench1k/IdeaProjects/luxury2/.gradle/loom-cache/remapped_mods/remapped/net/fabricmc/fabric-api/fabric-api-46549a5a/0.119.4+1.21.4/fabric-api-46549a5a-0.119.4+1.21.4.jar to classpath.
[13:17:36] [main/DEBUG] (FabricLoader/Knot) Adding /home/zench1k/IdeaProjects/luxury2/.gradle/loom-cache/remapped_mods/remapped/net/fabricmc/fabric-api/fabric-transfer-api-v1-46549a5a/5.4.9+efa825c904/fabric-transfer-api-v1-46549a5a-5.4.9+efa825c904.jar to classpath.
[13:17:36] [main/DEBUG] (FabricLoader/Knot) Adding /home/zench1k/IdeaProjects/luxury2/.gradle/loom-cache/remapped_mods/remapped/net/fabricmc/fabric-api/fabric-api-lookup-api-v1-46549a5a/1.6.86+b1caf1e904/fabric-api-lookup-api-v1-46549a5a-1.6.86+b1caf1e904.jar to classpath.
[13:17:36] [main/DEBUG] (FabricLoader/Knot) Adding /home/zench1k/IdeaProjects/luxury2/.gradle/loom-cache/remapped_mods/remapped/net/fabricmc/fabric-api/fabric-blockrenderlayer-v1-46549a5a/2.0.8+7feeb73304/fabric-blockrenderlayer-v1-46549a5a-2.0.8+7feeb73304.jar to classpath.
[13:17:36] [main/DEBUG] (FabricLoader/Knot) Adding /home/zench1k/IdeaProjects/luxury2/.gradle/loom-cache/remapped_mods/remapped/net/fabricmc/fabric-api/fabric-client-tags-api-v1-46549a5a/1.1.29+20ea1e2304/fabric-client-tags-api-v1-46549a5a-1.1.29+20ea1e2304.jar to classpath.
[13:17:36] [main/DEBUG] (FabricLoader/Knot) Adding /home/zench1k/IdeaProjects/luxury2/.gradle/loom-cache/remapped_mods/remapped/net/fabricmc/fabric-api/fabric-command-api-v1-46549a5a/1.2.62+f71b366f04/fabric-command-api-v1-46549a5a-1.2.62+f71b366f04.jar to classpath.
[13:17:36] [main/DEBUG] (FabricLoader/Knot) Adding /home/zench1k/IdeaProjects/luxury2/.gradle/loom-cache/remapped_mods/remapped/net/fabricmc/fabric-api/fabric-commands-v0-46549a5a/0.2.79+df3654b304/fabric-commands-v0-46549a5a-0.2.79+df3654b304.jar to classpath.
[13:17:36] [main/DEBUG] (FabricLoader/Knot) Adding /home/zench1k/IdeaProjects/luxury2/.gradle/loom-cache/remapped_mods/remapped/net/fabricmc/fabric-api/fabric-command-api-v2-46549a5a/2.2.41+e496eb1504/fabric-command-api-v2-46549a5a-2.2.41+e496eb1504.jar to classpath.
[13:17:36] [main/DEBUG] (FabricLoader/Knot) Adding /home/zench1k/IdeaProjects/luxury2/.gradle/loom-cache/remapped_mods/remapped/net/fabricmc/fabric-api/fabric-content-registries-v0-46549a5a/9.1.19+25d1a67604/fabric-content-registries-v0-46549a5a-9.1.19+25d1a67604.jar to classpath.
[13:17:36] [main/DEBUG] (FabricLoader/Knot) Adding /home/zench1k/IdeaProjects/luxury2/.gradle/loom-cache/remapped_mods/remapped/net/fabricmc/fabric-api/fabric-data-generation-api-v1-46549a5a/22.3.1+0f4e5f5504/fabric-data-generation-api-v1-46549a5a-22.3.1+0f4e5f5504.jar to classpath.
[13:17:36] [main/DEBUG] (FabricLoader/Knot) Adding /home/zench1k/IdeaProjects/luxury2/.gradle/loom-cache/remapped_mods/remapped/net/fabricmc/fabric-api/fabric-convention-tags-v1-46549a5a/2.1.20+7f945d5b04/fabric-convention-tags-v1-46549a5a-2.1.20+7f945d5b04.jar to classpath.
[13:17:36] [main/DEBUG] (FabricLoader/Knot) Adding /home/zench1k/IdeaProjects/luxury2/.gradle/loom-cache/remapped_mods/remapped/net/fabricmc/fabric-api/fabric-convention-tags-v2-46549a5a/2.14.1+aebda09404/fabric-convention-tags-v2-46549a5a-2.14.1+aebda09404.jar to classpath.
[13:17:36] [main/DEBUG] (FabricLoader/Knot) Adding /home/zench1k/IdeaProjects/luxury2/.gradle/loom-cache/remapped_mods/remapped/net/fabricmc/fabric-api/fabric-data-attachment-api-v1-46549a5a/1.6.2+e99da0f704/fabric-data-attachment-api-v1-46549a5a-1.6.2+e99da0f704.jar to classpath.
[13:17:36] [main/DEBUG] (FabricLoader/Knot) Adding /home/zench1k/IdeaProjects/luxury2/.gradle/loom-cache/remapped_mods/remapped/net/fabricmc/fabric-api/fabric-entity-events-v1-46549a5a/2.0.15+62245bef04/fabric-entity-events-v1-46549a5a-2.0.15+62245bef04.jar to classpath.
[13:17:36] [main/DEBUG] (FabricLoader/Knot) Adding /home/zench1k/IdeaProjects/luxury2/.gradle/loom-cache/remapped_mods/remapped/net/fabricmc/fabric-api/fabric-events-interaction-v0-46549a5a/4.0.4+a4eebcf004/fabric-events-interaction-v0-46549a5a-4.0.4+a4eebcf004.jar to classpath.
[13:17:36] [main/DEBUG] (FabricLoader/Knot) Adding /home/zench1k/IdeaProjects/luxury2/.gradle/loom-cache/remapped_mods/remapped/net/fabricmc/fabric-api/fabric-gametest-api-v1-46549a5a/2.0.26+7feeb73304/fabric-gametest-api-v1-46549a5a-2.0.26+7feeb73304.jar to classpath.
[13:17:36] [main/DEBUG] (FabricLoader/Knot) Adding /home/zench1k/IdeaProjects/luxury2/.gradle/loom-cache/remapped_mods/remapped/net/fabricmc/fabric-api/fabric-item-api-v1-46549a5a/11.4.0+189dd6fe04/fabric-item-api-v1-46549a5a-11.4.0+189dd6fe04.jar to classpath.
[13:17:36] [main/DEBUG] (FabricLoader/Knot) Adding /home/zench1k/IdeaProjects/luxury2/.gradle/loom-cache/remapped_mods/remapped/net/fabricmc/fabric-api/fabric-item-group-api-v1-46549a5a/4.2.2+fcb9601404/fabric-item-group-api-v1-46549a5a-4.2.2+fcb9601404.jar to classpath.
[13:17:36] [main/DEBUG] (FabricLoader/Knot) Adding /home/zench1k/IdeaProjects/luxury2/.gradle/loom-cache/remapped_mods/remapped/net/fabricmc/fabric-api/fabric-lifecycle-events-v1-46549a5a/2.5.4+bf2a60eb04/fabric-lifecycle-events-v1-46549a5a-2.5.4+bf2a60eb04.jar to classpath.
[13:17:36] [main/DEBUG] (FabricLoader/Knot) Adding /home/zench1k/IdeaProjects/luxury2/.gradle/loom-cache/remapped_mods/remapped/net/fabricmc/fabric-api/fabric-loot-api-v2-46549a5a/3.0.38+3f89f5a504/fabric-loot-api-v2-46549a5a-3.0.38+3f89f5a504.jar to classpath.
[13:17:36] [main/DEBUG] (FabricLoader/Knot) Adding /home/zench1k/IdeaProjects/luxury2/.gradle/loom-cache/remapped_mods/remapped/net/fabricmc/fabric-api/fabric-loot-api-v3-46549a5a/1.0.26+203e6b2304/fabric-loot-api-v3-46549a5a-1.0.26+203e6b2304.jar to classpath.
[13:17:36] [main/DEBUG] (FabricLoader/Knot) Adding /home/zench1k/IdeaProjects/luxury2/.gradle/loom-cache/remapped_mods/remapped/net/fabricmc/fabric-api/fabric-message-api-v1-46549a5a/6.0.26+238a33c004/fabric-message-api-v1-46549a5a-6.0.26+238a33c004.jar to classpath.
[13:17:36] [main/DEBUG] (FabricLoader/Knot) Adding /home/zench1k/IdeaProjects/luxury2/.gradle/loom-cache/remapped_mods/remapped/net/fabricmc/fabric-api/fabric-model-loading-api-v1-46549a5a/4.3.0+ae23723504/fabric-model-loading-api-v1-46549a5a-4.3.0+ae23723504.jar to classpath.
[13:17:36] [main/DEBUG] (FabricLoader/Knot) Adding /home/zench1k/IdeaProjects/luxury2/.gradle/loom-cache/remapped_mods/remapped/net/fabricmc/fabric-api/fabric-recipe-api-v1-46549a5a/8.1.1+640e77ae04/fabric-recipe-api-v1-46549a5a-8.1.1+640e77ae04.jar to classpath.
[13:17:36] [main/DEBUG] (FabricLoader/Knot) Adding /home/zench1k/IdeaProjects/luxury2/.gradle/loom-cache/remapped_mods/remapped/net/fabricmc/fabric-api/fabric-screen-handler-api-v1-46549a5a/1.3.118+7feeb73304/fabric-screen-handler-api-v1-46549a5a-1.3.118+7feeb73304.jar to classpath.
[13:17:36] [main/DEBUG] (FabricLoader/Knot) Adding /home/zench1k/IdeaProjects/luxury2/.gradle/loom-cache/remapped_mods/remapped/net/fabricmc/fabric-api/fabric-registry-sync-v0-46549a5a/6.1.11+4a9c1ece04/fabric-registry-sync-v0-46549a5a-6.1.11+4a9c1ece04.jar to classpath.
[13:17:36] [main/DEBUG] (FabricLoader/Knot) Adding /home/zench1k/IdeaProjects/luxury2/.gradle/loom-cache/remapped_mods/remapped/net/fabricmc/fabric-api/fabric-networking-api-v1-46549a5a/4.4.0+db5e668204/fabric-networking-api-v1-46549a5a-4.4.0+db5e668204.jar to classpath.
[13:17:36] [main/DEBUG] (FabricLoader/Knot) Adding /home/zench1k/IdeaProjects/luxury2/.gradle/loom-cache/remapped_mods/remapped/net/fabricmc/fabric-api/fabric-object-builder-api-v1-46549a5a/18.0.14+38b0d59804/fabric-object-builder-api-v1-46549a5a-18.0.14+38b0d59804.jar to classpath.
[13:17:36] [main/DEBUG] (FabricLoader/Knot) Adding /home/zench1k/IdeaProjects/luxury2/.gradle/loom-cache/remapped_mods/remapped/net/fabricmc/fabric-api/fabric-particles-v1-46549a5a/4.0.14+7feeb73304/fabric-particles-v1-46549a5a-4.0.14+7feeb73304.jar to classpath.
[13:17:36] [main/DEBUG] (FabricLoader/Knot) Adding /home/zench1k/IdeaProjects/luxury2/.gradle/loom-cache/remapped_mods/remapped/net/fabricmc/fabric-api/fabric-renderer-indigo-46549a5a/2.0.3+50f0feb204/fabric-renderer-indigo-46549a5a-2.0.3+50f0feb204.jar to classpath.
[13:17:36] [main/DEBUG] (FabricLoader/Knot) Adding /home/zench1k/IdeaProjects/luxury2/.gradle/loom-cache/remapped_mods/remapped/net/fabricmc/fabric-api/fabric-renderer-api-v1-46549a5a/5.0.3+50f0feb204/fabric-renderer-api-v1-46549a5a-5.0.3+50f0feb204.jar to classpath.
[13:17:36] [main/DEBUG] (FabricLoader/Knot) Adding /home/zench1k/IdeaProjects/luxury2/.gradle/loom-cache/remapped_mods/remapped/net/fabricmc/fabric-api/fabric-rendering-fluids-v1-46549a5a/3.1.19+7feeb73304/fabric-rendering-fluids-v1-46549a5a-3.1.19+7feeb73304.jar to classpath.
[13:17:36] [main/DEBUG] (FabricLoader/Knot) Adding /home/zench1k/IdeaProjects/luxury2/.gradle/loom-cache/remapped_mods/remapped/net/fabricmc/fabric-api/fabric-rendering-v1-46549a5a/10.2.1+0d31b09f04/fabric-rendering-v1-46549a5a-10.2.1+0d31b09f04.jar to classpath.
[13:17:36] [main/DEBUG] (FabricLoader/Knot) Adding /home/zench1k/IdeaProjects/luxury2/.gradle/loom-cache/remapped_mods/remapped/net/fabricmc/fabric-api/fabric-tag-api-v1-46549a5a/1.0.7+7d48d43904/fabric-tag-api-v1-46549a5a-1.0.7+7d48d43904.jar to classpath.
[13:17:36] [main/DEBUG] (FabricLoader/Knot) Adding /home/zench1k/IdeaProjects/luxury2/.gradle/loom-cache/remapped_mods/remapped/net/fabricmc/fabric-api/fabric-resource-loader-v0-46549a5a/3.1.1+360374ac04/fabric-resource-loader-v0-46549a5a-3.1.1+360374ac04.jar to classpath.
[13:17:36] [main/DEBUG] (FabricLoader/Knot) Adding /home/zench1k/IdeaProjects/luxury2/.gradle/loom-cache/remapped_mods/remapped/net/fabricmc/fabric-api/fabric-screen-api-v1-46549a5a/2.0.38+7feeb73304/fabric-screen-api-v1-46549a5a-2.0.38+7feeb73304.jar to classpath.
[13:17:36] [main/DEBUG] (FabricLoader/Knot) Adding /home/zench1k/IdeaProjects/luxury2/.gradle/loom-cache/remapped_mods/remapped/net/fabricmc/fabric-api/fabric-api-base-46549a5a/0.4.54+b47eab6b04/fabric-api-base-46549a5a-0.4.54+b47eab6b04.jar to classpath.
[13:17:36] [main/DEBUG] (FabricLoader/Knot) Adding /home/zench1k/IdeaProjects/luxury2/.gradle/loom-cache/remapped_mods/remapped/net/fabricmc/fabric-api/fabric-biome-api-v1-46549a5a/15.0.6+b1c29d8e04/fabric-biome-api-v1-46549a5a-15.0.6+b1c29d8e04.jar to classpath.
[13:17:36] [main/DEBUG] (FabricLoader/Knot) Adding /home/zench1k/IdeaProjects/luxury2/.gradle/loom-cache/remapped_mods/remapped/net/fabricmc/fabric-api/fabric-block-api-v1-46549a5a/1.0.31+7feeb73304/fabric-block-api-v1-46549a5a-1.0.31+7feeb73304.jar to classpath.
[13:17:36] [main/DEBUG] (FabricLoader/Knot) Adding /home/zench1k/IdeaProjects/luxury2/.gradle/loom-cache/remapped_mods/remapped/net/fabricmc/fabric-api/fabric-rendering-data-attachment-v1-46549a5a/0.3.58+73761d2e04/fabric-rendering-data-attachment-v1-46549a5a-0.3.58+73761d2e04.jar to classpath.
[13:17:36] [main/DEBUG] (FabricLoader/Knot) Adding /home/zench1k/IdeaProjects/luxury2/.gradle/loom-cache/remapped_mods/remapped/net/fabricmc/fabric-api/fabric-block-view-api-v2-46549a5a/1.0.20+9c49cc8c04/fabric-block-view-api-v2-46549a5a-1.0.20+9c49cc8c04.jar to classpath.
[13:17:36] [main/DEBUG] (FabricLoader/Knot) Adding /home/zench1k/IdeaProjects/luxury2/.gradle/loom-cache/remapped_mods/remapped/net/fabricmc/fabric-api/fabric-client-gametest-api-v1-46549a5a/4.1.1+6816ccd404/fabric-client-gametest-api-v1-46549a5a-4.1.1+6816ccd404.jar to classpath.
[13:17:36] [main/DEBUG] (FabricLoader/Knot) Adding /home/zench1k/IdeaProjects/luxury2/.gradle/loom-cache/remapped_mods/remapped/net/fabricmc/fabric-api/fabric-crash-report-info-v1-46549a5a/0.3.6+7feeb73304/fabric-crash-report-info-v1-46549a5a-0.3.6+7feeb73304.jar to classpath.
[13:17:36] [main/DEBUG] (FabricLoader/Knot) Adding /home/zench1k/IdeaProjects/luxury2/.gradle/loom-cache/remapped_mods/remapped/net/fabricmc/fabric-api/fabric-dimensions-v1-46549a5a/4.0.10+7feeb73304/fabric-dimensions-v1-46549a5a-4.0.10+7feeb73304.jar to classpath.
[13:17:36] [main/DEBUG] (FabricLoader/Knot) Adding /home/zench1k/IdeaProjects/luxury2/.gradle/loom-cache/remapped_mods/remapped/net/fabricmc/fabric-api/fabric-game-rule-api-v1-46549a5a/1.0.63+7d48d43904/fabric-game-rule-api-v1-46549a5a-1.0.63+7d48d43904.jar to classpath.
[13:17:36] [main/DEBUG] (FabricLoader/Knot) Adding /home/zench1k/IdeaProjects/luxury2/.gradle/loom-cache/remapped_mods/remapped/net/fabricmc/fabric-api/fabric-keybindings-v0-46549a5a/0.2.55+df3654b304/fabric-keybindings-v0-46549a5a-0.2.55+df3654b304.jar to classpath.
[13:17:36] [main/DEBUG] (FabricLoader/Knot) Adding /home/zench1k/IdeaProjects/luxury2/.gradle/loom-cache/remapped_mods/remapped/net/fabricmc/fabric-api/fabric-key-binding-api-v1-46549a5a/1.0.57+7d48d43904/fabric-key-binding-api-v1-46549a5a-1.0.57+7d48d43904.jar to classpath.
[13:17:36] [main/DEBUG] (FabricLoader/Knot) Adding /home/zench1k/IdeaProjects/luxury2/.gradle/loom-cache/remapped_mods/remapped/net/fabricmc/fabric-api/fabric-resource-conditions-api-v1-46549a5a/5.0.13+203e6b2304/fabric-resource-conditions-api-v1-46549a5a-5.0.13+203e6b2304.jar to classpath.
[13:17:36] [main/DEBUG] (FabricLoader/Knot) Adding /home/zench1k/IdeaProjects/luxury2/.gradle/loom-cache/remapped_mods/remapped/net/fabricmc/fabric-api/fabric-sound-api-v1-46549a5a/1.0.32+7feeb73304/fabric-sound-api-v1-46549a5a-1.0.32+7feeb73304.jar to classpath.
[13:17:36] [main/DEBUG] (FabricLoader/Knot) Adding /home/zench1k/IdeaProjects/luxury2/.gradle/loom-cache/remapped_mods/remapped/net/fabricmc/fabric-api/fabric-transitive-access-wideners-v1-46549a5a/6.3.2+56e78b9b04/fabric-transitive-access-wideners-v1-46549a5a-6.3.2+56e78b9b04.jar to classpath.
[13:17:36] [main/DEBUG] (FabricLoader/Knot) Adding /home/zench1k/.gradle/caches/modules-2/files-2.1/org.jetbrains.kotlinx/kotlinx-serialization-core-jvm/1.6.3/6b6c17d0312ba7192893adea9d52959941d0119b/kotlinx-serialization-core-jvm-1.6.3.jar to classpath.
[13:17:36] [main/DEBUG] (FabricLoader/Knot) Adding /home/zench1k/.gradle/caches/modules-2/files-2.1/org.jetbrains.kotlin/kotlin-stdlib/1.9.22/d6c44cd08d8f3f9bece8101216dbe6553365c6e3/kotlin-stdlib-1.9.22.jar to classpath.
[13:17:36] [main/DEBUG] (FabricLoader/Knot) Adding /home/zench1k/.gradle/caches/modules-2/files-2.1/org.jline/jline-reader/3.20.0/8f15415b022a25b473e8e16c28ae913186ffb9c4/jline-reader-3.20.0.jar to classpath.
[13:17:36] [main/DEBUG] (FabricLoader/Knot) Adding /home/zench1k/.gradle/caches/modules-2/files-2.1/org.jetbrains/annotations/13.0/919f0dfe192fb4e063e7dacadee7f8bb9a2672a9/annotations-13.0.jar to classpath.
[13:17:36] [main/DEBUG] (FabricLoader/Knot) Adding /home/zench1k/.gradle/caches/modules-2/files-2.1/org.jline/jline-terminal/3.20.0/d0ddcc708ddf527a3454c941b7b9225cc83a15ff/jline-terminal-3.20.0.jar to classpath.
[13:17:36] [main/DEBUG] (FabricLoader/Knot) Adding /home/zench1k/.gradle/caches/modules-2/files-2.1/com.github.jnr/jnr-constants/0.10.4/9f6f23763bf40ea7b56391791f574174914430a/jnr-constants-0.10.4.jar to classpath.
[13:17:36] [main/DEBUG] (FabricLoader/Knot) Adding /home/zench1k/.gradle/caches/modules-2/files-2.1/com.github.jnr/jffi/1.3.12/a439d46fb5d5d9539f16db7d574c7aafb952874a/jffi-1.3.12.jar to classpath.
[13:17:36] [main/DEBUG] (FabricLoader/Knot) Adding /home/zench1k/.gradle/caches/modules-2/files-2.1/com.github.jnr/jffi/1.3.12/ebd0e45f447d80c16fbf2a82ff0253de28837b41/jffi-1.3.12-native.jar to classpath.
[13:17:36] [main/DEBUG] (FabricLoader/Knot) Adding /home/zench1k/.gradle/caches/modules-2/files-2.1/com.github.jnr/jnr-a64asm/1.0.0/a1cb8dbe71b5a6a0288043c3ba3ca64545be165/jnr-a64asm-1.0.0.jar to classpath.
[13:17:36] [main/DEBUG] (FabricLoader/Knot) Adding /home/zench1k/.gradle/caches/modules-2/files-2.1/com.github.jnr/jnr-x86asm/1.0.2/6936bbd6c5b235665d87bd450f5e13b52d4b48/jnr-x86asm-1.0.2.jar to classpath.
[13:17:36] [main/DEBUG] (FabricLoader/Entrypoint) No subscribers for entrypoint 'preLaunch'
[13:17:36] [main/DEBUG] (FabricLoader/Mixin) Preparing mixins for MixinEnvironment[DEFAULT]
[13:17:36] [main/DEBUG] (FabricLoader/Mixin) Selecting config fabric-object-builder-v1.mixins.json
[13:17:36] [main/DEBUG] (FabricLoader/Mixin) Remapping refMap fabric-object-builder-api-v1-refmap.json using remapper chain
[13:17:36] [main/DEBUG] (FabricLoader/Mixin) Selecting config fabric-object-builder-v1.client.mixins.json
[13:17:36] [main/DEBUG] (FabricLoader/Mixin) Remapping refMap client-fabric-object-builder-api-v1-refmap.json using remapper chain
[13:17:36] [main/DEBUG] (FabricLoader/Mixin) Selecting config fabric-transfer-api-v1.mixins.json
[13:17:36] [main/DEBUG] (FabricLoader/Mixin) Remapping refMap fabric-transfer-api-v1-refmap.json using remapper chain
[13:17:36] [main/DEBUG] (FabricLoader/Mixin) Selecting config fabric-game-rule-api-v1.mixins.json
[13:17:36] [main/DEBUG] (FabricLoader/Mixin) Remapping refMap fabric-game-rule-api-v1-refmap.json using remapper chain
[13:17:36] [main/DEBUG] (FabricLoader/Mixin) Selecting config fabric-game-rule-api-v1.client.mixins.json
[13:17:36] [main/DEBUG] (FabricLoader/Mixin) Remapping refMap client-fabric-game-rule-api-v1-refmap.json using remapper chain
[13:17:36] [main/DEBUG] (FabricLoader/Mixin) Selecting config fabric-rendering-data-attachment-v1.mixins.json
[13:17:36] [main/DEBUG] (FabricLoader/Mixin) Remapping refMap fabric-rendering-data-attachment-v1-refmap.json using remapper chain
[13:17:36] [main/DEBUG] (FabricLoader/Mixin) Selecting config fabric-rendering-data-attachment-v1.client.mixins.json
[13:17:36] [main/DEBUG] (FabricLoader/Mixin) Remapping refMap client-fabric-rendering-data-attachment-v1-refmap.json using remapper chain
[13:17:36] [main/DEBUG] (FabricLoader/Mixin) Selecting config viafabricplus.mixins.json
[13:17:36] [main/DEBUG] (FabricLoader/Mixin) Remapping refMap ViaFabricPlus-refmap.json using remapper chain
[13:17:36] [main/DEBUG] (FabricLoader/Mixin) Selecting config fabric-networking-api-v1.mixins.json
[13:17:36] [main/DEBUG] (FabricLoader/Mixin) Remapping refMap fabric-networking-api-v1-refmap.json using remapper chain
[13:17:36] [main/DEBUG] (FabricLoader/Mixin) Selecting config fabric-networking-api-v1.client.mixins.json
[13:17:36] [main/DEBUG] (FabricLoader/Mixin) Remapping refMap client-fabric-networking-api-v1-refmap.json using remapper chain
[13:17:36] [main/DEBUG] (FabricLoader/Mixin) Selecting config fabric-screen-handler-api-v1.mixins.json
[13:17:36] [main/DEBUG] (FabricLoader/Mixin) Remapping refMap fabric-screen-handler-api-v1-refmap.json using remapper chain
[13:17:36] [main/DEBUG] (FabricLoader/Mixin) Selecting config fabric-gametest-api-v1.mixins.json
[13:17:36] [main/DEBUG] (FabricLoader/Mixin) Remapping refMap fabric-gametest-api-v1-refmap.json using remapper chain
[13:17:36] [main/DEBUG] (FabricLoader/Mixin) Selecting config fabric-loot-api-v2.mixins.json
[13:17:36] [main/DEBUG] (FabricLoader/Mixin) Remapping refMap fabric-loot-api-v2-refmap.json using remapper chain
[13:17:36] [main/DEBUG] (FabricLoader/Mixin) Selecting config fabric-rendering-fluids-v1.mixins.json
[13:17:36] [main/DEBUG] (FabricLoader/Mixin) Remapping refMap client-fabric-rendering-fluids-v1-refmap.json using remapper chain
[13:17:36] [main/DEBUG] (FabricLoader/Mixin) Selecting config mixinextras.init.mixins.json
[13:17:37] [main/DEBUG] (FabricLoader/MixinExtras|Service) com.llamalad7.mixinextras.service.MixinExtrasServiceImpl(version=0.4.1) is taking over from null
[13:17:37] [main/DEBUG] (FabricLoader/Mixin) Registering new injector for @Inject with org.spongepowered.asm.mixin.injection.struct.CallbackInjectionInfo
[13:17:37] [main/DEBUG] (FabricLoader/Mixin) Registering new injector for @ModifyArg with org.spongepowered.asm.mixin.injection.struct.ModifyArgInjectionInfo
[13:17:37] [main/DEBUG] (FabricLoader/Mixin) Registering new injector for @ModifyArgs with org.spongepowered.asm.mixin.injection.struct.ModifyArgsInjectionInfo
[13:17:37] [main/DEBUG] (FabricLoader/Mixin) Registering new injector for @Redirect with org.spongepowered.asm.mixin.injection.struct.RedirectInjectionInfo
[13:17:37] [main/DEBUG] (FabricLoader/Mixin) Registering new injector for @ModifyVariable with org.spongepowered.asm.mixin.injection.struct.ModifyVariableInjectionInfo
[13:17:37] [main/DEBUG] (FabricLoader/Mixin) Registering new injector for @ModifyConstant with org.spongepowered.asm.mixin.injection.struct.ModifyConstantInjectionInfo
[13:17:37] [main/DEBUG] (FabricLoader/Mixin) Selecting config fabric-lifecycle-events-v1.mixins.json
[13:17:37] [main/DEBUG] (FabricLoader/Mixin) Remapping refMap fabric-lifecycle-events-v1-refmap.json using remapper chain
[13:17:37] [main/DEBUG] (FabricLoader/Mixin) Selecting config fabric-lifecycle-events-v1.client.mixins.json
[13:17:37] [main/DEBUG] (FabricLoader/Mixin) Remapping refMap client-fabric-lifecycle-events-v1-refmap.json using remapper chain
[13:17:37] [main/DEBUG] (FabricLoader/Mixin) Selecting config fabric-registry-sync-v0.mixins.json
[13:17:37] [main/DEBUG] (FabricLoader/Mixin) Remapping refMap fabric-registry-sync-v0-refmap.json using remapper chain
[13:17:37] [main/DEBUG] (FabricLoader/Mixin) Selecting config fabric-registry-sync-v0.client.mixins.json
[13:17:37] [main/DEBUG] (FabricLoader/Mixin) Remapping refMap client-fabric-registry-sync-v0-refmap.json using remapper chain
[13:17:37] [main/DEBUG] (FabricLoader/Mixin) Selecting config fabric-resource-conditions-api-v1.mixins.json
[13:17:37] [main/DEBUG] (FabricLoader/Mixin) Remapping refMap fabric-resource-conditions-api-v1-refmap.json using remapper chain
[13:17:37] [main/DEBUG] (FabricLoader/Mixin) Selecting config fabric-particles-v1.client.mixins.json
[13:17:37] [main/DEBUG] (FabricLoader/Mixin) Remapping refMap client-fabric-particles-v1-refmap.json using remapper chain
[13:17:37] [main/DEBUG] (FabricLoader/Mixin) Selecting config fabric-message-api-v1.mixins.json
[13:17:37] [main/DEBUG] (FabricLoader/Mixin) Remapping refMap fabric-message-api-v1-refmap.json using remapper chain
[13:17:37] [main/DEBUG] (FabricLoader/Mixin) Selecting config fabric-message-api-v1.client.mixins.json
[13:17:37] [main/DEBUG] (FabricLoader/Mixin) Remapping refMap client-fabric-message-api-v1-refmap.json using remapper chain
[13:17:37] [main/DEBUG] (FabricLoader/Mixin) Selecting config luxury.mixins.json
[13:17:37] [main/DEBUG] (FabricLoader/Mixin) Selecting config fabric-tag-api-v1.mixins.json
[13:17:37] [main/DEBUG] (FabricLoader/Mixin) Remapping refMap fabric-tag-api-v1-refmap.json using remapper chain
[13:17:37] [main/DEBUG] (FabricLoader/Mixin) Selecting config ias.mixins.json
[13:17:37] [main/DEBUG] (FabricLoader/Mixin) Remapping refMap ias.mixins.refmap.json using remapper chain
[13:17:37] [main/DEBUG] (FabricLoader/Mixin) Selecting config fabric-sound-api-v1.mixins.json
[13:17:37] [main/DEBUG] (FabricLoader/Mixin) Remapping refMap client-fabric-sound-api-v1-refmap.json using remapper chain
[13:17:37] [main/DEBUG] (FabricLoader/Mixin) Selecting config fabric-recipe-api-v1.mixins.json
[13:17:37] [main/DEBUG] (FabricLoader/Mixin) Remapping refMap fabric-recipe-api-v1-refmap.json using remapper chain
[13:17:37] [main/DEBUG] (FabricLoader/Mixin) Selecting config fabric-blockrenderlayer-v1.mixins.json
[13:17:37] [main/DEBUG] (FabricLoader/Mixin) Remapping refMap client-fabric-blockrenderlayer-v1-refmap.json using remapper chain
[13:17:37] [main/DEBUG] (FabricLoader/Mixin) Selecting config fabric-model-loading-api-v1.mixins.json
[13:17:37] [main/DEBUG] (FabricLoader/Mixin) Remapping refMap client-fabric-model-loading-api-v1-refmap.json using remapper chain
[13:17:37] [main/DEBUG] (FabricLoader/Mixin) Selecting config fabric-client-gametest-api-v1.mixins.json
[13:17:37] [main/DEBUG] (FabricLoader/Mixin) Remapping refMap client-fabric-client-gametest-api-v1-refmap.json using remapper chain
[13:17:37] [main/DEBUG] (FabricLoader/Mixin) Selecting config fabric-key-binding-api-v1.mixins.json
[13:17:37] [main/DEBUG] (FabricLoader/Mixin) Remapping refMap client-fabric-key-binding-api-v1-refmap.json using remapper chain
[13:17:37] [main/DEBUG] (FabricLoader/Mixin) Selecting config fabric-dimensions-v1.mixins.json
[13:17:37] [main/DEBUG] (FabricLoader/Mixin) Remapping refMap fabric-dimensions-v1-refmap.json using remapper chain
[13:17:37] [main/DEBUG] (FabricLoader/Mixin) Selecting config fabric-item-api-v1.mixins.json
[13:17:37] [main/DEBUG] (FabricLoader/Mixin) Remapping refMap fabric-item-api-v1-refmap.json using remapper chain
[13:17:37] [main/DEBUG] (FabricLoader/Mixin) Selecting config fabric-item-api-v1.client.mixins.json
[13:17:37] [main/DEBUG] (FabricLoader/Mixin) Remapping refMap client-fabric-item-api-v1-refmap.json using remapper chain
[13:17:37] [main/DEBUG] (FabricLoader/Mixin) Selecting config fabric-command-api-v2.mixins.json
[13:17:37] [main/DEBUG] (FabricLoader/Mixin) Remapping refMap fabric-command-api-v2-refmap.json using remapper chain
[13:17:37] [main/DEBUG] (FabricLoader/Mixin) Selecting config fabric-command-api-v2.client.mixins.json
[13:17:37] [main/DEBUG] (FabricLoader/Mixin) Remapping refMap client-fabric-command-api-v2-refmap.json using remapper chain
[13:17:37] [main/DEBUG] (FabricLoader/Mixin) Selecting config fabric-events-interaction-v0.mixins.json
[13:17:37] [main/DEBUG] (FabricLoader/Mixin) Remapping refMap fabric-events-interaction-v0-refmap.json using remapper chain
[13:17:37] [main/DEBUG] (FabricLoader/Mixin) Selecting config fabric-events-interaction-v0.client.mixins.json
[13:17:37] [main/DEBUG] (FabricLoader/Mixin) Remapping refMap client-fabric-events-interaction-v0-refmap.json using remapper chain
[13:17:37] [main/DEBUG] (FabricLoader/Mixin) Selecting config fabric-block-api-v1.mixins.json
[13:17:37] [main/DEBUG] (FabricLoader/Mixin) Remapping refMap fabric-block-api-v1-refmap.json using remapper chain
[13:17:37] [main/DEBUG] (FabricLoader/Mixin) Selecting config fabric-item-group-api-v1.mixins.json
[13:17:37] [main/DEBUG] (FabricLoader/Mixin) Remapping refMap fabric-item-group-api-v1-refmap.json using remapper chain
[13:17:37] [main/DEBUG] (FabricLoader/Mixin) Selecting config fabric-item-group-api-v1.client.mixins.json
[13:17:37] [main/DEBUG] (FabricLoader/Mixin) Remapping refMap client-fabric-item-group-api-v1-refmap.json using remapper chain
[13:17:37] [main/DEBUG] (FabricLoader/Mixin) Selecting config fabric-renderer-indigo.mixins.json
[13:17:37] [main/DEBUG] (FabricLoader/Mixin) Remapping refMap client-fabric-renderer-indigo-refmap.json using remapper chain
[13:17:37] [main/DEBUG] (FabricLoader/Mixin) Selecting config fabric-biome-api-v1.mixins.json
[13:17:37] [main/DEBUG] (FabricLoader/Mixin) Remapping refMap fabric-biome-api-v1-refmap.json using remapper chain
[13:17:37] [main/DEBUG] (FabricLoader/Mixin) Selecting config fabric-screen-api-v1.mixins.json
[13:17:37] [main/DEBUG] (FabricLoader/Mixin) Remapping refMap client-fabric-screen-api-v1-refmap.json using remapper chain
[13:17:37] [main/DEBUG] (FabricLoader/Mixin) Selecting config fabric-crash-report-info-v1.mixins.json
[13:17:37] [main/DEBUG] (FabricLoader/Mixin) Remapping refMap fabric-crash-report-info-v1-refmap.json using remapper chain
[13:17:37] [main/DEBUG] (FabricLoader/Mixin) Selecting config fabric-data-generation-api-v1.mixins.json
[13:17:37] [main/DEBUG] (FabricLoader/Mixin) Remapping refMap fabric-data-generation-api-v1-refmap.json using remapper chain
[13:17:37] [main/DEBUG] (FabricLoader/Mixin) Selecting config fabric-data-generation-api-v1.client.mixins.json
[13:17:37] [main/DEBUG] (FabricLoader/Mixin) Remapping refMap client-fabric-data-generation-api-v1-refmap.json using remapper chain
[13:17:37] [main/DEBUG] (FabricLoader/Mixin) Selecting config fabric-renderer-api-v1.mixins.json
[13:17:37] [main/DEBUG] (FabricLoader/Mixin) Remapping refMap client-fabric-renderer-api-v1-refmap.json using remapper chain
[13:17:37] [main/DEBUG] (FabricLoader/Mixin) Selecting config fabric-renderer-api-v1.debughud.mixins.json
[13:17:37] [main/DEBUG] (FabricLoader/Mixin) Remapping refMap client-fabric-renderer-api-v1-refmap.json using remapper chain
[13:17:37] [main/DEBUG] (FabricLoader/Mixin) Selecting config fabric-entity-events-v1.mixins.json
[13:17:37] [main/DEBUG] (FabricLoader/Mixin) Remapping refMap fabric-entity-events-v1-refmap.json using remapper chain
[13:17:37] [main/DEBUG] (FabricLoader/Mixin) Selecting config fabric-api-lookup-api-v1.mixins.json
[13:17:37] [main/DEBUG] (FabricLoader/Mixin) Remapping refMap fabric-api-lookup-api-v1-refmap.json using remapper chain
[13:17:37] [main/DEBUG] (FabricLoader/Mixin) Selecting config fabric-convention-tags-api-v2.mixins.json
[13:17:37] [main/DEBUG] (FabricLoader/Mixin) Remapping refMap fabric-convention-tags-v2-refmap.json using remapper chain
[13:17:37] [main/DEBUG] (FabricLoader/Mixin) Selecting config viafabricplus-visuals.mixins.json
[13:17:37] [main/DEBUG] (FabricLoader/Mixin) Remapping refMap viafabricplus-visuals-refmap.json using remapper chain
[13:17:37] [main/DEBUG] (FabricLoader/Mixin) Selecting config fabric-content-registries-v0.mixins.json
[13:17:37] [main/DEBUG] (FabricLoader/Mixin) Remapping refMap fabric-content-registries-v0-refmap.json using remapper chain
[13:17:37] [main/DEBUG] (FabricLoader/Mixin) Selecting config mixins.modmenu.json
[13:17:37] [main/DEBUG] (FabricLoader/Mixin) Remapping refMap modmenu-refmap.json using remapper chain
[13:17:37] [main/DEBUG] (FabricLoader/Mixin) Selecting config fabric-block-view-api-v2.mixins.json
[13:17:37] [main/DEBUG] (FabricLoader/Mixin) Remapping refMap fabric-block-view-api-v2-refmap.json using remapper chain
[13:17:37] [main/DEBUG] (FabricLoader/Mixin) Selecting config fabric-block-view-api-v2.client.mixins.json
[13:17:37] [main/DEBUG] (FabricLoader/Mixin) Remapping refMap client-fabric-block-view-api-v2-refmap.json using remapper chain
[13:17:37] [main/DEBUG] (FabricLoader/Mixin) Selecting config fabric-resource-loader-v0.mixins.json
[13:17:37] [main/DEBUG] (FabricLoader/Mixin) Remapping refMap fabric-resource-loader-v0-refmap.json using remapper chain
[13:17:37] [main/DEBUG] (FabricLoader/Mixin) Selecting config fabric-resource-loader-v0.client.mixins.json
[13:17:37] [main/DEBUG] (FabricLoader/Mixin) Remapping refMap client-fabric-resource-loader-v0-refmap.json using remapper chain
[13:17:37] [main/DEBUG] (FabricLoader/Mixin) Selecting config fabric-rendering-v1.mixins.json
[13:17:37] [main/DEBUG] (FabricLoader/Mixin) Remapping refMap client-fabric-rendering-v1-refmap.json using remapper chain
[13:17:37] [main/DEBUG] (FabricLoader/Mixin) Selecting config fabric-loot-api-v3.mixins.json
[13:17:37] [main/DEBUG] (FabricLoader/Mixin) Remapping refMap fabric-loot-api-v3-refmap.json using remapper chain
[13:17:37] [main/DEBUG] (FabricLoader/Mixin) Selecting config fabric-data-attachment-api-v1.mixins.json
[13:17:37] [main/DEBUG] (FabricLoader/Mixin) Remapping refMap fabric-data-attachment-api-v1-refmap.json using remapper chain
[13:17:37] [main/DEBUG] (FabricLoader/Mixin) Selecting config fabric-data-attachment-api-v1.client.mixins.json
[13:17:37] [main/DEBUG] (FabricLoader/Mixin) Remapping refMap client-fabric-data-attachment-api-v1-refmap.json using remapper chain
[13:17:37] [main/DEBUG] (FabricLoader/Mixin) Preparing fabric-object-builder-v1.mixins.json (9)
[13:17:37] [main/DEBUG] (FabricLoader/Mixin) Preparing fabric-object-builder-v1.client.mixins.json (4)
[13:17:37] [main/DEBUG] (FabricLoader/Mixin) Preparing fabric-transfer-api-v1.mixins.json (15)
[13:17:37] [main/DEBUG] (FabricLoader/Mixin) Preparing fabric-game-rule-api-v1.mixins.json (6)
[13:17:37] [main/DEBUG] (FabricLoader/Mixin) @Mixin target net/minecraft/server/command/GameRuleCommand$1 is public in fabric-game-rule-api-v1.mixins.json:GameRuleCommandVisitorMixin from mod fabric-game-rule-api-v1 and should be specified in value
[13:17:37] [main/DEBUG] (FabricLoader/Mixin) Preparing fabric-game-rule-api-v1.client.mixins.json (3)
[13:17:37] [main/DEBUG] (FabricLoader/Mixin) @Mixin target net/minecraft/client/gui/screen/world/EditGameRulesScreen$RuleListWidget$1 is public in fabric-game-rule-api-v1.client.mixins.json:RuleListWidgetVisitorMixin from mod fabric-game-rule-api-v1 and should be specified in value
[13:17:37] [main/DEBUG] (FabricLoader/Mixin) Preparing fabric-rendering-data-attachment-v1.mixins.json (2)
[13:17:37] [main/DEBUG] (FabricLoader/Mixin) Preparing fabric-rendering-data-attachment-v1.client.mixins.json (1)
[13:17:37] [main/DEBUG] (FabricLoader/Mixin) Preparing viafabricplus.mixins.json (260)
[13:17:37] [main/DEBUG] (FabricLoader/Mixin) @Mixin target net/minecraft/network/ClientConnection$1 is public in viafabricplus.mixins.json:base.connection.MixinClientConnection_1 from mod viafabricplus and should be specified in value
[13:17:37] [main/DEBUG] (FabricLoader/Mixin) @Mixin target net/minecraft/client/gui/screen/multiplayer/ConnectScreen$1 is public in viafabricplus.mixins.json:base.connection.MixinConnectScreen_1 from mod viafabricplus and should be specified in value
[13:17:37] [main/DEBUG] (FabricLoader/Mixin) @Mixin target net/minecraft/client/network/MultiplayerServerListPinger$1 is public in viafabricplus.mixins.json:base.integration.MixinMultiplayerServerListPinger_1 from mod viafabricplus and should be specified in value
[13:17:37] [main/DEBUG] (FabricLoader/Mixin) @Mixin target net/minecraft/client/gui/screen/multiplayer/ConnectScreen$1 is public in viafabricplus.mixins.json:base.integration.bedrock.MixinConnectScreen_1 from mod viafabricplus and should be specified in value
[13:17:37] [main/DEBUG] (FabricLoader/Mixin) @Mixin target net/minecraft/client/gui/screen/multiplayer/ConnectScreen$1 is public in viafabricplus.mixins.json:base.ui.MixinConnectScreen_1 from mod viafabricplus and should be specified in value
[13:17:37] [main/DEBUG] (FabricLoader/Mixin) @Mixin target net/minecraft/screen/BrewingStandScreenHandler$FuelSlot is public in viafabricplus.mixins.json:features.interaction.remove_fuel_slot.MixinBrewingStandScreenHandler_FuelSlot from mod viafabricplus and should be specified in value
[13:17:37] [main/DEBUG] (FabricLoader/Mixin) @Mixin target net/minecraft/item/ItemGroup$EntriesImpl is public in viafabricplus.mixins.json:features.item.filter_creative_tabs.MixinItemGroup_EntriesImpl from mod viafabricplus and should be specified in value
[13:17:38] [main/DEBUG] (FabricLoader/Mixin) @Mixin target net/minecraft/client/gui/screen/multiplayer/ConnectScreen$1 is public in viafabricplus.mixins.json:features.networking.legacy_chat_signature.MixinConnectScreen_1 from mod viafabricplus and should be specified in value
[13:17:38] [main/DEBUG] (FabricLoader/Mixin) @Mixin target net/minecraft/client/resource/server/ServerResourcePackLoader$4 is public in viafabricplus.mixins.json:features.networking.resource_pack_header.MixinServerResourcePackLoader_4 from mod viafabricplus and should be specified in value
[13:17:38] [main/DEBUG] (FabricLoader/Mixin) @Mixin target net/minecraft/client/gui/screen/multiplayer/ConnectScreen$1 is public in viafabricplus.mixins.json:features.networking.srv_resolving.MixinConnectScreen_1 from mod viafabricplus and should be specified in value
[13:17:38] [main/DEBUG] (FabricLoader/Mixin) @Mixin target net/minecraft/client/gui/screen/ingame/StructureBlockScreen$1 is public in viafabricplus.mixins.json:features.remove_newer_screen_features.MixinStructureBlockScreen_1 from mod viafabricplus and should be specified in value
[13:17:38] [main/DEBUG] (FabricLoader/Mixin) Preparing fabric-networking-api-v1.mixins.json (18)
[13:17:38] [main/DEBUG] (FabricLoader/Mixin) @Mixin target net/minecraft/network/packet/CustomPayload$1 is public in fabric-networking-api-v1.mixins.json:CustomPayloadPacketCodecMixin from mod fabric-networking-api-v1 and should be specified in value
[13:17:38] [main/DEBUG] (FabricLoader/Mixin) @Mixin target net/minecraft/server/world/ServerChunkLoadingManager$EntityTracker is public in fabric-networking-api-v1.mixins.json:accessor.EntityTrackerAccessor from mod fabric-networking-api-v1 and should be specified in value
[13:17:38] [main/DEBUG] (FabricLoader/Mixin) Preparing fabric-networking-api-v1.client.mixins.json (9)
[13:17:38] [main/DEBUG] (FabricLoader/Mixin) Preparing fabric-screen-handler-api-v1.mixins.json (2)
[13:17:38] [main/DEBUG] (FabricLoader/Mixin) Preparing fabric-gametest-api-v1.mixins.json (8)
[13:17:38] [main/DEBUG] (FabricLoader/Mixin) Preparing fabric-loot-api-v2.mixins.json (2)
[13:17:38] [main/DEBUG] (FabricLoader/Mixin) Preparing fabric-rendering-fluids-v1.mixins.json (1)
[13:17:38] [main/DEBUG] (FabricLoader/Mixin) Preparing mixinextras.init.mixins.json (0)
[13:17:38] [main/DEBUG] (FabricLoader/Mixin) Preparing fabric-lifecycle-events-v1.mixins.json (10)
[13:17:38] [main/DEBUG] (FabricLoader/Mixin) @Mixin target net/minecraft/server/world/ServerWorld$ServerEntityHandler is public in fabric-lifecycle-events-v1.mixins.json:ServerWorldServerEntityHandlerMixin from mod fabric-lifecycle-events-v1 and should be specified in value
[13:17:38] [main/DEBUG] (FabricLoader/Mixin) Preparing fabric-lifecycle-events-v1.client.mixins.json (7)
[13:17:38] [main/DEBUG] (FabricLoader/Mixin) @Mixin target net/minecraft/client/world/ClientWorld$ClientEntityHandler is public in fabric-lifecycle-events-v1.client.mixins.json:ClientWorldClientEntityHandlerMixin from mod fabric-lifecycle-events-v1 and should be specified in value
[13:17:38] [main/DEBUG] (FabricLoader/Mixin) Preparing fabric-registry-sync-v0.mixins.json (16)
[13:17:38] [main/DEBUG] (FabricLoader/Mixin) Preparing fabric-registry-sync-v0.client.mixins.json (5)
[13:17:38] [main/DEBUG] (FabricLoader/Mixin) @Mixin target net/minecraft/client/network/ClientRegistries$DynamicRegistries is public in fabric-registry-sync-v0.client.mixins.json:ClientRegistriesDynamicRegistriesAccessor from mod fabric-registry-sync-v0 and should be specified in value
[13:17:38] [main/DEBUG] (FabricLoader/Mixin) Preparing fabric-resource-conditions-api-v1.mixins.json (8)
[13:17:38] [main/DEBUG] (FabricLoader/Mixin) Preparing fabric-particles-v1.client.mixins.json (4)
[13:17:38] [main/DEBUG] (FabricLoader/Mixin) Preparing fabric-message-api-v1.mixins.json (2)
[13:17:38] [main/DEBUG] (FabricLoader/Mixin) Preparing fabric-message-api-v1.client.mixins.json (2)
[13:17:38] [main/DEBUG] (FabricLoader/Mixin) Preparing luxury.mixins.json (13)
[13:17:38] [main/DEBUG] (FabricLoader/Mixin) Preparing fabric-tag-api-v1.mixins.json (5)
[13:17:38] [main/DEBUG] (FabricLoader/Mixin) @Mixin target net/minecraft/registry/SimpleRegistry$2 is public in fabric-tag-api-v1.mixins.json:SimpleRegistry2Mixin from mod fabric-tag-api-v1 and should be specified in value
[13:17:38] [main/DEBUG] (FabricLoader/Mixin) @Mixin target net/minecraft/registry/SimpleRegistry$3 is public in fabric-tag-api-v1.mixins.json:SimpleRegistry3Mixin from mod fabric-tag-api-v1 and should be specified in value
[13:17:38] [main/DEBUG] (FabricLoader/Mixin) @Mixin target net/minecraft/registry/SimpleRegistry$TagLookup$2 is public in fabric-tag-api-v1.mixins.json:SimpleRegistryTagLookup2Accessor from mod fabric-tag-api-v1 and should be specified in value
[13:17:38] [main/DEBUG] (FabricLoader/Mixin) Preparing ias.mixins.json (2)
[13:17:38] [main/DEBUG] (FabricLoader/Mixin) Preparing fabric-sound-api-v1.mixins.json (2)
[13:17:38] [main/DEBUG] (FabricLoader/Mixin) Preparing fabric-recipe-api-v1.mixins.json (5)
[13:17:38] [main/DEBUG] (FabricLoader/Mixin) Preparing fabric-blockrenderlayer-v1.mixins.json (1)
[13:17:38] [main/DEBUG] (FabricLoader/Mixin) Preparing fabric-model-loading-api-v1.mixins.json (8)
[13:17:38] [main/DEBUG] (FabricLoader/Mixin) Preparing fabric-client-gametest-api-v1.mixins.json (26)
[13:17:38] [main/DEBUG] (FabricLoader/Mixin) Preparing fabric-key-binding-api-v1.mixins.json (2)
[13:17:38] [main/DEBUG] (FabricLoader/Mixin) Preparing fabric-dimensions-v1.mixins.json (4)
[13:17:38] [main/DEBUG] (FabricLoader/Mixin) Preparing fabric-item-api-v1.mixins.json (16)
[13:17:38] [main/DEBUG] (FabricLoader/Mixin) Preparing fabric-item-api-v1.client.mixins.json (3)
[13:17:38] [main/DEBUG] (FabricLoader/Mixin) Preparing fabric-command-api-v2.mixins.json (5)
[13:17:38] [main/DEBUG] (FabricLoader/Mixin) Preparing fabric-command-api-v2.client.mixins.json (2)
[13:17:38] [main/DEBUG] (FabricLoader/Mixin) Preparing fabric-events-interaction-v0.mixins.json (5)
[13:17:38] [main/DEBUG] (FabricLoader/Mixin) @Mixin target net/minecraft/server/network/ServerPlayNetworkHandler$1 is public in fabric-events-interaction-v0.mixins.json:ServerPlayNetworkHandlerInteractEntityHandlerMixin from mod fabric-events-interaction-v0 and should be specified in value
[13:17:38] [main/DEBUG] (FabricLoader/Mixin) Preparing fabric-events-interaction-v0.client.mixins.json (3)
[13:17:38] [main/DEBUG] (FabricLoader/Mixin) Preparing fabric-block-api-v1.mixins.json (4)
[13:17:38] [main/DEBUG] (FabricLoader/Mixin) @Mixin target net/minecraft/world/chunk/ChunkSection$BlockStateCounter is public in fabric-block-api-v1.mixins.json:ChunkSectionBlockStateCounterMixin from mod fabric-block-api-v1 and should be specified in value
[13:17:38] [main/DEBUG] (FabricLoader/Mixin) Preparing fabric-item-group-api-v1.mixins.json (3)
[13:17:38] [main/DEBUG] (FabricLoader/Mixin) Preparing fabric-item-group-api-v1.client.mixins.json (1)
[13:17:38] [main/DEBUG] (FabricLoader/Mixin) Preparing fabric-renderer-indigo.mixins.json (5)
[13:17:38] [main/DEBUG] (FabricLoader/Mixin) Preparing fabric-biome-api-v1.mixins.json (9)
[13:17:38] [main/DEBUG] (FabricLoader/Mixin) @Mixin target net/minecraft/world/biome/source/MultiNoiseBiomeSourceParameterList$Preset$1 is public in fabric-biome-api-v1.mixins.json:NetherBiomePresetMixin from mod fabric-biome-api-v1 and should be specified in value
[13:17:38] [main/DEBUG] (FabricLoader/Mixin) Preparing fabric-screen-api-v1.mixins.json (7)
[13:17:38] [main/DEBUG] (FabricLoader/Mixin) Preparing fabric-crash-report-info-v1.mixins.json (2)
[13:17:38] [main/DEBUG] (FabricLoader/Mixin) Preparing fabric-data-generation-api-v1.mixins.json (10)
[13:17:38] [main/DEBUG] (FabricLoader/Mixin) @Mixin target net/minecraft/data/DataCache$CachedData is public in fabric-data-generation-api-v1.mixins.json:DataCacheCachedDataMixin from mod fabric-data-generation-api-v1 and should be specified in value
[13:17:38] [main/DEBUG] (FabricLoader/Mixin) Preparing fabric-data-generation-api-v1.client.mixins.json (4)
[13:17:38] [main/DEBUG] (FabricLoader/Mixin) Preparing fabric-renderer-api-v1.mixins.json (5)
[13:17:38] [main/DEBUG] (FabricLoader/Mixin) Preparing fabric-renderer-api-v1.debughud.mixins.json (1)
[13:17:38] [main/DEBUG] (FabricLoader/Mixin) Preparing fabric-entity-events-v1.mixins.json (7)
[13:17:38] [main/DEBUG] (FabricLoader/Mixin) Preparing fabric-api-lookup-api-v1.mixins.json (2)
[13:17:38] [main/DEBUG] (FabricLoader/Mixin) Preparing fabric-convention-tags-api-v2.mixins.json (1)
[13:17:38] [main/DEBUG] (FabricLoader/Mixin) Preparing viafabricplus-visuals.mixins.json (24)
[13:17:38] [main/DEBUG] (FabricLoader/Mixin) Preparing fabric-content-registries-v0.mixins.json (17)
[13:17:38] [main/DEBUG] (FabricLoader/Mixin) Preparing mixins.modmenu.json (3)
[13:17:38] [main/DEBUG] (FabricLoader/Mixin) Preparing fabric-block-view-api-v2.mixins.json (3)
[13:17:38] [main/DEBUG] (FabricLoader/Mixin) Preparing fabric-block-view-api-v2.client.mixins.json (2)
[13:17:38] [main/DEBUG] (FabricLoader/Mixin) Preparing fabric-resource-loader-v0.mixins.json (15)
[13:17:38] [main/DEBUG] (FabricLoader/Mixin) Preparing fabric-resource-loader-v0.client.mixins.json (8)
[13:17:38] [main/DEBUG] (FabricLoader/Mixin) @Mixin target net/minecraft/client/option/GameOptions$3 is public in fabric-resource-loader-v0.client.mixins.json:GameOptionsWriteVisitorMixin from mod fabric-resource-loader-v0 and should be specified in value
[13:17:38] [main/DEBUG] (FabricLoader/Mixin) Preparing fabric-rendering-v1.mixins.json (17)
[13:17:38] [main/DEBUG] (FabricLoader/Mixin) Preparing fabric-loot-api-v3.mixins.json (7)
[13:17:38] [main/DEBUG] (FabricLoader/Mixin) Preparing fabric-data-attachment-api-v1.mixins.json (14)
[13:17:38] [main/DEBUG] (FabricLoader/Mixin) Preparing fabric-data-attachment-api-v1.client.mixins.json (1)
[13:17:38] [main/DEBUG] (FabricLoader/Mixin) Inner class net/fabricmc/fabric/mixin/transfer/ChiseledBookshelfBlockEntityMixin$1 in net/fabricmc/fabric/mixin/transfer/ChiseledBookshelfBlockEntityMixin on net/minecraft/block/entity/ChiseledBookshelfBlockEntity gets unique name net/minecraft/block/entity/ChiseledBookshelfBlockEntity$Anonymous$e989161f9339493db5943da2c8cba268
[13:17:38] [main/DEBUG] (FabricLoader/Mixin) Inner class com/viaversion/viafabricplus/injection/mixin/features/classic/cpe_extension/MixinProtocolc0_30cpeToc0_28_30$1 in com/viaversion/viafabricplus/injection/mixin/features/classic/cpe_extension/MixinProtocolc0_30cpeToc0_28_30 on net/raphimc/vialegacy/protocol/classic/c0_30cpetoc0_28_30/Protocolc0_30cpeToc0_28_30 gets unique name net/raphimc/vialegacy/protocol/classic/c0_30cpetoc0_28_30/Protocolc0_30cpeToc0_28_30$Anonymous$883ce3f812954a548e8c496fa8f98e07
[13:17:39] [main/DEBUG] (FabricLoader/Mixin) Inner class net/fabricmc/fabric/mixin/itemgroup/ItemGroupsMixin$1ItemGroupPosition in net/fabricmc/fabric/mixin/itemgroup/ItemGroupsMixin on net/minecraft/item/ItemGroups gets unique name net/minecraft/item/ItemGroups$1ItemGroupPosition$3e29808422ae44d8abe0b64ee7cc883a
[13:17:39] [main/DEBUG] (FabricLoader/Mixin) Prepared 635 mixins in 2,501 sec (3,9ms avg) (0ms load, 0ms transform, 0ms plugin)
[13:17:39] [main/INFO] (FabricLoader/MixinExtras|Service) Initializing MixinExtras via com.llamalad7.mixinextras.service.MixinExtrasServiceImpl(version=0.4.1).
[13:17:39] [main/DEBUG] (FabricLoader/Mixin) Registering new injector for @SugarWrapper with com.llamalad7.mixinextras.sugar.impl.SugarWrapperInjectionInfo
[13:17:39] [main/DEBUG] (FabricLoader/Mixin) Registering new injector for @FactoryRedirectWrapper with com.llamalad7.mixinextras.wrapper.factory.FactoryRedirectWrapperInjectionInfo
[13:17:39] [main/DEBUG] (FabricLoader/Mixin) Mixing base.MixinMain from viafabricplus.mixins.json into net.minecraft.client.main.Main
[13:17:39] [main/DEBUG] (FabricLoader/Mixin) viafabricplus.mixins.json:base.MixinMain from mod viafabricplus->@Inject::bootstrap(Lorg/spongepowered/asm/mixin/injection/callback/CallbackInfo;)V doesn't use it's CallbackInfo
[13:17:39] [main/DEBUG] (io.netty.util.internal.logging.InternalLoggerFactory) Using SLF4J as the default logging framework
[13:17:39] [main/DEBUG] (io.netty.util.ResourceLeakDetector) -Dio.netty.leakDetection.level: simple
[13:17:39] [main/DEBUG] (io.netty.util.ResourceLeakDetector) -Dio.netty.leakDetection.targetRecords: 4
[13:17:40] [main/DEBUG] (FabricLoader/Mixin) Mixing TaggedChoiceMixin from fabric-dimensions-v1.mixins.json into com.mojang.datafixers.types.templates.TaggedChoice
[13:17:40] [main/DEBUG] (FabricLoader/Mixin) fabric-dimensions-v1.mixins.json:TaggedChoiceMixin from mod fabric-dimensions-v1->@Inject::onApply(Lcom/mojang/datafixers/util/Pair;Lorg/spongepowered/asm/mixin/injection/callback/CallbackInfoReturnable;)V does use it's CallbackInfoReturnable
[13:17:40] [main/DEBUG] (FabricLoader/Mixin) Mixing TaggedChoiceTypeMixin from fabric-dimensions-v1.mixins.json into com.mojang.datafixers.types.templates.TaggedChoice$TaggedChoiceType
[13:17:40] [main/DEBUG] (FabricLoader/Mixin) fabric-dimensions-v1.mixins.json:TaggedChoiceTypeMixin from mod fabric-dimensions-v1->@Inject::onGetCodec(Ljava/lang/Object;Lorg/spongepowered/asm/mixin/injection/callback/CallbackInfoReturnable;)V does use it's CallbackInfoReturnable
[13:17:40] [main/DEBUG] (FabricLoader/Mixin) Mixing Schema2832Mixin from fabric-dimensions-v1.mixins.json into net.minecraft.datafixer.schema.Schema2832
[13:17:41] [main/DEBUG] (FabricLoader/Mixin) Mixing SystemDetailsMixin from fabric-crash-report-info-v1.mixins.json into net.minecraft.util.SystemDetails
[13:17:41] [main/DEBUG] (FabricLoader/Mixin) Renaming synthetic method lambda$appendMods$1(Lnet/fabricmc/loader/api/ModContainer;)Ljava/lang/String; to mdd4350b$fabric-crash-report-info-v1$lambda$appendMods$1$0 in fabric-crash-report-info-v1.mixins.json:SystemDetailsMixin from mod fabric-crash-report-info-v1
[13:17:41] [main/DEBUG] (FabricLoader/Mixin) Renaming synthetic method lambda$fillSystemDetails$0()Ljava/lang/String; to mdd4350b$fabric-crash-report-info-v1$lambda$fillSystemDetails$0$1 in fabric-crash-report-info-v1.mixins.json:SystemDetailsMixin from mod fabric-crash-report-info-v1
[13:17:41] [main/DEBUG] (FabricLoader/Mixin) fabric-crash-report-info-v1.mixins.json:SystemDetailsMixin from mod fabric-crash-report-info-v1->@Inject::fillSystemDetails(Lorg/spongepowered/asm/mixin/injection/callback/CallbackInfo;)V doesn't use it's CallbackInfo
[13:17:41] [main/DEBUG] (FabricLoader/Mixin) fabric-crash-report-info-v1.mixins.json:SystemDetailsMixin from mod fabric-crash-report-info-v1->@Inject::fillSystemDetails(Lorg/spongepowered/asm/mixin/injection/callback/CallbackInfo;)V has 0 override(s) in child classes
[13:17:41] [main/DEBUG] (FabricLoader/Mixin) fabric-crash-report-info-v1.mixins.json:SystemDetailsMixin from mod fabric-crash-report-info-v1->@Inject::fillSystemDetails(Lorg/spongepowered/asm/mixin/injection/callback/CallbackInfo;)V won't be passed a CallbackInfo as a result
[13:17:41] [main/DEBUG] (oshi.util.FileUtil) Reading file /proc/self/auxv
[13:17:41] [main/DEBUG] (oshi.util.FileUtil) Reading file /proc/self/auxv
[13:17:41] [main/DEBUG] (oshi.util.FileUtil) Reading file /proc/stat
[13:17:41] [main/DEBUG] (oshi.util.FileUtil) Reading file /sys/devices/system/cpu/cpu0/topology/core_id
[13:17:41] [main/DEBUG] (oshi.util.FileUtil) Reading file /sys/devices/system/cpu/cpu0/topology/core_id
[13:17:41] [main/DEBUG] (oshi.util.FileUtil) Reading file /sys/devices/system/cpu/cpu0/topology/physical_package_id
[13:17:41] [main/DEBUG] (oshi.util.FileUtil) Reading file /sys/devices/system/cpu/cpu0/topology/physical_package_id
[13:17:41] [main/DEBUG] (oshi.util.FileUtil) Reading file /sys/devices/system/cpu/cpu0/cpu_capacity
[13:17:41] [main/DEBUG] (oshi.util.FileUtil) Reading file /sys/devices/system/cpu/cpu0/cpu_capacity
[13:17:41] [main/DEBUG] (oshi.util.FileUtil) Reading file /sys/devices/system/cpu/cpu0/cache/index2/level
[13:17:41] [main/DEBUG] (oshi.util.FileUtil) Reading file /sys/devices/system/cpu/cpu0/cache/index2/level
[13:17:41] [main/DEBUG] (oshi.util.FileUtil) Reading file /sys/devices/system/cpu/cpu0/cache/index2/type
[13:17:41] [main/DEBUG] (oshi.util.FileUtil) Reading file /sys/devices/system/cpu/cpu0/cache/index2/type
[13:17:41] [main/DEBUG] (oshi.util.FileUtil) Reading file /sys/devices/system/cpu/cpu0/cache/index2/ways_of_associativity
[13:17:41] [main/DEBUG] (oshi.util.FileUtil) Reading file /sys/devices/system/cpu/cpu0/cache/index2/ways_of_associativity
[13:17:41] [main/DEBUG] (oshi.util.FileUtil) Reading file /sys/devices/system/cpu/cpu0/cache/index2/coherency_line_size
[13:17:41] [main/DEBUG] (oshi.util.FileUtil) Reading file /sys/devices/system/cpu/cpu0/cache/index2/coherency_line_size
[13:17:41] [main/DEBUG] (oshi.util.FileUtil) Reading file /sys/devices/system/cpu/cpu0/cache/index2/size
[13:17:41] [main/DEBUG] (oshi.util.FileUtil) Reading file /sys/devices/system/cpu/cpu0/cache/index2/size
[13:17:41] [main/DEBUG] (oshi.util.FileUtil) Reading file /sys/devices/system/cpu/cpu0/cache/index0/level
[13:17:41] [main/DEBUG] (oshi.util.FileUtil) Reading file /sys/devices/system/cpu/cpu0/cache/index0/level
[13:17:41] [main/DEBUG] (oshi.util.FileUtil) Reading file /sys/devices/system/cpu/cpu0/cache/index0/type
[13:17:41] [main/DEBUG] (oshi.util.FileUtil) Reading file /sys/devices/system/cpu/cpu0/cache/index0/type
[13:17:41] [main/DEBUG] (oshi.util.FileUtil) Reading file /sys/devices/system/cpu/cpu0/cache/index0/ways_of_associativity
[13:17:41] [main/DEBUG] (oshi.util.FileUtil) Reading file /sys/devices/system/cpu/cpu0/cache/index0/ways_of_associativity
[13:17:41] [main/DEBUG] (oshi.util.FileUtil) Reading file /sys/devices/system/cpu/cpu0/cache/index0/coherency_line_size
[13:17:41] [main/DEBUG] (oshi.util.FileUtil) Reading file /sys/devices/system/cpu/cpu0/cache/index0/coherency_line_size
[13:17:41] [main/DEBUG] (oshi.util.FileUtil) Reading file /sys/devices/system/cpu/cpu0/cache/index0/size
[13:17:41] [main/DEBUG] (oshi.util.FileUtil) Reading file /sys/devices/system/cpu/cpu0/cache/index0/size
[13:17:42] [main/DEBUG] (oshi.util.FileUtil) Reading file /sys/devices/system/cpu/cpu0/cache/index3/level
[13:17:42] [main/DEBUG] (oshi.util.FileUtil) Reading file /sys/devices/system/cpu/cpu0/cache/index3/level
[13:17:42] [main/DEBUG] (oshi.util.FileUtil) Reading file /sys/devices/system/cpu/cpu0/cache/index3/type
[13:17:42] [main/DEBUG] (oshi.util.FileUtil) Reading file /sys/devices/system/cpu/cpu0/cache/index3/type
[13:17:42] [main/DEBUG] (oshi.util.FileUtil) Reading file /sys/devices/system/cpu/cpu0/cache/index3/ways_of_associativity
[13:17:42] [main/DEBUG] (oshi.util.FileUtil) Reading file /sys/devices/system/cpu/cpu0/cache/index3/ways_of_associativity
[13:17:42] [main/DEBUG] (oshi.util.FileUtil) Reading file /sys/devices/system/cpu/cpu0/cache/index3/coherency_line_size
[13:17:42] [main/DEBUG] (oshi.util.FileUtil) Reading file /sys/devices/system/cpu/cpu0/cache/index3/coherency_line_size
[13:17:42] [main/DEBUG] (oshi.util.FileUtil) Reading file /sys/devices/system/cpu/cpu0/cache/index3/size
[13:17:42] [main/DEBUG] (oshi.util.FileUtil) Reading file /sys/devices/system/cpu/cpu0/cache/index3/size
[13:17:42] [main/DEBUG] (oshi.util.FileUtil) Reading file /sys/devices/system/cpu/cpu0/cache/index1/level
[13:17:42] [main/DEBUG] (oshi.util.FileUtil) Reading file /sys/devices/system/cpu/cpu0/cache/index1/level
[13:17:42] [main/DEBUG] (oshi.util.FileUtil) Reading file /sys/devices/system/cpu/cpu0/cache/index1/type
[13:17:42] [main/DEBUG] (oshi.util.FileUtil) Reading file /sys/devices/system/cpu/cpu0/cache/index1/type
[13:17:42] [main/DEBUG] (oshi.util.FileUtil) Reading file /sys/devices/system/cpu/cpu0/cache/index1/ways_of_associativity
[13:17:42] [main/DEBUG] (oshi.util.FileUtil) Reading file /sys/devices/system/cpu/cpu0/cache/index1/ways_of_associativity
[13:17:42] [main/DEBUG] (oshi.util.FileUtil) Reading file /sys/devices/system/cpu/cpu0/cache/index1/coherency_line_size
[13:17:42] [main/DEBUG] (oshi.util.FileUtil) Reading file /sys/devices/system/cpu/cpu0/cache/index1/coherency_line_size
[13:17:42] [main/DEBUG] (oshi.util.FileUtil) Reading file /sys/devices/system/cpu/cpu0/cache/index1/size
[13:17:42] [main/DEBUG] (oshi.util.FileUtil) Reading file /sys/devices/system/cpu/cpu0/cache/index1/size
[13:17:42] [main/DEBUG] (oshi.util.FileUtil) Reading file /sys/devices/system/cpu/cpu1/topology/core_id
[13:17:42] [main/DEBUG] (oshi.util.FileUtil) Reading file /sys/devices/system/cpu/cpu1/topology/core_id
[13:17:42] [main/DEBUG] (oshi.util.FileUtil) Reading file /sys/devices/system/cpu/cpu1/topology/physical_package_id
[13:17:42] [main/DEBUG] (oshi.util.FileUtil) Reading file /sys/devices/system/cpu/cpu1/topology/physical_package_id
[13:17:42] [main/DEBUG] (oshi.util.FileUtil) Reading file /sys/devices/system/cpu/cpu1/cpu_capacity
[13:17:42] [main/DEBUG] (oshi.util.FileUtil) Reading file /sys/devices/system/cpu/cpu1/cpu_capacity
[13:17:42] [main/DEBUG] (oshi.util.FileUtil) Reading file /sys/devices/system/cpu/cpu1/cache/index2/level
[13:17:42] [main/DEBUG] (oshi.util.FileUtil) Reading file /sys/devices/system/cpu/cpu1/cache/index2/level
[13:17:42] [main/DEBUG] (oshi.util.FileUtil) Reading file /sys/devices/system/cpu/cpu1/cache/index2/type
[13:17:42] [main/DEBUG] (oshi.util.FileUtil) Reading file /sys/devices/system/cpu/cpu1/cache/index2/type
[13:17:42] [main/DEBUG] (oshi.util.FileUtil) Reading file /sys/devices/system/cpu/cpu1/cache/index2/ways_of_associativity
[13:17:42] [main/DEBUG] (oshi.util.FileUtil) Reading file /sys/devices/system/cpu/cpu1/cache/index2/ways_of_associativity
[13:17:42] [main/DEBUG] (oshi.util.FileUtil) Reading file /sys/devices/system/cpu/cpu1/cache/index2/coherency_line_size
[13:17:42] [main/DEBUG] (oshi.util.FileUtil) Reading file /sys/devices/system/cpu/cpu1/cache/index2/coherency_line_size
[13:17:42] [main/DEBUG] (oshi.util.FileUtil) Reading file /sys/devices/system/cpu/cpu1/cache/index2/size
[13:17:42] [main/DEBUG] (oshi.util.FileUtil) Reading file /sys/devices/system/cpu/cpu1/cache/index2/size
[13:17:42] [main/DEBUG] (oshi.util.FileUtil) Reading file /sys/devices/system/cpu/cpu1/cache/index0/level
[13:17:42] [main/DEBUG] (oshi.util.FileUtil) Reading file /sys/devices/system/cpu/cpu1/cache/index0/level
[13:17:42] [main/DEBUG] (oshi.util.FileUtil) Reading file /sys/devices/system/cpu/cpu1/cache/index0/type
[13:17:42] [main/DEBUG] (oshi.util.FileUtil) Reading file /sys/devices/system/cpu/cpu1/cache/index0/type
[13:17:42] [main/DEBUG] (oshi.util.FileUtil) Reading file /sys/devices/system/cpu/cpu1/cache/index0/ways_of_associativity
[13:17:42] [main/DEBUG] (oshi.util.FileUtil) Reading file /sys/devices/system/cpu/cpu1/cache/index0/ways_of_associativity
[13:17:42] [main/DEBUG] (oshi.util.FileUtil) Reading file /sys/devices/system/cpu/cpu1/cache/index0/coherency_line_size
[13:17:42] [main/DEBUG] (oshi.util.FileUtil) Reading file /sys/devices/system/cpu/cpu1/cache/index0/coherency_line_size
[13:17:42] [main/DEBUG] (oshi.util.FileUtil) Reading file /sys/devices/system/cpu/cpu1/cache/index0/size
[13:17:42] [main/DEBUG] (oshi.util.FileUtil) Reading file /sys/devices/system/cpu/cpu1/cache/index0/size
[13:17:42] [main/DEBUG] (oshi.util.FileUtil) Reading file /sys/devices/system/cpu/cpu1/cache/index3/level
[13:17:42] [main/DEBUG] (oshi.util.FileUtil) Reading file /sys/devices/system/cpu/cpu1/cache/index3/level
[13:17:42] [main/DEBUG] (oshi.util.FileUtil) Reading file /sys/devices/system/cpu/cpu1/cache/index3/type
[13:17:42] [main/DEBUG] (oshi.util.FileUtil) Reading file /sys/devices/system/cpu/cpu1/cache/index3/type
[13:17:42] [main/DEBUG] (oshi.util.FileUtil) Reading file /sys/devices/system/cpu/cpu1/cache/index3/ways_of_associativity
[13:17:42] [main/DEBUG] (oshi.util.FileUtil) Reading file /sys/devices/system/cpu/cpu1/cache/index3/ways_of_associativity
[13:17:42] [main/DEBUG] (oshi.util.FileUtil) Reading file /sys/devices/system/cpu/cpu1/cache/index3/coherency_line_size
[13:17:42] [main/DEBUG] (oshi.util.FileUtil) Reading file /sys/devices/system/cpu/cpu1/cache/index3/coherency_line_size
[13:17:42] [main/DEBUG] (oshi.util.FileUtil) Reading file /sys/devices/system/cpu/cpu1/cache/index3/size
[13:17:42] [main/DEBUG] (oshi.util.FileUtil) Reading file /sys/devices/system/cpu/cpu1/cache/index3/size
[13:17:42] [main/DEBUG] (oshi.util.FileUtil) Reading file /sys/devices/system/cpu/cpu1/cache/index1/level
[13:17:42] [main/DEBUG] (oshi.util.FileUtil) Reading file /sys/devices/system/cpu/cpu1/cache/index1/level
[13:17:42] [main/DEBUG] (oshi.util.FileUtil) Reading file /sys/devices/system/cpu/cpu1/cache/index1/type
[13:17:42] [main/DEBUG] (oshi.util.FileUtil) Reading file /sys/devices/system/cpu/cpu1/cache/index1/type
[13:17:42] [main/DEBUG] (oshi.util.FileUtil) Reading file /sys/devices/system/cpu/cpu1/cache/index1/ways_of_associativity
[13:17:42] [main/DEBUG] (oshi.util.FileUtil) Reading file /sys/devices/system/cpu/cpu1/cache/index1/ways_of_associativity
[13:17:42] [main/DEBUG] (oshi.util.FileUtil) Reading file /sys/devices/system/cpu/cpu1/cache/index1/coherency_line_size
[13:17:42] [main/DEBUG] (oshi.util.FileUtil) Reading file /sys/devices/system/cpu/cpu1/cache/index1/coherency_line_size
[13:17:42] [main/DEBUG] (oshi.util.FileUtil) Reading file /sys/devices/system/cpu/cpu1/cache/index1/size
[13:17:42] [main/DEBUG] (oshi.util.FileUtil) Reading file /sys/devices/system/cpu/cpu1/cache/index1/size
[13:17:42] [main/DEBUG] (oshi.util.FileUtil) Reading file /sys/devices/system/cpu/cpu2/topology/core_id
[13:17:42] [main/DEBUG] (oshi.util.FileUtil) Reading file /sys/devices/system/cpu/cpu2/topology/core_id
[13:17:42] [main/DEBUG] (oshi.util.FileUtil) Reading file /sys/devices/system/cpu/cpu2/topology/physical_package_id
[13:17:42] [main/DEBUG] (oshi.util.FileUtil) Reading file /sys/devices/system/cpu/cpu2/topology/physical_package_id
[13:17:42] [main/DEBUG] (oshi.util.FileUtil) Reading file /sys/devices/system/cpu/cpu2/cpu_capacity
[13:17:42] [main/DEBUG] (oshi.util.FileUtil) Reading file /sys/devices/system/cpu/cpu2/cpu_capacity
[13:17:42] [main/DEBUG] (oshi.util.FileUtil) Reading file /sys/devices/system/cpu/cpu2/cache/index2/level
[13:17:42] [main/DEBUG] (oshi.util.FileUtil) Reading file /sys/devices/system/cpu/cpu2/cache/index2/level
[13:17:42] [main/DEBUG] (oshi.util.FileUtil) Reading file /sys/devices/system/cpu/cpu2/cache/index2/type
[13:17:42] [main/DEBUG] (oshi.util.FileUtil) Reading file /sys/devices/system/cpu/cpu2/cache/index2/type
[13:17:42] [main/DEBUG] (oshi.util.FileUtil) Reading file /sys/devices/system/cpu/cpu2/cache/index2/ways_of_associativity
[13:17:42] [main/DEBUG] (oshi.util.FileUtil) Reading file /sys/devices/system/cpu/cpu2/cache/index2/ways_of_associativity
[13:17:42] [main/DEBUG] (oshi.util.FileUtil) Reading file /sys/devices/system/cpu/cpu2/cache/index2/coherency_line_size
[13:17:42] [main/DEBUG] (oshi.util.FileUtil) Reading file /sys/devices/system/cpu/cpu2/cache/index2/coherency_line_size
[13:17:42] [main/DEBUG] (oshi.util.FileUtil) Reading file /sys/devices/system/cpu/cpu2/cache/index2/size
[13:17:42] [main/DEBUG] (oshi.util.FileUtil) Reading file /sys/devices/system/cpu/cpu2/cache/index2/size
[13:17:42] [main/DEBUG] (oshi.util.FileUtil) Reading file /sys/devices/system/cpu/cpu2/cache/index0/level
[13:17:42] [main/DEBUG] (oshi.util.FileUtil) Reading file /sys/devices/system/cpu/cpu2/cache/index0/level
[13:17:42] [main/DEBUG] (oshi.util.FileUtil) Reading file /sys/devices/system/cpu/cpu2/cache/index0/type
[13:17:42] [main/DEBUG] (oshi.util.FileUtil) Reading file /sys/devices/system/cpu/cpu2/cache/index0/type
[13:17:42] [main/DEBUG] (oshi.util.FileUtil) Reading file /sys/devices/system/cpu/cpu2/cache/index0/ways_of_associativity
[13:17:42] [main/DEBUG] (oshi.util.FileUtil) Reading file /sys/devices/system/cpu/cpu2/cache/index0/ways_of_associativity
[13:17:42] [main/DEBUG] (oshi.util.FileUtil) Reading file /sys/devices/system/cpu/cpu2/cache/index0/coherency_line_size
[13:17:42] [main/DEBUG] (oshi.util.FileUtil) Reading file /sys/devices/system/cpu/cpu2/cache/index0/coherency_line_size
[13:17:42] [main/DEBUG] (oshi.util.FileUtil) Reading file /sys/devices/system/cpu/cpu2/cache/index0/size
[13:17:42] [main/DEBUG] (oshi.util.FileUtil) Reading file /sys/devices/system/cpu/cpu2/cache/index0/size
[13:17:42] [main/DEBUG] (oshi.util.FileUtil) Reading file /sys/devices/system/cpu/cpu2/cache/index3/level
[13:17:42] [main/DEBUG] (oshi.util.FileUtil) Reading file /sys/devices/system/cpu/cpu2/cache/index3/level
[13:17:42] [main/DEBUG] (oshi.util.FileUtil) Reading file /sys/devices/system/cpu/cpu2/cache/index3/type
[13:17:42] [main/DEBUG] (oshi.util.FileUtil) Reading file /sys/devices/system/cpu/cpu2/cache/index3/type
[13:17:42] [main/DEBUG] (oshi.util.FileUtil) Reading file /sys/devices/system/cpu/cpu2/cache/index3/ways_of_associativity
[13:17:42] [main/DEBUG] (oshi.util.FileUtil) Reading file /sys/devices/system/cpu/cpu2/cache/index3/ways_of_associativity
[13:17:42] [main/DEBUG] (oshi.util.FileUtil) Reading file /sys/devices/system/cpu/cpu2/cache/index3/coherency_line_size
[13:17:42] [main/DEBUG] (oshi.util.FileUtil) Reading file /sys/devices/system/cpu/cpu2/cache/index3/coherency_line_size
[13:17:42] [main/DEBUG] (oshi.util.FileUtil) Reading file /sys/devices/system/cpu/cpu2/cache/index3/size
[13:17:42] [main/DEBUG] (oshi.util.FileUtil) Reading file /sys/devices/system/cpu/cpu2/cache/index3/size
[13:17:42] [main/DEBUG] (oshi.util.FileUtil) Reading file /sys/devices/system/cpu/cpu2/cache/index1/level
[13:17:42] [main/DEBUG] (oshi.util.FileUtil) Reading file /sys/devices/system/cpu/cpu2/cache/index1/level
[13:17:42] [main/DEBUG] (oshi.util.FileUtil) Reading file /sys/devices/system/cpu/cpu2/cache/index1/type
[13:17:42] [main/DEBUG] (oshi.util.FileUtil) Reading file /sys/devices/system/cpu/cpu2/cache/index1/type
[13:17:42] [main/DEBUG] (oshi.util.FileUtil) Reading file /sys/devices/system/cpu/cpu2/cache/index1/ways_of_associativity
[13:17:42] [main/DEBUG] (oshi.util.FileUtil) Reading file /sys/devices/system/cpu/cpu2/cache/index1/ways_of_associativity
[13:17:42] [main/DEBUG] (oshi.util.FileUtil) Reading file /sys/devices/system/cpu/cpu2/cache/index1/coherency_line_size
[13:17:42] [main/DEBUG] (oshi.util.FileUtil) Reading file /sys/devices/system/cpu/cpu2/cache/index1/coherency_line_size
[13:17:42] [main/DEBUG] (oshi.util.FileUtil) Reading file /sys/devices/system/cpu/cpu2/cache/index1/size
[13:17:42] [main/DEBUG] (oshi.util.FileUtil) Reading file /sys/devices/system/cpu/cpu2/cache/index1/size
[13:17:42] [main/DEBUG] (oshi.util.FileUtil) Reading file /sys/devices/system/cpu/cpu3/topology/core_id
[13:17:42] [main/DEBUG] (oshi.util.FileUtil) Reading file /sys/devices/system/cpu/cpu3/topology/core_id
[13:17:42] [main/DEBUG] (oshi.util.FileUtil) Reading file /sys/devices/system/cpu/cpu3/topology/physical_package_id
[13:17:42] [main/DEBUG] (oshi.util.FileUtil) Reading file /sys/devices/system/cpu/cpu3/topology/physical_package_id
[13:17:42] [main/DEBUG] (oshi.util.FileUtil) Reading file /sys/devices/system/cpu/cpu3/cpu_capacity
[13:17:42] [main/DEBUG] (oshi.util.FileUtil) Reading file /sys/devices/system/cpu/cpu3/cpu_capacity
[13:17:42] [main/DEBUG] (oshi.util.FileUtil) Reading file /sys/devices/system/cpu/cpu3/cache/index2/level
[13:17:42] [main/DEBUG] (oshi.util.FileUtil) Reading file /sys/devices/system/cpu/cpu3/cache/index2/level
[13:17:42] [main/DEBUG] (oshi.util.FileUtil) Reading file /sys/devices/system/cpu/cpu3/cache/index2/type
[13:17:42] [main/DEBUG] (oshi.util.FileUtil) Reading file /sys/devices/system/cpu/cpu3/cache/index2/type
[13:17:42] [main/DEBUG] (oshi.util.FileUtil) Reading file /sys/devices/system/cpu/cpu3/cache/index2/ways_of_associativity
[13:17:42] [main/DEBUG] (oshi.util.FileUtil) Reading file /sys/devices/system/cpu/cpu3/cache/index2/ways_of_associativity
[13:17:42] [main/DEBUG] (oshi.util.FileUtil) Reading file /sys/devices/system/cpu/cpu3/cache/index2/coherency_line_size
[13:17:42] [main/DEBUG] (oshi.util.FileUtil) Reading file /sys/devices/system/cpu/cpu3/cache/index2/coherency_line_size
[13:17:42] [main/DEBUG] (oshi.util.FileUtil) Reading file /sys/devices/system/cpu/cpu3/cache/index2/size
[13:17:42] [main/DEBUG] (oshi.util.FileUtil) Reading file /sys/devices/system/cpu/cpu3/cache/index2/size
[13:17:42] [main/DEBUG] (oshi.util.FileUtil) Reading file /sys/devices/system/cpu/cpu3/cache/index0/level
[13:17:42] [main/DEBUG] (oshi.util.FileUtil) Reading file /sys/devices/system/cpu/cpu3/cache/index0/level
[13:17:42] [main/DEBUG] (oshi.util.FileUtil) Reading file /sys/devices/system/cpu/cpu3/cache/index0/type
[13:17:42] [main/DEBUG] (oshi.util.FileUtil) Reading file /sys/devices/system/cpu/cpu3/cache/index0/type
[13:17:42] [main/DEBUG] (oshi.util.FileUtil) Reading file /sys/devices/system/cpu/cpu3/cache/index0/ways_of_associativity
[13:17:42] [main/DEBUG] (oshi.util.FileUtil) Reading file /sys/devices/system/cpu/cpu3/cache/index0/ways_of_associativity
[13:17:42] [main/DEBUG] (oshi.util.FileUtil) Reading file /sys/devices/system/cpu/cpu3/cache/index0/coherency_line_size
[13:17:42] [main/DEBUG] (oshi.util.FileUtil) Reading file /sys/devices/system/cpu/cpu3/cache/index0/coherency_line_size
[13:17:42] [main/DEBUG] (oshi.util.FileUtil) Reading file /sys/devices/system/cpu/cpu3/cache/index0/size
[13:17:42] [main/DEBUG] (oshi.util.FileUtil) Reading file /sys/devices/system/cpu/cpu3/cache/index0/size
[13:17:42] [main/DEBUG] (oshi.util.FileUtil) Reading file /sys/devices/system/cpu/cpu3/cache/index3/level
[13:17:42] [main/DEBUG] (oshi.util.FileUtil) Reading file /sys/devices/system/cpu/cpu3/cache/index3/level
[13:17:42] [main/DEBUG] (oshi.util.FileUtil) Reading file /sys/devices/system/cpu/cpu3/cache/index3/type
[13:17:42] [main/DEBUG] (oshi.util.FileUtil) Reading file /sys/devices/system/cpu/cpu3/cache/index3/type
[13:17:42] [main/DEBUG] (oshi.util.FileUtil) Reading file /sys/devices/system/cpu/cpu3/cache/index3/ways_of_associativity
[13:17:42] [main/DEBUG] (oshi.util.FileUtil) Reading file /sys/devices/system/cpu/cpu3/cache/index3/ways_of_associativity
[13:17:42] [main/DEBUG] (oshi.util.FileUtil) Reading file /sys/devices/system/cpu/cpu3/cache/index3/coherency_line_size
[13:17:42] [main/DEBUG] (oshi.util.FileUtil) Reading file /sys/devices/system/cpu/cpu3/cache/index3/coherency_line_size
[13:17:42] [main/DEBUG] (oshi.util.FileUtil) Reading file /sys/devices/system/cpu/cpu3/cache/index3/size
[13:17:42] [main/DEBUG] (oshi.util.FileUtil) Reading file /sys/devices/system/cpu/cpu3/cache/index3/size
[13:17:42] [main/DEBUG] (oshi.util.FileUtil) Reading file /sys/devices/system/cpu/cpu3/cache/index1/level
[13:17:42] [main/DEBUG] (oshi.util.FileUtil) Reading file /sys/devices/system/cpu/cpu3/cache/index1/level
[13:17:42] [main/DEBUG] (oshi.util.FileUtil) Reading file /sys/devices/system/cpu/cpu3/cache/index1/type
[13:17:42] [main/DEBUG] (oshi.util.FileUtil) Reading file /sys/devices/system/cpu/cpu3/cache/index1/type
[13:17:42] [main/DEBUG] (oshi.util.FileUtil) Reading file /sys/devices/system/cpu/cpu3/cache/index1/ways_of_associativity
[13:17:42] [main/DEBUG] (oshi.util.FileUtil) Reading file /sys/devices/system/cpu/cpu3/cache/index1/ways_of_associativity
[13:17:42] [main/DEBUG] (oshi.util.FileUtil) Reading file /sys/devices/system/cpu/cpu3/cache/index1/coherency_line_size
[13:17:42] [main/DEBUG] (oshi.util.FileUtil) Reading file /sys/devices/system/cpu/cpu3/cache/index1/coherency_line_size
[13:17:42] [main/DEBUG] (oshi.util.FileUtil) Reading file /sys/devices/system/cpu/cpu3/cache/index1/size
[13:17:42] [main/DEBUG] (oshi.util.FileUtil) Reading file /sys/devices/system/cpu/cpu3/cache/index1/size
[13:17:42] [main/DEBUG] (oshi.util.FileUtil) Reading file /proc/cpuinfo
[13:17:42] [main/DEBUG] (oshi.util.FileUtil) Reading file /proc/cpuinfo
[13:17:42] [main/DEBUG] (oshi.util.FileUtil) Reading file /proc/self/auxv
[13:17:42] [main/DEBUG] (oshi.util.FileUtil) Reading file /proc/meminfo
[13:17:42] [main/DEBUG] (oshi.util.FileUtil) Reading file /proc/meminfo
[13:17:42] [main/DEBUG] (FabricLoader/Mixin) Mixing BootstrapMixin from fabric-registry-sync-v0.mixins.json into net.minecraft.Bootstrap
[13:17:42] [main/DEBUG] (FabricLoader/Mixin) Renaming synthetic method lambda$initialize$1(Lnet/minecraft/fluid/Fluid;)Ljava/util/Collection; to mdd4350b$fabric-registry-sync-v0$lambda$initialize$1$0 in fabric-registry-sync-v0.mixins.json:BootstrapMixin from mod fabric-registry-sync-v0
[13:17:42] [main/DEBUG] (FabricLoader/Mixin) Renaming synthetic method lambda$initialize$0(Lnet/minecraft/block/Block;)Ljava/util/Collection; to mdd4350b$fabric-registry-sync-v0$lambda$initialize$0$1 in fabric-registry-sync-v0.mixins.json:BootstrapMixin from mod fabric-registry-sync-v0
[13:17:42] [main/DEBUG] (FabricLoader/Mixin) fabric-registry-sync-v0.mixins.json:BootstrapMixin from mod fabric-registry-sync-v0->@Inject::initialize(Lorg/spongepowered/asm/mixin/injection/callback/CallbackInfo;)V doesn't use it's CallbackInfo
[13:17:42] [main/DEBUG] (FabricLoader/Mixin) Mixing RegistryMixin from fabric-registry-sync-v0.mixins.json into net.minecraft.registry.Registry
[13:17:42] [main/DEBUG] (FabricLoader/Mixin) Mixing RegistriesAccessor from fabric-registry-sync-v0.mixins.json into net.minecraft.registry.Registries
[13:17:42] [main/DEBUG] (FabricLoader/Mixin) Renaming @Accessor method getROOT()Lnet/minecraft/registry/MutableRegistry; to getROOT$fabric-registry-sync-v0_$md$d4350b$0 in fabric-registry-sync-v0.mixins.json:RegistriesAccessor from mod fabric-registry-sync-v0
[13:17:42] [main/DEBUG] (FabricLoader/Mixin) Mixing RegistriesMixin from fabric-registry-sync-v0.mixins.json into net.minecraft.registry.Registries
[13:17:42] [main/DEBUG] (FabricLoader/Mixin) Mixing RegistriesMixin from fabric-item-api-v1.mixins.json into net.minecraft.registry.Registries
[13:17:42] [main/DEBUG] (FabricLoader/Mixin) fabric-registry-sync-v0.mixins.json:RegistriesMixin from mod fabric-registry-sync-v0->@Inject::init(Lorg/spongepowered/asm/mixin/injection/callback/CallbackInfo;)V does use it's CallbackInfo
[13:17:42] [main/DEBUG] (FabricLoader/Mixin) fabric-item-api-v1.mixins.json:RegistriesMixin from mod fabric-item-api-v1->@Inject::modifyDefaultItemComponents(Lorg/spongepowered/asm/mixin/injection/callback/CallbackInfo;)V doesn't use it's CallbackInfo
[13:17:42] [main/DEBUG] (FabricLoader/Mixin) Mixing SimpleRegistryAccessor from fabric-registry-sync-v0.mixins.json into net.minecraft.registry.SimpleRegistry
[13:17:42] [main/DEBUG] (FabricLoader/Mixin) Mixing SimpleRegistryMixin from fabric-registry-sync-v0.mixins.json into net.minecraft.registry.SimpleRegistry
[13:17:42] [main/DEBUG] (FabricLoader/Mixin) Renaming synthetic method lambda$init$4([Lnet/fabricmc/fabric/api/event/registry/RegistryIdRemapCallback;)Lnet/fabricmc/fabric/api/event/registry/RegistryIdRemapCallback; to mdd4350b$fabric-registry-sync-v0$lambda$init$4$0 in fabric-registry-sync-v0.mixins.json:SimpleRegistryMixin from mod fabric-registry-sync-v0
[13:17:42] [main/DEBUG] (FabricLoader/Mixin) Renaming synthetic method lambda$init$3([Lnet/fabricmc/fabric/api/event/registry/RegistryIdRemapCallback;Lnet/fabricmc/fabric/api/event/registry/RegistryIdRemapCallback$RemapState;)V to mdd4350b$fabric-registry-sync-v0$lambda$init$3$1 in fabric-registry-sync-v0.mixins.json:SimpleRegistryMixin from mod fabric-registry-sync-v0
[13:17:42] [main/DEBUG] (FabricLoader/Mixin) Renaming synthetic method lambda$init$2(ILnet/minecraft/util/Identifier;Ljava/lang/Object;)V to mdd4350b$fabric-registry-sync-v0$lambda$init$2$2 in fabric-registry-sync-v0.mixins.json:SimpleRegistryMixin from mod fabric-registry-sync-v0
[13:17:42] [main/DEBUG] (FabricLoader/Mixin) Renaming synthetic method lambda$init$1([Lnet/fabricmc/fabric/api/event/registry/RegistryEntryAddedCallback;)Lnet/fabricmc/fabric/api/event/registry/RegistryEntryAddedCallback; to mdd4350b$fabric-registry-sync-v0$lambda$init$1$3 in fabric-registry-sync-v0.mixins.json:SimpleRegistryMixin from mod fabric-registry-sync-v0
[13:17:42] [main/DEBUG] (FabricLoader/Mixin) Renaming synthetic method lambda$init$0([Lnet/fabricmc/fabric/api/event/registry/RegistryEntryAddedCallback;ILnet/minecraft/util/Identifier;Ljava/lang/Object;)V to mdd4350b$fabric-registry-sync-v0$lambda$init$0$4 in fabric-registry-sync-v0.mixins.json:SimpleRegistryMixin from mod fabric-registry-sync-v0
[13:17:42] [Datafixer Bootstrap/INFO] (com.mojang.datafixers.DataFixerBuilder) 243 Datafixer optimizations took 1125 milliseconds
[13:17:42] [main/DEBUG] (FabricLoader/Mixin) Mixing SimpleRegistryMixin from fabric-tag-api-v1.mixins.json into net.minecraft.registry.SimpleRegistry
[13:17:42] [main/DEBUG] (FabricLoader/Mixin) fabric-registry-sync-v0.mixins.json:SimpleRegistryMixin from mod fabric-registry-sync-v0->@Inject::init(Lnet/minecraft/registry/RegistryKey;Lcom/mojang/serialization/Lifecycle;ZLorg/spongepowered/asm/mixin/injection/callback/CallbackInfo;)V doesn't use it's CallbackInfo
[13:17:42] [main/DEBUG] (FabricLoader/Mixin) fabric-registry-sync-v0.mixins.json:SimpleRegistryMixin from mod fabric-registry-sync-v0->@Inject::init(Lnet/minecraft/registry/RegistryKey;Lcom/mojang/serialization/Lifecycle;ZLorg/spongepowered/asm/mixin/injection/callback/CallbackInfo;)V has 0 override(s) in child classes
[13:17:42] [main/DEBUG] (FabricLoader/Mixin) fabric-registry-sync-v0.mixins.json:SimpleRegistryMixin from mod fabric-registry-sync-v0->@Inject::init(Lnet/minecraft/registry/RegistryKey;Lcom/mojang/serialization/Lifecycle;ZLorg/spongepowered/asm/mixin/injection/callback/CallbackInfo;)V won't be passed a CallbackInfo as a result
[13:17:42] [main/DEBUG] (FabricLoader/Mixin) fabric-registry-sync-v0.mixins.json:SimpleRegistryMixin from mod fabric-registry-sync-v0->@Inject::set(Lnet/minecraft/registry/RegistryKey;Ljava/lang/Object;Lnet/minecraft/registry/entry/RegistryEntryInfo;Lorg/spongepowered/asm/mixin/injection/callback/CallbackInfoReturnable;)V does use it's CallbackInfoReturnable
[13:17:42] [main/DEBUG] (FabricLoader/Mixin) Mixing RegistryKeysMixin from fabric-registry-sync-v0.mixins.json into net.minecraft.registry.RegistryKeys
[13:17:42] [main/DEBUG] (FabricLoader/Mixin) Mixing features.footstep_particle.MixinRegistrySyncManager from viafabricplus.mixins.json into net.fabricmc.fabric.impl.registry.sync.RegistrySyncManager
[13:17:42] [main/DEBUG] (FabricLoader/Mixin) Mixing ArgumentTypesMixin from fabric-gametest-api-v1.mixins.json into net.minecraft.command.argument.ArgumentTypes
[13:17:42] [main/DEBUG] (FabricLoader/Mixin) Mixing ArgumentTypesAccessor from fabric-command-api-v2.mixins.json into net.minecraft.command.argument.ArgumentTypes
[13:17:42] [main/DEBUG] (FabricLoader/Mixin) Renaming @Accessor method fabric_getClassMap()Ljava/util/Map; to fabric_getClassMap$fabric-command-api-v2_$md$d4350b$0 in fabric-command-api-v2.mixins.json:ArgumentTypesAccessor from mod fabric-command-api-v2
[13:17:42] [main/DEBUG] (FabricLoader/Mixin) fabric-gametest-api-v1.mixins.json:ArgumentTypesMixin from mod fabric-gametest-api-v1->@Inject::register(Lnet/minecraft/registry/Registry;Lorg/spongepowered/asm/mixin/injection/callback/CallbackInfoReturnable;)V doesn't use it's CallbackInfoReturnable
[13:17:42] [main/DEBUG] (FabricLoader/Mixin) Mixing features.item.filter_creative_tabs.MixinItemGroups from viafabricplus.mixins.json into net.minecraft.item.ItemGroups
[13:17:42] [main/DEBUG] (FabricLoader/Mixin) Mixing ItemGroupsMixin from fabric-item-group-api-v1.mixins.json into net.minecraft.item.ItemGroups
[13:17:42] [main/DEBUG] (FabricLoader/Mixin) Renaming synthetic method lambda$paginateGroups$0(Lnet/minecraft/registry/entry/RegistryEntry$Reference;Lnet/minecraft/registry/entry/RegistryEntry$Reference;)I to mdd4350b$fabric-item-group-api-v1$lambda$paginateGroups$0$0 in fabric-item-group-api-v1.mixins.json:ItemGroupsMixin from mod fabric-item-group-api-v1
[13:17:42] [main/DEBUG] (FabricLoader/Mixin) viafabricplus.mixins.json:features.item.filter_creative_tabs.MixinItemGroups from mod viafabricplus->@Inject::trackLastVersion(Lnet/minecraft/resource/featuretoggle/FeatureSet;ZLnet/minecraft/registry/RegistryWrapper$WrapperLookup;Lorg/spongepowered/asm/mixin/injection/callback/CallbackInfoReturnable;)V does use it's CallbackInfoReturnable
[13:17:42] [main/DEBUG] (FabricLoader/Mixin) fabric-item-group-api-v1.mixins.json:ItemGroupsMixin from mod fabric-item-group-api-v1->@Inject::deferDuplicateCheck(Lorg/spongepowered/asm/mixin/injection/callback/CallbackInfo;)V does use it's CallbackInfo
[13:17:42] [main/DEBUG] (FabricLoader/Mixin) fabric-item-group-api-v1.mixins.json:ItemGroupsMixin from mod fabric-item-group-api-v1->@Inject::paginateGroups(Lorg/spongepowered/asm/mixin/injection/callback/CallbackInfo;)V doesn't use it's CallbackInfo
[13:17:42] [main/DEBUG] (FabricLoader/Mixin) Mixing ItemGroupAccessor from fabric-item-group-api-v1.mixins.json into net.minecraft.item.ItemGroup
[13:17:42] [main/DEBUG] (FabricLoader/Mixin) Mixing ItemGroupMixin from fabric-item-group-api-v1.mixins.json into net.minecraft.item.ItemGroup
[13:17:42] [main/DEBUG] (FabricLoader/Mixin) Renaming synthetic method lambda$getStacks$0(Lnet/minecraft/item/ItemGroup;)Ljava/lang/IllegalStateException; to mdd4350b$fabric-item-group-api-v1$lambda$getStacks$0$0 in fabric-item-group-api-v1.mixins.json:ItemGroupMixin from mod fabric-item-group-api-v1
[13:17:42] [main/DEBUG] (FabricLoader/Mixin) fabric-item-group-api-v1.mixins.json:ItemGroupMixin from mod fabric-item-group-api-v1->@Inject::getStacks(Lnet/minecraft/item/ItemGroup$DisplayContext;Lorg/spongepowered/asm/mixin/injection/callback/CallbackInfo;)V doesn't use it's CallbackInfo
[13:17:42] [main/DEBUG] (FabricLoader/Mixin) fabric-item-group-api-v1.mixins.json:ItemGroupMixin from mod fabric-item-group-api-v1->@Inject::getStacks(Lnet/minecraft/item/ItemGroup$DisplayContext;Lorg/spongepowered/asm/mixin/injection/callback/CallbackInfo;)V has 0 override(s) in child classes
[13:17:42] [main/DEBUG] (FabricLoader/Mixin) fabric-item-group-api-v1.mixins.json:ItemGroupMixin from mod fabric-item-group-api-v1->@Inject::getStacks(Lnet/minecraft/item/ItemGroup$DisplayContext;Lorg/spongepowered/asm/mixin/injection/callback/CallbackInfo;)V won't be passed a CallbackInfo as a result
[13:17:42] [main/DEBUG] (FabricLoader/Mixin) Mixing features.block.shape.MixinFireBlock from viafabricplus.mixins.json into net.minecraft.block.FireBlock
[13:17:42] [main/DEBUG] (FabricLoader/Mixin) Mixing FireBlockMixin from fabric-content-registries-v0.mixins.json into net.minecraft.block.FireBlock
[13:17:43] [main/DEBUG] (FabricLoader/Mixin) viafabricplus.mixins.json:features.block.shape.MixinFireBlock from mod viafabricplus->@Inject::changeOutlineShape(Lnet/minecraft/block/BlockState;Lnet/minecraft/world/BlockView;Lnet/minecraft/util/math/BlockPos;Lnet/minecraft/block/ShapeContext;Lorg/spongepowered/asm/mixin/injection/callback/CallbackInfoReturnable;)V does use it's CallbackInfoReturnable
[13:17:43] [main/DEBUG] (FabricLoader/Mixin) fabric-content-registries-v0.mixins.json:FireBlockMixin from mod fabric-content-registries-v0->@Inject::afterConstruct(Lnet/minecraft/block/AbstractBlock$Settings;Lorg/spongepowered/asm/mixin/injection/callback/CallbackInfo;)V doesn't use it's CallbackInfo
[13:17:43] [main/DEBUG] (FabricLoader/Mixin) fabric-content-registries-v0.mixins.json:FireBlockMixin from mod fabric-content-registries-v0->@Inject::afterConstruct(Lnet/minecraft/block/AbstractBlock$Settings;Lorg/spongepowered/asm/mixin/injection/callback/CallbackInfo;)V has 0 override(s) in child classes
[13:17:43] [main/DEBUG] (FabricLoader/Mixin) fabric-content-registries-v0.mixins.json:FireBlockMixin from mod fabric-content-registries-v0->@Inject::afterConstruct(Lnet/minecraft/block/AbstractBlock$Settings;Lorg/spongepowered/asm/mixin/injection/callback/CallbackInfo;)V won't be passed a CallbackInfo as a result
[13:17:43] [main/DEBUG] (FabricLoader/Mixin) fabric-content-registries-v0.mixins.json:FireBlockMixin from mod fabric-content-registries-v0->@Inject::getFabricBurnChance(Lnet/minecraft/block/BlockState;Lorg/spongepowered/asm/mixin/injection/callback/CallbackInfoReturnable;)V does use it's CallbackInfoReturnable
[13:17:43] [main/DEBUG] (FabricLoader/Mixin) fabric-content-registries-v0.mixins.json:FireBlockMixin from mod fabric-content-registries-v0->@Inject::getFabricSpreadChance(Lnet/minecraft/block/BlockState;Lorg/spongepowered/asm/mixin/injection/callback/CallbackInfoReturnable;)V does use it's CallbackInfoReturnable
[13:17:43] [main/DEBUG] (FabricLoader/Mixin) Mixing BlockMixin from fabric-block-api-v1.mixins.json into net.minecraft.block.Block
[13:17:43] [main/DEBUG] (FabricLoader/Mixin) Mixing AbstractBlockAccessor from fabric-object-builder-v1.mixins.json into net.minecraft.block.AbstractBlock
[13:17:43] [main/DEBUG] (FabricLoader/Mixin) Mixing features.block.mining_calculation.MixinAbstractBlock from viafabricplus.mixins.json into net.minecraft.block.AbstractBlock
[13:17:43] [main/DEBUG] (FabricLoader/Mixin) Mixing AbstractBlockMixin from fabric-content-registries-v0.mixins.json into net.minecraft.block.AbstractBlock
[13:17:43] [main/DEBUG] (FabricLoader/Mixin) viafabricplus.mixins.json:features.block.mining_calculation.MixinAbstractBlock from mod viafabricplus->@Inject::changeMiningSpeedCalculation(Lnet/minecraft/block/BlockState;Lnet/minecraft/entity/player/PlayerEntity;Lnet/minecraft/world/BlockView;Lnet/minecraft/util/math/BlockPos;Lorg/spongepowered/asm/mixin/injection/callback/CallbackInfoReturnable;)V does use it's CallbackInfoReturnable
[13:17:43] [main/DEBUG] (FabricLoader/Mixin) Mixing BlockViewMixin from fabric-block-view-api-v2.mixins.json into net.minecraft.world.BlockView
[13:17:43] [main/DEBUG] (FabricLoader/Mixin) Mixing features.entity.riding_offset.MixinEntity from viafabricplus.mixins.json into net.minecraft.entity.Entity
[13:17:43] [main/DEBUG] (FabricLoader/Mixin) Mixing features.movement.collision.MixinEntity from viafabricplus.mixins.json into net.minecraft.entity.Entity
[13:17:43] [main/DEBUG] (FabricLoader/Mixin) Mixing features.movement.constants.MixinEntity from viafabricplus.mixins.json into net.minecraft.entity.Entity
[13:17:43] [main/DEBUG] (FabricLoader/Mixin) Mixing features.movement.limitation.rotation.MixinEntity from viafabricplus.mixins.json into net.minecraft.entity.Entity
[13:17:43] [main/DEBUG] (FabricLoader/Mixin) Mixing features.movement.water.MixinEntity from viafabricplus.mixins.json into net.minecraft.entity.Entity
[13:17:43] [main/DEBUG] (FabricLoader/Mixin) Mixing features.world.always_tick_entities.MixinEntity from viafabricplus.mixins.json into net.minecraft.entity.Entity
[13:17:43] [main/DEBUG] (FabricLoader/Mixin) Mixing render.impl.client.EntityAccessor from luxury.mixins.json into net.minecraft.entity.Entity
[13:17:43] [main/DEBUG] (FabricLoader/Mixin) Mixing EntityMixin from fabric-entity-events-v1.mixins.json into net.minecraft.entity.Entity
[13:17:43] [main/DEBUG] (FabricLoader/Mixin) Mixing AttachmentTargetsMixin from fabric-data-attachment-api-v1.mixins.json into net.minecraft.entity.Entity
[13:17:43] [main/DEBUG] (FabricLoader/Mixin) Renaming synthetic method lambda$fabric_readAttachmentsFromNbt$0(Lnet/minecraft/registry/RegistryWrapper$WrapperLookup;Lnet/fabricmc/fabric/api/attachment/v1/AttachmentType;Ljava/lang/Object;)V to mdd4350b$fabric-data-attachment-api-v1$lambda$fabric_readAttachmentsFromNbt$0$0 in fabric-data-attachment-api-v1.mixins.json:AttachmentTargetsMixin from mod fabric-data-attachment-api-v1
[13:17:43] [main/DEBUG] (FabricLoader/Mixin) Mixing EntityMixin from fabric-data-attachment-api-v1.mixins.json into net.minecraft.entity.Entity
[13:17:43] [main/DEBUG] (FabricLoader/Mixin) Renaming synthetic method lambda$fabric_syncChange$0(Lnet/fabricmc/fabric/api/attachment/v1/AttachmentSyncPredicate;Lnet/fabricmc/fabric/impl/attachment/sync/s2c/AttachmentSyncPayloadS2C;Lnet/minecraft/server/network/ServerPlayerEntity;)V to mdd4350b$fabric-data-attachment-api-v1$lambda$fabric_syncChange$0$1 in fabric-data-attachment-api-v1.mixins.json:EntityMixin from mod fabric-data-attachment-api-v1
[13:17:43] [main/DEBUG] (FabricLoader/Mixin) viafabricplus.mixins.json:features.movement.collision.MixinEntity from mod viafabricplus->@Inject::use1_20_6StepCollisionCalculation(Lnet/minecraft/util/math/Vec3d;Lorg/spongepowered/asm/mixin/injection/callback/CallbackInfoReturnable;)V does use it's CallbackInfoReturnable
[13:17:43] [main/DEBUG] (FabricLoader/Mixin) viafabricplus.mixins.json:features.movement.collision.MixinEntity from mod viafabricplus->@Inject::modifyPosWithYOffset(FLorg/spongepowered/asm/mixin/injection/callback/CallbackInfoReturnable;)V does use it's CallbackInfoReturnable
[13:17:43] [main/DEBUG] (FabricLoader/Mixin) viafabricplus.mixins.json:features.movement.collision.MixinEntity from mod viafabricplus->@Inject::modifyVelocityAffectingPos(Lorg/spongepowered/asm/mixin/injection/callback/CallbackInfoReturnable;)V does use it's CallbackInfoReturnable
[13:17:43] [main/DEBUG] (FabricLoader/Mixin) viafabricplus.mixins.json:features.movement.constants.MixinEntity from mod viafabricplus->@Inject::expandHitBox(Lorg/spongepowered/asm/mixin/injection/callback/CallbackInfoReturnable;)V does use it's CallbackInfoReturnable
[13:17:43] [main/DEBUG] (FabricLoader/Mixin) viafabricplus.mixins.json:features.movement.limitation.rotation.MixinEntity from mod viafabricplus->@Inject::revertCalculation(FFLorg/spongepowered/asm/mixin/injection/callback/CallbackInfoReturnable;)V does use it's CallbackInfoReturnable
[13:17:43] [main/DEBUG] (FabricLoader/Mixin) viafabricplus.mixins.json:features.movement.water.MixinEntity from mod viafabricplus->@Inject::cancelSwimming(ZLorg/spongepowered/asm/mixin/injection/callback/CallbackInfo;)V does use it's CallbackInfo
[13:17:43] [main/DEBUG] (FabricLoader/Mixin) viafabricplus.mixins.json:features.movement.water.MixinEntity from mod viafabricplus->@Inject::modifyFluidMovementBoundingBox(Lnet/minecraft/registry/tag/TagKey;DLorg/spongepowered/asm/mixin/injection/callback/CallbackInfoReturnable;)V does use it's CallbackInfoReturnable
[13:17:43] [main/DEBUG] (FabricLoader/Mixin) fabric-data-attachment-api-v1.mixins.json:EntityMixin from mod fabric-data-attachment-api-v1->@Inject::readEntityAttachments(Lnet/minecraft/nbt/NbtCompound;Lorg/spongepowered/asm/mixin/injection/callback/CallbackInfo;)V doesn't use it's CallbackInfo
[13:17:43] [main/DEBUG] (FabricLoader/Mixin) fabric-data-attachment-api-v1.mixins.json:EntityMixin from mod fabric-data-attachment-api-v1->@Inject::readEntityAttachments(Lnet/minecraft/nbt/NbtCompound;Lorg/spongepowered/asm/mixin/injection/callback/CallbackInfo;)V has 0 override(s) in child classes
[13:17:43] [main/DEBUG] (FabricLoader/Mixin) fabric-data-attachment-api-v1.mixins.json:EntityMixin from mod fabric-data-attachment-api-v1->@Inject::readEntityAttachments(Lnet/minecraft/nbt/NbtCompound;Lorg/spongepowered/asm/mixin/injection/callback/CallbackInfo;)V won't be passed a CallbackInfo as a result
[13:17:43] [main/DEBUG] (FabricLoader/Mixin) fabric-data-attachment-api-v1.mixins.json:EntityMixin from mod fabric-data-attachment-api-v1->@Inject::writeEntityAttachments(Lnet/minecraft/nbt/NbtCompound;Lorg/spongepowered/asm/mixin/injection/callback/CallbackInfoReturnable;)V doesn't use it's CallbackInfoReturnable
[13:17:43] [main/DEBUG] (FabricLoader/Mixin) fabric-data-attachment-api-v1.mixins.json:EntityMixin from mod fabric-data-attachment-api-v1->@Inject::writeEntityAttachments(Lnet/minecraft/nbt/NbtCompound;Lorg/spongepowered/asm/mixin/injection/callback/CallbackInfoReturnable;)V has 0 override(s) in child classes
[13:17:43] [main/DEBUG] (FabricLoader/Mixin) fabric-data-attachment-api-v1.mixins.json:EntityMixin from mod fabric-data-attachment-api-v1->@Inject::writeEntityAttachments(Lnet/minecraft/nbt/NbtCompound;Lorg/spongepowered/asm/mixin/injection/callback/CallbackInfoReturnable;)V won't be passed a CallbackInfoReturnable as a result
[13:17:43] [main/DEBUG] (FabricLoader/Mixin) Mixing features.block.mining_calculation.MixinPlayerEntity from viafabricplus.mixins.json into net.minecraft.entity.player.PlayerEntity
[13:17:43] [main/DEBUG] (FabricLoader/Mixin) Mixing features.entity.pose.MixinPlayerEntity from viafabricplus.mixins.json into net.minecraft.entity.player.PlayerEntity
[13:17:43] [main/DEBUG] (FabricLoader/Mixin) Mixing features.interaction.MixinPlayerEntity from viafabricplus.mixins.json into net.minecraft.entity.player.PlayerEntity
[13:17:43] [main/DEBUG] (FabricLoader/Mixin) Mixing features.interaction.cooldown.MixinPlayerEntity from viafabricplus.mixins.json into net.minecraft.entity.player.PlayerEntity
[13:17:43] [main/DEBUG] (FabricLoader/Mixin) Mixing features.movement.constants.MixinPlayerEntity from viafabricplus.mixins.json into net.minecraft.entity.player.PlayerEntity
[13:17:43] [main/DEBUG] (FabricLoader/Mixin) Mixing features.movement.elytra.MixinPlayerEntity from viafabricplus.mixins.json into net.minecraft.entity.player.PlayerEntity
[13:17:43] [main/DEBUG] (FabricLoader/Mixin) Mixing features.movement.limitation.MixinPlayerEntity from viafabricplus.mixins.json into net.minecraft.entity.player.PlayerEntity
[13:17:43] [main/DEBUG] (FabricLoader/Mixin) Mixing features.movement.limitation.rotation.MixinPlayerEntity from viafabricplus.mixins.json into net.minecraft.entity.player.PlayerEntity
[13:17:43] [main/DEBUG] (FabricLoader/Mixin) Mixing features.movement.sprinting_and_sneaking.MixinPlayerEntity from viafabricplus.mixins.json into net.minecraft.entity.player.PlayerEntity
[13:17:43] [main/DEBUG] (FabricLoader/Mixin) Mixing features.networking.keep_player_loaded.MixinPlayerEntity from viafabricplus.mixins.json into net.minecraft.entity.player.PlayerEntity
[13:17:43] [main/DEBUG] (FabricLoader/Mixin) Mixing features.swinging.MixinPlayerEntity from viafabricplus.mixins.json into net.minecraft.entity.player.PlayerEntity
[13:17:43] [main/DEBUG] (FabricLoader/Mixin) Mixing render.impl.CooldownAccessor from luxury.mixins.json into net.minecraft.entity.player.PlayerEntity
[13:17:43] [main/DEBUG] (FabricLoader/Mixin) Mixing PlayerEntityMixin from fabric-entity-events-v1.mixins.json into net.minecraft.entity.player.PlayerEntity
[13:17:43] [main/DEBUG] (FabricLoader/Mixin) Mixing oof_sound.MixinPlayerEntity from viafabricplus-visuals.mixins.json into net.minecraft.entity.player.PlayerEntity
[13:17:43] [main/DEBUG] (FabricLoader/Mixin) viafabricplus.mixins.json:features.block.mining_calculation.MixinPlayerEntity from mod viafabricplus->@Inject::changeSpeedCalculation(Lnet/minecraft/block/BlockState;Lorg/spongepowered/asm/mixin/injection/callback/CallbackInfoReturnable;)V doesn't use it's CallbackInfoReturnable
[13:17:43] [main/DEBUG] (FabricLoader/Mixin) viafabricplus.mixins.json:features.block.mining_calculation.MixinPlayerEntity from mod viafabricplus->@Inject::changeSpeedCalculation(Lnet/minecraft/block/BlockState;Lorg/spongepowered/asm/mixin/injection/callback/CallbackInfoReturnable;)V has 0 override(s) in child classes
[13:17:43] [main/DEBUG] (FabricLoader/Mixin) viafabricplus.mixins.json:features.block.mining_calculation.MixinPlayerEntity from mod viafabricplus->@Inject::changeSpeedCalculation(Lnet/minecraft/block/BlockState;Lorg/spongepowered/asm/mixin/injection/callback/CallbackInfoReturnable;)V won't be passed a CallbackInfoReturnable as a result
[13:17:43] [main/DEBUG] (FabricLoader/Mixin) viafabricplus.mixins.json:features.entity.pose.MixinPlayerEntity from mod viafabricplus->@Inject::onUpdatePose(Lorg/spongepowered/asm/mixin/injection/callback/CallbackInfo;)V does use it's CallbackInfo
[13:17:43] [main/DEBUG] (FabricLoader/Mixin) viafabricplus.mixins.json:features.interaction.MixinPlayerEntity from mod viafabricplus->@Inject::preventEatingFoodInCreative(ZLorg/spongepowered/asm/mixin/injection/callback/CallbackInfoReturnable;)V does use it's CallbackInfoReturnable
[13:17:43] [main/DEBUG] (FabricLoader/Mixin) viafabricplus.mixins.json:features.interaction.cooldown.MixinPlayerEntity from mod viafabricplus->@Inject::removeAttackCooldown(Lorg/spongepowered/asm/mixin/injection/callback/CallbackInfoReturnable;)V does use it's CallbackInfoReturnable
[13:17:43] [main/DEBUG] (FabricLoader/Mixin) viafabricplus.mixins.json:features.movement.constants.MixinPlayerEntity from mod viafabricplus->@Inject::modifyDimensions(Lnet/minecraft/entity/EntityPose;Lorg/spongepowered/asm/mixin/injection/callback/CallbackInfoReturnable;)V does use it's CallbackInfoReturnable
[13:17:43] [main/DEBUG] (FabricLoader/Mixin) viafabricplus.mixins.json:features.movement.elytra.MixinPlayerEntity from mod viafabricplus->@Inject::replaceGlidingCondition(Lorg/spongepowered/asm/mixin/injection/callback/CallbackInfoReturnable;)V does use it's CallbackInfoReturnable
[13:17:43] [main/DEBUG] (FabricLoader/Mixin) viafabricplus.mixins.json:features.movement.limitation.MixinPlayerEntity from mod viafabricplus->@Inject::allowClimbingWhileFlying(Lorg/spongepowered/asm/mixin/injection/callback/CallbackInfoReturnable;)V does use it's CallbackInfoReturnable
[13:17:43] [main/DEBUG] (FabricLoader/Mixin) viafabricplus.mixins.json:features.movement.sprinting_and_sneaking.MixinPlayerEntity from mod viafabricplus->@Inject::storeSprintingState(Lorg/spongepowered/asm/mixin/injection/callback/CallbackInfo;)V doesn't use it's CallbackInfo
[13:17:43] [main/DEBUG] (FabricLoader/Mixin) viafabricplus.mixins.json:features.movement.sprinting_and_sneaking.MixinPlayerEntity from mod viafabricplus->@Inject::storeSprintingState(Lorg/spongepowered/asm/mixin/injection/callback/CallbackInfo;)V has 0 override(s) in child classes
[13:17:43] [main/DEBUG] (FabricLoader/Mixin) viafabricplus.mixins.json:features.movement.sprinting_and_sneaking.MixinPlayerEntity from mod viafabricplus->@Inject::storeSprintingState(Lorg/spongepowered/asm/mixin/injection/callback/CallbackInfo;)V won't be passed a CallbackInfo as a result
[13:17:43] [main/DEBUG] (FabricLoader/Mixin) viafabricplus.mixins.json:features.networking.keep_player_loaded.MixinPlayerEntity from mod viafabricplus->@Inject::alwaysLoadPlayer(Lorg/spongepowered/asm/mixin/injection/callback/CallbackInfoReturnable;)V does use it's CallbackInfoReturnable
[13:17:43] [main/DEBUG] (FabricLoader/Mixin) fabric-entity-events-v1.mixins.json:PlayerEntityMixin from mod fabric-entity-events-v1->@Inject::onTrySleep(Lnet/minecraft/util/math/BlockPos;Lorg/spongepowered/asm/mixin/injection/callback/CallbackInfoReturnable;)V does use it's CallbackInfoReturnable
[13:17:43] [main/DEBUG] (FabricLoader/Mixin) fabric-entity-events-v1.mixins.json:PlayerEntityMixin from mod fabric-entity-events-v1->@Inject::onIsSleepingLongEnough(Lorg/spongepowered/asm/mixin/injection/callback/CallbackInfoReturnable;)V does use it's CallbackInfoReturnable
[13:17:43] [main/DEBUG] (FabricLoader/Mixin) viafabricplus-visuals.mixins.json:oof_sound.MixinPlayerEntity from mod viafabricplus-visuals->@Inject::replaceSound(Lnet/minecraft/entity/damage/DamageSource;Lorg/spongepowered/asm/mixin/injection/callback/CallbackInfoReturnable;)V does use it's CallbackInfoReturnable
[13:17:43] [main/DEBUG] (FabricLoader/Mixin) Mixing features.movement.constants.MixinLivingEntity from viafabricplus.mixins.json into net.minecraft.entity.LivingEntity
[13:17:43] [main/DEBUG] (FabricLoader/Mixin) Mixing features.entity.attribute.MixinLivingEntity from viafabricplus.mixins.json into net.minecraft.entity.LivingEntity
[13:17:43] [main/DEBUG] (FabricLoader/Mixin) Mixing features.entity.riding_offset.MixinLivingEntity from viafabricplus.mixins.json into net.minecraft.entity.LivingEntity
[13:17:43] [main/DEBUG] (FabricLoader/Mixin) Mixing features.interaction.MixinLivingEntity from viafabricplus.mixins.json into net.minecraft.entity.LivingEntity
[13:17:43] [main/DEBUG] (FabricLoader/Mixin) Mixing features.movement.MixinLivingEntity from viafabricplus.mixins.json into net.minecraft.entity.LivingEntity
[13:17:43] [main/DEBUG] (FabricLoader/Mixin) Mixing features.movement.collision.MixinLivingEntity from viafabricplus.mixins.json into net.minecraft.entity.LivingEntity
[13:17:43] [main/DEBUG] (FabricLoader/Mixin) Mixing features.movement.elytra.MixinLivingEntity from viafabricplus.mixins.json into net.minecraft.entity.LivingEntity
[13:17:43] [main/DEBUG] (FabricLoader/Mixin) Mixing features.movement.jump.MixinLivingEntity from viafabricplus.mixins.json into net.minecraft.entity.LivingEntity
[13:17:43] [main/DEBUG] (FabricLoader/Mixin) Mixing features.movement.water.MixinLivingEntity from viafabricplus.mixins.json into net.minecraft.entity.LivingEntity
[13:17:43] [main/DEBUG] (FabricLoader/Mixin) Mixing LivingEntityMixin from fabric-lifecycle-events-v1.mixins.json into net.minecraft.entity.LivingEntity
[13:17:43] [main/DEBUG] (FabricLoader/Mixin) Mixing LivingEntityMixin from fabric-item-api-v1.mixins.json into net.minecraft.entity.LivingEntity
[13:17:43] [main/DEBUG] (FabricLoader/Mixin) Mixing LivingEntityMixin from fabric-entity-events-v1.mixins.json into net.minecraft.entity.LivingEntity
[13:17:43] [main/DEBUG] (FabricLoader/Mixin) Mixing player_rotations.MixinLivingEntity from viafabricplus-visuals.mixins.json into net.minecraft.entity.LivingEntity
[13:17:43] [main/DEBUG] (FabricLoader/Mixin) viafabricplus.mixins.json:features.entity.attribute.MixinLivingEntity from mod viafabricplus->@Inject::setGenericMovementEfficiencyAttribute(Lorg/spongepowered/asm/mixin/injection/callback/CallbackInfoReturnable;)V doesn't use it's CallbackInfoReturnable
[13:17:43] [main/DEBUG] (FabricLoader/Mixin) viafabricplus.mixins.json:features.entity.attribute.MixinLivingEntity from mod viafabricplus->@Inject::setGenericMovementEfficiencyAttribute(Lorg/spongepowered/asm/mixin/injection/callback/CallbackInfoReturnable;)V has 0 override(s) in child classes
[13:17:43] [main/DEBUG] (FabricLoader/Mixin) viafabricplus.mixins.json:features.entity.attribute.MixinLivingEntity from mod viafabricplus->@Inject::setGenericMovementEfficiencyAttribute(Lorg/spongepowered/asm/mixin/injection/callback/CallbackInfoReturnable;)V won't be passed a CallbackInfoReturnable as a result
[13:17:43] [main/DEBUG] (FabricLoader/Mixin) viafabricplus.mixins.json:features.interaction.MixinLivingEntity from mod viafabricplus->@Inject::removeShieldSlotPreference(Lnet/minecraft/item/ItemStack;Lorg/spongepowered/asm/mixin/injection/callback/CallbackInfoReturnable;)V does use it's CallbackInfoReturnable
[13:17:43] [main/DEBUG] (FabricLoader/Mixin) viafabricplus.mixins.json:features.movement.MixinLivingEntity from mod viafabricplus->@Inject::disableCrawling(Lorg/spongepowered/asm/mixin/injection/callback/CallbackInfoReturnable;)V does use it's CallbackInfoReturnable
[13:17:43] [main/DEBUG] (FabricLoader/Mixin) viafabricplus.mixins.json:features.movement.MixinLivingEntity from mod viafabricplus->@Inject::allowGappedLadderClimb(Lorg/spongepowered/asm/mixin/injection/callback/CallbackInfoReturnable;)V does use it's CallbackInfoReturnable
[13:17:43] [main/DEBUG] (FabricLoader/Mixin) viafabricplus.mixins.json:features.movement.MixinLivingEntity from mod viafabricplus->@Inject::allowGappedLadderClimb(Lorg/spongepowered/asm/mixin/injection/callback/CallbackInfoReturnable;)V does use it's CallbackInfoReturnable
[13:17:43] [main/DEBUG] (FabricLoader/Mixin) viafabricplus.mixins.json:features.movement.MixinLivingEntity from mod viafabricplus->@Inject::allowGappedLadderClimb(Lorg/spongepowered/asm/mixin/injection/callback/CallbackInfoReturnable;)V does use it's CallbackInfoReturnable
[13:17:43] [main/DEBUG] (FabricLoader/Mixin) viafabricplus.mixins.json:features.movement.MixinLivingEntity from mod viafabricplus->@Inject::allowGappedLadderClimb(Lorg/spongepowered/asm/mixin/injection/callback/CallbackInfoReturnable;)V does use it's CallbackInfoReturnable
[13:17:43] [main/DEBUG] (FabricLoader/Mixin) viafabricplus.mixins.json:features.movement.collision.MixinLivingEntity from mod viafabricplus->@Inject::preventEntityPush(Lorg/spongepowered/asm/mixin/injection/callback/CallbackInfo;)V does use it's CallbackInfo
[13:17:43] [main/DEBUG] (FabricLoader/Mixin) viafabricplus.mixins.json:features.movement.jump.MixinLivingEntity from mod viafabricplus->@Inject::removeJumpDelay(Lorg/spongepowered/asm/mixin/injection/callback/CallbackInfo;)V doesn't use it's CallbackInfo
[13:17:43] [main/DEBUG] (FabricLoader/Mixin) viafabricplus.mixins.json:features.movement.jump.MixinLivingEntity from mod viafabricplus->@Inject::removeJumpDelay(Lorg/spongepowered/asm/mixin/injection/callback/CallbackInfo;)V has 0 override(s) in child classes
[13:17:43] [main/DEBUG] (FabricLoader/Mixin) viafabricplus.mixins.json:features.movement.jump.MixinLivingEntity from mod viafabricplus->@Inject::removeJumpDelay(Lorg/spongepowered/asm/mixin/injection/callback/CallbackInfo;)V won't be passed a CallbackInfo as a result
[13:17:43] [main/DEBUG] (FabricLoader/Mixin) viafabricplus.mixins.json:features.movement.water.MixinLivingEntity from mod viafabricplus->@Inject::modifySwimSprintFallSpeed(DZLnet/minecraft/util/math/Vec3d;Lorg/spongepowered/asm/mixin/injection/callback/CallbackInfoReturnable;)V does use it's CallbackInfoReturnable
[13:17:43] [main/DEBUG] (FabricLoader/Mixin) fabric-lifecycle-events-v1.mixins.json:LivingEntityMixin from mod fabric-lifecycle-events-v1->@Inject::getEquipmentChanges(Lorg/spongepowered/asm/mixin/injection/callback/CallbackInfoReturnable;)V doesn't use it's CallbackInfoReturnable
[13:17:43] [main/DEBUG] (FabricLoader/Mixin) fabric-lifecycle-events-v1.mixins.json:LivingEntityMixin from mod fabric-lifecycle-events-v1->@Inject::getEquipmentChanges(Lorg/spongepowered/asm/mixin/injection/callback/CallbackInfoReturnable;)V has 0 override(s) in child classes
[13:17:43] [main/DEBUG] (FabricLoader/Mixin) fabric-lifecycle-events-v1.mixins.json:LivingEntityMixin from mod fabric-lifecycle-events-v1->@Inject::getEquipmentChanges(Lorg/spongepowered/asm/mixin/injection/callback/CallbackInfoReturnable;)V won't be passed a CallbackInfoReturnable as a result
[13:17:43] [main/DEBUG] (FabricLoader/Mixin) fabric-item-api-v1.mixins.json:LivingEntityMixin from mod fabric-item-api-v1->@Inject::onGetPreferredEquipmentSlot(Lnet/minecraft/item/ItemStack;Lorg/spongepowered/asm/mixin/injection/callback/CallbackInfoReturnable;)V does use it's CallbackInfoReturnable
[13:17:43] [main/DEBUG] (FabricLoader/Mixin) fabric-entity-events-v1.mixins.json:LivingEntityMixin from mod fabric-entity-events-v1->@Inject::notifyDeath(Lnet/minecraft/entity/damage/DamageSource;Lorg/spongepowered/asm/mixin/injection/callback/CallbackInfo;)V doesn't use it's CallbackInfo
[13:17:43] [main/DEBUG] (FabricLoader/Mixin) fabric-entity-events-v1.mixins.json:LivingEntityMixin from mod fabric-entity-events-v1->@Inject::notifyDeath(Lnet/minecraft/entity/damage/DamageSource;Lorg/spongepowered/asm/mixin/injection/callback/CallbackInfo;)V has 0 override(s) in child classes
[13:17:43] [main/DEBUG] (FabricLoader/Mixin) fabric-entity-events-v1.mixins.json:LivingEntityMixin from mod fabric-entity-events-v1->@Inject::notifyDeath(Lnet/minecraft/entity/damage/DamageSource;Lorg/spongepowered/asm/mixin/injection/callback/CallbackInfo;)V won't be passed a CallbackInfo as a result
[13:17:43] [main/DEBUG] (FabricLoader/Mixin) fabric-entity-events-v1.mixins.json:LivingEntityMixin from mod fabric-entity-events-v1->@Inject::beforeDamage(Lnet/minecraft/server/world/ServerWorld;Lnet/minecraft/entity/damage/DamageSource;FLorg/spongepowered/asm/mixin/injection/callback/CallbackInfoReturnable;)V does use it's CallbackInfoReturnable
[13:17:43] [main/DEBUG] (FabricLoader/Mixin) fabric-entity-events-v1.mixins.json:LivingEntityMixin from mod fabric-entity-events-v1->@Inject::afterDamage(Lnet/minecraft/server/world/ServerWorld;Lnet/minecraft/entity/damage/DamageSource;FLorg/spongepowered/asm/mixin/injection/callback/CallbackInfoReturnable;FZ)V doesn't use it's CallbackInfoReturnable
[13:17:43] [main/DEBUG] (FabricLoader/Mixin) fabric-entity-events-v1.mixins.json:LivingEntityMixin from mod fabric-entity-events-v1->@Inject::afterDamage(Lnet/minecraft/server/world/ServerWorld;Lnet/minecraft/entity/damage/DamageSource;FLorg/spongepowered/asm/mixin/injection/callback/CallbackInfoReturnable;FZ)V has 0 override(s) in child classes
[13:17:43] [main/DEBUG] (FabricLoader/Mixin) fabric-entity-events-v1.mixins.json:LivingEntityMixin from mod fabric-entity-events-v1->@Inject::afterDamage(Lnet/minecraft/server/world/ServerWorld;Lnet/minecraft/entity/damage/DamageSource;FLorg/spongepowered/asm/mixin/injection/callback/CallbackInfoReturnable;FZ)V won't be passed a CallbackInfoReturnable as a result
[13:17:43] [main/DEBUG] (FabricLoader/Mixin) fabric-entity-events-v1.mixins.json:LivingEntityMixin from mod fabric-entity-events-v1->@Inject::onSleep(Lnet/minecraft/util/math/BlockPos;Lorg/spongepowered/asm/mixin/injection/callback/CallbackInfo;)V doesn't use it's CallbackInfo
[13:17:43] [main/DEBUG] (FabricLoader/Mixin) fabric-entity-events-v1.mixins.json:LivingEntityMixin from mod fabric-entity-events-v1->@Inject::onSleep(Lnet/minecraft/util/math/BlockPos;Lorg/spongepowered/asm/mixin/injection/callback/CallbackInfo;)V has 0 override(s) in child classes
[13:17:43] [main/DEBUG] (FabricLoader/Mixin) fabric-entity-events-v1.mixins.json:LivingEntityMixin from mod fabric-entity-events-v1->@Inject::onSleep(Lnet/minecraft/util/math/BlockPos;Lorg/spongepowered/asm/mixin/injection/callback/CallbackInfo;)V won't be passed a CallbackInfo as a result
[13:17:43] [main/DEBUG] (FabricLoader/Mixin) fabric-entity-events-v1.mixins.json:LivingEntityMixin from mod fabric-entity-events-v1->@Inject::onWakeUp(Lorg/spongepowered/asm/mixin/injection/callback/CallbackInfo;)V doesn't use it's CallbackInfo
[13:17:43] [main/DEBUG] (FabricLoader/Mixin) fabric-entity-events-v1.mixins.json:LivingEntityMixin from mod fabric-entity-events-v1->@Inject::onWakeUp(Lorg/spongepowered/asm/mixin/injection/callback/CallbackInfo;)V has 0 override(s) in child classes
[13:17:43] [main/DEBUG] (FabricLoader/Mixin) fabric-entity-events-v1.mixins.json:LivingEntityMixin from mod fabric-entity-events-v1->@Inject::onWakeUp(Lorg/spongepowered/asm/mixin/injection/callback/CallbackInfo;)V won't be passed a CallbackInfo as a result
[13:17:43] [main/DEBUG] (FabricLoader/Mixin) fabric-entity-events-v1.mixins.json:LivingEntityMixin from mod fabric-entity-events-v1->@Inject::onIsSleepingInBed(Lnet/minecraft/util/math/BlockPos;Lorg/spongepowered/asm/mixin/injection/callback/CallbackInfoReturnable;)V does use it's CallbackInfoReturnable
[13:17:43] [main/DEBUG] (FabricLoader/Mixin) Mixing WorldViewMixin from fabric-rendering-data-attachment-v1.mixins.json into net.minecraft.world.WorldView
[13:17:43] [main/DEBUG] (FabricLoader/Mixin) Mixing WorldViewMixin from fabric-block-view-api-v2.mixins.json into net.minecraft.world.WorldView
[13:17:43] [main/DEBUG] (FabricLoader/Mixin) Mixing WorldMixin from fabric-lifecycle-events-v1.mixins.json into net.minecraft.world.World
[13:17:43] [main/DEBUG] (FabricLoader/Mixin) Mixing AttachmentTargetsMixin from fabric-data-attachment-api-v1.mixins.json into net.minecraft.world.World
[13:17:43] [main/DEBUG] (FabricLoader/Mixin) Mixing WorldMixin from fabric-data-attachment-api-v1.mixins.json into net.minecraft.world.World
[13:17:43] [main/DEBUG] (FabricLoader/Mixin) Mixing ServerWorldMixin from fabric-lifecycle-events-v1.mixins.json into net.minecraft.server.world.ServerWorld
[13:17:43] [main/DEBUG] (FabricLoader/Mixin) Mixing ServerWorldMixin from fabric-api-lookup-api-v1.mixins.json into net.minecraft.server.world.ServerWorld
[13:17:43] [main/DEBUG] (FabricLoader/Mixin) Renaming synthetic method lambda$fabric_invalidateCache$5(Ljava/util/Map$Entry;)Z to mdd4350b$fabric-api-lookup-api-v1$lambda$fabric_invalidateCache$5$0 in fabric-api-lookup-api-v1.mixins.json:ServerWorldMixin from mod fabric-api-lookup-api-v1
[13:17:43] [main/DEBUG] (FabricLoader/Mixin) Renaming synthetic method lambda$fabric_invalidateCache$4(Ljava/lang/ref/WeakReference;)Z to mdd4350b$fabric-api-lookup-api-v1$lambda$fabric_invalidateCache$4$1 in fabric-api-lookup-api-v1.mixins.json:ServerWorldMixin from mod fabric-api-lookup-api-v1
[13:17:43] [main/DEBUG] (FabricLoader/Mixin) Renaming synthetic method lambda$fabric_invalidateCache$3(Ljava/lang/ref/WeakReference;)V to mdd4350b$fabric-api-lookup-api-v1$lambda$fabric_invalidateCache$3$2 in fabric-api-lookup-api-v1.mixins.json:ServerWorldMixin from mod fabric-api-lookup-api-v1
[13:17:43] [main/DEBUG] (FabricLoader/Mixin) Renaming synthetic method lambda$fabric_invalidateCache$2(Ljava/lang/ref/WeakReference;)Z to mdd4350b$fabric-api-lookup-api-v1$lambda$fabric_invalidateCache$2$3 in fabric-api-lookup-api-v1.mixins.json:ServerWorldMixin from mod fabric-api-lookup-api-v1
[13:17:43] [main/DEBUG] (FabricLoader/Mixin) Renaming synthetic method lambda$fabric_registerCache$1(Ljava/lang/ref/WeakReference;)Z to mdd4350b$fabric-api-lookup-api-v1$lambda$fabric_registerCache$1$4 in fabric-api-lookup-api-v1.mixins.json:ServerWorldMixin from mod fabric-api-lookup-api-v1
[13:17:43] [main/DEBUG] (FabricLoader/Mixin) Renaming synthetic method lambda$fabric_registerCache$0(Lnet/minecraft/util/math/BlockPos;)Ljava/util/List; to mdd4350b$fabric-api-lookup-api-v1$lambda$fabric_registerCache$0$5 in fabric-api-lookup-api-v1.mixins.json:ServerWorldMixin from mod fabric-api-lookup-api-v1
[13:17:43] [main/DEBUG] (FabricLoader/Mixin) Mixing ServerWorldMixin from fabric-data-attachment-api-v1.mixins.json into net.minecraft.server.world.ServerWorld
[13:17:43] [main/DEBUG] (FabricLoader/Mixin) Renaming synthetic method lambda$fabric_syncChange$2(Lnet/fabricmc/fabric/api/attachment/v1/AttachmentType;Lnet/fabricmc/fabric/impl/attachment/sync/s2c/AttachmentSyncPayloadS2C;Lnet/minecraft/server/network/ServerPlayerEntity;)V to mdd4350b$fabric-data-attachment-api-v1$lambda$fabric_syncChange$2$6 in fabric-data-attachment-api-v1.mixins.json:ServerWorldMixin from mod fabric-data-attachment-api-v1
[13:17:43] [main/DEBUG] (FabricLoader/Mixin) Renaming synthetic method lambda$createAttachmentsPersistentState$1(Lnet/minecraft/server/world/ServerWorld;Lnet/minecraft/nbt/NbtCompound;Lnet/minecraft/registry/RegistryWrapper$WrapperLookup;)Lnet/fabricmc/fabric/impl/attachment/AttachmentPersistentState; to mdd4350b$fabric-data-attachment-api-v1$lambda$createAttachmentsPersistentState$1$7 in fabric-data-attachment-api-v1.mixins.json:ServerWorldMixin from mod fabric-data-attachment-api-v1
[13:17:43] [main/DEBUG] (FabricLoader/Mixin) Renaming synthetic method lambda$createAttachmentsPersistentState$0(Lnet/minecraft/server/world/ServerWorld;)Lnet/fabricmc/fabric/impl/attachment/AttachmentPersistentState; to mdd4350b$fabric-data-attachment-api-v1$lambda$createAttachmentsPersistentState$0$8 in fabric-data-attachment-api-v1.mixins.json:ServerWorldMixin from mod fabric-data-attachment-api-v1
[13:17:43] [main/DEBUG] (FabricLoader/Mixin) fabric-lifecycle-events-v1.mixins.json:ServerWorldMixin from mod fabric-lifecycle-events-v1->@Inject::startWorldTick(Ljava/util/function/BooleanSupplier;Lorg/spongepowered/asm/mixin/injection/callback/CallbackInfo;)V doesn't use it's CallbackInfo
[13:17:43] [main/DEBUG] (FabricLoader/Mixin) fabric-lifecycle-events-v1.mixins.json:ServerWorldMixin from mod fabric-lifecycle-events-v1->@Inject::startWorldTick(Ljava/util/function/BooleanSupplier;Lorg/spongepowered/asm/mixin/injection/callback/CallbackInfo;)V has 0 override(s) in child classes
[13:17:43] [main/DEBUG] (FabricLoader/Mixin) fabric-lifecycle-events-v1.mixins.json:ServerWorldMixin from mod fabric-lifecycle-events-v1->@Inject::startWorldTick(Ljava/util/function/BooleanSupplier;Lorg/spongepowered/asm/mixin/injection/callback/CallbackInfo;)V won't be passed a CallbackInfo as a result
[13:17:43] [main/DEBUG] (FabricLoader/Mixin) fabric-lifecycle-events-v1.mixins.json:ServerWorldMixin from mod fabric-lifecycle-events-v1->@Inject::endWorldTick(Ljava/util/function/BooleanSupplier;Lorg/spongepowered/asm/mixin/injection/callback/CallbackInfo;)V doesn't use it's CallbackInfo
[13:17:43] [main/DEBUG] (FabricLoader/Mixin) fabric-lifecycle-events-v1.mixins.json:ServerWorldMixin from mod fabric-lifecycle-events-v1->@Inject::endWorldTick(Ljava/util/function/BooleanSupplier;Lorg/spongepowered/asm/mixin/injection/callback/CallbackInfo;)V has 0 override(s) in child classes
[13:17:43] [main/DEBUG] (FabricLoader/Mixin) fabric-lifecycle-events-v1.mixins.json:ServerWorldMixin from mod fabric-lifecycle-events-v1->@Inject::endWorldTick(Ljava/util/function/BooleanSupplier;Lorg/spongepowered/asm/mixin/injection/callback/CallbackInfo;)V won't be passed a CallbackInfo as a result
[13:17:43] [main/DEBUG] (FabricLoader/Mixin) fabric-data-attachment-api-v1.mixins.json:ServerWorldMixin from mod fabric-data-attachment-api-v1->@Inject::createAttachmentsPersistentState(Lorg/spongepowered/asm/mixin/injection/callback/CallbackInfo;)V doesn't use it's CallbackInfo
[13:17:43] [main/DEBUG] (FabricLoader/Mixin) fabric-data-attachment-api-v1.mixins.json:ServerWorldMixin from mod fabric-data-attachment-api-v1->@Inject::createAttachmentsPersistentState(Lorg/spongepowered/asm/mixin/injection/callback/CallbackInfo;)V has 0 override(s) in child classes
[13:17:43] [main/DEBUG] (FabricLoader/Mixin) fabric-data-attachment-api-v1.mixins.json:ServerWorldMixin from mod fabric-data-attachment-api-v1->@Inject::createAttachmentsPersistentState(Lorg/spongepowered/asm/mixin/injection/callback/CallbackInfo;)V won't be passed a CallbackInfo as a result
[13:17:43] [main/DEBUG] (FabricLoader/Mixin) Mixing features.movement.water.MixinItemEntity from viafabricplus.mixins.json into net.minecraft.entity.ItemEntity
[13:17:43] [main/DEBUG] (FabricLoader/Mixin) viafabricplus.mixins.json:features.movement.water.MixinItemEntity from mod viafabricplus->@Inject::dontApplyWaterBuoyancy(Lorg/spongepowered/asm/mixin/injection/callback/CallbackInfo;)V does use it's CallbackInfo
[13:17:43] [main/DEBUG] (FabricLoader/Mixin) Mixing IdListMixin from fabric-registry-sync-v0.mixins.json into net.minecraft.util.collection.IdList
[13:17:43] [main/DEBUG] (FabricLoader/Mixin) Renaming synthetic method lambda$fabric_remapIds$0(Lit/unimi/dsi/fastutil/ints/Int2IntMap;Ljava/lang/Object;Ljava/lang/Integer;)Ljava/lang/Integer; to mdd4350b$fabric-registry-sync-v0$lambda$fabric_remapIds$0$0 in fabric-registry-sync-v0.mixins.json:IdListMixin from mod fabric-registry-sync-v0
[13:17:44] [main/DEBUG] (FabricLoader/Mixin) Mixing BlocksMixin from fabric-registry-sync-v0.mixins.json into net.minecraft.block.Blocks
[13:17:44] [main/DEBUG] (FabricLoader/Mixin) Renaming synthetic method lambda$initShapeCache$0(ILnet/minecraft/util/Identifier;Lnet/minecraft/block/Block;)V to mdd4350b$fabric-registry-sync-v0$lambda$initShapeCache$0$0 in fabric-registry-sync-v0.mixins.json:BlocksMixin from mod fabric-registry-sync-v0
[13:17:44] [main/DEBUG] (FabricLoader/Mixin) fabric-registry-sync-v0.mixins.json:BlocksMixin from mod fabric-registry-sync-v0->@Inject::initShapeCache(Lorg/spongepowered/asm/mixin/injection/callback/CallbackInfo;)V doesn't use it's CallbackInfo
[13:17:44] [main/DEBUG] (FabricLoader/Mixin) Mixing features.block.shape.MixinBedBlock from viafabricplus.mixins.json into net.minecraft.block.BedBlock
[13:17:44] [main/DEBUG] (FabricLoader/Mixin) Mixing features.movement.collision.MixinBedBlock from viafabricplus.mixins.json into net.minecraft.block.BedBlock
[13:17:44] [main/DEBUG] (FabricLoader/Mixin) viafabricplus.mixins.json:features.block.shape.MixinBedBlock from mod viafabricplus->@Inject::changeOutlineShape(Lnet/minecraft/block/BlockState;Lnet/minecraft/world/BlockView;Lnet/minecraft/util/math/BlockPos;Lnet/minecraft/block/ShapeContext;Lorg/spongepowered/asm/mixin/injection/callback/CallbackInfoReturnable;)V does use it's CallbackInfoReturnable
[13:17:44] [main/DEBUG] (FabricLoader/Mixin) viafabricplus.mixins.json:features.movement.collision.MixinBedBlock from mod viafabricplus->@Inject::cancelEntityBounce(Lnet/minecraft/entity/Entity;Lorg/spongepowered/asm/mixin/injection/callback/CallbackInfo;)V does use it's CallbackInfo
[13:17:44] [main/DEBUG] (FabricLoader/Mixin) Mixing features.block.interaction.MixinFlowerPotBlock from viafabricplus.mixins.json into net.minecraft.block.FlowerPotBlock
[13:17:44] [main/DEBUG] (FabricLoader/Mixin) viafabricplus.mixins.json:features.block.interaction.MixinFlowerPotBlock from mod viafabricplus->@Inject::alwaysConsume(Lorg/spongepowered/asm/mixin/injection/callback/CallbackInfoReturnable;)V does use it's CallbackInfoReturnable
[13:17:44] [main/DEBUG] (FabricLoader/Mixin) Mixing OxidizableMixin from fabric-content-registries-v0.mixins.json into net.minecraft.block.Oxidizable
[13:17:44] [main/DEBUG] (FabricLoader/Mixin) fabric-content-registries-v0.mixins.json:OxidizableMixin from mod fabric-content-registries-v0->@Inject::createOxidationLevelIncreasesMap(Lorg/spongepowered/asm/mixin/injection/callback/CallbackInfoReturnable;)V does use it's CallbackInfoReturnable
[13:17:44] [main/DEBUG] (FabricLoader/Mixin) Mixing features.block.interaction.MixinAbstractSignBlock from viafabricplus.mixins.json into net.minecraft.block.AbstractSignBlock
[13:17:44] [main/DEBUG] (FabricLoader/Mixin) viafabricplus.mixins.json:features.block.interaction.MixinAbstractSignBlock from mod viafabricplus->@Inject::changeInteractionCalculation(Lnet/minecraft/item/ItemStack;Lnet/minecraft/block/BlockState;Lnet/minecraft/world/World;Lnet/minecraft/util/math/BlockPos;Lnet/minecraft/entity/player/PlayerEntity;Lnet/minecraft/util/Hand;Lnet/minecraft/util/hit/BlockHitResult;Lorg/spongepowered/asm/mixin/injection/callback/CallbackInfoReturnable;)V does use it's CallbackInfoReturnable
[13:17:44] [main/DEBUG] (FabricLoader/Mixin) Mixing features.block.shape.MixinFenceGateBlock from viafabricplus.mixins.json into net.minecraft.block.FenceGateBlock
[13:17:44] [main/DEBUG] (FabricLoader/Mixin) viafabricplus.mixins.json:features.block.shape.MixinFenceGateBlock from mod viafabricplus->@Inject::changeOutlineShape(Lnet/minecraft/block/BlockState;Lnet/minecraft/world/BlockView;Lnet/minecraft/util/math/BlockPos;Lnet/minecraft/block/ShapeContext;Lorg/spongepowered/asm/mixin/injection/callback/CallbackInfoReturnable;)V does use it's CallbackInfoReturnable
[13:17:44] [main/DEBUG] (FabricLoader/Mixin) viafabricplus.mixins.json:features.block.shape.MixinFenceGateBlock from mod viafabricplus->@Inject::changeCollisionShape(Lnet/minecraft/block/BlockState;Lnet/minecraft/world/BlockView;Lnet/minecraft/util/math/BlockPos;Lnet/minecraft/block/ShapeContext;Lorg/spongepowered/asm/mixin/injection/callback/CallbackInfoReturnable;)V does use it's CallbackInfoReturnable
[13:17:44] [main/DEBUG] (FabricLoader/Mixin) Mixing features.block.shape.MixinCarpetBlock from viafabricplus.mixins.json into net.minecraft.block.CarpetBlock
[13:17:44] [main/DEBUG] (FabricLoader/Mixin) Mixing features.block.shape.MixinPaneBlock from viafabricplus.mixins.json into net.minecraft.block.PaneBlock
[13:17:44] [main/DEBUG] (FabricLoader/Mixin) viafabricplus.mixins.json:features.block.shape.MixinPaneBlock from mod viafabricplus->@Inject::initShapes1_8(Lnet/minecraft/block/AbstractBlock$Settings;Lorg/spongepowered/asm/mixin/injection/callback/CallbackInfo;)V doesn't use it's CallbackInfo
[13:17:44] [main/DEBUG] (FabricLoader/Mixin) viafabricplus.mixins.json:features.block.shape.MixinPaneBlock from mod viafabricplus->@Inject::initShapes1_8(Lnet/minecraft/block/AbstractBlock$Settings;Lorg/spongepowered/asm/mixin/injection/callback/CallbackInfo;)V has 0 override(s) in child classes
[13:17:44] [main/DEBUG] (FabricLoader/Mixin) viafabricplus.mixins.json:features.block.shape.MixinPaneBlock from mod viafabricplus->@Inject::initShapes1_8(Lnet/minecraft/block/AbstractBlock$Settings;Lorg/spongepowered/asm/mixin/injection/callback/CallbackInfo;)V won't be passed a CallbackInfo as a result
[13:17:44] [main/DEBUG] (FabricLoader/Mixin) Mixing features.block.shape.MixinWallBlock from viafabricplus.mixins.json into net.minecraft.block.WallBlock
[13:17:44] [main/DEBUG] (FabricLoader/Mixin) Renaming synthetic method lambda$viaFabricPlus$getShapeIndex$0(Lnet/minecraft/block/BlockState;)I to mdd4350b$viafabricplus$lambda$viaFabricPlus$getShapeIndex$0$0 in viafabricplus.mixins.json:features.block.shape.MixinWallBlock from mod viafabricplus
[13:17:44] [main/DEBUG] (FabricLoader/Mixin) viafabricplus.mixins.json:features.block.shape.MixinWallBlock from mod viafabricplus->@Inject::initShapes1_12_2(Lnet/minecraft/block/AbstractBlock$Settings;Lorg/spongepowered/asm/mixin/injection/callback/CallbackInfo;)V doesn't use it's CallbackInfo
[13:17:44] [main/DEBUG] (FabricLoader/Mixin) viafabricplus.mixins.json:features.block.shape.MixinWallBlock from mod viafabricplus->@Inject::initShapes1_12_2(Lnet/minecraft/block/AbstractBlock$Settings;Lorg/spongepowered/asm/mixin/injection/callback/CallbackInfo;)V has 0 override(s) in child classes
[13:17:44] [main/DEBUG] (FabricLoader/Mixin) viafabricplus.mixins.json:features.block.shape.MixinWallBlock from mod viafabricplus->@Inject::initShapes1_12_2(Lnet/minecraft/block/AbstractBlock$Settings;Lorg/spongepowered/asm/mixin/injection/callback/CallbackInfo;)V won't be passed a CallbackInfo as a result
[13:17:44] [main/DEBUG] (FabricLoader/Mixin) viafabricplus.mixins.json:features.block.shape.MixinWallBlock from mod viafabricplus->@Inject::modifyPlacementState(Lorg/spongepowered/asm/mixin/injection/callback/CallbackInfoReturnable;)V does use it's CallbackInfoReturnable
[13:17:44] [main/DEBUG] (FabricLoader/Mixin) viafabricplus.mixins.json:features.block.shape.MixinWallBlock from mod viafabricplus->@Inject::modifyBlockState(Lorg/spongepowered/asm/mixin/injection/callback/CallbackInfoReturnable;)V does use it's CallbackInfoReturnable
[13:17:44] [main/DEBUG] (FabricLoader/Mixin) viafabricplus.mixins.json:features.block.shape.MixinWallBlock from mod viafabricplus->@Inject::modifyBlockState(Lorg/spongepowered/asm/mixin/injection/callback/CallbackInfoReturnable;)V does use it's CallbackInfoReturnable
[13:17:44] [main/DEBUG] (FabricLoader/Mixin) viafabricplus.mixins.json:features.block.shape.MixinWallBlock from mod viafabricplus->@Inject::modifyBlockState(Lorg/spongepowered/asm/mixin/injection/callback/CallbackInfoReturnable;)V does use it's CallbackInfoReturnable
[13:17:44] [main/DEBUG] (FabricLoader/Mixin) viafabricplus.mixins.json:features.block.shape.MixinWallBlock from mod viafabricplus->@Inject::changeCollisionShape(Lnet/minecraft/block/BlockState;Lnet/minecraft/world/BlockView;Lnet/minecraft/util/math/BlockPos;Lnet/minecraft/block/ShapeContext;Lorg/spongepowered/asm/mixin/injection/callback/CallbackInfoReturnable;)V does use it's CallbackInfoReturnable
[13:17:44] [main/DEBUG] (FabricLoader/Mixin) viafabricplus.mixins.json:features.block.shape.MixinWallBlock from mod viafabricplus->@Inject::changeOutlineShape(Lnet/minecraft/block/BlockState;Lnet/minecraft/world/BlockView;Lnet/minecraft/util/math/BlockPos;Lnet/minecraft/block/ShapeContext;Lorg/spongepowered/asm/mixin/injection/callback/CallbackInfoReturnable;)V does use it's CallbackInfoReturnable
[13:17:44] [main/DEBUG] (FabricLoader/Mixin) Mixing features.block.shape.MixinChestBlock from viafabricplus.mixins.json into net.minecraft.block.ChestBlock
[13:17:44] [main/DEBUG] (FabricLoader/Mixin) viafabricplus.mixins.json:features.block.shape.MixinChestBlock from mod viafabricplus->@Inject::changeOutlineShape(Lnet/minecraft/block/BlockState;Lnet/minecraft/world/BlockView;Lnet/minecraft/util/math/BlockPos;Lnet/minecraft/block/ShapeContext;Lorg/spongepowered/asm/mixin/injection/callback/CallbackInfoReturnable;)V does use it's CallbackInfoReturnable
[13:17:44] [main/DEBUG] (FabricLoader/Mixin) Mixing features.block.shape.MixinPistonBlock from viafabricplus.mixins.json into net.minecraft.block.PistonBlock
[13:17:44] [main/DEBUG] (FabricLoader/Mixin) viafabricplus.mixins.json:features.block.shape.MixinPistonBlock from mod viafabricplus->@Inject::changeOutlineShape(Lnet/minecraft/block/BlockState;Lnet/minecraft/world/BlockView;Lnet/minecraft/util/math/BlockPos;Lnet/minecraft/block/ShapeContext;Lorg/spongepowered/asm/mixin/injection/callback/CallbackInfoReturnable;)V does use it's CallbackInfoReturnable
[13:17:44] [main/DEBUG] (FabricLoader/Mixin) Mixing features.block.shape.MixinLeavesBlock from viafabricplus.mixins.json into net.minecraft.block.LeavesBlock
[13:17:44] [main/DEBUG] (FabricLoader/Mixin) viafabricplus.mixins.json:features.block.shape.MixinLeavesBlock from mod viafabricplus->@Inject::changeSidesShape(Lnet/minecraft/block/BlockState;Lnet/minecraft/world/BlockView;Lnet/minecraft/util/math/BlockPos;Lorg/spongepowered/asm/mixin/injection/callback/CallbackInfoReturnable;)V does use it's CallbackInfoReturnable
[13:17:44] [main/DEBUG] (FabricLoader/Mixin) Mixing BlockStateMixin from fabric-block-api-v1.mixins.json into net.minecraft.block.BlockState
[13:17:44] [main/DEBUG] (FabricLoader/Mixin) Mixing features.block.mining_calculation.MixinAbstractBlock_AbstractBlockState from viafabricplus.mixins.json into net.minecraft.block.AbstractBlock$AbstractBlockState
[13:17:44] [main/DEBUG] (FabricLoader/Mixin) Mixing render.impl.client.MixinAbstractBlockState from luxury.mixins.json into net.minecraft.block.AbstractBlock$AbstractBlockState
[13:17:44] [main/DEBUG] (FabricLoader/Mixin) Mixing AbstractBlockStateMixin from fabric-content-registries-v0.mixins.json into net.minecraft.block.AbstractBlock$AbstractBlockState
[13:17:44] [main/DEBUG] (FabricLoader/Mixin) viafabricplus.mixins.json:features.block.mining_calculation.MixinAbstractBlock_AbstractBlockState from mod viafabricplus->@Inject::changeHardness(Lnet/minecraft/world/BlockView;Lnet/minecraft/util/math/BlockPos;Lorg/spongepowered/asm/mixin/injection/callback/CallbackInfoReturnable;)V does use it's CallbackInfoReturnable
[13:17:44] [main/DEBUG] (FabricLoader/Mixin) luxury.mixins.json:render.impl.client.MixinAbstractBlockState from mod luxury->@Inject::removeCollision(Lnet/minecraft/world/BlockView;Lnet/minecraft/util/math/BlockPos;Lnet/minecraft/block/ShapeContext;Lorg/spongepowered/asm/mixin/injection/callback/CallbackInfoReturnable;)V does use it's CallbackInfoReturnable
[13:17:44] [main/DEBUG] (FabricLoader/Mixin) Mixing EntityTypeMixin from fabric-object-builder-v1.mixins.json into net.minecraft.entity.EntityType
[13:17:44] [main/DEBUG] (FabricLoader/Mixin) fabric-object-builder-v1.mixins.json:EntityTypeMixin from mod fabric-object-builder-api-v1->@Inject::onAlwaysUpdateVelocity(Lorg/spongepowered/asm/mixin/injection/callback/CallbackInfoReturnable;)V does use it's CallbackInfoReturnable
[13:17:44] [main/DEBUG] (FabricLoader/Mixin) fabric-object-builder-v1.mixins.json:EntityTypeMixin from mod fabric-object-builder-api-v1->@Inject::onCanPotentiallyExecuteCommands(Lorg/spongepowered/asm/mixin/injection/callback/CallbackInfoReturnable;)V does use it's CallbackInfoReturnable
[13:17:44] [main/DEBUG] (FabricLoader/Mixin) Mixing FluidMixin from fabric-transfer-api-v1.mixins.json into net.minecraft.fluid.Fluid
[13:17:44] [main/DEBUG] (FabricLoader/Mixin) fabric-transfer-api-v1.mixins.json:FluidMixin from mod fabric-transfer-api-v1->@Inject::hookGetBucketFillSound(Lorg/spongepowered/asm/mixin/injection/callback/CallbackInfoReturnable;)V does use it's CallbackInfoReturnable
[13:17:44] [main/DEBUG] (FabricLoader/Mixin) Mixing features.movement.water.MixinFlowableFluid from viafabricplus.mixins.json into net.minecraft.fluid.FlowableFluid
[13:17:44] [main/DEBUG] (FabricLoader/Mixin) Mixing ComponentMapBuilderMixin from fabric-item-api-v1.mixins.json into net.minecraft.component.ComponentMap$Builder
[13:17:44] [main/DEBUG] (FabricLoader/Mixin) Mixing BlockEntityMixin from fabric-rendering-data-attachment-v1.mixins.json into net.minecraft.block.entity.BlockEntity
[13:17:44] [main/DEBUG] (FabricLoader/Mixin) Mixing BlockEntityMixin from fabric-block-view-api-v2.mixins.json into net.minecraft.block.entity.BlockEntity
[13:17:44] [main/DEBUG] (FabricLoader/Mixin) Mixing AttachmentTargetsMixin from fabric-data-attachment-api-v1.mixins.json into net.minecraft.block.entity.BlockEntity
[13:17:44] [main/DEBUG] (FabricLoader/Mixin) Mixing BlockEntityMixin from fabric-data-attachment-api-v1.mixins.json into net.minecraft.block.entity.BlockEntity
[13:17:44] [main/DEBUG] (FabricLoader/Mixin) Renaming synthetic method lambda$fabric_syncChange$0(Lnet/fabricmc/fabric/api/attachment/v1/AttachmentType;Lnet/fabricmc/fabric/impl/attachment/sync/s2c/AttachmentSyncPayloadS2C;Lnet/minecraft/server/network/ServerPlayerEntity;)V to mdd4350b$fabric-data-attachment-api-v1$lambda$fabric_syncChange$0$0 in fabric-data-attachment-api-v1.mixins.json:BlockEntityMixin from mod fabric-data-attachment-api-v1
[13:17:44] [main/DEBUG] (FabricLoader/Mixin) fabric-data-attachment-api-v1.mixins.json:BlockEntityMixin from mod fabric-data-attachment-api-v1->@Inject::readBlockEntityAttachments(Lnet/minecraft/nbt/NbtCompound;Lnet/minecraft/registry/RegistryWrapper$WrapperLookup;Lorg/spongepowered/asm/mixin/injection/callback/CallbackInfo;)V doesn't use it's CallbackInfo
[13:17:44] [main/DEBUG] (FabricLoader/Mixin) fabric-data-attachment-api-v1.mixins.json:BlockEntityMixin from mod fabric-data-attachment-api-v1->@Inject::readBlockEntityAttachments(Lnet/minecraft/nbt/NbtCompound;Lnet/minecraft/registry/RegistryWrapper$WrapperLookup;Lorg/spongepowered/asm/mixin/injection/callback/CallbackInfo;)V has 0 override(s) in child classes
[13:17:44] [main/DEBUG] (FabricLoader/Mixin) fabric-data-attachment-api-v1.mixins.json:BlockEntityMixin from mod fabric-data-attachment-api-v1->@Inject::readBlockEntityAttachments(Lnet/minecraft/nbt/NbtCompound;Lnet/minecraft/registry/RegistryWrapper$WrapperLookup;Lorg/spongepowered/asm/mixin/injection/callback/CallbackInfo;)V won't be passed a CallbackInfo as a result
[13:17:44] [main/DEBUG] (FabricLoader/Mixin) fabric-data-attachment-api-v1.mixins.json:BlockEntityMixin from mod fabric-data-attachment-api-v1->@Inject::writeBlockEntityAttachments(Lnet/minecraft/registry/RegistryWrapper$WrapperLookup;Lorg/spongepowered/asm/mixin/injection/callback/CallbackInfoReturnable;)V does use it's CallbackInfoReturnable
[13:17:45] [main/DEBUG] (FabricLoader/Mixin) Mixing NamedScreenHandlerFactoryMixin from fabric-screen-handler-api-v1.mixins.json into net.minecraft.screen.NamedScreenHandlerFactory
[13:17:45] [main/DEBUG] (FabricLoader/Mixin) Mixing LockableContainerBlockEntityMixin from fabric-transfer-api-v1.mixins.json into net.minecraft.block.entity.LockableContainerBlockEntity
[13:17:45] [main/DEBUG] (FabricLoader/Mixin) Mixing features.block.interaction.MixinNoteBlock from viafabricplus.mixins.json into net.minecraft.block.NoteBlock
[13:17:45] [main/DEBUG] (FabricLoader/Mixin) viafabricplus.mixins.json:features.block.interaction.MixinNoteBlock from mod viafabricplus->@Inject::cancelMobHeadUsage(Lorg/spongepowered/asm/mixin/injection/callback/CallbackInfoReturnable;)V does use it's CallbackInfoReturnable
[13:17:45] [main/DEBUG] (FabricLoader/Mixin) Mixing features.block.shape.MixinAbstractRailBlock from viafabricplus.mixins.json into net.minecraft.block.AbstractRailBlock
[13:17:45] [main/DEBUG] (FabricLoader/Mixin) Mixing DetectorRailBlockMixin from fabric-object-builder-v1.mixins.json into net.minecraft.block.DetectorRailBlock
[13:17:45] [main/DEBUG] (FabricLoader/Mixin) Renaming synthetic method lambda$getCustomComparatorOutput$0(Lnet/minecraft/entity/Entity;)Z to mdd4350b$fabric-object-builder-api-v1$lambda$getCustomComparatorOutput$0$0 in fabric-object-builder-v1.mixins.json:DetectorRailBlockMixin from mod fabric-object-builder-api-v1
[13:17:45] [main/DEBUG] (FabricLoader/Mixin) fabric-object-builder-v1.mixins.json:DetectorRailBlockMixin from mod fabric-object-builder-api-v1->@Inject::getCustomComparatorOutput(Lnet/minecraft/block/BlockState;Lnet/minecraft/world/World;Lnet/minecraft/util/math/BlockPos;Lorg/spongepowered/asm/mixin/injection/callback/CallbackInfoReturnable;)V does use it's CallbackInfoReturnable
[13:17:45] [main/DEBUG] (FabricLoader/Mixin) Mixing features.block.shape.MixinPistonHeadBlock from viafabricplus.mixins.json into net.minecraft.block.PistonHeadBlock
[13:17:45] [main/DEBUG] (FabricLoader/Mixin) viafabricplus.mixins.json:features.block.shape.MixinPistonHeadBlock from mod viafabricplus->@Inject::changeOutlineShape(Lnet/minecraft/block/BlockState;Lnet/minecraft/world/BlockView;Lnet/minecraft/util/math/BlockPos;Lnet/minecraft/block/ShapeContext;Lorg/spongepowered/asm/mixin/injection/callback/CallbackInfoReturnable;)V does use it's CallbackInfoReturnable
[13:17:45] [main/DEBUG] (FabricLoader/Mixin) Mixing features.limitation.allow_negative_amplifier.MixinStatusEffectInstance from viafabricplus.mixins.json into net.minecraft.entity.effect.StatusEffectInstance
[13:17:45] [main/DEBUG] (FabricLoader/Mixin) Mixing features.entity.interaction.MixinMobEntity from viafabricplus.mixins.json into net.minecraft.entity.mob.MobEntity
[13:17:45] [main/DEBUG] (FabricLoader/Mixin) Mixing MobEntityMixin from fabric-entity-events-v1.mixins.json into net.minecraft.entity.mob.MobEntity
[13:17:45] [main/DEBUG] (FabricLoader/Mixin) viafabricplus.mixins.json:features.entity.interaction.MixinMobEntity from mod viafabricplus->@Inject::moveItemInteractionsAfterLeashing(Lnet/minecraft/entity/player/PlayerEntity;Lnet/minecraft/util/Hand;Lorg/spongepowered/asm/mixin/injection/callback/CallbackInfoReturnable;)V does use it's CallbackInfoReturnable
[13:17:45] [main/DEBUG] (FabricLoader/Mixin) Mixing ChiseledBookshelfBlockEntityMixin from fabric-transfer-api-v1.mixins.json into net.minecraft.block.entity.ChiseledBookshelfBlockEntity
[13:17:45] [main/DEBUG] (FabricLoader/Mixin) fabric-transfer-api-v1.mixins.json:ChiseledBookshelfBlockEntityMixin from mod fabric-transfer-api-v1->@Inject::setStackBypass(ILnet/minecraft/item/ItemStack;Lorg/spongepowered/asm/mixin/injection/callback/CallbackInfo;)V does use it's CallbackInfo
[13:17:45] [main/DEBUG] (FabricLoader/Mixin) Mixing BlockEntityTypeMixin from fabric-object-builder-v1.mixins.json into net.minecraft.block.entity.BlockEntityType
[13:17:45] [main/DEBUG] (FabricLoader/Mixin) Mixing BlockEntityTypeAccessor from fabric-api-lookup-api-v1.mixins.json into net.minecraft.block.entity.BlockEntityType
[13:17:45] [main/DEBUG] (FabricLoader/Mixin) fabric-object-builder-v1.mixins.json:BlockEntityTypeMixin from mod fabric-object-builder-api-v1->@Inject::mutableBlocks(Lnet/minecraft/block/entity/BlockEntityType$BlockEntityFactory;Ljava/util/Set;Lorg/spongepowered/asm/mixin/injection/callback/CallbackInfo;)V doesn't use it's CallbackInfo
[13:17:45] [main/DEBUG] (FabricLoader/Mixin) fabric-object-builder-v1.mixins.json:BlockEntityTypeMixin from mod fabric-object-builder-api-v1->@Inject::mutableBlocks(Lnet/minecraft/block/entity/BlockEntityType$BlockEntityFactory;Ljava/util/Set;Lorg/spongepowered/asm/mixin/injection/callback/CallbackInfo;)V has 0 override(s) in child classes
[13:17:45] [main/DEBUG] (FabricLoader/Mixin) fabric-object-builder-v1.mixins.json:BlockEntityTypeMixin from mod fabric-object-builder-api-v1->@Inject::mutableBlocks(Lnet/minecraft/block/entity/BlockEntityType$BlockEntityFactory;Ljava/util/Set;Lorg/spongepowered/asm/mixin/injection/callback/CallbackInfo;)V won't be passed a CallbackInfo as a result
[13:17:45] [main/DEBUG] (FabricLoader/Mixin) Mixing features.interaction.container_clicking.MixinScreenHandler from viafabricplus.mixins.json into net.minecraft.screen.ScreenHandler
[13:17:45] [main/DEBUG] (FabricLoader/Mixin) Mixing features.emulation.recipe.MixinCraftingScreenHandler from viafabricplus.mixins.json into net.minecraft.screen.CraftingScreenHandler
[13:17:45] [main/DEBUG] (FabricLoader/Mixin) Mixing features.interaction.container_clicking.MixinCraftingScreenHandler from viafabricplus.mixins.json into net.minecraft.screen.CraftingScreenHandler
[13:17:45] [main/DEBUG] (FabricLoader/Mixin) viafabricplus.mixins.json:features.emulation.recipe.MixinCraftingScreenHandler from mod viafabricplus->@Inject::clientSideCrafting(Lnet/minecraft/inventory/Inventory;Lorg/spongepowered/asm/mixin/injection/callback/CallbackInfo;)V doesn't use it's CallbackInfo
[13:17:45] [main/DEBUG] (FabricLoader/Mixin) viafabricplus.mixins.json:features.emulation.recipe.MixinCraftingScreenHandler from mod viafabricplus->@Inject::clientSideCrafting(Lnet/minecraft/inventory/Inventory;Lorg/spongepowered/asm/mixin/injection/callback/CallbackInfo;)V has 0 override(s) in child classes
[13:17:45] [main/DEBUG] (FabricLoader/Mixin) viafabricplus.mixins.json:features.emulation.recipe.MixinCraftingScreenHandler from mod viafabricplus->@Inject::clientSideCrafting(Lnet/minecraft/inventory/Inventory;Lorg/spongepowered/asm/mixin/injection/callback/CallbackInfo;)V won't be passed a CallbackInfo as a result
[13:17:45] [main/DEBUG] (FabricLoader/Mixin) Mixing features.block.shape.MixinCropBlock from viafabricplus.mixins.json into net.minecraft.block.CropBlock
[13:17:45] [main/DEBUG] (FabricLoader/Mixin) viafabricplus.mixins.json:features.block.shape.MixinCropBlock from mod viafabricplus->@Inject::changeOutlineShape(Lorg/spongepowered/asm/mixin/injection/callback/CallbackInfoReturnable;)V does use it's CallbackInfoReturnable
[13:17:45] [main/DEBUG] (FabricLoader/Mixin) Mixing features.block.shape.MixinFarmlandBlock from viafabricplus.mixins.json into net.minecraft.block.FarmlandBlock
[13:17:45] [main/DEBUG] (FabricLoader/Mixin) viafabricplus.mixins.json:features.block.shape.MixinFarmlandBlock from mod viafabricplus->@Inject::changeOutlineShape(Lnet/minecraft/block/BlockState;Lnet/minecraft/world/BlockView;Lnet/minecraft/util/math/BlockPos;Lnet/minecraft/block/ShapeContext;Lorg/spongepowered/asm/mixin/injection/callback/CallbackInfoReturnable;)V does use it's CallbackInfoReturnable
[13:17:45] [main/DEBUG] (FabricLoader/Mixin) Mixing AbstractFurnaceBlockEntityMixin from fabric-transfer-api-v1.mixins.json into net.minecraft.block.entity.AbstractFurnaceBlockEntity
[13:17:45] [main/DEBUG] (FabricLoader/Mixin) Mixing AbstractFurnaceBlockEntityMixin from fabric-item-api-v1.mixins.json into net.minecraft.block.entity.AbstractFurnaceBlockEntity
[13:17:45] [main/DEBUG] (FabricLoader/Mixin) fabric-transfer-api-v1.mixins.json:AbstractFurnaceBlockEntityMixin from mod fabric-transfer-api-v1->@Inject::setStackSuppressUpdate(ILnet/minecraft/item/ItemStack;Lorg/spongepowered/asm/mixin/injection/callback/CallbackInfo;)V does use it's CallbackInfo
[13:17:45] [main/DEBUG] (FabricLoader/Mixin) fabric-item-api-v1.mixins.json:AbstractFurnaceBlockEntityMixin from mod fabric-item-api-v1->@Inject::getStackRemainder(Lnet/minecraft/server/world/ServerWorld;Lnet/minecraft/util/math/BlockPos;Lnet/minecraft/block/BlockState;Lnet/minecraft/block/entity/AbstractFurnaceBlockEntity;Lorg/spongepowered/asm/mixin/injection/callback/CallbackInfo;ZZLnet/minecraft/item/ItemStack;Lnet/minecraft/item/ItemStack;ZZLnet/minecraft/recipe/RecipeEntry;Lnet/minecraft/recipe/input/SingleStackRecipeInput;I)V doesn't use it's CallbackInfo
[13:17:45] [main/DEBUG] (FabricLoader/Mixin) Mixing WoodTypeMixin from fabric-object-builder-v1.client.mixins.json into net.minecraft.block.WoodType
[13:17:45] [main/DEBUG] (FabricLoader/Mixin) fabric-object-builder-v1.client.mixins.json:WoodTypeMixin from mod fabric-object-builder-api-v1->@Inject::onReturnRegister(Lnet/minecraft/block/WoodType;Lorg/spongepowered/asm/mixin/injection/callback/CallbackInfoReturnable;)V doesn't use it's CallbackInfoReturnable
[13:17:45] [main/DEBUG] (FabricLoader/Mixin) Mixing features.block.shape.MixinLadderBlock from viafabricplus.mixins.json into net.minecraft.block.LadderBlock
[13:17:45] [main/DEBUG] (FabricLoader/Mixin) viafabricplus.mixins.json:features.block.shape.MixinLadderBlock from mod viafabricplus->@Inject::changeOutlineShape(Lnet/minecraft/block/BlockState;Lnet/minecraft/world/BlockView;Lnet/minecraft/util/math/BlockPos;Lnet/minecraft/block/ShapeContext;Lorg/spongepowered/asm/mixin/injection/callback/CallbackInfoReturnable;)V does use it's CallbackInfoReturnable
[13:17:45] [main/DEBUG] (FabricLoader/Mixin) Mixing features.block.shape.MixinSnowBlock from viafabricplus.mixins.json into net.minecraft.block.SnowBlock
[13:17:45] [main/DEBUG] (FabricLoader/Mixin) viafabricplus.mixins.json:features.block.shape.MixinSnowBlock from mod viafabricplus->@Inject::changeCollisionShape(Lnet/minecraft/block/BlockState;Lnet/minecraft/world/BlockView;Lnet/minecraft/util/math/BlockPos;Lnet/minecraft/block/ShapeContext;Lorg/spongepowered/asm/mixin/injection/callback/CallbackInfoReturnable;)V does use it's CallbackInfoReturnable
[13:17:45] [main/DEBUG] (FabricLoader/Mixin) Mixing JukeboxBlockEntityMixin from fabric-transfer-api-v1.mixins.json into net.minecraft.block.entity.JukeboxBlockEntity
[13:17:45] [main/DEBUG] (FabricLoader/Mixin) fabric-transfer-api-v1.mixins.json:JukeboxBlockEntityMixin from mod fabric-transfer-api-v1->@Inject::setStackBypass(Lnet/minecraft/item/ItemStack;Lorg/spongepowered/asm/mixin/injection/callback/CallbackInfo;)V does use it's CallbackInfo
[13:17:45] [main/DEBUG] (FabricLoader/Mixin) Mixing features.block.interaction.MixinFenceBlock from viafabricplus.mixins.json into net.minecraft.block.FenceBlock
[13:17:45] [main/DEBUG] (FabricLoader/Mixin) Mixing features.block.shape.MixinFenceBlock from viafabricplus.mixins.json into net.minecraft.block.FenceBlock
[13:17:45] [main/DEBUG] (FabricLoader/Mixin) viafabricplus.mixins.json:features.block.shape.MixinFenceBlock from mod viafabricplus->@Inject::init1_4_7Shapes(Lnet/minecraft/block/AbstractBlock$Settings;Lorg/spongepowered/asm/mixin/injection/callback/CallbackInfo;)V doesn't use it's CallbackInfo
[13:17:45] [main/DEBUG] (FabricLoader/Mixin) viafabricplus.mixins.json:features.block.shape.MixinFenceBlock from mod viafabricplus->@Inject::init1_4_7Shapes(Lnet/minecraft/block/AbstractBlock$Settings;Lorg/spongepowered/asm/mixin/injection/callback/CallbackInfo;)V has 0 override(s) in child classes
[13:17:45] [main/DEBUG] (FabricLoader/Mixin) viafabricplus.mixins.json:features.block.shape.MixinFenceBlock from mod viafabricplus->@Inject::init1_4_7Shapes(Lnet/minecraft/block/AbstractBlock$Settings;Lorg/spongepowered/asm/mixin/injection/callback/CallbackInfo;)V won't be passed a CallbackInfo as a result
[13:17:45] [main/DEBUG] (FabricLoader/Mixin) Mixing features.block.shape.MixinSoulSandBlock from viafabricplus.mixins.json into net.minecraft.block.SoulSandBlock
[13:17:45] [main/DEBUG] (FabricLoader/Mixin) Mixing features.movement.collision.MixinSoulSandBlock from viafabricplus.mixins.json into net.minecraft.block.SoulSandBlock
[13:17:45] [main/DEBUG] (FabricLoader/Mixin) viafabricplus.mixins.json:features.block.shape.MixinSoulSandBlock from mod viafabricplus->@Inject::changeSidesShape(Lnet/minecraft/block/BlockState;Lnet/minecraft/world/BlockView;Lnet/minecraft/util/math/BlockPos;Lorg/spongepowered/asm/mixin/injection/callback/CallbackInfoReturnable;)V does use it's CallbackInfoReturnable
[13:17:46] [main/DEBUG] (FabricLoader/Mixin) Mixing features.block.shape.MixinLilyPadBlock from viafabricplus.mixins.json into net.minecraft.block.LilyPadBlock
[13:17:46] [main/DEBUG] (FabricLoader/Mixin) viafabricplus.mixins.json:features.block.shape.MixinLilyPadBlock from mod viafabricplus->@Inject::changeOutlineShape(Lnet/minecraft/block/BlockState;Lnet/minecraft/world/BlockView;Lnet/minecraft/util/math/BlockPos;Lnet/minecraft/block/ShapeContext;Lorg/spongepowered/asm/mixin/injection/callback/CallbackInfoReturnable;)V does use it's CallbackInfoReturnable
[13:17:46] [main/DEBUG] (FabricLoader/Mixin) Mixing features.block.shape.MixinBrewingStandBlock from viafabricplus.mixins.json into net.minecraft.block.BrewingStandBlock
[13:17:46] [main/DEBUG] (FabricLoader/Mixin) viafabricplus.mixins.json:features.block.shape.MixinBrewingStandBlock from mod viafabricplus->@Inject::changeOutlineShape(Lnet/minecraft/block/BlockState;Lnet/minecraft/world/BlockView;Lnet/minecraft/util/math/BlockPos;Lnet/minecraft/block/ShapeContext;Lorg/spongepowered/asm/mixin/injection/callback/CallbackInfoReturnable;)V does use it's CallbackInfoReturnable
[13:17:46] [main/DEBUG] (FabricLoader/Mixin) Mixing BrewingStandBlockEntityMixin from fabric-item-api-v1.mixins.json into net.minecraft.block.entity.BrewingStandBlockEntity
[13:17:46] [main/DEBUG] (FabricLoader/Mixin) fabric-item-api-v1.mixins.json:BrewingStandBlockEntityMixin from mod fabric-item-api-v1->@Inject::captureItemStack(Lnet/minecraft/world/World;Lnet/minecraft/util/math/BlockPos;Lnet/minecraft/util/collection/DefaultedList;Lorg/spongepowered/asm/mixin/injection/callback/CallbackInfo;Lnet/minecraft/item/ItemStack;)V doesn't use it's CallbackInfo
[13:17:46] [main/DEBUG] (FabricLoader/Mixin) Mixing features.block.shape.MixinCauldronBlock from viafabricplus.mixins.json into net.minecraft.block.CauldronBlock
[13:17:46] [main/DEBUG] (FabricLoader/Mixin) Mixing features.item.attack_damage.MixinItemStack from viafabricplus.mixins.json into net.minecraft.item.ItemStack
[13:17:46] [main/DEBUG] (FabricLoader/Mixin) Mixing features.item.r1_14_4_enchantment_tooltip.MixinItemStack from viafabricplus.mixins.json into net.minecraft.item.ItemStack
[13:17:46] [main/DEBUG] (FabricLoader/Mixin) Renaming synthetic method lambda$viaFabricPlus$appendEnchantments1_14_4$1(Lnet/minecraft/nbt/NbtCompound;Lnet/minecraft/registry/RegistryWrapper$WrapperLookup;Ljava/util/function/Consumer;Lnet/minecraft/registry/RegistryKey;)V to mdd4350b$viafabricplus$lambda$viaFabricPlus$appendEnchantments1_14_4$1$0 in viafabricplus.mixins.json:features.item.r1_14_4_enchantment_tooltip.MixinItemStack from mod viafabricplus
[13:17:46] [main/DEBUG] (FabricLoader/Mixin) Renaming synthetic method lambda$viaFabricPlus$appendEnchantments1_14_4$0(Ljava/util/function/Consumer;ILnet/minecraft/registry/entry/RegistryEntry$Reference;)V to mdd4350b$viafabricplus$lambda$viaFabricPlus$appendEnchantments1_14_4$0$1 in viafabricplus.mixins.json:features.item.r1_14_4_enchantment_tooltip.MixinItemStack from mod viafabricplus
[13:17:46] [main/DEBUG] (FabricLoader/Mixin) Mixing ItemStackMixin from fabric-item-api-v1.mixins.json into net.minecraft.item.ItemStack
[13:17:46] [main/DEBUG] (FabricLoader/Mixin) Renaming synthetic method lambda$hookDamage$0(Lorg/apache/commons/lang3/mutable/MutableBoolean;Ljava/util/function/Consumer;)V to mdd4350b$fabric-item-api-v1$lambda$hookDamage$0$2 in fabric-item-api-v1.mixins.json:ItemStackMixin from mod fabric-item-api-v1
[13:17:46] [main/DEBUG] (FabricLoader/Mixin) Mixing ItemStackMixin from fabric-item-api-v1.client.mixins.json into net.minecraft.item.ItemStack
[13:17:46] [main/DEBUG] (FabricLoader/Mixin) viafabricplus.mixins.json:features.item.r1_14_4_enchantment_tooltip.MixinItemStack from mod viafabricplus->@Inject::replaceEnchantmentTooltip(Lnet/minecraft/component/ComponentType;Lnet/minecraft/item/Item$TooltipContext;Ljava/util/function/Consumer;Lnet/minecraft/item/tooltip/TooltipType;Lorg/spongepowered/asm/mixin/injection/callback/CallbackInfo;)V does use it's CallbackInfo
[13:17:46] [main/DEBUG] (FabricLoader/Mixin) fabric-item-api-v1.client.mixins.json:ItemStackMixin from mod fabric-item-api-v1->@Inject::getTooltip(Lnet/minecraft/item/Item$TooltipContext;Lnet/minecraft/entity/player/PlayerEntity;Lnet/minecraft/item/tooltip/TooltipType;Lorg/spongepowered/asm/mixin/injection/callback/CallbackInfoReturnable;)V does use it's CallbackInfoReturnable
[13:17:46] [main/DEBUG] (FabricLoader/Mixin) Mixing features.block.shape.MixinEndPortalBlock from viafabricplus.mixins.json into net.minecraft.block.EndPortalBlock
[13:17:46] [main/DEBUG] (FabricLoader/Mixin) viafabricplus.mixins.json:features.block.shape.MixinEndPortalBlock from mod viafabricplus->@Inject::changeOutlineShape(Lnet/minecraft/block/BlockState;Lnet/minecraft/world/BlockView;Lnet/minecraft/util/math/BlockPos;Lnet/minecraft/block/ShapeContext;Lorg/spongepowered/asm/mixin/injection/callback/CallbackInfoReturnable;)V does use it's CallbackInfoReturnable
[13:17:46] [main/DEBUG] (FabricLoader/Mixin) Mixing features.block.shape.MixinEndPortalFrameBlock from viafabricplus.mixins.json into net.minecraft.block.EndPortalFrameBlock
[13:17:46] [main/DEBUG] (FabricLoader/Mixin) viafabricplus.mixins.json:features.block.shape.MixinEndPortalFrameBlock from mod viafabricplus->@Inject::changeOutlineShape(Lnet/minecraft/block/BlockState;Lnet/minecraft/world/BlockView;Lnet/minecraft/util/math/BlockPos;Lnet/minecraft/block/ShapeContext;Lorg/spongepowered/asm/mixin/injection/callback/CallbackInfoReturnable;)V does use it's CallbackInfoReturnable
[13:17:46] [main/DEBUG] (FabricLoader/Mixin) Mixing features.block.shape.MixinEnderChestBlock from viafabricplus.mixins.json into net.minecraft.block.EnderChestBlock
[13:17:46] [main/DEBUG] (FabricLoader/Mixin) viafabricplus.mixins.json:features.block.shape.MixinEnderChestBlock from mod viafabricplus->@Inject::changeOutlineShape(Lnet/minecraft/block/BlockState;Lnet/minecraft/world/BlockView;Lnet/minecraft/util/math/BlockPos;Lnet/minecraft/block/ShapeContext;Lorg/spongepowered/asm/mixin/injection/callback/CallbackInfoReturnable;)V does use it's CallbackInfoReturnable
[13:17:46] [main/DEBUG] (FabricLoader/Mixin) Mixing features.block.shape.MixinAnvilBlock from viafabricplus.mixins.json into net.minecraft.block.AnvilBlock
[13:17:46] [main/DEBUG] (FabricLoader/Mixin) viafabricplus.mixins.json:features.block.shape.MixinAnvilBlock from mod viafabricplus->@Inject::changeOutlineShape(Lnet/minecraft/block/BlockState;Lnet/minecraft/world/BlockView;Lnet/minecraft/util/math/BlockPos;Lnet/minecraft/block/ShapeContext;Lorg/spongepowered/asm/mixin/injection/callback/CallbackInfoReturnable;)V does use it's CallbackInfoReturnable
[13:17:46] [main/DEBUG] (FabricLoader/Mixin) Mixing AnvilScreenHandlerMixin from fabric-item-api-v1.mixins.json into net.minecraft.screen.AnvilScreenHandler
[13:17:46] [main/DEBUG] (FabricLoader/Mixin) Mixing features.block.shape.MixinHopperBlock from viafabricplus.mixins.json into net.minecraft.block.HopperBlock
[13:17:46] [main/DEBUG] (FabricLoader/Mixin) viafabricplus.mixins.json:features.block.shape.MixinHopperBlock from mod viafabricplus->@Inject::changeOutlineShape(Lnet/minecraft/block/BlockState;Lnet/minecraft/world/BlockView;Lnet/minecraft/util/math/BlockPos;Lnet/minecraft/block/ShapeContext;Lorg/spongepowered/asm/mixin/injection/callback/CallbackInfoReturnable;)V does use it's CallbackInfoReturnable
[13:17:46] [main/DEBUG] (FabricLoader/Mixin) viafabricplus.mixins.json:features.block.shape.MixinHopperBlock from mod viafabricplus->@Inject::changeRaycastShape(Lnet/minecraft/block/BlockState;Lnet/minecraft/world/BlockView;Lnet/minecraft/util/math/BlockPos;Lorg/spongepowered/asm/mixin/injection/callback/CallbackInfoReturnable;)V does use it's CallbackInfoReturnable
[13:17:46] [main/DEBUG] (FabricLoader/Mixin) Mixing HopperBlockEntityMixin from fabric-transfer-api-v1.mixins.json into net.minecraft.block.entity.HopperBlockEntity
[13:17:46] [main/DEBUG] (FabricLoader/Mixin) Renaming synthetic method lambda$hookExtract$1(Lnet/fabricmc/fabric/api/transfer/v1/item/ItemVariant;)Z to mdd4350b$fabric-transfer-api-v1$lambda$hookExtract$1$0 in fabric-transfer-api-v1.mixins.json:HopperBlockEntityMixin from mod fabric-transfer-api-v1
[13:17:46] [main/DEBUG] (FabricLoader/Mixin) Renaming synthetic method lambda$hookInsert$0(Lnet/fabricmc/fabric/api/transfer/v1/item/ItemVariant;)Z to mdd4350b$fabric-transfer-api-v1$lambda$hookInsert$0$1 in fabric-transfer-api-v1.mixins.json:HopperBlockEntityMixin from mod fabric-transfer-api-v1
[13:17:46] [main/DEBUG] (FabricLoader/Mixin) fabric-transfer-api-v1.mixins.json:HopperBlockEntityMixin from mod fabric-transfer-api-v1->@Inject::hookInsert(Lnet/minecraft/world/World;Lnet/minecraft/util/math/BlockPos;Lnet/minecraft/block/entity/HopperBlockEntity;Lorg/spongepowered/asm/mixin/injection/callback/CallbackInfoReturnable;)V does use it's CallbackInfoReturnable
[13:17:46] [main/DEBUG] (FabricLoader/Mixin) fabric-transfer-api-v1.mixins.json:HopperBlockEntityMixin from mod fabric-transfer-api-v1->@Inject::hookExtract(Lnet/minecraft/world/World;Lnet/minecraft/block/entity/Hopper;Lorg/spongepowered/asm/mixin/injection/callback/CallbackInfoReturnable;)V does use it's CallbackInfoReturnable
[13:17:46] [main/DEBUG] (FabricLoader/Mixin) Mixing DropperBlockMixin from fabric-transfer-api-v1.mixins.json into net.minecraft.block.DropperBlock
[13:17:46] [main/DEBUG] (FabricLoader/Mixin) Renaming synthetic method lambda$hookDispense$0(Lnet/fabricmc/fabric/api/transfer/v1/item/ItemVariant;)Z to mdd4350b$fabric-transfer-api-v1$lambda$hookDispense$0$0 in fabric-transfer-api-v1.mixins.json:DropperBlockMixin from mod fabric-transfer-api-v1
[13:17:46] [main/DEBUG] (FabricLoader/Mixin) fabric-transfer-api-v1.mixins.json:DropperBlockMixin from mod fabric-transfer-api-v1->@Inject::hookDispense(Lnet/minecraft/server/world/ServerWorld;Lnet/minecraft/block/BlockState;Lnet/minecraft/util/math/BlockPos;Lorg/spongepowered/asm/mixin/injection/callback/CallbackInfo;)V does use it's CallbackInfo
[13:17:46] [main/DEBUG] (FabricLoader/Mixin) Mixing BannerBlockEntityMixin from fabric-data-attachment-api-v1.mixins.json into net.minecraft.block.entity.BannerBlockEntity
[13:17:46] [main/DEBUG] (FabricLoader/Mixin) Mixing features.entity.interaction.MixinAnimalEntity from viafabricplus.mixins.json into net.minecraft.entity.passive.AnimalEntity
[13:17:47] [main/DEBUG] (FabricLoader/Mixin) Mixing features.movement.collision.MixinHoneyBlock from viafabricplus.mixins.json into net.minecraft.block.HoneyBlock
[13:17:47] [main/DEBUG] (FabricLoader/Mixin) viafabricplus.mixins.json:features.movement.collision.MixinHoneyBlock from mod viafabricplus->@Inject::simplifyVelocityComparisons(DLorg/spongepowered/asm/mixin/injection/callback/CallbackInfoReturnable;)V does use it's CallbackInfoReturnable
[13:17:47] [main/DEBUG] (FabricLoader/Mixin) viafabricplus.mixins.json:features.movement.collision.MixinHoneyBlock from mod viafabricplus->@Inject::simplifyVelocityComparisons(DLorg/spongepowered/asm/mixin/injection/callback/CallbackInfoReturnable;)V does use it's CallbackInfoReturnable
[13:17:47] [main/DEBUG] (FabricLoader/Mixin) Mixing features.block.shape.MixinFlowerbedBlock from viafabricplus.mixins.json into net.minecraft.block.FlowerbedBlock
[13:17:47] [main/DEBUG] (FabricLoader/Mixin) viafabricplus.mixins.json:features.block.shape.MixinFlowerbedBlock from mod viafabricplus->@Inject::changeOutlineShape(Lnet/minecraft/block/BlockState;Lnet/minecraft/world/BlockView;Lnet/minecraft/util/math/BlockPos;Lnet/minecraft/block/ShapeContext;Lorg/spongepowered/asm/mixin/injection/callback/CallbackInfoReturnable;)V does use it's CallbackInfoReturnable
[13:17:47] [main/DEBUG] (FabricLoader/Mixin) Mixing features.block.interaction.MixinDecoratedPotBlock from viafabricplus.mixins.json into net.minecraft.block.DecoratedPotBlock
[13:17:47] [main/DEBUG] (FabricLoader/Mixin) viafabricplus.mixins.json:features.block.interaction.MixinDecoratedPotBlock from mod viafabricplus->@Inject::alwaysPass(Lnet/minecraft/item/ItemStack;Lnet/minecraft/block/BlockState;Lnet/minecraft/world/World;Lnet/minecraft/util/math/BlockPos;Lnet/minecraft/entity/player/PlayerEntity;Lnet/minecraft/util/Hand;Lnet/minecraft/util/hit/BlockHitResult;Lorg/spongepowered/asm/mixin/injection/callback/CallbackInfoReturnable;)V does use it's CallbackInfoReturnable
[13:17:47] [main/DEBUG] (FabricLoader/Mixin) Mixing CrafterBlockMixin from fabric-transfer-api-v1.mixins.json into net.minecraft.block.CrafterBlock
[13:17:47] [main/DEBUG] (FabricLoader/Mixin) fabric-transfer-api-v1.mixins.json:CrafterBlockMixin from mod fabric-transfer-api-v1->@Inject::transferOrSpawnStack(Lnet/minecraft/server/world/ServerWorld;Lnet/minecraft/util/math/BlockPos;Lnet/minecraft/block/entity/CrafterBlockEntity;Lnet/minecraft/item/ItemStack;Lnet/minecraft/block/BlockState;Lnet/minecraft/recipe/RecipeEntry;Lorg/spongepowered/asm/mixin/injection/callback/CallbackInfo;)V doesn't use it's CallbackInfo
[13:17:47] [main/DEBUG] (FabricLoader/Mixin) fabric-transfer-api-v1.mixins.json:CrafterBlockMixin from mod fabric-transfer-api-v1->@Inject::transferOrSpawnStack(Lnet/minecraft/server/world/ServerWorld;Lnet/minecraft/util/math/BlockPos;Lnet/minecraft/block/entity/CrafterBlockEntity;Lnet/minecraft/item/ItemStack;Lnet/minecraft/block/BlockState;Lnet/minecraft/recipe/RecipeEntry;Lorg/spongepowered/asm/mixin/injection/callback/CallbackInfo;)V has 0 override(s) in child classes
[13:17:47] [main/DEBUG] (FabricLoader/Mixin) fabric-transfer-api-v1.mixins.json:CrafterBlockMixin from mod fabric-transfer-api-v1->@Inject::transferOrSpawnStack(Lnet/minecraft/server/world/ServerWorld;Lnet/minecraft/util/math/BlockPos;Lnet/minecraft/block/entity/CrafterBlockEntity;Lnet/minecraft/item/ItemStack;Lnet/minecraft/block/BlockState;Lnet/minecraft/recipe/RecipeEntry;Lorg/spongepowered/asm/mixin/injection/callback/CallbackInfo;)V won't be passed a CallbackInfo as a result
[13:17:47] [main/DEBUG] (FabricLoader/Mixin) fabric-transfer-api-v1.mixins.json:CrafterBlockMixin from mod fabric-transfer-api-v1->@Inject::transferOrSpawnStack(Lnet/minecraft/server/world/ServerWorld;Lnet/minecraft/util/math/BlockPos;Lnet/minecraft/block/entity/CrafterBlockEntity;Lnet/minecraft/item/ItemStack;Lnet/minecraft/block/BlockState;Lnet/minecraft/recipe/RecipeEntry;Lorg/spongepowered/asm/mixin/injection/callback/CallbackInfo;)V doesn't use it's CallbackInfo
[13:17:47] [main/DEBUG] (FabricLoader/Mixin) fabric-transfer-api-v1.mixins.json:CrafterBlockMixin from mod fabric-transfer-api-v1->@Inject::transferOrSpawnStack(Lnet/minecraft/server/world/ServerWorld;Lnet/minecraft/util/math/BlockPos;Lnet/minecraft/block/entity/CrafterBlockEntity;Lnet/minecraft/item/ItemStack;Lnet/minecraft/block/BlockState;Lnet/minecraft/recipe/RecipeEntry;Lorg/spongepowered/asm/mixin/injection/callback/CallbackInfo;)V has 0 override(s) in child classes
[13:17:47] [main/DEBUG] (FabricLoader/Mixin) fabric-transfer-api-v1.mixins.json:CrafterBlockMixin from mod fabric-transfer-api-v1->@Inject::transferOrSpawnStack(Lnet/minecraft/server/world/ServerWorld;Lnet/minecraft/util/math/BlockPos;Lnet/minecraft/block/entity/CrafterBlockEntity;Lnet/minecraft/item/ItemStack;Lnet/minecraft/block/BlockState;Lnet/minecraft/recipe/RecipeEntry;Lorg/spongepowered/asm/mixin/injection/callback/CallbackInfo;)V won't be passed a CallbackInfo as a result
[13:17:47] [main/DEBUG] (FabricLoader/Mixin) fabric-transfer-api-v1.mixins.json:CrafterBlockMixin from mod fabric-transfer-api-v1->@Inject::transferOrSpawnStack(Lnet/minecraft/server/world/ServerWorld;Lnet/minecraft/util/math/BlockPos;Lnet/minecraft/block/entity/CrafterBlockEntity;Lnet/minecraft/item/ItemStack;Lnet/minecraft/block/BlockState;Lnet/minecraft/recipe/RecipeEntry;Lorg/spongepowered/asm/mixin/injection/callback/CallbackInfo;)V doesn't use it's CallbackInfo
[13:17:47] [main/DEBUG] (FabricLoader/Mixin) fabric-transfer-api-v1.mixins.json:CrafterBlockMixin from mod fabric-transfer-api-v1->@Inject::transferOrSpawnStack(Lnet/minecraft/server/world/ServerWorld;Lnet/minecraft/util/math/BlockPos;Lnet/minecraft/block/entity/CrafterBlockEntity;Lnet/minecraft/item/ItemStack;Lnet/minecraft/block/BlockState;Lnet/minecraft/recipe/RecipeEntry;Lorg/spongepowered/asm/mixin/injection/callback/CallbackInfo;)V has 0 override(s) in child classes
[13:17:47] [main/DEBUG] (FabricLoader/Mixin) fabric-transfer-api-v1.mixins.json:CrafterBlockMixin from mod fabric-transfer-api-v1->@Inject::transferOrSpawnStack(Lnet/minecraft/server/world/ServerWorld;Lnet/minecraft/util/math/BlockPos;Lnet/minecraft/block/entity/CrafterBlockEntity;Lnet/minecraft/item/ItemStack;Lnet/minecraft/block/BlockState;Lnet/minecraft/recipe/RecipeEntry;Lorg/spongepowered/asm/mixin/injection/callback/CallbackInfo;)V won't be passed a CallbackInfo as a result
[13:17:47] [main/DEBUG] (FabricLoader/Mixin) fabric-transfer-api-v1.mixins.json:CrafterBlockMixin from mod fabric-transfer-api-v1->@Inject::transferOrSpawnStack(Lnet/minecraft/server/world/ServerWorld;Lnet/minecraft/util/math/BlockPos;Lnet/minecraft/block/entity/CrafterBlockEntity;Lnet/minecraft/item/ItemStack;Lnet/minecraft/block/BlockState;Lnet/minecraft/recipe/RecipeEntry;Lorg/spongepowered/asm/mixin/injection/callback/CallbackInfo;)V doesn't use it's CallbackInfo
[13:17:47] [main/DEBUG] (FabricLoader/Mixin) fabric-transfer-api-v1.mixins.json:CrafterBlockMixin from mod fabric-transfer-api-v1->@Inject::transferOrSpawnStack(Lnet/minecraft/server/world/ServerWorld;Lnet/minecraft/util/math/BlockPos;Lnet/minecraft/block/entity/CrafterBlockEntity;Lnet/minecraft/item/ItemStack;Lnet/minecraft/block/BlockState;Lnet/minecraft/recipe/RecipeEntry;Lorg/spongepowered/asm/mixin/injection/callback/CallbackInfo;)V has 0 override(s) in child classes
[13:17:47] [main/DEBUG] (FabricLoader/Mixin) fabric-transfer-api-v1.mixins.json:CrafterBlockMixin from mod fabric-transfer-api-v1->@Inject::transferOrSpawnStack(Lnet/minecraft/server/world/ServerWorld;Lnet/minecraft/util/math/BlockPos;Lnet/minecraft/block/entity/CrafterBlockEntity;Lnet/minecraft/item/ItemStack;Lnet/minecraft/block/BlockState;Lnet/minecraft/recipe/RecipeEntry;Lorg/spongepowered/asm/mixin/injection/callback/CallbackInfo;)V won't be passed a CallbackInfo as a result
[13:17:47] [main/DEBUG] (FabricLoader/Mixin) Mixing ItemMixin from fabric-transfer-api-v1.mixins.json into net.minecraft.item.Item
[13:17:47] [main/DEBUG] (FabricLoader/Mixin) Mixing ItemAccessor from fabric-item-api-v1.mixins.json into net.minecraft.item.Item
[13:17:47] [main/DEBUG] (FabricLoader/Mixin) Mixing ItemMixin from fabric-item-api-v1.mixins.json into net.minecraft.item.Item
[13:17:47] [main/DEBUG] (FabricLoader/Mixin) fabric-item-api-v1.mixins.json:ItemMixin from mod fabric-item-api-v1->@Inject::onConstruct(Lnet/minecraft/item/Item$Settings;Lorg/spongepowered/asm/mixin/injection/callback/CallbackInfo;)V doesn't use it's CallbackInfo
[13:17:47] [main/DEBUG] (FabricLoader/Mixin) fabric-item-api-v1.mixins.json:ItemMixin from mod fabric-item-api-v1->@Inject::onConstruct(Lnet/minecraft/item/Item$Settings;Lorg/spongepowered/asm/mixin/injection/callback/CallbackInfo;)V has 0 override(s) in child classes
[13:17:47] [main/DEBUG] (FabricLoader/Mixin) fabric-item-api-v1.mixins.json:ItemMixin from mod fabric-item-api-v1->@Inject::onConstruct(Lnet/minecraft/item/Item$Settings;Lorg/spongepowered/asm/mixin/injection/callback/CallbackInfo;)V won't be passed a CallbackInfo as a result
[13:17:47] [main/DEBUG] (io.netty.util.internal.PlatformDependent0) -Dio.netty.noUnsafe: false
[13:17:47] [main/DEBUG] (io.netty.util.internal.PlatformDependent0) Java version: 21
[13:17:47] [main/DEBUG] (io.netty.util.internal.PlatformDependent0) sun.misc.Unsafe.theUnsafe: available
[13:17:47] [main/DEBUG] (io.netty.util.internal.PlatformDependent0) sun.misc.Unsafe base methods: all available
[13:17:47] [main/DEBUG] (io.netty.util.internal.PlatformDependent0) sun.misc.Unsafe.storeFence: available
[13:17:47] [main/DEBUG] (io.netty.util.internal.PlatformDependent0) java.nio.Buffer.address: available
[13:17:47] [main/DEBUG] (io.netty.util.internal.PlatformDependent0) direct buffer constructor: unavailable
java.lang.UnsupportedOperationException: Reflective setAccessible(true) disabled
	at knot/io.netty.util.internal.ReflectionUtil.trySetAccessible(ReflectionUtil.java:31) ~[netty-common-4.1.115.Final.jar:?]
	at knot/io.netty.util.internal.PlatformDependent0$5.run(PlatformDependent0.java:332) ~[netty-common-4.1.115.Final.jar:?]
	at java.base/java.security.AccessController.doPrivileged(AccessController.java:319) ~[?:?]
	at knot/io.netty.util.internal.PlatformDependent0.<clinit>(PlatformDependent0.java:325) [netty-common-4.1.115.Final.jar:?]
	at knot/io.netty.util.internal.PlatformDependent.isAndroid(PlatformDependent.java:334) [netty-common-4.1.115.Final.jar:?]
	at knot/io.netty.util.internal.PlatformDependent.<clinit>(PlatformDependent.java:90) [netty-common-4.1.115.Final.jar:?]
	at knot/io.netty.util.ConstantPool.<init>(ConstantPool.java:34) [netty-common-4.1.115.Final.jar:?]
	at knot/io.netty.util.AttributeKey$1.<init>(AttributeKey.java:27) [netty-common-4.1.115.Final.jar:?]
	at knot/io.netty.util.AttributeKey.<clinit>(AttributeKey.java:27) [netty-common-4.1.115.Final.jar:?]
	at knot/com.viaversion.viafabricplus.protocoltranslator.ProtocolTranslator.<clinit>(ProtocolTranslator.java:84) [viafabricplus-4.0.5-BACKPORT-64b5720b4b825f21.jar:?]
	at knot/net.minecraft.block.LeavesBlock.handler$zfb000$viafabricplus$changeSidesShape(LeavesBlock.java:546) [minecraft-merged-a172fc6613-1.21.4-net.fabricmc.yarn.1_21_4.1.21.4+build.8-v2.jar:?]
	at knot/net.minecraft.block.LeavesBlock.getSidesShape(LeavesBlock.java) [minecraft-merged-a172fc6613-1.21.4-net.fabricmc.yarn.1_21_4.1.21.4+build.8-v2.jar:?]
	at knot/net.minecraft.block.AbstractBlock$AbstractBlockState.getSidesShape(AbstractBlock.java:1117) [minecraft-merged-a172fc6613-1.21.4-net.fabricmc.yarn.1_21_4.1.21.4+build.8-v2.jar:?]
	at knot/net.minecraft.block.SideShapeType$1.matches(SideShapeType.java:15) [minecraft-merged-a172fc6613-1.21.4-net.fabricmc.yarn.1_21_4.1.21.4+build.8-v2.jar:?]
	at knot/net.minecraft.block.AbstractBlock$AbstractBlockState$ShapeCache.<init>(AbstractBlock.java:1385) [minecraft-merged-a172fc6613-1.21.4-net.fabricmc.yarn.1_21_4.1.21.4+build.8-v2.jar:?]
	at knot/net.minecraft.block.AbstractBlock$AbstractBlockState.initShapeCache(AbstractBlock.java:913) [minecraft-merged-a172fc6613-1.21.4-net.fabricmc.yarn.1_21_4.1.21.4+build.8-v2.jar:?]
	at knot/net.minecraft.block.Blocks.<clinit>(Blocks.java:1322) [minecraft-merged-a172fc6613-1.21.4-net.fabricmc.yarn.1_21_4.1.21.4+build.8-v2.jar:?]
	at knot/net.minecraft.block.FireBlock.registerDefaultFlammables(FireBlock.java:336) [minecraft-merged-a172fc6613-1.21.4-net.fabricmc.yarn.1_21_4.1.21.4+build.8-v2.jar:?]
	at knot/net.minecraft.Bootstrap.initialize(Bootstrap.java:55) [minecraft-merged-a172fc6613-1.21.4-net.fabricmc.yarn.1_21_4.1.21.4+build.8-v2.jar:?]
	at knot/net.minecraft.client.main.Main.main(Main.java:139) [minecraft-merged-a172fc6613-1.21.4-net.fabricmc.yarn.1_21_4.1.21.4+build.8-v2.jar:?]
	at net.fabricmc.loader.impl.game.minecraft.MinecraftGameProvider.launch(MinecraftGameProvider.java:480) [fabric-loader-0.16.10.jar:?]
	at net.fabricmc.loader.impl.launch.knot.Knot.launch(Knot.java:74) [fabric-loader-0.16.10.jar:?]
	at net.fabricmc.loader.impl.launch.knot.KnotClient.main(KnotClient.java:23) [fabric-loader-0.16.10.jar:?]
	at net.fabricmc.devlaunchinjector.Main.main(Main.java:86) [dev-launch-injector-0.2.1+build.8.jar:?]
[13:17:47] [main/DEBUG] (io.netty.util.internal.PlatformDependent0) java.nio.Bits.unaligned: available, true
[13:17:47] [main/DEBUG] (io.netty.util.internal.PlatformDependent0) jdk.internal.misc.Unsafe.allocateUninitializedArray(int): unavailable
java.lang.IllegalAccessException: class io.netty.util.internal.PlatformDependent0$7 cannot access class jdk.internal.misc.Unsafe (in module java.base) because module java.base does not export jdk.internal.misc to unnamed module @769a1df5
	at java.base/jdk.internal.reflect.Reflection.newIllegalAccessException(Reflection.java:394) ~[?:?]
	at java.base/java.lang.reflect.AccessibleObject.checkAccess(AccessibleObject.java:714) ~[?:?]
	at java.base/java.lang.reflect.Method.invoke(Method.java:571) ~[?:?]
	at knot/io.netty.util.internal.PlatformDependent0$7.run(PlatformDependent0.java:468) ~[netty-common-4.1.115.Final.jar:?]
	at java.base/java.security.AccessController.doPrivileged(AccessController.java:319) ~[?:?]
	at knot/io.netty.util.internal.PlatformDependent0.<clinit>(PlatformDependent0.java:459) [netty-common-4.1.115.Final.jar:?]
	at knot/io.netty.util.internal.PlatformDependent.isAndroid(PlatformDependent.java:334) [netty-common-4.1.115.Final.jar:?]
	at knot/io.netty.util.internal.PlatformDependent.<clinit>(PlatformDependent.java:90) [netty-common-4.1.115.Final.jar:?]
	at knot/io.netty.util.ConstantPool.<init>(ConstantPool.java:34) [netty-common-4.1.115.Final.jar:?]
	at knot/io.netty.util.AttributeKey$1.<init>(AttributeKey.java:27) [netty-common-4.1.115.Final.jar:?]
	at knot/io.netty.util.AttributeKey.<clinit>(AttributeKey.java:27) [netty-common-4.1.115.Final.jar:?]
	at knot/com.viaversion.viafabricplus.protocoltranslator.ProtocolTranslator.<clinit>(ProtocolTranslator.java:84) [viafabricplus-4.0.5-BACKPORT-64b5720b4b825f21.jar:?]
	at knot/net.minecraft.block.LeavesBlock.handler$zfb000$viafabricplus$changeSidesShape(LeavesBlock.java:546) [minecraft-merged-a172fc6613-1.21.4-net.fabricmc.yarn.1_21_4.1.21.4+build.8-v2.jar:?]
	at knot/net.minecraft.block.LeavesBlock.getSidesShape(LeavesBlock.java) [minecraft-merged-a172fc6613-1.21.4-net.fabricmc.yarn.1_21_4.1.21.4+build.8-v2.jar:?]
	at knot/net.minecraft.block.AbstractBlock$AbstractBlockState.getSidesShape(AbstractBlock.java:1117) [minecraft-merged-a172fc6613-1.21.4-net.fabricmc.yarn.1_21_4.1.21.4+build.8-v2.jar:?]
	at knot/net.minecraft.block.SideShapeType$1.matches(SideShapeType.java:15) [minecraft-merged-a172fc6613-1.21.4-net.fabricmc.yarn.1_21_4.1.21.4+build.8-v2.jar:?]
	at knot/net.minecraft.block.AbstractBlock$AbstractBlockState$ShapeCache.<init>(AbstractBlock.java:1385) [minecraft-merged-a172fc6613-1.21.4-net.fabricmc.yarn.1_21_4.1.21.4+build.8-v2.jar:?]
	at knot/net.minecraft.block.AbstractBlock$AbstractBlockState.initShapeCache(AbstractBlock.java:913) [minecraft-merged-a172fc6613-1.21.4-net.fabricmc.yarn.1_21_4.1.21.4+build.8-v2.jar:?]
	at knot/net.minecraft.block.Blocks.<clinit>(Blocks.java:1322) [minecraft-merged-a172fc6613-1.21.4-net.fabricmc.yarn.1_21_4.1.21.4+build.8-v2.jar:?]
	at knot/net.minecraft.block.FireBlock.registerDefaultFlammables(FireBlock.java:336) [minecraft-merged-a172fc6613-1.21.4-net.fabricmc.yarn.1_21_4.1.21.4+build.8-v2.jar:?]
	at knot/net.minecraft.Bootstrap.initialize(Bootstrap.java:55) [minecraft-merged-a172fc6613-1.21.4-net.fabricmc.yarn.1_21_4.1.21.4+build.8-v2.jar:?]
	at knot/net.minecraft.client.main.Main.main(Main.java:139) [minecraft-merged-a172fc6613-1.21.4-net.fabricmc.yarn.1_21_4.1.21.4+build.8-v2.jar:?]
	at net.fabricmc.loader.impl.game.minecraft.MinecraftGameProvider.launch(MinecraftGameProvider.java:480) [fabric-loader-0.16.10.jar:?]
	at net.fabricmc.loader.impl.launch.knot.Knot.launch(Knot.java:74) [fabric-loader-0.16.10.jar:?]
	at net.fabricmc.loader.impl.launch.knot.KnotClient.main(KnotClient.java:23) [fabric-loader-0.16.10.jar:?]
	at net.fabricmc.devlaunchinjector.Main.main(Main.java:86) [dev-launch-injector-0.2.1+build.8.jar:?]
[13:17:47] [main/DEBUG] (io.netty.util.internal.PlatformDependent0) java.nio.DirectByteBuffer.<init>(long, {int,long}): unavailable
[13:17:47] [main/DEBUG] (io.netty.util.internal.PlatformDependent) sun.misc.Unsafe: available
[13:17:47] [main/DEBUG] (io.netty.util.internal.PlatformDependent) -Dio.netty.tmpdir: /tmp (java.io.tmpdir)
[13:17:47] [main/DEBUG] (io.netty.util.internal.PlatformDependent) -Dio.netty.bitMode: 64 (sun.arch.data.model)
[13:17:47] [main/DEBUG] (io.netty.util.internal.PlatformDependent) -Dio.netty.maxDirectMemory: -1 bytes
[13:17:47] [main/DEBUG] (io.netty.util.internal.PlatformDependent) -Dio.netty.uninitializedArrayAllocationThreshold: -1
[13:17:47] [main/DEBUG] (io.netty.util.internal.CleanerJava9) java.nio.ByteBuffer.cleaner(): available
[13:17:47] [main/DEBUG] (io.netty.util.internal.PlatformDependent) -Dio.netty.noPreferDirect: false
[13:17:47] [main/DEBUG] (io.netty.util.internal.PlatformDependent) Error while reading content of /etc/os-release
java.io.IOException: Maximum number of bytes read: 8192
	at knot/io.netty.util.internal.BoundedInputStream.checkMaxBytesRead(BoundedInputStream.java:79) ~[netty-common-4.1.115.Final.jar:?]
	at knot/io.netty.util.internal.BoundedInputStream.read(BoundedInputStream.java:58) ~[netty-common-4.1.115.Final.jar:?]
	at java.base/sun.nio.cs.StreamDecoder.readBytes(StreamDecoder.java:350) ~[?:?]
	at java.base/sun.nio.cs.StreamDecoder.implRead(StreamDecoder.java:393) ~[?:?]
	at java.base/sun.nio.cs.StreamDecoder.lockedRead(StreamDecoder.java:217) ~[?:?]
	at java.base/sun.nio.cs.StreamDecoder.read(StreamDecoder.java:171) ~[?:?]
	at java.base/java.io.InputStreamReader.read(InputStreamReader.java:188) ~[?:?]
	at java.base/java.io.BufferedReader.fill(BufferedReader.java:160) ~[?:?]
	at java.base/java.io.BufferedReader.implReadLine(BufferedReader.java:370) ~[?:?]
	at java.base/java.io.BufferedReader.readLine(BufferedReader.java:347) ~[?:?]
	at java.base/java.io.BufferedReader.readLine(BufferedReader.java:436) ~[?:?]
	at knot/io.netty.util.internal.PlatformDependent$4.run(PlatformDependent.java:246) ~[netty-common-4.1.115.Final.jar:?]
	at knot/io.netty.util.internal.PlatformDependent$4.run(PlatformDependent.java:235) ~[netty-common-4.1.115.Final.jar:?]
	at java.base/java.security.AccessController.doPrivileged(AccessController.java:319) [?:?]
	at knot/io.netty.util.internal.PlatformDependent.addFilesystemOsClassifiers(PlatformDependent.java:235) [netty-common-4.1.115.Final.jar:?]
	at knot/io.netty.util.internal.PlatformDependent.<clinit>(PlatformDependent.java:226) [netty-common-4.1.115.Final.jar:?]
	at knot/io.netty.util.ConstantPool.<init>(ConstantPool.java:34) [netty-common-4.1.115.Final.jar:?]
	at knot/io.netty.util.AttributeKey$1.<init>(AttributeKey.java:27) [netty-common-4.1.115.Final.jar:?]
	at knot/io.netty.util.AttributeKey.<clinit>(AttributeKey.java:27) [netty-common-4.1.115.Final.jar:?]
	at knot/com.viaversion.viafabricplus.protocoltranslator.ProtocolTranslator.<clinit>(ProtocolTranslator.java:84) [viafabricplus-4.0.5-BACKPORT-64b5720b4b825f21.jar:?]
	at knot/net.minecraft.block.LeavesBlock.handler$zfb000$viafabricplus$changeSidesShape(LeavesBlock.java:546) [minecraft-merged-a172fc6613-1.21.4-net.fabricmc.yarn.1_21_4.1.21.4+build.8-v2.jar:?]
	at knot/net.minecraft.block.LeavesBlock.getSidesShape(LeavesBlock.java) [minecraft-merged-a172fc6613-1.21.4-net.fabricmc.yarn.1_21_4.1.21.4+build.8-v2.jar:?]
	at knot/net.minecraft.block.AbstractBlock$AbstractBlockState.getSidesShape(AbstractBlock.java:1117) [minecraft-merged-a172fc6613-1.21.4-net.fabricmc.yarn.1_21_4.1.21.4+build.8-v2.jar:?]
	at knot/net.minecraft.block.SideShapeType$1.matches(SideShapeType.java:15) [minecraft-merged-a172fc6613-1.21.4-net.fabricmc.yarn.1_21_4.1.21.4+build.8-v2.jar:?]
	at knot/net.minecraft.block.AbstractBlock$AbstractBlockState$ShapeCache.<init>(AbstractBlock.java:1385) [minecraft-merged-a172fc6613-1.21.4-net.fabricmc.yarn.1_21_4.1.21.4+build.8-v2.jar:?]
	at knot/net.minecraft.block.AbstractBlock$AbstractBlockState.initShapeCache(AbstractBlock.java:913) [minecraft-merged-a172fc6613-1.21.4-net.fabricmc.yarn.1_21_4.1.21.4+build.8-v2.jar:?]
	at knot/net.minecraft.block.Blocks.<clinit>(Blocks.java:1322) [minecraft-merged-a172fc6613-1.21.4-net.fabricmc.yarn.1_21_4.1.21.4+build.8-v2.jar:?]
	at knot/net.minecraft.block.FireBlock.registerDefaultFlammables(FireBlock.java:336) [minecraft-merged-a172fc6613-1.21.4-net.fabricmc.yarn.1_21_4.1.21.4+build.8-v2.jar:?]
	at knot/net.minecraft.Bootstrap.initialize(Bootstrap.java:55) [minecraft-merged-a172fc6613-1.21.4-net.fabricmc.yarn.1_21_4.1.21.4+build.8-v2.jar:?]
	at knot/net.minecraft.client.main.Main.main(Main.java:139) [minecraft-merged-a172fc6613-1.21.4-net.fabricmc.yarn.1_21_4.1.21.4+build.8-v2.jar:?]
	at net.fabricmc.loader.impl.game.minecraft.MinecraftGameProvider.launch(MinecraftGameProvider.java:480) [fabric-loader-0.16.10.jar:?]
	at net.fabricmc.loader.impl.launch.knot.Knot.launch(Knot.java:74) [fabric-loader-0.16.10.jar:?]
	at net.fabricmc.loader.impl.launch.knot.KnotClient.main(KnotClient.java:23) [fabric-loader-0.16.10.jar:?]
	at net.fabricmc.devlaunchinjector.Main.main(Main.java:86) [dev-launch-injector-0.2.1+build.8.jar:?]
[13:17:48] [main/DEBUG] (FabricLoader/Mixin) Mixing base.connection.MixinMinecraftClient from viafabricplus.mixins.json into net.minecraft.client.MinecraftClient
[13:17:48] [main/DEBUG] (FabricLoader/Mixin) Mixing base.integration.event.MixinMinecraftClient from viafabricplus.mixins.json into net.minecraft.client.MinecraftClient
[13:17:48] [main/DEBUG] (FabricLoader/Mixin) Mixing features.execute_inputs_sync.MixinMinecraftClient from viafabricplus.mixins.json into net.minecraft.client.MinecraftClient
[13:17:48] [main/DEBUG] (FabricLoader/Mixin) Mixing features.interaction.cooldown.MixinMinecraftClient from viafabricplus.mixins.json into net.minecraft.client.MinecraftClient
[13:17:48] [main/DEBUG] (FabricLoader/Mixin) Mixing features.interaction.replace_block_item_use_logic.MixinMinecraftClient from viafabricplus.mixins.json into net.minecraft.client.MinecraftClient
[13:17:48] [main/DEBUG] (FabricLoader/Mixin) Mixing features.networking.open_inventory_packet.MixinMinecraftClient from viafabricplus.mixins.json into net.minecraft.client.MinecraftClient
[13:17:48] [main/DEBUG] (FabricLoader/Mixin) Mixing features.swinging.MixinMinecraftClient from viafabricplus.mixins.json into net.minecraft.client.MinecraftClient
[13:17:48] [main/DEBUG] (FabricLoader/Mixin) Mixing features.world.item_picking.MixinMinecraftClient from viafabricplus.mixins.json into net.minecraft.client.MinecraftClient
[13:17:48] [main/DEBUG] (FabricLoader/Mixin) Mixing accessor.MinecraftClientAccessor from fabric-networking-api-v1.client.mixins.json into net.minecraft.client.MinecraftClient
[13:17:48] [main/DEBUG] (FabricLoader/Mixin) Mixing MinecraftClientMixin from fabric-lifecycle-events-v1.client.mixins.json into net.minecraft.client.MinecraftClient
[13:17:48] [main/DEBUG] (FabricLoader/Mixin) Mixing MinecraftClientMixin from fabric-registry-sync-v0.client.mixins.json into net.minecraft.client.MinecraftClient
[13:17:48] [main/DEBUG] (FabricLoader/Mixin) Mixing render.impl.client.MixinMinecraftClient from luxury.mixins.json into net.minecraft.client.MinecraftClient
[13:17:48] [main/DEBUG] (FabricLoader/Mixin) Mixing MinecraftAccessor from ias.mixins.json into net.minecraft.client.MinecraftClient
[13:17:48] [main/DEBUG] (FabricLoader/Mixin) Mixing MinecraftMixin from ias.mixins.json into net.minecraft.client.MinecraftClient
[13:17:48] [main/DEBUG] (FabricLoader/Mixin) Mixing MinecraftClientMixin from fabric-events-interaction-v0.client.mixins.json into net.minecraft.client.MinecraftClient
[13:17:48] [main/DEBUG] (FabricLoader/Mixin) Mixing MinecraftClientMixin from fabric-screen-api-v1.mixins.json into net.minecraft.client.MinecraftClient
[13:17:48] [main/DEBUG] (FabricLoader/Mixin) Renaming @Unique field LOGGERLorg/slf4j/Logger; to fdd4350b$fabric-screen-api-v1$LOGGER$0 in fabric-screen-api-v1.mixins.json:MinecraftClientMixin from mod fabric-screen-api-v1
[13:17:48] [main/DEBUG] (FabricLoader/Mixin) Mixing MinecraftClientMixin from fabric-data-generation-api-v1.client.mixins.json into net.minecraft.client.MinecraftClient
[13:17:48] [main/DEBUG] (FabricLoader/Mixin) viafabricplus.mixins.json:base.connection.MixinMinecraftClient from mod viafabricplus->@Inject::disableProtocolTranslator(Lnet/minecraft/world/level/storage/LevelStorage$Session;Lnet/minecraft/resource/ResourcePackManager;Lnet/minecraft/server/SaveLoader;ZLorg/spongepowered/asm/mixin/injection/callback/CallbackInfo;)V doesn't use it's CallbackInfo
[13:17:48] [main/DEBUG] (FabricLoader/Mixin) viafabricplus.mixins.json:base.connection.MixinMinecraftClient from mod viafabricplus->@Inject::disableProtocolTranslator(Lnet/minecraft/world/level/storage/LevelStorage$Session;Lnet/minecraft/resource/ResourcePackManager;Lnet/minecraft/server/SaveLoader;ZLorg/spongepowered/asm/mixin/injection/callback/CallbackInfo;)V has 0 override(s) in child classes
[13:17:48] [main/DEBUG] (FabricLoader/Mixin) viafabricplus.mixins.json:base.connection.MixinMinecraftClient from mod viafabricplus->@Inject::disableProtocolTranslator(Lnet/minecraft/world/level/storage/LevelStorage$Session;Lnet/minecraft/resource/ResourcePackManager;Lnet/minecraft/server/SaveLoader;ZLorg/spongepowered/asm/mixin/injection/callback/CallbackInfo;)V won't be passed a CallbackInfo as a result
[13:17:48] [main/DEBUG] (FabricLoader/Mixin) viafabricplus.mixins.json:base.integration.event.MixinMinecraftClient from mod viafabricplus->@Inject::callPostGameLoadEvent(Lnet/minecraft/client/RunArgs;Lorg/spongepowered/asm/mixin/injection/callback/CallbackInfo;)V doesn't use it's CallbackInfo
[13:17:48] [main/DEBUG] (FabricLoader/Mixin) viafabricplus.mixins.json:base.integration.event.MixinMinecraftClient from mod viafabricplus->@Inject::callPostGameLoadEvent(Lnet/minecraft/client/RunArgs;Lorg/spongepowered/asm/mixin/injection/callback/CallbackInfo;)V has 0 override(s) in child classes
[13:17:48] [main/DEBUG] (FabricLoader/Mixin) viafabricplus.mixins.json:base.integration.event.MixinMinecraftClient from mod viafabricplus->@Inject::callPostGameLoadEvent(Lnet/minecraft/client/RunArgs;Lorg/spongepowered/asm/mixin/injection/callback/CallbackInfo;)V won't be passed a CallbackInfo as a result
[13:17:48] [main/DEBUG] (FabricLoader/Mixin) viafabricplus.mixins.json:features.execute_inputs_sync.MixinMinecraftClient from mod viafabricplus->@Inject::processInputQueues(Lorg/spongepowered/asm/mixin/injection/callback/CallbackInfo;)V doesn't use it's CallbackInfo
[13:17:48] [main/DEBUG] (FabricLoader/Mixin) viafabricplus.mixins.json:features.execute_inputs_sync.MixinMinecraftClient from mod viafabricplus->@Inject::processInputQueues(Lorg/spongepowered/asm/mixin/injection/callback/CallbackInfo;)V has 0 override(s) in child classes
[13:17:48] [main/DEBUG] (FabricLoader/Mixin) viafabricplus.mixins.json:features.execute_inputs_sync.MixinMinecraftClient from mod viafabricplus->@Inject::processInputQueues(Lorg/spongepowered/asm/mixin/injection/callback/CallbackInfo;)V won't be passed a CallbackInfo as a result
[13:17:48] [main/DEBUG] (FabricLoader/Mixin) viafabricplus.mixins.json:features.interaction.cooldown.MixinMinecraftClient from mod viafabricplus->@Inject::moveCooldownIncrement(Lorg/spongepowered/asm/mixin/injection/callback/CallbackInfo;)V doesn't use it's CallbackInfo
[13:17:48] [main/DEBUG] (FabricLoader/Mixin) viafabricplus.mixins.json:features.interaction.cooldown.MixinMinecraftClient from mod viafabricplus->@Inject::moveCooldownIncrement(Lorg/spongepowered/asm/mixin/injection/callback/CallbackInfo;)V has 0 override(s) in child classes
[13:17:48] [main/DEBUG] (FabricLoader/Mixin) viafabricplus.mixins.json:features.interaction.cooldown.MixinMinecraftClient from mod viafabricplus->@Inject::moveCooldownIncrement(Lorg/spongepowered/asm/mixin/injection/callback/CallbackInfo;)V won't be passed a CallbackInfo as a result
[13:17:48] [main/DEBUG] (FabricLoader/Mixin) viafabricplus.mixins.json:features.networking.open_inventory_packet.MixinMinecraftClient from mod viafabricplus->@Inject::sendOpenInventoryPacket(Lorg/spongepowered/asm/mixin/injection/callback/CallbackInfo;)V doesn't use it's CallbackInfo
[13:17:48] [main/DEBUG] (FabricLoader/Mixin) viafabricplus.mixins.json:features.networking.open_inventory_packet.MixinMinecraftClient from mod viafabricplus->@Inject::sendOpenInventoryPacket(Lorg/spongepowered/asm/mixin/injection/callback/CallbackInfo;)V has 0 override(s) in child classes
[13:17:48] [main/DEBUG] (FabricLoader/Mixin) viafabricplus.mixins.json:features.networking.open_inventory_packet.MixinMinecraftClient from mod viafabricplus->@Inject::sendOpenInventoryPacket(Lorg/spongepowered/asm/mixin/injection/callback/CallbackInfo;)V won't be passed a CallbackInfo as a result
[13:17:48] [main/DEBUG] (FabricLoader/Mixin) viafabricplus.mixins.json:features.swinging.MixinMinecraftClient from mod viafabricplus->@Inject::fixSwingPacketOrder(Lorg/spongepowered/asm/mixin/injection/callback/CallbackInfoReturnable;)V doesn't use it's CallbackInfoReturnable
[13:17:48] [main/DEBUG] (FabricLoader/Mixin) viafabricplus.mixins.json:features.swinging.MixinMinecraftClient from mod viafabricplus->@Inject::fixSwingPacketOrder(Lorg/spongepowered/asm/mixin/injection/callback/CallbackInfoReturnable;)V has 0 override(s) in child classes
[13:17:48] [main/DEBUG] (FabricLoader/Mixin) viafabricplus.mixins.json:features.swinging.MixinMinecraftClient from mod viafabricplus->@Inject::fixSwingPacketOrder(Lorg/spongepowered/asm/mixin/injection/callback/CallbackInfoReturnable;)V won't be passed a CallbackInfoReturnable as a result
[13:17:48] [main/DEBUG] (FabricLoader/Mixin) viafabricplus.mixins.json:features.world.item_picking.MixinMinecraftClient from mod viafabricplus->@Inject::pickItemClientside(Lorg/spongepowered/asm/mixin/injection/callback/CallbackInfo;)V does use it's CallbackInfo
[13:17:48] [main/DEBUG] (FabricLoader/Mixin) fabric-lifecycle-events-v1.client.mixins.json:MinecraftClientMixin from mod fabric-lifecycle-events-v1->@Inject::onStartTick(Lorg/spongepowered/asm/mixin/injection/callback/CallbackInfo;)V doesn't use it's CallbackInfo
[13:17:48] [main/DEBUG] (FabricLoader/Mixin) fabric-lifecycle-events-v1.client.mixins.json:MinecraftClientMixin from mod fabric-lifecycle-events-v1->@Inject::onStartTick(Lorg/spongepowered/asm/mixin/injection/callback/CallbackInfo;)V has 0 override(s) in child classes
[13:17:48] [main/DEBUG] (FabricLoader/Mixin) fabric-lifecycle-events-v1.client.mixins.json:MinecraftClientMixin from mod fabric-lifecycle-events-v1->@Inject::onStartTick(Lorg/spongepowered/asm/mixin/injection/callback/CallbackInfo;)V won't be passed a CallbackInfo as a result
[13:17:48] [main/DEBUG] (FabricLoader/Mixin) fabric-lifecycle-events-v1.client.mixins.json:MinecraftClientMixin from mod fabric-lifecycle-events-v1->@Inject::onEndTick(Lorg/spongepowered/asm/mixin/injection/callback/CallbackInfo;)V doesn't use it's CallbackInfo
[13:17:48] [main/DEBUG] (FabricLoader/Mixin) fabric-lifecycle-events-v1.client.mixins.json:MinecraftClientMixin from mod fabric-lifecycle-events-v1->@Inject::onEndTick(Lorg/spongepowered/asm/mixin/injection/callback/CallbackInfo;)V has 0 override(s) in child classes
[13:17:48] [main/DEBUG] (FabricLoader/Mixin) fabric-lifecycle-events-v1.client.mixins.json:MinecraftClientMixin from mod fabric-lifecycle-events-v1->@Inject::onEndTick(Lorg/spongepowered/asm/mixin/injection/callback/CallbackInfo;)V won't be passed a CallbackInfo as a result
[13:17:48] [main/DEBUG] (FabricLoader/Mixin) fabric-lifecycle-events-v1.client.mixins.json:MinecraftClientMixin from mod fabric-lifecycle-events-v1->@Inject::onStopping(Lorg/spongepowered/asm/mixin/injection/callback/CallbackInfo;)V doesn't use it's CallbackInfo
[13:17:48] [main/DEBUG] (FabricLoader/Mixin) fabric-lifecycle-events-v1.client.mixins.json:MinecraftClientMixin from mod fabric-lifecycle-events-v1->@Inject::onStopping(Lorg/spongepowered/asm/mixin/injection/callback/CallbackInfo;)V has 0 override(s) in child classes
[13:17:48] [main/DEBUG] (FabricLoader/Mixin) fabric-lifecycle-events-v1.client.mixins.json:MinecraftClientMixin from mod fabric-lifecycle-events-v1->@Inject::onStopping(Lorg/spongepowered/asm/mixin/injection/callback/CallbackInfo;)V won't be passed a CallbackInfo as a result
[13:17:48] [main/DEBUG] (FabricLoader/Mixin) fabric-lifecycle-events-v1.client.mixins.json:MinecraftClientMixin from mod fabric-lifecycle-events-v1->@Inject::onStart(Lorg/spongepowered/asm/mixin/injection/callback/CallbackInfo;)V doesn't use it's CallbackInfo
[13:17:48] [main/DEBUG] (FabricLoader/Mixin) fabric-lifecycle-events-v1.client.mixins.json:MinecraftClientMixin from mod fabric-lifecycle-events-v1->@Inject::onStart(Lorg/spongepowered/asm/mixin/injection/callback/CallbackInfo;)V has 0 override(s) in child classes
[13:17:48] [main/DEBUG] (FabricLoader/Mixin) fabric-lifecycle-events-v1.client.mixins.json:MinecraftClientMixin from mod fabric-lifecycle-events-v1->@Inject::onStart(Lorg/spongepowered/asm/mixin/injection/callback/CallbackInfo;)V won't be passed a CallbackInfo as a result
[13:17:48] [main/DEBUG] (FabricLoader/Mixin) fabric-lifecycle-events-v1.client.mixins.json:MinecraftClientMixin from mod fabric-lifecycle-events-v1->@Inject::afterClientWorldChange(Lnet/minecraft/client/world/ClientWorld;Lorg/spongepowered/asm/mixin/injection/callback/CallbackInfo;)V doesn't use it's CallbackInfo
[13:17:48] [main/DEBUG] (FabricLoader/Mixin) fabric-lifecycle-events-v1.client.mixins.json:MinecraftClientMixin from mod fabric-lifecycle-events-v1->@Inject::afterClientWorldChange(Lnet/minecraft/client/world/ClientWorld;Lorg/spongepowered/asm/mixin/injection/callback/CallbackInfo;)V has 0 override(s) in child classes
[13:17:48] [main/DEBUG] (FabricLoader/Mixin) fabric-lifecycle-events-v1.client.mixins.json:MinecraftClientMixin from mod fabric-lifecycle-events-v1->@Inject::afterClientWorldChange(Lnet/minecraft/client/world/ClientWorld;Lorg/spongepowered/asm/mixin/injection/callback/CallbackInfo;)V won't be passed a CallbackInfo as a result
[13:17:48] [main/DEBUG] (FabricLoader/Mixin) fabric-registry-sync-v0.client.mixins.json:MinecraftClientMixin from mod fabric-registry-sync-v0->@Inject::disconnectAfter(Lnet/minecraft/client/gui/screen/Screen;ZLorg/spongepowered/asm/mixin/injection/callback/CallbackInfo;)V doesn't use it's CallbackInfo
[13:17:48] [main/DEBUG] (FabricLoader/Mixin) fabric-registry-sync-v0.client.mixins.json:MinecraftClientMixin from mod fabric-registry-sync-v0->@Inject::disconnectAfter(Lnet/minecraft/client/gui/screen/Screen;ZLorg/spongepowered/asm/mixin/injection/callback/CallbackInfo;)V has 0 override(s) in child classes
[13:17:48] [main/DEBUG] (FabricLoader/Mixin) fabric-registry-sync-v0.client.mixins.json:MinecraftClientMixin from mod fabric-registry-sync-v0->@Inject::disconnectAfter(Lnet/minecraft/client/gui/screen/Screen;ZLorg/spongepowered/asm/mixin/injection/callback/CallbackInfo;)V won't be passed a CallbackInfo as a result
[13:17:48] [main/DEBUG] (FabricLoader/Mixin) fabric-registry-sync-v0.client.mixins.json:MinecraftClientMixin from mod fabric-registry-sync-v0->@Inject::afterModInit(Lorg/spongepowered/asm/mixin/injection/callback/CallbackInfo;)V doesn't use it's CallbackInfo
[13:17:48] [main/DEBUG] (FabricLoader/Mixin) fabric-registry-sync-v0.client.mixins.json:MinecraftClientMixin from mod fabric-registry-sync-v0->@Inject::afterModInit(Lorg/spongepowered/asm/mixin/injection/callback/CallbackInfo;)V has 0 override(s) in child classes
[13:17:48] [main/DEBUG] (FabricLoader/Mixin) fabric-registry-sync-v0.client.mixins.json:MinecraftClientMixin from mod fabric-registry-sync-v0->@Inject::afterModInit(Lorg/spongepowered/asm/mixin/injection/callback/CallbackInfo;)V won't be passed a CallbackInfo as a result
[13:17:48] [main/DEBUG] (FabricLoader/Mixin) luxury.mixins.json:render.impl.client.MixinMinecraftClient from mod luxury->@Inject::postWindowInit(Lnet/minecraft/client/RunArgs;Lorg/spongepowered/asm/mixin/injection/callback/CallbackInfo;)V doesn't use it's CallbackInfo
[13:17:48] [main/DEBUG] (FabricLoader/Mixin) luxury.mixins.json:render.impl.client.MixinMinecraftClient from mod luxury->@Inject::postWindowInit(Lnet/minecraft/client/RunArgs;Lorg/spongepowered/asm/mixin/injection/callback/CallbackInfo;)V has 0 override(s) in child classes
[13:17:48] [main/DEBUG] (FabricLoader/Mixin) luxury.mixins.json:render.impl.client.MixinMinecraftClient from mod luxury->@Inject::postWindowInit(Lnet/minecraft/client/RunArgs;Lorg/spongepowered/asm/mixin/injection/callback/CallbackInfo;)V won't be passed a CallbackInfo as a result
[13:17:48] [main/DEBUG] (FabricLoader/Mixin) luxury.mixins.json:render.impl.client.MixinMinecraftClient from mod luxury->@Inject::onTick(Lorg/spongepowered/asm/mixin/injection/callback/CallbackInfo;)V doesn't use it's CallbackInfo
[13:17:48] [main/DEBUG] (FabricLoader/Mixin) luxury.mixins.json:render.impl.client.MixinMinecraftClient from mod luxury->@Inject::onTick(Lorg/spongepowered/asm/mixin/injection/callback/CallbackInfo;)V has 0 override(s) in child classes
[13:17:48] [main/DEBUG] (FabricLoader/Mixin) luxury.mixins.json:render.impl.client.MixinMinecraftClient from mod luxury->@Inject::onTick(Lorg/spongepowered/asm/mixin/injection/callback/CallbackInfo;)V won't be passed a CallbackInfo as a result
[13:17:48] [main/DEBUG] (FabricLoader/Mixin) ias.mixins.json:MinecraftMixin from mod ias->@Inject::ias$createTitle$return(Lorg/spongepowered/asm/mixin/injection/callback/CallbackInfoReturnable;)V does use it's CallbackInfoReturnable
[13:17:48] [main/DEBUG] (FabricLoader/Mixin) fabric-events-interaction-v0.client.mixins.json:MinecraftClientMixin from mod fabric-events-interaction-v0->@Inject::injectUseEntityCallback(Lorg/spongepowered/asm/mixin/injection/callback/CallbackInfo;[Lnet/minecraft/util/Hand;IILnet/minecraft/util/Hand;Lnet/minecraft/item/ItemStack;Lnet/minecraft/util/hit/EntityHitResult;Lnet/minecraft/entity/Entity;)V does use it's CallbackInfo
[13:17:48] [main/DEBUG] (FabricLoader/Mixin) fabric-events-interaction-v0.client.mixins.json:MinecraftClientMixin from mod fabric-events-interaction-v0->@Inject::injectHandleInputEventsForPreAttackCallback(Lorg/spongepowered/asm/mixin/injection/callback/CallbackInfo;)V doesn't use it's CallbackInfo
[13:17:48] [main/DEBUG] (FabricLoader/Mixin) fabric-events-interaction-v0.client.mixins.json:MinecraftClientMixin from mod fabric-events-interaction-v0->@Inject::injectHandleInputEventsForPreAttackCallback(Lorg/spongepowered/asm/mixin/injection/callback/CallbackInfo;)V has 0 override(s) in child classes
[13:17:48] [main/DEBUG] (FabricLoader/Mixin) fabric-events-interaction-v0.client.mixins.json:MinecraftClientMixin from mod fabric-events-interaction-v0->@Inject::injectHandleInputEventsForPreAttackCallback(Lorg/spongepowered/asm/mixin/injection/callback/CallbackInfo;)V won't be passed a CallbackInfo as a result
[13:17:48] [main/DEBUG] (FabricLoader/Mixin) fabric-events-interaction-v0.client.mixins.json:MinecraftClientMixin from mod fabric-events-interaction-v0->@Inject::injectDoAttackForCancelling(Lorg/spongepowered/asm/mixin/injection/callback/CallbackInfoReturnable;)V does use it's CallbackInfoReturnable
[13:17:48] [main/DEBUG] (FabricLoader/Mixin) fabric-events-interaction-v0.client.mixins.json:MinecraftClientMixin from mod fabric-events-interaction-v0->@Inject::injectHandleBlockBreakingForCancelling(ZLorg/spongepowered/asm/mixin/injection/callback/CallbackInfo;)V does use it's CallbackInfo
[13:17:48] [main/DEBUG] (FabricLoader/Mixin) fabric-screen-api-v1.mixins.json:MinecraftClientMixin from mod fabric-screen-api-v1->@Inject::checkThreadOnDev(Lnet/minecraft/client/gui/screen/Screen;Lorg/spongepowered/asm/mixin/injection/callback/CallbackInfo;)V doesn't use it's CallbackInfo
[13:17:48] [main/DEBUG] (FabricLoader/Mixin) fabric-screen-api-v1.mixins.json:MinecraftClientMixin from mod fabric-screen-api-v1->@Inject::checkThreadOnDev(Lnet/minecraft/client/gui/screen/Screen;Lorg/spongepowered/asm/mixin/injection/callback/CallbackInfo;)V has 0 override(s) in child classes
[13:17:48] [main/DEBUG] (FabricLoader/Mixin) fabric-screen-api-v1.mixins.json:MinecraftClientMixin from mod fabric-screen-api-v1->@Inject::checkThreadOnDev(Lnet/minecraft/client/gui/screen/Screen;Lorg/spongepowered/asm/mixin/injection/callback/CallbackInfo;)V won't be passed a CallbackInfo as a result
[13:17:48] [main/DEBUG] (FabricLoader/Mixin) fabric-screen-api-v1.mixins.json:MinecraftClientMixin from mod fabric-screen-api-v1->@Inject::onScreenRemove(Lnet/minecraft/client/gui/screen/Screen;Lorg/spongepowered/asm/mixin/injection/callback/CallbackInfo;)V doesn't use it's CallbackInfo
[13:17:48] [main/DEBUG] (FabricLoader/Mixin) fabric-screen-api-v1.mixins.json:MinecraftClientMixin from mod fabric-screen-api-v1->@Inject::onScreenRemove(Lnet/minecraft/client/gui/screen/Screen;Lorg/spongepowered/asm/mixin/injection/callback/CallbackInfo;)V has 0 override(s) in child classes
[13:17:48] [main/DEBUG] (FabricLoader/Mixin) fabric-screen-api-v1.mixins.json:MinecraftClientMixin from mod fabric-screen-api-v1->@Inject::onScreenRemove(Lnet/minecraft/client/gui/screen/Screen;Lorg/spongepowered/asm/mixin/injection/callback/CallbackInfo;)V won't be passed a CallbackInfo as a result
[13:17:48] [main/DEBUG] (FabricLoader/Mixin) fabric-screen-api-v1.mixins.json:MinecraftClientMixin from mod fabric-screen-api-v1->@Inject::onScreenRemoveBecauseStopping(Lorg/spongepowered/asm/mixin/injection/callback/CallbackInfo;)V doesn't use it's CallbackInfo
[13:17:48] [main/DEBUG] (FabricLoader/Mixin) fabric-screen-api-v1.mixins.json:MinecraftClientMixin from mod fabric-screen-api-v1->@Inject::onScreenRemoveBecauseStopping(Lorg/spongepowered/asm/mixin/injection/callback/CallbackInfo;)V has 0 override(s) in child classes
[13:17:48] [main/DEBUG] (FabricLoader/Mixin) fabric-screen-api-v1.mixins.json:MinecraftClientMixin from mod fabric-screen-api-v1->@Inject::onScreenRemoveBecauseStopping(Lorg/spongepowered/asm/mixin/injection/callback/CallbackInfo;)V won't be passed a CallbackInfo as a result
[13:17:48] [main/DEBUG] (FabricLoader/Mixin) fabric-screen-api-v1.mixins.json:MinecraftClientMixin from mod fabric-screen-api-v1->@Inject::beforeScreenTick(Lorg/spongepowered/asm/mixin/injection/callback/CallbackInfo;)V doesn't use it's CallbackInfo
[13:17:48] [main/DEBUG] (FabricLoader/Mixin) fabric-screen-api-v1.mixins.json:MinecraftClientMixin from mod fabric-screen-api-v1->@Inject::beforeScreenTick(Lorg/spongepowered/asm/mixin/injection/callback/CallbackInfo;)V has 0 override(s) in child classes
[13:17:48] [main/DEBUG] (FabricLoader/Mixin) fabric-screen-api-v1.mixins.json:MinecraftClientMixin from mod fabric-screen-api-v1->@Inject::beforeScreenTick(Lorg/spongepowered/asm/mixin/injection/callback/CallbackInfo;)V won't be passed a CallbackInfo as a result
[13:17:48] [main/DEBUG] (FabricLoader/Mixin) fabric-screen-api-v1.mixins.json:MinecraftClientMixin from mod fabric-screen-api-v1->@Inject::afterScreenTick(Lorg/spongepowered/asm/mixin/injection/callback/CallbackInfo;)V doesn't use it's CallbackInfo
[13:17:48] [main/DEBUG] (FabricLoader/Mixin) fabric-screen-api-v1.mixins.json:MinecraftClientMixin from mod fabric-screen-api-v1->@Inject::afterScreenTick(Lorg/spongepowered/asm/mixin/injection/callback/CallbackInfo;)V has 0 override(s) in child classes
[13:17:48] [main/DEBUG] (FabricLoader/Mixin) fabric-screen-api-v1.mixins.json:MinecraftClientMixin from mod fabric-screen-api-v1->@Inject::afterScreenTick(Lorg/spongepowered/asm/mixin/injection/callback/CallbackInfo;)V won't be passed a CallbackInfo as a result
[13:17:48] [main/DEBUG] (FabricLoader/Mixin) fabric-screen-api-v1.mixins.json:MinecraftClientMixin from mod fabric-screen-api-v1->@Inject::beforeLoadingScreenTick(Lorg/spongepowered/asm/mixin/injection/callback/CallbackInfo;)V doesn't use it's CallbackInfo
[13:17:48] [main/DEBUG] (FabricLoader/Mixin) fabric-screen-api-v1.mixins.json:MinecraftClientMixin from mod fabric-screen-api-v1->@Inject::beforeLoadingScreenTick(Lorg/spongepowered/asm/mixin/injection/callback/CallbackInfo;)V has 0 override(s) in child classes
[13:17:48] [main/DEBUG] (FabricLoader/Mixin) fabric-screen-api-v1.mixins.json:MinecraftClientMixin from mod fabric-screen-api-v1->@Inject::beforeLoadingScreenTick(Lorg/spongepowered/asm/mixin/injection/callback/CallbackInfo;)V won't be passed a CallbackInfo as a result
[13:17:48] [main/DEBUG] (FabricLoader/Mixin) fabric-screen-api-v1.mixins.json:MinecraftClientMixin from mod fabric-screen-api-v1->@Inject::afterLoadingScreenTick(Lorg/spongepowered/asm/mixin/injection/callback/CallbackInfo;)V doesn't use it's CallbackInfo
[13:17:48] [main/DEBUG] (FabricLoader/Mixin) fabric-screen-api-v1.mixins.json:MinecraftClientMixin from mod fabric-screen-api-v1->@Inject::afterLoadingScreenTick(Lorg/spongepowered/asm/mixin/injection/callback/CallbackInfo;)V has 0 override(s) in child classes
[13:17:48] [main/DEBUG] (FabricLoader/Mixin) fabric-screen-api-v1.mixins.json:MinecraftClientMixin from mod fabric-screen-api-v1->@Inject::afterLoadingScreenTick(Lorg/spongepowered/asm/mixin/injection/callback/CallbackInfo;)V won't be passed a CallbackInfo as a result
[13:17:48] [main/DEBUG] (FabricLoader/Mixin) fabric-data-generation-api-v1.client.mixins.json:MinecraftClientMixin from mod fabric-data-generation-api-v1->@Inject::main(Lorg/spongepowered/asm/mixin/injection/callback/CallbackInfo;)V doesn't use it's CallbackInfo
[13:17:48] [main/DEBUG] (FabricLoader/Mixin) fabric-data-generation-api-v1.client.mixins.json:MinecraftClientMixin from mod fabric-data-generation-api-v1->@Inject::main(Lorg/spongepowered/asm/mixin/injection/callback/CallbackInfo;)V has 0 override(s) in child classes
[13:17:48] [main/DEBUG] (FabricLoader/Mixin) fabric-data-generation-api-v1.client.mixins.json:MinecraftClientMixin from mod fabric-data-generation-api-v1->@Inject::main(Lorg/spongepowered/asm/mixin/injection/callback/CallbackInfo;)V won't be passed a CallbackInfo as a result
[13:17:48] [main/DEBUG] (FabricLoader/Mixin) Mixing features.world.always_tick_entities.MixinClientWorld from viafabricplus.mixins.json into net.minecraft.client.world.ClientWorld
[13:17:48] [main/DEBUG] (FabricLoader/Mixin) Renaming synthetic method lambda$tickEntity$0(Lnet/minecraft/entity/Entity;)Ljava/lang/String; to mdd4350b$viafabricplus$lambda$tickEntity$0$0 in viafabricplus.mixins.json:features.world.always_tick_entities.MixinClientWorld from mod viafabricplus
[13:17:48] [main/DEBUG] (FabricLoader/Mixin) Mixing features.world.disable_sequencing.MixinClientWorld from viafabricplus.mixins.json into net.minecraft.client.world.ClientWorld
[13:17:48] [main/DEBUG] (FabricLoader/Mixin) Mixing ClientWorldMixin from fabric-lifecycle-events-v1.client.mixins.json into net.minecraft.client.world.ClientWorld
[13:17:48] [main/DEBUG] (FabricLoader/Mixin) Mixing ClientWorldMixin from fabric-rendering-v1.mixins.json into net.minecraft.client.world.ClientWorld
[13:17:48] [main/DEBUG] (FabricLoader/Mixin) Renaming synthetic method lambda$new$1(Lnet/minecraft/world/biome/ColorResolver;)Lnet/minecraft/client/world/BiomeColorCache; to mdd4350b$fabric-rendering-v1$lambda$new$1$1 in fabric-rendering-v1.mixins.json:ClientWorldMixin from mod fabric-rendering-v1
[13:17:48] [main/DEBUG] (FabricLoader/Mixin) Renaming synthetic method lambda$new$0(Lnet/minecraft/world/biome/ColorResolver;Lnet/minecraft/util/math/BlockPos;)I to mdd4350b$fabric-rendering-v1$lambda$new$0$2 in fabric-rendering-v1.mixins.json:ClientWorldMixin from mod fabric-rendering-v1
[13:17:48] [main/DEBUG] (FabricLoader/Mixin) viafabricplus.mixins.json:features.world.disable_sequencing.MixinClientWorld from mod viafabricplus->@Inject::removePendingUpdateManager(Lorg/spongepowered/asm/mixin/injection/callback/CallbackInfo;)V doesn't use it's CallbackInfo
[13:17:48] [main/DEBUG] (FabricLoader/Mixin) viafabricplus.mixins.json:features.world.disable_sequencing.MixinClientWorld from mod viafabricplus->@Inject::removePendingUpdateManager(Lorg/spongepowered/asm/mixin/injection/callback/CallbackInfo;)V has 0 override(s) in child classes
[13:17:48] [main/DEBUG] (FabricLoader/Mixin) viafabricplus.mixins.json:features.world.disable_sequencing.MixinClientWorld from mod viafabricplus->@Inject::removePendingUpdateManager(Lorg/spongepowered/asm/mixin/injection/callback/CallbackInfo;)V won't be passed a CallbackInfo as a result
[13:17:48] [main/DEBUG] (FabricLoader/Mixin) fabric-lifecycle-events-v1.client.mixins.json:ClientWorldMixin from mod fabric-lifecycle-events-v1->@Inject::tickWorldAfterBlockEntities(Lorg/spongepowered/asm/mixin/injection/callback/CallbackInfo;)V doesn't use it's CallbackInfo
[13:17:48] [main/DEBUG] (FabricLoader/Mixin) fabric-lifecycle-events-v1.client.mixins.json:ClientWorldMixin from mod fabric-lifecycle-events-v1->@Inject::tickWorldAfterBlockEntities(Lorg/spongepowered/asm/mixin/injection/callback/CallbackInfo;)V has 0 override(s) in child classes
[13:17:48] [main/DEBUG] (FabricLoader/Mixin) fabric-lifecycle-events-v1.client.mixins.json:ClientWorldMixin from mod fabric-lifecycle-events-v1->@Inject::tickWorldAfterBlockEntities(Lorg/spongepowered/asm/mixin/injection/callback/CallbackInfo;)V won't be passed a CallbackInfo as a result
[13:17:48] [main/DEBUG] (FabricLoader/Mixin) fabric-lifecycle-events-v1.client.mixins.json:ClientWorldMixin from mod fabric-lifecycle-events-v1->@Inject::startWorldTick(Lorg/spongepowered/asm/mixin/injection/callback/CallbackInfo;)V doesn't use it's CallbackInfo
[13:17:48] [main/DEBUG] (FabricLoader/Mixin) fabric-lifecycle-events-v1.client.mixins.json:ClientWorldMixin from mod fabric-lifecycle-events-v1->@Inject::startWorldTick(Lorg/spongepowered/asm/mixin/injection/callback/CallbackInfo;)V has 0 override(s) in child classes
[13:17:48] [main/DEBUG] (FabricLoader/Mixin) fabric-lifecycle-events-v1.client.mixins.json:ClientWorldMixin from mod fabric-lifecycle-events-v1->@Inject::startWorldTick(Lorg/spongepowered/asm/mixin/injection/callback/CallbackInfo;)V won't be passed a CallbackInfo as a result
[13:17:48] [main/DEBUG] (FabricLoader/Mixin) fabric-rendering-v1.mixins.json:ClientWorldMixin from mod fabric-rendering-v1->@Inject::onResetChunkColor(Lnet/minecraft/util/math/ChunkPos;Lorg/spongepowered/asm/mixin/injection/callback/CallbackInfo;)V doesn't use it's CallbackInfo
[13:17:48] [main/DEBUG] (FabricLoader/Mixin) fabric-rendering-v1.mixins.json:ClientWorldMixin from mod fabric-rendering-v1->@Inject::onResetChunkColor(Lnet/minecraft/util/math/ChunkPos;Lorg/spongepowered/asm/mixin/injection/callback/CallbackInfo;)V has 0 override(s) in child classes
[13:17:48] [main/DEBUG] (FabricLoader/Mixin) fabric-rendering-v1.mixins.json:ClientWorldMixin from mod fabric-rendering-v1->@Inject::onResetChunkColor(Lnet/minecraft/util/math/ChunkPos;Lorg/spongepowered/asm/mixin/injection/callback/CallbackInfo;)V won't be passed a CallbackInfo as a result
[13:17:48] [main/DEBUG] (FabricLoader/Mixin) fabric-rendering-v1.mixins.json:ClientWorldMixin from mod fabric-rendering-v1->@Inject::onReloadColor(Lorg/spongepowered/asm/mixin/injection/callback/CallbackInfo;)V doesn't use it's CallbackInfo
[13:17:48] [main/DEBUG] (FabricLoader/Mixin) fabric-rendering-v1.mixins.json:ClientWorldMixin from mod fabric-rendering-v1->@Inject::onReloadColor(Lorg/spongepowered/asm/mixin/injection/callback/CallbackInfo;)V has 0 override(s) in child classes
[13:17:48] [main/DEBUG] (FabricLoader/Mixin) fabric-rendering-v1.mixins.json:ClientWorldMixin from mod fabric-rendering-v1->@Inject::onReloadColor(Lorg/spongepowered/asm/mixin/injection/callback/CallbackInfo;)V won't be passed a CallbackInfo as a result
[13:17:48] [main/DEBUG] (FabricLoader/Mixin) Mixing features.run_command_action.MixinScreen from viafabricplus.mixins.json into net.minecraft.client.gui.screen.Screen
[13:17:48] [main/DEBUG] (FabricLoader/Mixin) Mixing ScreenAccessor from fabric-screen-api-v1.mixins.json into net.minecraft.client.gui.screen.Screen
[13:17:48] [main/DEBUG] (FabricLoader/Mixin) Mixing ScreenMixin from fabric-screen-api-v1.mixins.json into net.minecraft.client.gui.screen.Screen
[13:17:48] [main/DEBUG] (FabricLoader/Mixin) Mixing remove_newer_screen_features.MixinScreen from viafabricplus-visuals.mixins.json into net.minecraft.client.gui.screen.Screen
[13:17:48] [main/DEBUG] (FabricLoader/Mixin) viafabricplus.mixins.json:features.run_command_action.MixinScreen from mod viafabricplus->@Inject::allowRunCommandAction(Lnet/minecraft/text/Style;Lorg/spongepowered/asm/mixin/injection/callback/CallbackInfoReturnable;)V does use it's CallbackInfoReturnable
[13:17:48] [main/DEBUG] (FabricLoader/Mixin) fabric-screen-api-v1.mixins.json:ScreenMixin from mod fabric-screen-api-v1->@Inject::beforeInitScreen(Lnet/minecraft/client/MinecraftClient;IILorg/spongepowered/asm/mixin/injection/callback/CallbackInfo;)V doesn't use it's CallbackInfo
[13:17:48] [main/DEBUG] (FabricLoader/Mixin) fabric-screen-api-v1.mixins.json:ScreenMixin from mod fabric-screen-api-v1->@Inject::beforeInitScreen(Lnet/minecraft/client/MinecraftClient;IILorg/spongepowered/asm/mixin/injection/callback/CallbackInfo;)V has 0 override(s) in child classes
[13:17:48] [main/DEBUG] (FabricLoader/Mixin) fabric-screen-api-v1.mixins.json:ScreenMixin from mod fabric-screen-api-v1->@Inject::beforeInitScreen(Lnet/minecraft/client/MinecraftClient;IILorg/spongepowered/asm/mixin/injection/callback/CallbackInfo;)V won't be passed a CallbackInfo as a result
[13:17:48] [main/DEBUG] (FabricLoader/Mixin) fabric-screen-api-v1.mixins.json:ScreenMixin from mod fabric-screen-api-v1->@Inject::afterInitScreen(Lnet/minecraft/client/MinecraftClient;IILorg/spongepowered/asm/mixin/injection/callback/CallbackInfo;)V doesn't use it's CallbackInfo
[13:17:48] [main/DEBUG] (FabricLoader/Mixin) fabric-screen-api-v1.mixins.json:ScreenMixin from mod fabric-screen-api-v1->@Inject::afterInitScreen(Lnet/minecraft/client/MinecraftClient;IILorg/spongepowered/asm/mixin/injection/callback/CallbackInfo;)V has 0 override(s) in child classes
[13:17:48] [main/DEBUG] (FabricLoader/Mixin) fabric-screen-api-v1.mixins.json:ScreenMixin from mod fabric-screen-api-v1->@Inject::afterInitScreen(Lnet/minecraft/client/MinecraftClient;IILorg/spongepowered/asm/mixin/injection/callback/CallbackInfo;)V won't be passed a CallbackInfo as a result
[13:17:48] [main/DEBUG] (FabricLoader/Mixin) fabric-screen-api-v1.mixins.json:ScreenMixin from mod fabric-screen-api-v1->@Inject::beforeResizeScreen(Lnet/minecraft/client/MinecraftClient;IILorg/spongepowered/asm/mixin/injection/callback/CallbackInfo;)V doesn't use it's CallbackInfo
[13:17:48] [main/DEBUG] (FabricLoader/Mixin) fabric-screen-api-v1.mixins.json:ScreenMixin from mod fabric-screen-api-v1->@Inject::beforeResizeScreen(Lnet/minecraft/client/MinecraftClient;IILorg/spongepowered/asm/mixin/injection/callback/CallbackInfo;)V has 0 override(s) in child classes
[13:17:48] [main/DEBUG] (FabricLoader/Mixin) fabric-screen-api-v1.mixins.json:ScreenMixin from mod fabric-screen-api-v1->@Inject::beforeResizeScreen(Lnet/minecraft/client/MinecraftClient;IILorg/spongepowered/asm/mixin/injection/callback/CallbackInfo;)V won't be passed a CallbackInfo as a result
[13:17:48] [main/DEBUG] (FabricLoader/Mixin) fabric-screen-api-v1.mixins.json:ScreenMixin from mod fabric-screen-api-v1->@Inject::afterResizeScreen(Lnet/minecraft/client/MinecraftClient;IILorg/spongepowered/asm/mixin/injection/callback/CallbackInfo;)V doesn't use it's CallbackInfo
[13:17:48] [main/DEBUG] (FabricLoader/Mixin) fabric-screen-api-v1.mixins.json:ScreenMixin from mod fabric-screen-api-v1->@Inject::afterResizeScreen(Lnet/minecraft/client/MinecraftClient;IILorg/spongepowered/asm/mixin/injection/callback/CallbackInfo;)V has 0 override(s) in child classes
[13:17:48] [main/DEBUG] (FabricLoader/Mixin) fabric-screen-api-v1.mixins.json:ScreenMixin from mod fabric-screen-api-v1->@Inject::afterResizeScreen(Lnet/minecraft/client/MinecraftClient;IILorg/spongepowered/asm/mixin/injection/callback/CallbackInfo;)V won't be passed a CallbackInfo as a result
[13:17:48] [main/DEBUG] (FabricLoader/Mixin) viafabricplus-visuals.mixins.json:remove_newer_screen_features.MixinScreen from mod viafabricplus-visuals->@Inject::removeRecipeBook(Lnet/minecraft/client/gui/Element;Lorg/spongepowered/asm/mixin/injection/callback/CallbackInfoReturnable;)V does use it's CallbackInfoReturnable
[13:17:48] [main/DEBUG] (FabricLoader/Mixin) Mixing MixinTitleScreen from mixins.modmenu.json into net.minecraft.client.gui.screen.TitleScreen
[13:17:48] [main/DEBUG] (FabricLoader/Mixin) mixins.modmenu.json:MixinTitleScreen from mod modmenu: Class version 65 required is higher than the class version supported by the current version of Mixin (JAVA_16 supports class version 60)
[13:17:48] [main/DEBUG] (FabricLoader/Mixin) Mixing base.integration.bedrock.MixinConfirmScreen from viafabricplus.mixins.json into net.minecraft.client.gui.screen.ConfirmScreen
[13:17:48] [main/DEBUG] (FabricLoader/Mixin) viafabricplus.mixins.json:base.integration.bedrock.MixinConfirmScreen from mod viafabricplus->@Inject::preventButtonClearing(Lorg/spongepowered/asm/mixin/injection/callback/CallbackInfo;)V does use it's CallbackInfo
[13:17:48] [main/DEBUG] (FabricLoader/Mixin) Mixing features.limitation.max_chat_length.MixinChatScreen from viafabricplus.mixins.json into net.minecraft.client.gui.screen.ChatScreen
[13:17:48] [main/DEBUG] (FabricLoader/Mixin) Mixing features.legacy_tab_completion.MixinChatScreen from viafabricplus.mixins.json into net.minecraft.client.gui.screen.ChatScreen
[13:17:48] [main/DEBUG] (FabricLoader/Mixin) Mixing hud_element_changes.MixinChatScreen from viafabricplus-visuals.mixins.json into net.minecraft.client.gui.screen.ChatScreen
[13:17:48] [main/DEBUG] (FabricLoader/Mixin) viafabricplus.mixins.json:features.limitation.max_chat_length.MixinChatScreen from mod viafabricplus->@Inject::changeChatLength(Lorg/spongepowered/asm/mixin/injection/callback/CallbackInfo;)V doesn't use it's CallbackInfo
[13:17:48] [main/DEBUG] (FabricLoader/Mixin) viafabricplus.mixins.json:features.limitation.max_chat_length.MixinChatScreen from mod viafabricplus->@Inject::changeChatLength(Lorg/spongepowered/asm/mixin/injection/callback/CallbackInfo;)V has 0 override(s) in child classes
[13:17:48] [main/DEBUG] (FabricLoader/Mixin) viafabricplus.mixins.json:features.limitation.max_chat_length.MixinChatScreen from mod viafabricplus->@Inject::changeChatLength(Lorg/spongepowered/asm/mixin/injection/callback/CallbackInfo;)V won't be passed a CallbackInfo as a result
[13:17:48] [main/DEBUG] (FabricLoader/Mixin) viafabricplus.mixins.json:features.legacy_tab_completion.MixinChatScreen from mod viafabricplus->@Inject::moveSetTextDown(Lorg/spongepowered/asm/mixin/injection/callback/CallbackInfo;)V doesn't use it's CallbackInfo
[13:17:48] [main/DEBUG] (FabricLoader/Mixin) viafabricplus.mixins.json:features.legacy_tab_completion.MixinChatScreen from mod viafabricplus->@Inject::moveSetTextDown(Lorg/spongepowered/asm/mixin/injection/callback/CallbackInfo;)V has 0 override(s) in child classes
[13:17:48] [main/DEBUG] (FabricLoader/Mixin) viafabricplus.mixins.json:features.legacy_tab_completion.MixinChatScreen from mod viafabricplus->@Inject::moveSetTextDown(Lorg/spongepowered/asm/mixin/injection/callback/CallbackInfo;)V won't be passed a CallbackInfo as a result
[13:17:48] [main/DEBUG] (FabricLoader/Mixin) Mixing remove_newer_screen_features.MixinGameMenuScreen from viafabricplus-visuals.mixins.json into net.minecraft.client.gui.screen.GameMenuScreen
[13:17:48] [main/DEBUG] (FabricLoader/Mixin) Renaming synthetic method lambda$removeButtons$5(Lnet/minecraft/client/gui/widget/ButtonWidget;Lnet/minecraft/client/gui/widget/ButtonWidget;)V to mdd4350b$viafabricplus-visuals$lambda$removeButtons$5$0 in viafabricplus-visuals.mixins.json:remove_newer_screen_features.MixinGameMenuScreen from mod viafabricplus-visuals
[13:17:48] [main/DEBUG] (FabricLoader/Mixin) Renaming synthetic method lambda$moveButtonPositions$4(Lnet/minecraft/client/gui/widget/ButtonWidget;Lnet/minecraft/client/gui/widget/ButtonWidget;)V to mdd4350b$viafabricplus-visuals$lambda$moveButtonPositions$4$1 in viafabricplus-visuals.mixins.json:remove_newer_screen_features.MixinGameMenuScreen from mod viafabricplus-visuals
[13:17:48] [main/DEBUG] (FabricLoader/Mixin) Renaming synthetic method lambda$moveButtonPositions$3(Lnet/minecraft/client/gui/widget/ButtonWidget;Lnet/minecraft/client/gui/widget/ButtonWidget;)V to mdd4350b$viafabricplus-visuals$lambda$moveButtonPositions$3$2 in viafabricplus-visuals.mixins.json:remove_newer_screen_features.MixinGameMenuScreen from mod viafabricplus-visuals
[13:17:48] [main/DEBUG] (FabricLoader/Mixin) Renaming synthetic method lambda$moveButtonPositions$2(Lnet/minecraft/client/gui/widget/ButtonWidget;)V to mdd4350b$viafabricplus-visuals$lambda$moveButtonPositions$2$3 in viafabricplus-visuals.mixins.json:remove_newer_screen_features.MixinGameMenuScreen from mod viafabricplus-visuals
[13:17:48] [main/DEBUG] (FabricLoader/Mixin) Renaming synthetic method lambda$replaceButtons$1(Lnet/minecraft/client/gui/screen/GameMenuScreen;)Lnet/minecraft/client/gui/screen/Screen; to mdd4350b$viafabricplus-visuals$lambda$replaceButtons$1$4 in viafabricplus-visuals.mixins.json:remove_newer_screen_features.MixinGameMenuScreen from mod viafabricplus-visuals
[13:17:48] [main/DEBUG] (FabricLoader/Mixin) Renaming synthetic method lambda$replaceButtons$0(Lnet/minecraft/client/gui/screen/GameMenuScreen;Lnet/minecraft/client/gui/widget/ButtonWidget;)V to mdd4350b$viafabricplus-visuals$lambda$replaceButtons$0$5 in viafabricplus-visuals.mixins.json:remove_newer_screen_features.MixinGameMenuScreen from mod viafabricplus-visuals
[13:17:48] [main/DEBUG] (FabricLoader/Mixin) Mixing MixinGameMenu from mixins.modmenu.json into net.minecraft.client.gui.screen.GameMenuScreen
[13:17:48] [main/DEBUG] (FabricLoader/Mixin) mixins.modmenu.json:MixinGameMenu from mod modmenu: Class version 65 required is higher than the class version supported by the current version of Mixin (JAVA_16 supports class version 60)
[13:17:48] [main/DEBUG] (FabricLoader/Mixin) Renaming synthetic method lambda$onInitWidgets$2(Lnet/minecraft/client/gui/widget/ButtonWidget;)V to mdd4350b$modmenu$lambda$onInitWidgets$2$6 in mixins.modmenu.json:MixinGameMenu from mod modmenu
[13:17:48] [main/DEBUG] (FabricLoader/Mixin) Renaming synthetic method lambda$onInitWidgets$1(Lnet/minecraft/client/gui/widget/Widget;)V to mdd4350b$modmenu$lambda$onInitWidgets$1$7 in mixins.modmenu.json:MixinGameMenu from mod modmenu
[13:17:48] [main/DEBUG] (FabricLoader/Mixin) Renaming synthetic method lambda$onInitWidgets$0(Lnet/minecraft/client/gui/widget/Widget;)Z to mdd4350b$modmenu$lambda$onInitWidgets$0$8 in mixins.modmenu.json:MixinGameMenu from mod modmenu
[13:17:48] [main/DEBUG] (FabricLoader/Mixin) viafabricplus-visuals.mixins.json:remove_newer_screen_features.MixinGameMenuScreen from mod viafabricplus-visuals->@Inject::moveButtonPositions(Lorg/spongepowered/asm/mixin/injection/callback/CallbackInfo;)V doesn't use it's CallbackInfo
[13:17:48] [main/DEBUG] (FabricLoader/Mixin) viafabricplus-visuals.mixins.json:remove_newer_screen_features.MixinGameMenuScreen from mod viafabricplus-visuals->@Inject::moveButtonPositions(Lorg/spongepowered/asm/mixin/injection/callback/CallbackInfo;)V has 0 override(s) in child classes
[13:17:48] [main/DEBUG] (FabricLoader/Mixin) viafabricplus-visuals.mixins.json:remove_newer_screen_features.MixinGameMenuScreen from mod viafabricplus-visuals->@Inject::moveButtonPositions(Lorg/spongepowered/asm/mixin/injection/callback/CallbackInfo;)V won't be passed a CallbackInfo as a result
[13:17:48] [main/DEBUG] (FabricLoader/Mixin) mixins.modmenu.json:MixinGameMenu from mod modmenu->@Inject::onInitWidgets(Lorg/spongepowered/asm/mixin/injection/callback/CallbackInfo;Lnet/minecraft/client/gui/widget/GridWidget;)V doesn't use it's CallbackInfo
[13:17:48] [main/DEBUG] (FabricLoader/Mixin) mixins.modmenu.json:MixinGameMenu from mod modmenu->@Inject::onInitWidgets(Lorg/spongepowered/asm/mixin/injection/callback/CallbackInfo;Lnet/minecraft/client/gui/widget/GridWidget;)V has 0 override(s) in child classes
[13:17:48] [main/DEBUG] (FabricLoader/Mixin) mixins.modmenu.json:MixinGameMenu from mod modmenu->@Inject::onInitWidgets(Lorg/spongepowered/asm/mixin/injection/callback/CallbackInfo;Lnet/minecraft/client/gui/widget/GridWidget;)V won't be passed a CallbackInfo as a result
[13:17:48] [main/DEBUG] (FabricLoader/Mixin) Mixing features.movement.jump.MixinClientPlayerEntity from viafabricplus.mixins.json into net.minecraft.client.network.ClientPlayerEntity
[13:17:48] [main/DEBUG] (FabricLoader/Mixin) Mixing render.impl.client.ClientPlayerEntityMixin from luxury.mixins.json into net.minecraft.client.network.ClientPlayerEntity
[13:17:48] [main/DEBUG] (FabricLoader/Mixin) Mixing features.movement.MixinClientPlayerEntity from viafabricplus.mixins.json into net.minecraft.client.network.ClientPlayerEntity
[13:17:48] [main/DEBUG] (FabricLoader/Mixin) Mixing features.movement.constants.MixinClientPlayerEntity from viafabricplus.mixins.json into net.minecraft.client.network.ClientPlayerEntity
[13:17:48] [main/DEBUG] (FabricLoader/Mixin) Mixing features.movement.elytra.MixinClientPlayerEntity from viafabricplus.mixins.json into net.minecraft.client.network.ClientPlayerEntity
[13:17:48] [main/DEBUG] (FabricLoader/Mixin) Mixing features.movement.slowdown.MixinClientPlayerEntity from viafabricplus.mixins.json into net.minecraft.client.network.ClientPlayerEntity
[13:17:48] [main/DEBUG] (FabricLoader/Mixin) Mixing features.movement.sprinting_and_sneaking.MixinClientPlayerEntity from viafabricplus.mixins.json into net.minecraft.client.network.ClientPlayerEntity
[13:17:48] [main/DEBUG] (FabricLoader/Mixin) Mixing features.movement.vehicle.MixinClientPlayerEntity from viafabricplus.mixins.json into net.minecraft.client.network.ClientPlayerEntity
[13:17:48] [main/DEBUG] (FabricLoader/Mixin) Mixing features.movement.water.MixinClientPlayerEntity from viafabricplus.mixins.json into net.minecraft.client.network.ClientPlayerEntity
[13:17:48] [main/DEBUG] (FabricLoader/Mixin) Mixing features.networking.idle_packet.MixinClientPlayerEntity from viafabricplus.mixins.json into net.minecraft.client.network.ClientPlayerEntity
[13:17:48] [main/DEBUG] (FabricLoader/Mixin) luxury.mixins.json:render.impl.client.ClientPlayerEntityMixin from mod luxury->@Inject::tickHead(Lorg/spongepowered/asm/mixin/injection/callback/CallbackInfo;)V doesn't use it's CallbackInfo
[13:17:48] [main/DEBUG] (FabricLoader/Mixin) luxury.mixins.json:render.impl.client.ClientPlayerEntityMixin from mod luxury->@Inject::tickHead(Lorg/spongepowered/asm/mixin/injection/callback/CallbackInfo;)V has 0 override(s) in child classes
[13:17:48] [main/DEBUG] (FabricLoader/Mixin) luxury.mixins.json:render.impl.client.ClientPlayerEntityMixin from mod luxury->@Inject::tickHead(Lorg/spongepowered/asm/mixin/injection/callback/CallbackInfo;)V won't be passed a CallbackInfo as a result
[13:17:48] [main/DEBUG] (FabricLoader/Mixin) luxury.mixins.json:render.impl.client.ClientPlayerEntityMixin from mod luxury->@Inject::tickNewAiHead(Lorg/spongepowered/asm/mixin/injection/callback/CallbackInfo;)V doesn't use it's CallbackInfo
[13:17:48] [main/DEBUG] (FabricLoader/Mixin) luxury.mixins.json:render.impl.client.ClientPlayerEntityMixin from mod luxury->@Inject::tickNewAiHead(Lorg/spongepowered/asm/mixin/injection/callback/CallbackInfo;)V has 0 override(s) in child classes
[13:17:48] [main/DEBUG] (FabricLoader/Mixin) luxury.mixins.json:render.impl.client.ClientPlayerEntityMixin from mod luxury->@Inject::tickNewAiHead(Lorg/spongepowered/asm/mixin/injection/callback/CallbackInfo;)V won't be passed a CallbackInfo as a result
[13:17:48] [main/DEBUG] (FabricLoader/Mixin) luxury.mixins.json:render.impl.client.ClientPlayerEntityMixin from mod luxury->@Inject::tickNewAiReturn(Lorg/spongepowered/asm/mixin/injection/callback/CallbackInfo;)V doesn't use it's CallbackInfo
[13:17:48] [main/DEBUG] (FabricLoader/Mixin) luxury.mixins.json:render.impl.client.ClientPlayerEntityMixin from mod luxury->@Inject::tickNewAiReturn(Lorg/spongepowered/asm/mixin/injection/callback/CallbackInfo;)V has 0 override(s) in child classes
[13:17:48] [main/DEBUG] (FabricLoader/Mixin) luxury.mixins.json:render.impl.client.ClientPlayerEntityMixin from mod luxury->@Inject::tickNewAiReturn(Lorg/spongepowered/asm/mixin/injection/callback/CallbackInfo;)V won't be passed a CallbackInfo as a result
[13:17:48] [main/DEBUG] (FabricLoader/Mixin) luxury.mixins.json:render.impl.client.ClientPlayerEntityMixin from mod luxury->@Inject::tickReturn(Lorg/spongepowered/asm/mixin/injection/callback/CallbackInfo;)V doesn't use it's CallbackInfo
[13:17:48] [main/DEBUG] (FabricLoader/Mixin) luxury.mixins.json:render.impl.client.ClientPlayerEntityMixin from mod luxury->@Inject::tickReturn(Lorg/spongepowered/asm/mixin/injection/callback/CallbackInfo;)V has 0 override(s) in child classes
[13:17:48] [main/DEBUG] (FabricLoader/Mixin) luxury.mixins.json:render.impl.client.ClientPlayerEntityMixin from mod luxury->@Inject::tickReturn(Lorg/spongepowered/asm/mixin/injection/callback/CallbackInfo;)V won't be passed a CallbackInfo as a result
[13:17:48] [main/DEBUG] (FabricLoader/Mixin) luxury.mixins.json:render.impl.client.ClientPlayerEntityMixin from mod luxury->@Inject::tickReturn(Lorg/spongepowered/asm/mixin/injection/callback/CallbackInfo;)V doesn't use it's CallbackInfo
[13:17:48] [main/DEBUG] (FabricLoader/Mixin) luxury.mixins.json:render.impl.client.ClientPlayerEntityMixin from mod luxury->@Inject::tickReturn(Lorg/spongepowered/asm/mixin/injection/callback/CallbackInfo;)V has 0 override(s) in child classes
[13:17:48] [main/DEBUG] (FabricLoader/Mixin) luxury.mixins.json:render.impl.client.ClientPlayerEntityMixin from mod luxury->@Inject::tickReturn(Lorg/spongepowered/asm/mixin/injection/callback/CallbackInfo;)V won't be passed a CallbackInfo as a result
[13:17:48] [main/DEBUG] (FabricLoader/Mixin) viafabricplus.mixins.json:features.movement.slowdown.MixinClientPlayerEntity from mod viafabricplus->@Inject::undoSneakSlowdownForFly(Lorg/spongepowered/asm/mixin/injection/callback/CallbackInfo;)V doesn't use it's CallbackInfo
[13:17:48] [main/DEBUG] (FabricLoader/Mixin) viafabricplus.mixins.json:features.movement.slowdown.MixinClientPlayerEntity from mod viafabricplus->@Inject::undoSneakSlowdownForFly(Lorg/spongepowered/asm/mixin/injection/callback/CallbackInfo;)V has 0 override(s) in child classes
[13:17:48] [main/DEBUG] (FabricLoader/Mixin) viafabricplus.mixins.json:features.movement.slowdown.MixinClientPlayerEntity from mod viafabricplus->@Inject::undoSneakSlowdownForFly(Lorg/spongepowered/asm/mixin/injection/callback/CallbackInfo;)V won't be passed a CallbackInfo as a result
[13:17:48] [main/DEBUG] (FabricLoader/Mixin) viafabricplus.mixins.json:features.movement.sprinting_and_sneaking.MixinClientPlayerEntity from mod viafabricplus->@Inject::sendSneakingAfterSprinting(Lorg/spongepowered/asm/mixin/injection/callback/CallbackInfo;)V doesn't use it's CallbackInfo
[13:17:48] [main/DEBUG] (FabricLoader/Mixin) viafabricplus.mixins.json:features.movement.sprinting_and_sneaking.MixinClientPlayerEntity from mod viafabricplus->@Inject::sendSneakingAfterSprinting(Lorg/spongepowered/asm/mixin/injection/callback/CallbackInfo;)V has 0 override(s) in child classes
[13:17:48] [main/DEBUG] (FabricLoader/Mixin) viafabricplus.mixins.json:features.movement.sprinting_and_sneaking.MixinClientPlayerEntity from mod viafabricplus->@Inject::sendSneakingAfterSprinting(Lorg/spongepowered/asm/mixin/injection/callback/CallbackInfo;)V won't be passed a CallbackInfo as a result
[13:17:48] [main/DEBUG] (FabricLoader/Mixin) viafabricplus.mixins.json:features.movement.sprinting_and_sneaking.MixinClientPlayerEntity from mod viafabricplus->@Inject::removeSneakingConditions(Lorg/spongepowered/asm/mixin/injection/callback/CallbackInfo;)V doesn't use it's CallbackInfo
[13:17:48] [main/DEBUG] (FabricLoader/Mixin) viafabricplus.mixins.json:features.movement.sprinting_and_sneaking.MixinClientPlayerEntity from mod viafabricplus->@Inject::removeSneakingConditions(Lorg/spongepowered/asm/mixin/injection/callback/CallbackInfo;)V has 0 override(s) in child classes
[13:17:48] [main/DEBUG] (FabricLoader/Mixin) viafabricplus.mixins.json:features.movement.sprinting_and_sneaking.MixinClientPlayerEntity from mod viafabricplus->@Inject::removeSneakingConditions(Lorg/spongepowered/asm/mixin/injection/callback/CallbackInfo;)V won't be passed a CallbackInfo as a result
[13:17:48] [main/DEBUG] (FabricLoader/Mixin) viafabricplus.mixins.json:features.movement.vehicle.MixinClientPlayerEntity from mod viafabricplus->@Inject::setRotationsWhenInBoat(Lnet/minecraft/entity/Entity;ZLorg/spongepowered/asm/mixin/injection/callback/CallbackInfoReturnable;)V does use it's CallbackInfoReturnable
[13:17:48] [main/DEBUG] (FabricLoader/Mixin) viafabricplus.mixins.json:features.movement.vehicle.MixinClientPlayerEntity from mod viafabricplus->@Inject::setRotationsWhenInBoat(Lnet/minecraft/entity/Entity;ZLorg/spongepowered/asm/mixin/injection/callback/CallbackInfoReturnable;)V does use it's CallbackInfoReturnable
[13:17:48] [main/DEBUG] (FabricLoader/Mixin) viafabricplus.mixins.json:features.movement.water.MixinClientPlayerEntity from mod viafabricplus->@Inject::easierUnderwaterSprinting(Lorg/spongepowered/asm/mixin/injection/callback/CallbackInfoReturnable;)V does use it's CallbackInfoReturnable
[13:17:48] [main/DEBUG] (FabricLoader/Mixin) Mixing features.interaction.MixinAbstractClientPlayerEntity from viafabricplus.mixins.json into net.minecraft.client.network.AbstractClientPlayerEntity
[13:17:48] [main/DEBUG] (FabricLoader/Mixin) viafabricplus.mixins.json:features.interaction.MixinAbstractClientPlayerEntity from mod viafabricplus->@Inject::fixCreativeCheck(Lorg/spongepowered/asm/mixin/injection/callback/CallbackInfoReturnable;)V does use it's CallbackInfoReturnable
[13:17:48] [main/DEBUG] (FabricLoader/Mixin) Mixing HandledScreenMixin from fabric-screen-api-v1.mixins.json into net.minecraft.client.gui.screen.ingame.HandledScreen
[13:17:48] [main/DEBUG] (FabricLoader/Mixin) fabric-screen-api-v1.mixins.json:HandledScreenMixin from mod fabric-screen-api-v1->@Inject::callSuperMouseReleased(DDILorg/spongepowered/asm/mixin/injection/callback/CallbackInfoReturnable;)V does use it's CallbackInfoReturnable
[13:17:48] [main/DEBUG] (FabricLoader/Mixin) fabric-screen-api-v1.mixins.json:HandledScreenMixin from mod fabric-screen-api-v1->@Inject::callSuperMouseReleased(DDIDDLorg/spongepowered/asm/mixin/injection/callback/CallbackInfoReturnable;)V does use it's CallbackInfoReturnable
[13:17:48] [main/DEBUG] (FabricLoader/Mixin) Mixing base.ui.MixinDownloadingTerrainScreen from viafabricplus.mixins.json into net.minecraft.client.gui.screen.DownloadingTerrainScreen
[13:17:48] [main/DEBUG] (FabricLoader/Mixin) Mixing features.networking.downloading_terrain.MixinDownloadingTerrainScreen from viafabricplus.mixins.json into net.minecraft.client.gui.screen.DownloadingTerrainScreen
[13:17:48] [main/DEBUG] (FabricLoader/Mixin) Mixing downloading_terrain_transitions.MixinDownloadingTerrainScreen from viafabricplus-visuals.mixins.json into net.minecraft.client.gui.screen.DownloadingTerrainScreen
[13:17:48] [main/DEBUG] (FabricLoader/Mixin) viafabricplus.mixins.json:base.ui.MixinDownloadingTerrainScreen from mod viafabricplus->@Inject::renderClassicProgress(Lnet/minecraft/client/gui/DrawContext;IIFLorg/spongepowered/asm/mixin/injection/callback/CallbackInfo;)V doesn't use it's CallbackInfo
[13:17:48] [main/DEBUG] (FabricLoader/Mixin) viafabricplus.mixins.json:base.ui.MixinDownloadingTerrainScreen from mod viafabricplus->@Inject::renderClassicProgress(Lnet/minecraft/client/gui/DrawContext;IIFLorg/spongepowered/asm/mixin/injection/callback/CallbackInfo;)V has 0 override(s) in child classes
[13:17:48] [main/DEBUG] (FabricLoader/Mixin) viafabricplus.mixins.json:base.ui.MixinDownloadingTerrainScreen from mod viafabricplus->@Inject::renderClassicProgress(Lnet/minecraft/client/gui/DrawContext;IIFLorg/spongepowered/asm/mixin/injection/callback/CallbackInfo;)V won't be passed a CallbackInfo as a result
[13:17:48] [main/DEBUG] (FabricLoader/Mixin) viafabricplus.mixins.json:features.networking.downloading_terrain.MixinDownloadingTerrainScreen from mod viafabricplus->@Inject::modifyCloseCondition(Lorg/spongepowered/asm/mixin/injection/callback/CallbackInfo;)V does use it's CallbackInfo
[13:17:49] [main/DEBUG] (FabricLoader/Mixin) Mixing features.item.interaction.MixinBlockItem from viafabricplus.mixins.json into net.minecraft.item.BlockItem
[13:17:49] [main/DEBUG] (FabricLoader/Mixin) viafabricplus.mixins.json:features.item.interaction.MixinBlockItem from mod viafabricplus->@Inject::checkChestPlacement(Lnet/minecraft/item/ItemPlacementContext;Lnet/minecraft/block/BlockState;Lorg/spongepowered/asm/mixin/injection/callback/CallbackInfoReturnable;)V does use it's CallbackInfoReturnable
[13:17:49] [main/DEBUG] (FabricLoader/Mixin) Mixing BucketItemAccessor from fabric-transfer-api-v1.mixins.json into net.minecraft.item.BucketItem
[13:17:49] [main/DEBUG] (FabricLoader/Mixin) Mixing BucketItemMixin from fabric-transfer-api-v1.mixins.json into net.minecraft.item.BucketItem
[13:17:49] [main/DEBUG] (FabricLoader/Mixin) Mixing features.item.interaction.MixinBucketItem from viafabricplus.mixins.json into net.minecraft.item.BucketItem
[13:17:49] [main/DEBUG] (FabricLoader/Mixin) Mixing HoeItemAccessor from fabric-content-registries-v0.mixins.json into net.minecraft.item.HoeItem
[13:17:49] [main/DEBUG] (FabricLoader/Mixin) Renaming @Accessor method getTillingActions()Ljava/util/Map; to getTillingActions$fabric-content-registries-v0_$md$d4350b$0 in fabric-content-registries-v0.mixins.json:HoeItemAccessor from mod fabric-content-registries-v0
[13:17:49] [main/DEBUG] (FabricLoader/Mixin) Mixing features.item.interaction.MixinAxeItem from viafabricplus.mixins.json into net.minecraft.item.AxeItem
[13:17:49] [main/DEBUG] (FabricLoader/Mixin) Mixing AxeItemAccessor from fabric-content-registries-v0.mixins.json into net.minecraft.item.AxeItem
[13:17:49] [main/DEBUG] (FabricLoader/Mixin) Renaming @Accessor method getStrippedBlocks()Ljava/util/Map; to getStrippedBlocks$fabric-content-registries-v0_$md$d4350b$0 in fabric-content-registries-v0.mixins.json:AxeItemAccessor from mod fabric-content-registries-v0
[13:17:49] [main/DEBUG] (FabricLoader/Mixin) Renaming @Accessor method setStrippedBlocks(Ljava/util/Map;)V to setStrippedBlocks$fabric-content-registries-v0_$md$d4350b$1 in fabric-content-registries-v0.mixins.json:AxeItemAccessor from mod fabric-content-registries-v0
[13:17:49] [main/DEBUG] (FabricLoader/Mixin) viafabricplus.mixins.json:features.item.interaction.MixinAxeItem from mod viafabricplus->@Inject::disableUse(Lnet/minecraft/item/ItemUsageContext;Lorg/spongepowered/asm/mixin/injection/callback/CallbackInfoReturnable;)V does use it's CallbackInfoReturnable
[13:17:49] [main/DEBUG] (FabricLoader/Mixin) Mixing features.item.interaction.MixinShovelItem from viafabricplus.mixins.json into net.minecraft.item.ShovelItem
[13:17:49] [main/DEBUG] (FabricLoader/Mixin) Mixing ShovelItemAccessor from fabric-content-registries-v0.mixins.json into net.minecraft.item.ShovelItem
[13:17:49] [main/DEBUG] (FabricLoader/Mixin) Renaming @Accessor method getPathStates()Ljava/util/Map; to getPathStates$fabric-content-registries-v0_$md$d4350b$0 in fabric-content-registries-v0.mixins.json:ShovelItemAccessor from mod fabric-content-registries-v0
[13:17:49] [main/DEBUG] (FabricLoader/Mixin) Mixing features.item.sword_blocking.MixinSwordItem from viafabricplus.mixins.json into net.minecraft.item.SwordItem
[13:17:49] [main/DEBUG] (FabricLoader/Mixin) Mixing ItemSettingsMixin from fabric-item-api-v1.mixins.json into net.minecraft.item.Item$Settings
[13:17:49] [main/DEBUG] (FabricLoader/Mixin) Mixing features.networking.registry_validation.MixinRegistryEntryListCodec from viafabricplus.mixins.json into net.minecraft.registry.entry.RegistryEntryListCodec
[13:17:49] [main/DEBUG] (FabricLoader/Mixin) viafabricplus.mixins.json:features.networking.registry_validation.MixinRegistryEntryListCodec from mod viafabricplus->@Inject::workaroundValidation(Lnet/minecraft/registry/RegistryEntryLookup;Lnet/minecraft/registry/tag/TagKey;Lorg/spongepowered/asm/mixin/injection/callback/CallbackInfoReturnable;)V does use it's CallbackInfoReturnable
[13:17:49] [main/DEBUG] (FabricLoader/Mixin) Mixing TagKeyMixin from fabric-convention-tags-api-v2.mixins.json into net.minecraft.registry.tag.TagKey
[13:17:49] [main/DEBUG] (FabricLoader/Mixin) Mixing features.networking.registry_validation.MixinRegistryEntryList_Named from viafabricplus.mixins.json into net.minecraft.registry.entry.RegistryEntryList$Named
[13:17:49] [main/DEBUG] (FabricLoader/Mixin) viafabricplus.mixins.json:features.networking.registry_validation.MixinRegistryEntryList_Named from mod viafabricplus->@Inject::preventNullableEntries(Lorg/spongepowered/asm/mixin/injection/callback/CallbackInfoReturnable;)V doesn't use it's CallbackInfoReturnable
[13:17:49] [main/DEBUG] (FabricLoader/Mixin) viafabricplus.mixins.json:features.networking.registry_validation.MixinRegistryEntryList_Named from mod viafabricplus->@Inject::preventNullableEntries(Lorg/spongepowered/asm/mixin/injection/callback/CallbackInfoReturnable;)V has 0 override(s) in child classes
[13:17:49] [main/DEBUG] (FabricLoader/Mixin) viafabricplus.mixins.json:features.networking.registry_validation.MixinRegistryEntryList_Named from mod viafabricplus->@Inject::preventNullableEntries(Lorg/spongepowered/asm/mixin/injection/callback/CallbackInfoReturnable;)V won't be passed a CallbackInfoReturnable as a result
[13:17:49] [main/DEBUG] (FabricLoader/Mixin) viafabricplus.mixins.json:features.networking.registry_validation.MixinRegistryEntryList_Named from mod viafabricplus->@Inject::alwaysBound(Lorg/spongepowered/asm/mixin/injection/callback/CallbackInfoReturnable;)V does use it's CallbackInfoReturnable
[13:17:49] [main/DEBUG] (FabricLoader/Mixin) Mixing features.item.interaction.MixinEquippableComponent from viafabricplus.mixins.json into net.minecraft.component.type.EquippableComponent
[13:17:49] [main/DEBUG] (FabricLoader/Mixin) viafabricplus.mixins.json:features.item.interaction.MixinEquippableComponent from mod viafabricplus->@Inject::cancelArmorSwap(Lnet/minecraft/item/ItemStack;Lnet/minecraft/entity/player/PlayerEntity;Lorg/spongepowered/asm/mixin/injection/callback/CallbackInfoReturnable;)V does use it's CallbackInfoReturnable
[13:17:49] [main/DEBUG] (FabricLoader/Mixin) Mixing BundleContentsComponentAccessor from fabric-transfer-api-v1.mixins.json into net.minecraft.component.type.BundleContentsComponent
[13:17:49] [main/DEBUG] (FabricLoader/Mixin) Renaming @Invoker method getOccupancy(Lnet/minecraft/item/ItemStack;)Lorg/apache/commons/lang3/math/Fraction; to getOccupancy$fabric-transfer-api-v1_$md$d4350b$0 in fabric-transfer-api-v1.mixins.json:BundleContentsComponentAccessor from mod fabric-transfer-api-v1
[13:17:49] [main/DEBUG] (FabricLoader/Mixin) Mixing AttachmentTargetsMixin from fabric-data-attachment-api-v1.mixins.json into net.minecraft.world.chunk.Chunk
[13:17:49] [main/DEBUG] (FabricLoader/Mixin) Mixing ChunkMixin from fabric-data-attachment-api-v1.mixins.json into net.minecraft.world.chunk.Chunk
[13:17:49] [main/DEBUG] (FabricLoader/Mixin) Mixing WorldChunkMixin from fabric-lifecycle-events-v1.client.mixins.json into net.minecraft.world.chunk.WorldChunk
[13:17:49] [main/DEBUG] (FabricLoader/Mixin) Mixing WorldChunkMixin from fabric-data-attachment-api-v1.mixins.json into net.minecraft.world.chunk.WorldChunk
[13:17:49] [main/DEBUG] (FabricLoader/Mixin) Renaming synthetic method lambda$fabric_syncChange$0(Lnet/fabricmc/fabric/api/attachment/v1/AttachmentType;Lnet/fabricmc/fabric/impl/attachment/sync/s2c/AttachmentSyncPayloadS2C;Lnet/minecraft/server/network/ServerPlayerEntity;)V to mdd4350b$fabric-data-attachment-api-v1$lambda$fabric_syncChange$0$0 in fabric-data-attachment-api-v1.mixins.json:WorldChunkMixin from mod fabric-data-attachment-api-v1
[13:17:49] [main/DEBUG] (FabricLoader/Mixin) fabric-lifecycle-events-v1.client.mixins.json:WorldChunkMixin from mod fabric-lifecycle-events-v1->@Inject::onLoadBlockEntity(Lnet/minecraft/block/entity/BlockEntity;Lorg/spongepowered/asm/mixin/injection/callback/CallbackInfo;)V doesn't use it's CallbackInfo
[13:17:49] [main/DEBUG] (FabricLoader/Mixin) fabric-lifecycle-events-v1.client.mixins.json:WorldChunkMixin from mod fabric-lifecycle-events-v1->@Inject::onLoadBlockEntity(Lnet/minecraft/block/entity/BlockEntity;Lorg/spongepowered/asm/mixin/injection/callback/CallbackInfo;)V has 0 override(s) in child classes
[13:17:49] [main/DEBUG] (FabricLoader/Mixin) fabric-lifecycle-events-v1.client.mixins.json:WorldChunkMixin from mod fabric-lifecycle-events-v1->@Inject::onLoadBlockEntity(Lnet/minecraft/block/entity/BlockEntity;Lorg/spongepowered/asm/mixin/injection/callback/CallbackInfo;)V won't be passed a CallbackInfo as a result
[13:17:49] [main/DEBUG] (FabricLoader/Mixin) fabric-lifecycle-events-v1.client.mixins.json:WorldChunkMixin from mod fabric-lifecycle-events-v1->@Inject::onRemoveBlockEntity(Lnet/minecraft/block/entity/BlockEntity;Lorg/spongepowered/asm/mixin/injection/callback/CallbackInfo;)V doesn't use it's CallbackInfo
[13:17:49] [main/DEBUG] (FabricLoader/Mixin) fabric-lifecycle-events-v1.client.mixins.json:WorldChunkMixin from mod fabric-lifecycle-events-v1->@Inject::onRemoveBlockEntity(Lnet/minecraft/block/entity/BlockEntity;Lorg/spongepowered/asm/mixin/injection/callback/CallbackInfo;)V has 0 override(s) in child classes
[13:17:49] [main/DEBUG] (FabricLoader/Mixin) fabric-lifecycle-events-v1.client.mixins.json:WorldChunkMixin from mod fabric-lifecycle-events-v1->@Inject::onRemoveBlockEntity(Lnet/minecraft/block/entity/BlockEntity;Lorg/spongepowered/asm/mixin/injection/callback/CallbackInfo;)V won't be passed a CallbackInfo as a result
[13:17:49] [main/DEBUG] (FabricLoader/Mixin) fabric-lifecycle-events-v1.client.mixins.json:WorldChunkMixin from mod fabric-lifecycle-events-v1->@Inject::onRemoveBlockEntity(Lnet/minecraft/util/math/BlockPos;Lorg/spongepowered/asm/mixin/injection/callback/CallbackInfo;Lnet/minecraft/block/entity/BlockEntity;)V doesn't use it's CallbackInfo
[13:17:49] [main/DEBUG] (FabricLoader/Mixin) fabric-lifecycle-events-v1.client.mixins.json:WorldChunkMixin from mod fabric-lifecycle-events-v1->@Inject::onRemoveBlockEntity(Lnet/minecraft/util/math/BlockPos;Lorg/spongepowered/asm/mixin/injection/callback/CallbackInfo;Lnet/minecraft/block/entity/BlockEntity;)V has 0 override(s) in child classes
[13:17:49] [main/DEBUG] (FabricLoader/Mixin) fabric-lifecycle-events-v1.client.mixins.json:WorldChunkMixin from mod fabric-lifecycle-events-v1->@Inject::onRemoveBlockEntity(Lnet/minecraft/util/math/BlockPos;Lorg/spongepowered/asm/mixin/injection/callback/CallbackInfo;Lnet/minecraft/block/entity/BlockEntity;)V won't be passed a CallbackInfo as a result
[13:17:49] [main/DEBUG] (FabricLoader/Mixin) fabric-data-attachment-api-v1.mixins.json:WorldChunkMixin from mod fabric-data-attachment-api-v1->@Inject::transferProtoChunkAttachement(Lnet/minecraft/server/world/ServerWorld;Lnet/minecraft/world/chunk/ProtoChunk;Lnet/minecraft/world/chunk/WorldChunk$EntityLoader;Lorg/spongepowered/asm/mixin/injection/callback/CallbackInfo;)V doesn't use it's CallbackInfo
[13:17:49] [main/DEBUG] (FabricLoader/Mixin) fabric-data-attachment-api-v1.mixins.json:WorldChunkMixin from mod fabric-data-attachment-api-v1->@Inject::transferProtoChunkAttachement(Lnet/minecraft/server/world/ServerWorld;Lnet/minecraft/world/chunk/ProtoChunk;Lnet/minecraft/world/chunk/WorldChunk$EntityLoader;Lorg/spongepowered/asm/mixin/injection/callback/CallbackInfo;)V has 0 override(s) in child classes
[13:17:49] [main/DEBUG] (FabricLoader/Mixin) fabric-data-attachment-api-v1.mixins.json:WorldChunkMixin from mod fabric-data-attachment-api-v1->@Inject::transferProtoChunkAttachement(Lnet/minecraft/server/world/ServerWorld;Lnet/minecraft/world/chunk/ProtoChunk;Lnet/minecraft/world/chunk/WorldChunk$EntityLoader;Lorg/spongepowered/asm/mixin/injection/callback/CallbackInfo;)V won't be passed a CallbackInfo as a result
[13:17:49] [main/DEBUG] (FabricLoader/Mixin) Mixing ContainerComponentAccessor from fabric-transfer-api-v1.mixins.json into net.minecraft.component.type.ContainerComponent
[13:17:50] [main/DEBUG] (FabricLoader/Mixin) Mixing features.entity.interaction.MixinAbstractBoatEntity from viafabricplus.mixins.json into net.minecraft.entity.vehicle.AbstractBoatEntity
[13:17:50] [main/DEBUG] (FabricLoader/Mixin) Mixing features.entity.r1_8_boat.MixinAbstractBoatEntity from viafabricplus.mixins.json into net.minecraft.entity.vehicle.AbstractBoatEntity
[13:17:50] [main/DEBUG] (FabricLoader/Mixin) Renaming synthetic method lambda$tick1_8$0(Lnet/minecraft/util/math/BlockPos;)Z to mdd4350b$viafabricplus$lambda$tick1_8$0$0 in viafabricplus.mixins.json:features.entity.r1_8_boat.MixinAbstractBoatEntity from mod viafabricplus
[13:17:50] [main/DEBUG] (FabricLoader/Mixin) Mixing features.entity.riding_offset.MixinAbstractBoatEntity from viafabricplus.mixins.json into net.minecraft.entity.vehicle.AbstractBoatEntity
[13:17:50] [main/DEBUG] (FabricLoader/Mixin) Mixing features.movement.collision.MixinAbstractBoatEntity from viafabricplus.mixins.json into net.minecraft.entity.vehicle.AbstractBoatEntity
[13:17:50] [main/DEBUG] (FabricLoader/Mixin) viafabricplus.mixins.json:features.entity.r1_8_boat.MixinAbstractBoatEntity from mod viafabricplus->@Inject::pushAwayFrom1_8(Lnet/minecraft/entity/Entity;Lorg/spongepowered/asm/mixin/injection/callback/CallbackInfo;)V does use it's CallbackInfo
[13:17:50] [main/DEBUG] (FabricLoader/Mixin) viafabricplus.mixins.json:features.entity.r1_8_boat.MixinAbstractBoatEntity from mod viafabricplus->@Inject::updateTrackedPositionAndAngles1_8(DDDFFILorg/spongepowered/asm/mixin/injection/callback/CallbackInfo;)V does use it's CallbackInfo
[13:17:50] [main/DEBUG] (FabricLoader/Mixin) viafabricplus.mixins.json:features.entity.r1_8_boat.MixinAbstractBoatEntity from mod viafabricplus->@Inject::tick1_8(Lorg/spongepowered/asm/mixin/injection/callback/CallbackInfo;)V does use it's CallbackInfo
[13:17:50] [main/DEBUG] (FabricLoader/Mixin) viafabricplus.mixins.json:features.entity.r1_8_boat.MixinAbstractBoatEntity from mod viafabricplus->@Inject::onPassengerLookAround1_8(Lnet/minecraft/entity/Entity;Lorg/spongepowered/asm/mixin/injection/callback/CallbackInfo;)V does use it's CallbackInfo
[13:17:50] [main/DEBUG] (FabricLoader/Mixin) viafabricplus.mixins.json:features.entity.r1_8_boat.MixinAbstractBoatEntity from mod viafabricplus->@Inject::fall1_8(DZLnet/minecraft/block/BlockState;Lnet/minecraft/util/math/BlockPos;Lorg/spongepowered/asm/mixin/injection/callback/CallbackInfo;)V does use it's CallbackInfo
[13:17:50] [main/DEBUG] (FabricLoader/Mixin) viafabricplus.mixins.json:features.entity.r1_8_boat.MixinAbstractBoatEntity from mod viafabricplus->@Inject::canAddPassenger1_8(Lnet/minecraft/entity/Entity;Lorg/spongepowered/asm/mixin/injection/callback/CallbackInfoReturnable;)V does use it's CallbackInfoReturnable
[13:17:50] [main/DEBUG] (FabricLoader/Mixin) viafabricplus.mixins.json:features.entity.riding_offset.MixinAbstractBoatEntity from mod viafabricplus->@Inject::updatePassengerPosition1_8(Lnet/minecraft/entity/Entity;Lnet/minecraft/entity/Entity$PositionUpdater;Lorg/spongepowered/asm/mixin/injection/callback/CallbackInfo;)V does use it's CallbackInfo
[13:17:50] [main/DEBUG] (FabricLoader/Mixin) Mixing EntityTypeBuilderMixin from fabric-object-builder-v1.mixins.json into net.minecraft.entity.EntityType$Builder
[13:17:50] [main/DEBUG] (FabricLoader/Mixin) fabric-object-builder-v1.mixins.json:EntityTypeBuilderMixin from mod fabric-object-builder-api-v1->@Inject::applyChildBuilders(Lnet/minecraft/registry/RegistryKey;Lorg/spongepowered/asm/mixin/injection/callback/CallbackInfoReturnable;)V does use it's CallbackInfoReturnable
[13:17:50] [main/DEBUG] (FabricLoader/Mixin) Mixing features.entity.interaction.MixinArmadilloEntity from viafabricplus.mixins.json into net.minecraft.entity.passive.ArmadilloEntity
[13:17:50] [main/DEBUG] (FabricLoader/Mixin) Mixing features.entity.interaction.MixinAxolotlEntity from viafabricplus.mixins.json into net.minecraft.entity.passive.AxolotlEntity
[13:17:50] [main/DEBUG] (FabricLoader/Mixin) Mixing features.entity.interaction.MixinBeeEntity from viafabricplus.mixins.json into net.minecraft.entity.passive.BeeEntity
[13:17:50] [main/DEBUG] (FabricLoader/Mixin) viafabricplus.mixins.json:features.entity.interaction.MixinBeeEntity from mod viafabricplus->@Inject::removeStatusEffectInteraction(Lnet/minecraft/entity/player/PlayerEntity;Lnet/minecraft/util/Hand;Lorg/spongepowered/asm/mixin/injection/callback/CallbackInfoReturnable;)V does use it's CallbackInfoReturnable
[13:17:50] [main/DEBUG] (FabricLoader/Mixin) Mixing features.entity.riding_offset.MixinCamelEntity from viafabricplus.mixins.json into net.minecraft.entity.passive.CamelEntity
[13:17:50] [main/DEBUG] (FabricLoader/Mixin) Mixing features.entity.interaction.MixinAbstractHorseEntity from viafabricplus.mixins.json into net.minecraft.entity.passive.AbstractHorseEntity
[13:17:50] [main/DEBUG] (FabricLoader/Mixin) Mixing features.entity.interaction.MixinCatEntity from viafabricplus.mixins.json into net.minecraft.entity.passive.CatEntity
[13:17:50] [main/DEBUG] (FabricLoader/Mixin) viafabricplus.mixins.json:features.entity.interaction.MixinCatEntity from mod viafabricplus->@Inject::interactMob1_20_4(Lnet/minecraft/entity/player/PlayerEntity;Lnet/minecraft/util/Hand;Lorg/spongepowered/asm/mixin/injection/callback/CallbackInfoReturnable;)V does use it's CallbackInfoReturnable
[13:17:51] [main/DEBUG] (FabricLoader/Mixin) Mixing features.entity.interaction.MixinCowEntity from viafabricplus.mixins.json into net.minecraft.entity.passive.CowEntity
[13:17:51] [main/DEBUG] (FabricLoader/Mixin) viafabricplus.mixins.json:features.entity.interaction.MixinCowEntity from mod viafabricplus->@Inject::disableMilkingInCreative(Lnet/minecraft/entity/player/PlayerEntity;Lnet/minecraft/util/Hand;Lorg/spongepowered/asm/mixin/injection/callback/CallbackInfoReturnable;)V does use it's CallbackInfoReturnable
[13:17:51] [main/DEBUG] (FabricLoader/Mixin) Mixing features.entity.interaction.MixinCreeperEntity from viafabricplus.mixins.json into net.minecraft.entity.mob.CreeperEntity
[13:17:51] [main/DEBUG] (FabricLoader/Mixin) Mixing VillagerEntityAccessor from fabric-content-registries-v0.mixins.json into net.minecraft.entity.passive.VillagerEntity
[13:17:51] [main/DEBUG] (FabricLoader/Mixin) Renaming @Accessor method fabric_setItemFoodValues(Ljava/util/Map;)V to fabric_setItemFoodValues$fabric-content-registries-v0_$md$d4350b$0 in fabric-content-registries-v0.mixins.json:VillagerEntityAccessor from mod fabric-content-registries-v0
[13:17:51] [main/DEBUG] (FabricLoader/Mixin) Mixing VillagerEntityMixin from fabric-content-registries-v0.mixins.json into net.minecraft.entity.passive.VillagerEntity
[13:17:51] [main/DEBUG] (FabricLoader/Mixin) Mixing ServerPlayerEntityMixin from fabric-screen-handler-api-v1.mixins.json into net.minecraft.server.network.ServerPlayerEntity
[13:17:51] [main/DEBUG] (FabricLoader/Mixin) Mixing ServerPlayerEntityMixin from fabric-events-interaction-v0.mixins.json into net.minecraft.server.network.ServerPlayerEntity
[13:17:51] [main/DEBUG] (FabricLoader/Mixin) Mixing ServerPlayerEntityMixin from fabric-entity-events-v1.mixins.json into net.minecraft.server.network.ServerPlayerEntity
[13:17:51] [main/DEBUG] (FabricLoader/Mixin) fabric-screen-handler-api-v1.mixins.json:ServerPlayerEntityMixin from mod fabric-screen-handler-api-v1->@Inject::fabric_storeOpenedScreenHandler(Lnet/minecraft/screen/NamedScreenHandlerFactory;Lorg/spongepowered/asm/mixin/injection/callback/CallbackInfoReturnable;Lnet/minecraft/screen/ScreenHandler;)V doesn't use it's CallbackInfoReturnable
[13:17:51] [main/DEBUG] (FabricLoader/Mixin) fabric-screen-handler-api-v1.mixins.json:ServerPlayerEntityMixin from mod fabric-screen-handler-api-v1->@Inject::fabric_storeOpenedScreenHandler(Lnet/minecraft/screen/NamedScreenHandlerFactory;Lorg/spongepowered/asm/mixin/injection/callback/CallbackInfoReturnable;Lnet/minecraft/screen/ScreenHandler;)V has 0 override(s) in child classes
[13:17:51] [main/DEBUG] (FabricLoader/Mixin) fabric-screen-handler-api-v1.mixins.json:ServerPlayerEntityMixin from mod fabric-screen-handler-api-v1->@Inject::fabric_storeOpenedScreenHandler(Lnet/minecraft/screen/NamedScreenHandlerFactory;Lorg/spongepowered/asm/mixin/injection/callback/CallbackInfoReturnable;Lnet/minecraft/screen/ScreenHandler;)V won't be passed a CallbackInfoReturnable as a result
[13:17:51] [main/DEBUG] (FabricLoader/Mixin) fabric-events-interaction-v0.mixins.json:ServerPlayerEntityMixin from mod fabric-events-interaction-v0->@Inject::onPlayerInteractEntity(Lnet/minecraft/entity/Entity;Lorg/spongepowered/asm/mixin/injection/callback/CallbackInfo;)V does use it's CallbackInfo
[13:17:51] [main/DEBUG] (FabricLoader/Mixin) fabric-entity-events-v1.mixins.json:ServerPlayerEntityMixin from mod fabric-entity-events-v1->@Inject::callOnKillForPlayer(Lnet/minecraft/entity/damage/DamageSource;Lorg/spongepowered/asm/mixin/injection/callback/CallbackInfo;)V doesn't use it's CallbackInfo
[13:17:51] [main/DEBUG] (FabricLoader/Mixin) fabric-entity-events-v1.mixins.json:ServerPlayerEntityMixin from mod fabric-entity-events-v1->@Inject::callOnKillForPlayer(Lnet/minecraft/entity/damage/DamageSource;Lorg/spongepowered/asm/mixin/injection/callback/CallbackInfo;)V has 0 override(s) in child classes
[13:17:51] [main/DEBUG] (FabricLoader/Mixin) fabric-entity-events-v1.mixins.json:ServerPlayerEntityMixin from mod fabric-entity-events-v1->@Inject::callOnKillForPlayer(Lnet/minecraft/entity/damage/DamageSource;Lorg/spongepowered/asm/mixin/injection/callback/CallbackInfo;)V won't be passed a CallbackInfo as a result
[13:17:51] [main/DEBUG] (FabricLoader/Mixin) fabric-entity-events-v1.mixins.json:ServerPlayerEntityMixin from mod fabric-entity-events-v1->@Inject::notifyDeath(Lnet/minecraft/entity/damage/DamageSource;Lorg/spongepowered/asm/mixin/injection/callback/CallbackInfo;)V doesn't use it's CallbackInfo
[13:17:51] [main/DEBUG] (FabricLoader/Mixin) fabric-entity-events-v1.mixins.json:ServerPlayerEntityMixin from mod fabric-entity-events-v1->@Inject::notifyDeath(Lnet/minecraft/entity/damage/DamageSource;Lorg/spongepowered/asm/mixin/injection/callback/CallbackInfo;)V has 0 override(s) in child classes
[13:17:51] [main/DEBUG] (FabricLoader/Mixin) fabric-entity-events-v1.mixins.json:ServerPlayerEntityMixin from mod fabric-entity-events-v1->@Inject::notifyDeath(Lnet/minecraft/entity/damage/DamageSource;Lorg/spongepowered/asm/mixin/injection/callback/CallbackInfo;)V won't be passed a CallbackInfo as a result
[13:17:51] [main/DEBUG] (FabricLoader/Mixin) fabric-entity-events-v1.mixins.json:ServerPlayerEntityMixin from mod fabric-entity-events-v1->@Inject::afterWorldChanged(Lnet/minecraft/server/world/ServerWorld;Lorg/spongepowered/asm/mixin/injection/callback/CallbackInfo;)V doesn't use it's CallbackInfo
[13:17:51] [main/DEBUG] (FabricLoader/Mixin) fabric-entity-events-v1.mixins.json:ServerPlayerEntityMixin from mod fabric-entity-events-v1->@Inject::afterWorldChanged(Lnet/minecraft/server/world/ServerWorld;Lorg/spongepowered/asm/mixin/injection/callback/CallbackInfo;)V has 0 override(s) in child classes
[13:17:51] [main/DEBUG] (FabricLoader/Mixin) fabric-entity-events-v1.mixins.json:ServerPlayerEntityMixin from mod fabric-entity-events-v1->@Inject::afterWorldChanged(Lnet/minecraft/server/world/ServerWorld;Lorg/spongepowered/asm/mixin/injection/callback/CallbackInfo;)V won't be passed a CallbackInfo as a result
[13:17:51] [main/DEBUG] (FabricLoader/Mixin) fabric-entity-events-v1.mixins.json:ServerPlayerEntityMixin from mod fabric-entity-events-v1->@Inject::onCopyFrom(Lnet/minecraft/server/network/ServerPlayerEntity;ZLorg/spongepowered/asm/mixin/injection/callback/CallbackInfo;)V doesn't use it's CallbackInfo
[13:17:51] [main/DEBUG] (FabricLoader/Mixin) fabric-entity-events-v1.mixins.json:ServerPlayerEntityMixin from mod fabric-entity-events-v1->@Inject::onCopyFrom(Lnet/minecraft/server/network/ServerPlayerEntity;ZLorg/spongepowered/asm/mixin/injection/callback/CallbackInfo;)V has 0 override(s) in child classes
[13:17:51] [main/DEBUG] (FabricLoader/Mixin) fabric-entity-events-v1.mixins.json:ServerPlayerEntityMixin from mod fabric-entity-events-v1->@Inject::onCopyFrom(Lnet/minecraft/server/network/ServerPlayerEntity;ZLorg/spongepowered/asm/mixin/injection/callback/CallbackInfo;)V won't be passed a CallbackInfo as a result
[13:17:51] [main/DEBUG] (FabricLoader/Mixin) fabric-entity-events-v1.mixins.json:ServerPlayerEntityMixin from mod fabric-entity-events-v1->@Inject::onTrySleepDirectionCheck(Lnet/minecraft/util/math/BlockPos;Lorg/spongepowered/asm/mixin/injection/callback/CallbackInfoReturnable;Lnet/minecraft/util/math/Direction;)V does use it's CallbackInfoReturnable
[13:17:51] [main/DEBUG] (FabricLoader/Mixin) Mixing features.interaction.replace_block_item_use_logic.MixinItemPlacementContext from viafabricplus.mixins.json into net.minecraft.item.ItemPlacementContext
[13:17:51] [main/DEBUG] (FabricLoader/Mixin) viafabricplus.mixins.json:features.interaction.replace_block_item_use_logic.MixinItemPlacementContext from mod viafabricplus->@Inject::getPlayerLookDirection1_12_2(Lorg/spongepowered/asm/mixin/injection/callback/CallbackInfoReturnable;)V does use it's CallbackInfoReturnable
[13:17:51] [main/DEBUG] (FabricLoader/Mixin) viafabricplus.mixins.json:features.interaction.replace_block_item_use_logic.MixinItemPlacementContext from mod viafabricplus->@Inject::canPlace1_12_2(Lorg/spongepowered/asm/mixin/injection/callback/CallbackInfoReturnable;)V does use it's CallbackInfoReturnable
[13:17:52] [main/DEBUG] (FabricLoader/Mixin) Mixing features.entity.interaction.MixinSquidEntity from viafabricplus.mixins.json into net.minecraft.entity.passive.SquidEntity
[13:17:52] [main/DEBUG] (FabricLoader/Mixin) viafabricplus.mixins.json:features.entity.interaction.MixinSquidEntity from mod viafabricplus->@Inject::cancelLeashing(Lorg/spongepowered/asm/mixin/injection/callback/CallbackInfoReturnable;)V does use it's CallbackInfoReturnable
[13:17:52] [main/DEBUG] (FabricLoader/Mixin) Mixing features.entity.interaction.MixinMooshroomEntity from viafabricplus.mixins.json into net.minecraft.entity.passive.MooshroomEntity
[13:17:52] [main/DEBUG] (FabricLoader/Mixin) viafabricplus.mixins.json:features.entity.interaction.MixinMooshroomEntity from mod viafabricplus->@Inject::checkForItemTags(Lnet/minecraft/entity/player/PlayerEntity;Lnet/minecraft/util/Hand;Lorg/spongepowered/asm/mixin/injection/callback/CallbackInfoReturnable;)V does use it's CallbackInfoReturnable
[13:17:52] [main/DEBUG] (FabricLoader/Mixin) Mixing features.movement.water.MixinSkeletonHorseEntity from viafabricplus.mixins.json into net.minecraft.entity.mob.SkeletonHorseEntity
[13:17:52] [main/DEBUG] (FabricLoader/Mixin) viafabricplus.mixins.json:features.movement.water.MixinSkeletonHorseEntity from mod viafabricplus->@Inject::modifyBaseWaterMovementSpeedMultiplier(Lorg/spongepowered/asm/mixin/injection/callback/CallbackInfoReturnable;)V does use it's CallbackInfoReturnable
[13:17:52] [main/DEBUG] (FabricLoader/Mixin) Mixing features.interaction.container_clicking.MixinMerchantScreenHandler from viafabricplus.mixins.json into net.minecraft.screen.MerchantScreenHandler
[13:17:52] [main/DEBUG] (FabricLoader/Mixin) Renaming synthetic method lambda$onSwitchTo$0(Lnet/minecraft/client/network/ClientPlayerInteractionManager;Lnet/minecraft/client/network/ClientPlayerEntity;Lnet/minecraft/village/TradedItem;)V to mdd4350b$viafabricplus$lambda$onSwitchTo$0$0 in viafabricplus.mixins.json:features.interaction.container_clicking.MixinMerchantScreenHandler from mod viafabricplus
[13:17:52] [main/DEBUG] (FabricLoader/Mixin) viafabricplus.mixins.json:features.interaction.container_clicking.MixinMerchantScreenHandler from mod viafabricplus->@Inject::onSwitchTo(ILorg/spongepowered/asm/mixin/injection/callback/CallbackInfo;)V does use it's CallbackInfo
[13:17:52] [main/DEBUG] (FabricLoader/Mixin) viafabricplus.mixins.json:features.interaction.container_clicking.MixinMerchantScreenHandler from mod viafabricplus->@Inject::modifyCanInsertIntoSlot(Lnet/minecraft/item/ItemStack;Lnet/minecraft/screen/slot/Slot;Lorg/spongepowered/asm/mixin/injection/callback/CallbackInfoReturnable;)V does use it's CallbackInfoReturnable
[13:17:52] [main/DEBUG] (FabricLoader/Mixin) Mixing features.entity.interaction.MixinWolfEntity from viafabricplus.mixins.json into net.minecraft.entity.passive.WolfEntity
[13:17:52] [main/DEBUG] (FabricLoader/Mixin) Mixing features.entity.metadata_handling.MixinWolfEntity from viafabricplus.mixins.json into net.minecraft.entity.passive.WolfEntity
[13:17:52] [main/DEBUG] (FabricLoader/Mixin) Discarding sythetic bridge method synthetic in getWorld because existing method in viafabricplus.mixins.json:features.entity.metadata_handling.MixinWolfEntity from mod viafabricplus is compatible
[13:17:52] [main/DEBUG] (FabricLoader/Mixin) viafabricplus.mixins.json:features.entity.interaction.MixinWolfEntity from mod viafabricplus->@Inject::fixWolfInteract(Lnet/minecraft/entity/player/PlayerEntity;Lnet/minecraft/util/Hand;Lorg/spongepowered/asm/mixin/injection/callback/CallbackInfoReturnable;)V does use it's CallbackInfoReturnable
[13:17:52] [main/DEBUG] (FabricLoader/Mixin) Mixing features.entity.interaction.MixinZombieVillagerEntity from viafabricplus.mixins.json into net.minecraft.entity.mob.ZombieVillagerEntity
[13:17:52] [main/DEBUG] (FabricLoader/Mixin) Mixing features.emulation.recipe.MixinPlayerScreenHandler from viafabricplus.mixins.json into net.minecraft.screen.PlayerScreenHandler
[13:17:52] [main/DEBUG] (FabricLoader/Mixin) Mixing features.interaction.remove_offhand_slot.MixinPlayerScreenHandler from viafabricplus.mixins.json into net.minecraft.screen.PlayerScreenHandler
[13:17:52] [main/DEBUG] (FabricLoader/Mixin) viafabricplus.mixins.json:features.emulation.recipe.MixinPlayerScreenHandler from mod viafabricplus->@Inject::clientSideCrafting(Lnet/minecraft/inventory/Inventory;Lorg/spongepowered/asm/mixin/injection/callback/CallbackInfo;)V doesn't use it's CallbackInfo
[13:17:52] [main/DEBUG] (FabricLoader/Mixin) viafabricplus.mixins.json:features.emulation.recipe.MixinPlayerScreenHandler from mod viafabricplus->@Inject::clientSideCrafting(Lnet/minecraft/inventory/Inventory;Lorg/spongepowered/asm/mixin/injection/callback/CallbackInfo;)V has 0 override(s) in child classes
[13:17:52] [main/DEBUG] (FabricLoader/Mixin) viafabricplus.mixins.json:features.emulation.recipe.MixinPlayerScreenHandler from mod viafabricplus->@Inject::clientSideCrafting(Lnet/minecraft/inventory/Inventory;Lorg/spongepowered/asm/mixin/injection/callback/CallbackInfo;)V won't be passed a CallbackInfo as a result
[13:17:52] [main/DEBUG] (FabricLoader/Mixin) Mixing features.item.interaction.MixinBowItem from viafabricplus.mixins.json into net.minecraft.item.BowItem
[13:17:52] [main/DEBUG] (FabricLoader/Mixin) viafabricplus.mixins.json:features.item.interaction.MixinBowItem from mod viafabricplus->@Inject::makeInstantUsable_Time(Lorg/spongepowered/asm/mixin/injection/callback/CallbackInfoReturnable;)V does use it's CallbackInfoReturnable
[13:17:52] [main/DEBUG] (FabricLoader/Mixin) viafabricplus.mixins.json:features.item.interaction.MixinBowItem from mod viafabricplus->@Inject::makeInstantUsable_Action(Lorg/spongepowered/asm/mixin/injection/callback/CallbackInfoReturnable;)V does use it's CallbackInfoReturnable
[13:17:52] [main/DEBUG] (FabricLoader/Mixin) viafabricplus.mixins.json:features.item.interaction.MixinBowItem from mod viafabricplus->@Inject::makeInstantUsable(Lnet/minecraft/world/World;Lnet/minecraft/entity/player/PlayerEntity;Lnet/minecraft/util/Hand;Lorg/spongepowered/asm/mixin/injection/callback/CallbackInfoReturnable;)V does use it's CallbackInfoReturnable
[13:17:52] [main/DEBUG] (FabricLoader/Mixin) Mixing features.item.interaction.MixinBundleItem from viafabricplus.mixins.json into net.minecraft.item.BundleItem
[13:17:52] [main/DEBUG] (FabricLoader/Mixin) Mixing features.item.interaction.MixinFishingRodItem from viafabricplus.mixins.json into net.minecraft.item.FishingRodItem
[13:17:52] [main/DEBUG] (FabricLoader/Mixin) viafabricplus.mixins.json:features.item.interaction.MixinFishingRodItem from mod viafabricplus->@Inject::swingHand(Lnet/minecraft/world/World;Lnet/minecraft/entity/player/PlayerEntity;Lnet/minecraft/util/Hand;Lorg/spongepowered/asm/mixin/injection/callback/CallbackInfoReturnable;)V doesn't use it's CallbackInfoReturnable
[13:17:52] [main/DEBUG] (FabricLoader/Mixin) viafabricplus.mixins.json:features.item.interaction.MixinFishingRodItem from mod viafabricplus->@Inject::swingHand(Lnet/minecraft/world/World;Lnet/minecraft/entity/player/PlayerEntity;Lnet/minecraft/util/Hand;Lorg/spongepowered/asm/mixin/injection/callback/CallbackInfoReturnable;)V has 0 override(s) in child classes
[13:17:52] [main/DEBUG] (FabricLoader/Mixin) viafabricplus.mixins.json:features.item.interaction.MixinFishingRodItem from mod viafabricplus->@Inject::swingHand(Lnet/minecraft/world/World;Lnet/minecraft/entity/player/PlayerEntity;Lnet/minecraft/util/Hand;Lorg/spongepowered/asm/mixin/injection/callback/CallbackInfoReturnable;)V won't be passed a CallbackInfoReturnable as a result
[13:17:52] [main/DEBUG] (FabricLoader/Mixin) Mixing features.item.interaction.MixinEnderPearlItem from viafabricplus.mixins.json into net.minecraft.item.EnderPearlItem
[13:17:52] [main/DEBUG] (FabricLoader/Mixin) viafabricplus.mixins.json:features.item.interaction.MixinEnderPearlItem from mod viafabricplus->@Inject::removeCreativeModeEnderPearl(Lnet/minecraft/world/World;Lnet/minecraft/entity/player/PlayerEntity;Lnet/minecraft/util/Hand;Lorg/spongepowered/asm/mixin/injection/callback/CallbackInfoReturnable;)V does use it's CallbackInfoReturnable
[13:17:52] [main/DEBUG] (FabricLoader/Mixin) Mixing features.movement.slowdown.MixinEnderEyeItem from viafabricplus.mixins.json into net.minecraft.item.EnderEyeItem
[13:17:53] [main/DEBUG] (FabricLoader/Mixin) Mixing features.item.interaction.MixinFireChargeItem from viafabricplus.mixins.json into net.minecraft.item.FireChargeItem
[13:17:53] [main/DEBUG] (FabricLoader/Mixin) viafabricplus.mixins.json:features.item.interaction.MixinFireChargeItem from mod viafabricplus->@Inject::disableClientSideUsage(Lnet/minecraft/item/ItemUsageContext;Lorg/spongepowered/asm/mixin/injection/callback/CallbackInfoReturnable;)V does use it's CallbackInfoReturnable
[13:17:53] [main/DEBUG] (FabricLoader/Mixin) Mixing features.movement.elytra.MixinFireworkRocketItem from viafabricplus.mixins.json into net.minecraft.item.FireworkRocketItem
[13:17:53] [main/DEBUG] (FabricLoader/Mixin) Mixing features.item.interaction.MixinLeadItem from viafabricplus.mixins.json into net.minecraft.item.LeadItem
[13:17:53] [main/DEBUG] (FabricLoader/Mixin) viafabricplus.mixins.json:features.item.interaction.MixinLeadItem from mod viafabricplus->@Inject::swingHand(Lnet/minecraft/item/ItemUsageContext;Lorg/spongepowered/asm/mixin/injection/callback/CallbackInfoReturnable;)V does use it's CallbackInfoReturnable
[13:17:53] [main/DEBUG] (FabricLoader/Mixin) viafabricplus.mixins.json:features.item.interaction.MixinLeadItem from mod viafabricplus->@Inject::swingHand(Lnet/minecraft/item/ItemUsageContext;Lorg/spongepowered/asm/mixin/injection/callback/CallbackInfoReturnable;)V does use it's CallbackInfoReturnable
[13:17:53] [main/DEBUG] (FabricLoader/Mixin) Mixing features.item.interaction.MixinKnowledgeBookItem from viafabricplus.mixins.json into net.minecraft.item.KnowledgeBookItem
[13:17:53] [main/DEBUG] (FabricLoader/Mixin) Mixing HoneycombItemMixin from fabric-content-registries-v0.mixins.json into net.minecraft.item.HoneycombItem
[13:17:53] [main/DEBUG] (FabricLoader/Mixin) fabric-content-registries-v0.mixins.json:HoneycombItemMixin from mod fabric-content-registries-v0->@Inject::createUnwaxedToWaxedMap(Lorg/spongepowered/asm/mixin/injection/callback/CallbackInfoReturnable;)V does use it's CallbackInfoReturnable
[13:17:53] [main/DEBUG] (FabricLoader/Mixin) Mixing features.item.interaction.MixinBrushItem from viafabricplus.mixins.json into net.minecraft.item.BrushItem
[13:17:53] [main/DEBUG] (FabricLoader/Mixin) Mixing EntitySelectorOptionsAccessor from fabric-command-api-v2.mixins.json into net.minecraft.command.EntitySelectorOptions
[13:17:53] [main/DEBUG] (FabricLoader/Mixin) Renaming @Invoker method callPutOption(Ljava/lang/String;Lnet/minecraft/command/EntitySelectorOptions$SelectorHandler;Ljava/util/function/Predicate;Lnet/minecraft/text/Text;)V to callPutOption$fabric-command-api-v2_$md$d4350b$0 in fabric-command-api-v2.mixins.json:EntitySelectorOptionsAccessor from mod fabric-command-api-v2
[13:17:53] [main/DEBUG] (FabricLoader/Mixin) Mixing render.impl.client.ScoreboardMixin from luxury.mixins.json into net.minecraft.scoreboard.Scoreboard
[13:17:53] [main/DEBUG] (FabricLoader/Mixin) luxury.mixins.json:render.impl.client.ScoreboardMixin from mod luxury->@Inject::removeScoreHolderSafe(Ljava/lang/String;Lnet/minecraft/scoreboard/Team;Lorg/spongepowered/asm/mixin/injection/callback/CallbackInfo;)V does use it's CallbackInfo
[13:17:53] [main/DEBUG] (FabricLoader/Mixin) Mixing EntitySelectorReaderMixin from fabric-command-api-v2.mixins.json into net.minecraft.command.EntitySelectorReader
[13:17:53] [main/DEBUG] (FabricLoader/Mixin) Mixing features.interaction.container_clicking.MixinAbstractFurnaceScreenHandler from viafabricplus.mixins.json into net.minecraft.screen.AbstractFurnaceScreenHandler
[13:17:53] [main/DEBUG] (FabricLoader/Mixin) Generating mapped inner class net/minecraft/block/entity/ChiseledBookshelfBlockEntity$Anonymous$e989161f9339493db5943da2c8cba268 (originally net/fabricmc/fabric/mixin/transfer/ChiseledBookshelfBlockEntityMixin$1)
[13:17:53] [main/DEBUG] (FabricLoader/Mixin) Mixing SimpleInventoryMixin from fabric-transfer-api-v1.mixins.json into net.minecraft.inventory.SimpleInventory
[13:17:53] [main/DEBUG] (FabricLoader/Mixin) Mixing features.interaction.remove_fuel_slot.MixinBrewingStandScreenHandler_FuelSlot from viafabricplus.mixins.json into net.minecraft.screen.BrewingStandScreenHandler$FuelSlot
[13:17:53] [main/DEBUG] (FabricLoader/Mixin) viafabricplus.mixins.json:features.interaction.remove_fuel_slot.MixinBrewingStandScreenHandler_FuelSlot from mod viafabricplus->@Inject::removeFuelSlot(Lorg/spongepowered/asm/mixin/injection/callback/CallbackInfoReturnable;)V does use it's CallbackInfoReturnable
[13:17:53] [main/DEBUG] (FabricLoader/Mixin) Mixing CraftingRecipeMixin from fabric-item-api-v1.mixins.json into net.minecraft.recipe.CraftingRecipe
[13:17:53] [main/DEBUG] (FabricLoader/Mixin) Mixing ingredient.IngredientMixin from fabric-recipe-api-v1.mixins.json into net.minecraft.recipe.Ingredient
[13:17:53] [main/DEBUG] (FabricLoader/Mixin) Renaming synthetic method lambda$injectCodec$2(Lnet/minecraft/recipe/Ingredient;)Lcom/mojang/datafixers/util/Either; to mdd4350b$fabric-recipe-api-v1$lambda$injectCodec$2$0 in fabric-recipe-api-v1.mixins.json:ingredient.IngredientMixin from mod fabric-recipe-api-v1
[13:17:53] [main/DEBUG] (FabricLoader/Mixin) Renaming synthetic method lambda$injectCodec$1(Lcom/mojang/datafixers/util/Either;)Lnet/minecraft/recipe/Ingredient; to mdd4350b$fabric-recipe-api-v1$lambda$injectCodec$1$1 in fabric-recipe-api-v1.mixins.json:ingredient.IngredientMixin from mod fabric-recipe-api-v1
[13:17:53] [main/DEBUG] (FabricLoader/Mixin) Renaming synthetic method lambda$injectCodec$0(Lnet/minecraft/recipe/Ingredient;)Lnet/minecraft/recipe/Ingredient; to mdd4350b$fabric-recipe-api-v1$lambda$injectCodec$0$2 in fabric-recipe-api-v1.mixins.json:ingredient.IngredientMixin from mod fabric-recipe-api-v1
[13:17:53] [main/DEBUG] (FabricLoader/Mixin) fabric-recipe-api-v1.mixins.json:ingredient.IngredientMixin from mod fabric-recipe-api-v1->@Inject::injectCodec(Lorg/spongepowered/asm/mixin/injection/callback/CallbackInfo;)V doesn't use it's CallbackInfo
[13:17:53] [main/DEBUG] (FabricLoader/Mixin) fabric-recipe-api-v1.mixins.json:ingredient.IngredientMixin from mod fabric-recipe-api-v1->@Inject::onGetEntries(Lnet/minecraft/recipe/Ingredient;Lorg/spongepowered/asm/mixin/injection/callback/CallbackInfoReturnable;)V does use it's CallbackInfoReturnable
[13:17:53] [main/DEBUG] (FabricLoader/Mixin) fabric-recipe-api-v1.mixins.json:ingredient.IngredientMixin from mod fabric-recipe-api-v1->@Inject::onGetEntries(Lnet/minecraft/recipe/Ingredient;Lorg/spongepowered/asm/mixin/injection/callback/CallbackInfoReturnable;)V does use it's CallbackInfoReturnable
[13:17:53] [main/DEBUG] (FabricLoader/Mixin) fabric-recipe-api-v1.mixins.json:ingredient.IngredientMixin from mod fabric-recipe-api-v1->@Inject::onGetEntries(Lnet/minecraft/recipe/Ingredient;Lorg/spongepowered/asm/mixin/injection/callback/CallbackInfoReturnable;)V does use it's CallbackInfoReturnable
[13:17:53] [main/DEBUG] (FabricLoader/Mixin) fabric-recipe-api-v1.mixins.json:ingredient.IngredientMixin from mod fabric-recipe-api-v1->@Inject::onHeadEquals(Ljava/lang/Object;Lorg/spongepowered/asm/mixin/injection/callback/CallbackInfoReturnable;)V does use it's CallbackInfoReturnable
[13:17:53] [main/DEBUG] (FabricLoader/Mixin) Mixing ingredient.ShapelessRecipeMixin from fabric-recipe-api-v1.mixins.json into net.minecraft.recipe.ShapelessRecipe
[13:17:53] [main/DEBUG] (FabricLoader/Mixin) fabric-recipe-api-v1.mixins.json:ingredient.ShapelessRecipeMixin from mod fabric-recipe-api-v1->@Inject::cacheRequiresTesting(Ljava/lang/String;Lnet/minecraft/recipe/book/CraftingRecipeCategory;Lnet/minecraft/item/ItemStack;Ljava/util/List;Lorg/spongepowered/asm/mixin/injection/callback/CallbackInfo;)V doesn't use it's CallbackInfo
[13:17:53] [main/DEBUG] (FabricLoader/Mixin) fabric-recipe-api-v1.mixins.json:ingredient.ShapelessRecipeMixin from mod fabric-recipe-api-v1->@Inject::cacheRequiresTesting(Ljava/lang/String;Lnet/minecraft/recipe/book/CraftingRecipeCategory;Lnet/minecraft/item/ItemStack;Ljava/util/List;Lorg/spongepowered/asm/mixin/injection/callback/CallbackInfo;)V has 0 override(s) in child classes
[13:17:53] [main/DEBUG] (FabricLoader/Mixin) fabric-recipe-api-v1.mixins.json:ingredient.ShapelessRecipeMixin from mod fabric-recipe-api-v1->@Inject::cacheRequiresTesting(Ljava/lang/String;Lnet/minecraft/recipe/book/CraftingRecipeCategory;Lnet/minecraft/item/ItemStack;Ljava/util/List;Lorg/spongepowered/asm/mixin/injection/callback/CallbackInfo;)V won't be passed a CallbackInfo as a result
[13:17:53] [main/DEBUG] (FabricLoader/Mixin) fabric-recipe-api-v1.mixins.json:ingredient.ShapelessRecipeMixin from mod fabric-recipe-api-v1->@Inject::customIngredientMatch(Lnet/minecraft/recipe/input/CraftingRecipeInput;Lnet/minecraft/world/World;Lorg/spongepowered/asm/mixin/injection/callback/CallbackInfoReturnable;)V does use it's CallbackInfoReturnable
[13:17:54] [main/DEBUG] (FabricLoader/Mixin) Mixing ResourceFinderAccessor from fabric-resource-conditions-api-v1.mixins.json into net.minecraft.resource.ResourceFinder
[13:17:54] [main/DEBUG] (FabricLoader/Mixin) Mixing ResourceFinderAccessor from fabric-loot-api-v3.mixins.json into net.minecraft.resource.ResourceFinder
[13:17:54] [main/DEBUG] (FabricLoader/Mixin) Unexpected: Registered method getDirectoryName()Ljava/lang/String; in net.minecraft.resource.ResourceFinder was not merged
[13:17:54] [main/DEBUG] (FabricLoader/Mixin) Mixing EnchantRandomlyLootFunctionMixin from fabric-item-api-v1.mixins.json into net.minecraft.loot.function.EnchantRandomlyLootFunction
[13:17:54] [main/DEBUG] (FabricLoader/Mixin) Mixing LootTableAccessor from fabric-loot-api-v3.mixins.json into net.minecraft.loot.LootTable
[13:17:54] [main/DEBUG] (FabricLoader/Mixin) Mixing LootPoolAccessor from fabric-loot-api-v3.mixins.json into net.minecraft.loot.LootPool
[13:17:54] [main/DEBUG] (FabricLoader/Mixin) Mixing ChunkGeneratingMixin from fabric-lifecycle-events-v1.mixins.json into net.minecraft.world.chunk.ChunkGenerating
[13:17:54] [main/DEBUG] (FabricLoader/Mixin) fabric-lifecycle-events-v1.mixins.json:ChunkGeneratingMixin from mod fabric-lifecycle-events-v1->@Inject::onChunkLoad(Lnet/minecraft/world/chunk/Chunk;Lnet/minecraft/world/chunk/ChunkGenerationContext;Lnet/minecraft/world/chunk/AbstractChunkHolder;Lorg/spongepowered/asm/mixin/injection/callback/CallbackInfoReturnable;)V does use it's CallbackInfoReturnable
[13:17:54] [main/DEBUG] (FabricLoader/Mixin) Mixing StructureTemplateManagerMixin from fabric-gametest-api-v1.mixins.json into net.minecraft.structure.StructureTemplateManager
[13:17:54] [main/DEBUG] (FabricLoader/Mixin) fabric-gametest-api-v1.mixins.json:StructureTemplateManagerMixin from mod fabric-gametest-api-v1->@Inject::addFabricTemplateProvider(Lnet/minecraft/resource/ResourceManager;Lnet/minecraft/world/level/storage/LevelStorage$Session;Lcom/mojang/datafixers/DataFixer;Lnet/minecraft/registry/RegistryEntryLookup;Lorg/spongepowered/asm/mixin/injection/callback/CallbackInfo;Lcom/google/common/collect/ImmutableList$Builder;)V doesn't use it's CallbackInfo
[13:17:54] [main/DEBUG] (FabricLoader/Mixin) fabric-gametest-api-v1.mixins.json:StructureTemplateManagerMixin from mod fabric-gametest-api-v1->@Inject::addFabricTemplateProvider(Lnet/minecraft/resource/ResourceManager;Lnet/minecraft/world/level/storage/LevelStorage$Session;Lcom/mojang/datafixers/DataFixer;Lnet/minecraft/registry/RegistryEntryLookup;Lorg/spongepowered/asm/mixin/injection/callback/CallbackInfo;Lcom/google/common/collect/ImmutableList$Builder;)V has 0 override(s) in child classes
[13:17:54] [main/DEBUG] (FabricLoader/Mixin) fabric-gametest-api-v1.mixins.json:StructureTemplateManagerMixin from mod fabric-gametest-api-v1->@Inject::addFabricTemplateProvider(Lnet/minecraft/resource/ResourceManager;Lnet/minecraft/world/level/storage/LevelStorage$Session;Lcom/mojang/datafixers/DataFixer;Lnet/minecraft/registry/RegistryEntryLookup;Lorg/spongepowered/asm/mixin/injection/callback/CallbackInfo;Lcom/google/common/collect/ImmutableList$Builder;)V won't be passed a CallbackInfo as a result
[13:17:55] [main/DEBUG] (FabricLoader/Mixin) Mixing BiomeSourceMixin from fabric-biome-api-v1.mixins.json into net.minecraft.world.biome.source.BiomeSource
[13:17:55] [main/DEBUG] (FabricLoader/Mixin) Mixing MultiNoiseBiomeSourceMixin from fabric-biome-api-v1.mixins.json into net.minecraft.world.biome.source.MultiNoiseBiomeSource
[13:17:55] [main/DEBUG] (FabricLoader/Mixin) Mixing NetherBiomePresetMixin from fabric-biome-api-v1.mixins.json into net.minecraft.world.biome.source.MultiNoiseBiomeSourceParameterList$Preset$1
[13:17:55] [main/DEBUG] (FabricLoader/Mixin) fabric-biome-api-v1.mixins.json:NetherBiomePresetMixin from mod fabric-biome-api-v1->@Inject::apply(Ljava/util/function/Function;Lorg/spongepowered/asm/mixin/injection/callback/CallbackInfoReturnable;)V does use it's CallbackInfoReturnable
[13:17:55] [main/DEBUG] (FabricLoader/Mixin) Mixing RegistryOpsAccessor from fabric-resource-conditions-api-v1.mixins.json into net.minecraft.registry.RegistryOps
[13:17:55] [main/DEBUG] (FabricLoader/Mixin) Mixing TheEndBiomeSourceMixin from fabric-biome-api-v1.mixins.json into net.minecraft.world.biome.source.TheEndBiomeSource
[13:17:55] [main/DEBUG] (FabricLoader/Mixin) Renaming synthetic method lambda$init$1(Lnet/minecraft/registry/RegistryEntryLookup;)Lnet/fabricmc/fabric/impl/biome/TheEndBiomeData$Overrides; to mdd4350b$fabric-biome-api-v1$lambda$init$1$0 in fabric-biome-api-v1.mixins.json:TheEndBiomeSourceMixin from mod fabric-biome-api-v1
[13:17:55] [main/DEBUG] (FabricLoader/Mixin) Renaming synthetic method lambda$modifyCodec$0(Lcom/mojang/serialization/codecs/RecordCodecBuilder$Instance;)Lcom/mojang/datafixers/kinds/App; to mdd4350b$fabric-biome-api-v1$lambda$modifyCodec$0$1 in fabric-biome-api-v1.mixins.json:TheEndBiomeSourceMixin from mod fabric-biome-api-v1
[13:17:55] [main/DEBUG] (FabricLoader/Mixin) fabric-biome-api-v1.mixins.json:TheEndBiomeSourceMixin from mod fabric-biome-api-v1->@Inject::modifyCodec(Lorg/spongepowered/asm/mixin/injection/callback/CallbackInfo;)V doesn't use it's CallbackInfo
[13:17:55] [main/DEBUG] (FabricLoader/Mixin) fabric-biome-api-v1.mixins.json:TheEndBiomeSourceMixin from mod fabric-biome-api-v1->@Inject::rememberLookup(Lnet/minecraft/registry/RegistryEntryLookup;Lorg/spongepowered/asm/mixin/injection/callback/CallbackInfoReturnable;)V doesn't use it's CallbackInfoReturnable
[13:17:55] [main/DEBUG] (FabricLoader/Mixin) fabric-biome-api-v1.mixins.json:TheEndBiomeSourceMixin from mod fabric-biome-api-v1->@Inject::clearLookup(Lnet/minecraft/registry/RegistryEntryLookup;Lorg/spongepowered/asm/mixin/injection/callback/CallbackInfoReturnable;)V doesn't use it's CallbackInfoReturnable
[13:17:55] [main/DEBUG] (FabricLoader/Mixin) fabric-biome-api-v1.mixins.json:TheEndBiomeSourceMixin from mod fabric-biome-api-v1->@Inject::init(Lnet/minecraft/registry/entry/RegistryEntry;Lnet/minecraft/registry/entry/RegistryEntry;Lnet/minecraft/registry/entry/RegistryEntry;Lnet/minecraft/registry/entry/RegistryEntry;Lnet/minecraft/registry/entry/RegistryEntry;Lorg/spongepowered/asm/mixin/injection/callback/CallbackInfo;)V doesn't use it's CallbackInfo
[13:17:55] [main/DEBUG] (FabricLoader/Mixin) fabric-biome-api-v1.mixins.json:TheEndBiomeSourceMixin from mod fabric-biome-api-v1->@Inject::init(Lnet/minecraft/registry/entry/RegistryEntry;Lnet/minecraft/registry/entry/RegistryEntry;Lnet/minecraft/registry/entry/RegistryEntry;Lnet/minecraft/registry/entry/RegistryEntry;Lnet/minecraft/registry/entry/RegistryEntry;Lorg/spongepowered/asm/mixin/injection/callback/CallbackInfo;)V has 0 override(s) in child classes
[13:17:55] [main/DEBUG] (FabricLoader/Mixin) fabric-biome-api-v1.mixins.json:TheEndBiomeSourceMixin from mod fabric-biome-api-v1->@Inject::init(Lnet/minecraft/registry/entry/RegistryEntry;Lnet/minecraft/registry/entry/RegistryEntry;Lnet/minecraft/registry/entry/RegistryEntry;Lnet/minecraft/registry/entry/RegistryEntry;Lnet/minecraft/registry/entry/RegistryEntry;Lorg/spongepowered/asm/mixin/injection/callback/CallbackInfo;)V won't be passed a CallbackInfo as a result
[13:17:55] [main/DEBUG] (FabricLoader/Mixin) fabric-biome-api-v1.mixins.json:TheEndBiomeSourceMixin from mod fabric-biome-api-v1->@Inject::getWeightedEndBiome(IIILnet/minecraft/world/biome/source/util/MultiNoiseUtil$MultiNoiseSampler;Lorg/spongepowered/asm/mixin/injection/callback/CallbackInfoReturnable;)V does use it's CallbackInfoReturnable
[13:17:55] [main/DEBUG] (FabricLoader/Mixin) fabric-biome-api-v1.mixins.json:TheEndBiomeSourceMixin from mod fabric-biome-api-v1->@Inject::getWeightedEndBiome(IIILnet/minecraft/world/biome/source/util/MultiNoiseUtil$MultiNoiseSampler;Lorg/spongepowered/asm/mixin/injection/callback/CallbackInfoReturnable;)V does use it's CallbackInfoReturnable
[13:17:55] [main/DEBUG] (FabricLoader/Mixin) fabric-biome-api-v1.mixins.json:TheEndBiomeSourceMixin from mod fabric-biome-api-v1->@Inject::getWeightedEndBiome(IIILnet/minecraft/world/biome/source/util/MultiNoiseUtil$MultiNoiseSampler;Lorg/spongepowered/asm/mixin/injection/callback/CallbackInfoReturnable;)V does use it's CallbackInfoReturnable
[13:17:55] [main/DEBUG] (FabricLoader/Mixin) fabric-biome-api-v1.mixins.json:TheEndBiomeSourceMixin from mod fabric-biome-api-v1->@Inject::getWeightedEndBiome(IIILnet/minecraft/world/biome/source/util/MultiNoiseUtil$MultiNoiseSampler;Lorg/spongepowered/asm/mixin/injection/callback/CallbackInfoReturnable;)V does use it's CallbackInfoReturnable
[13:17:55] [main/DEBUG] (FabricLoader/Mixin) fabric-biome-api-v1.mixins.json:TheEndBiomeSourceMixin from mod fabric-biome-api-v1->@Inject::getWeightedEndBiome(IIILnet/minecraft/world/biome/source/util/MultiNoiseUtil$MultiNoiseSampler;Lorg/spongepowered/asm/mixin/injection/callback/CallbackInfoReturnable;)V does use it's CallbackInfoReturnable
[13:17:55] [main/DEBUG] (FabricLoader/Mixin) Mixing DebugChunkGeneratorAccessor from fabric-registry-sync-v0.mixins.json into net.minecraft.world.gen.chunk.DebugChunkGenerator
[13:17:55] [main/DEBUG] (FabricLoader/Mixin) Renaming @Accessor method setBLOCK_STATES(Ljava/util/List;)V to setBLOCK_STATES$fabric-registry-sync-v0_$md$d4350b$0 in fabric-registry-sync-v0.mixins.json:DebugChunkGeneratorAccessor from mod fabric-registry-sync-v0
[13:17:55] [main/DEBUG] (FabricLoader/Mixin) Renaming @Accessor method setX_SIDE_LENGTH(I)V to setX_SIDE_LENGTH$fabric-registry-sync-v0_$md$d4350b$1 in fabric-registry-sync-v0.mixins.json:DebugChunkGeneratorAccessor from mod fabric-registry-sync-v0
[13:17:55] [main/DEBUG] (FabricLoader/Mixin) Renaming @Accessor method setZ_SIDE_LENGTH(I)V to setZ_SIDE_LENGTH$fabric-registry-sync-v0_$md$d4350b$2 in fabric-registry-sync-v0.mixins.json:DebugChunkGeneratorAccessor from mod fabric-registry-sync-v0
[13:17:55] [main/DEBUG] (FabricLoader/Mixin) Mixing SpecialModelTypesMixin from fabric-rendering-v1.mixins.json into net.minecraft.client.render.item.model.special.SpecialModelTypes
[13:17:55] [main/DEBUG] (FabricLoader/Mixin) fabric-rendering-v1.mixins.json:SpecialModelTypesMixin from mod fabric-rendering-v1->@Inject::onReturnClinit(Lorg/spongepowered/asm/mixin/injection/callback/CallbackInfo;)V doesn't use it's CallbackInfo
[13:17:55] [main/DEBUG] (FabricLoader/Mixin) Mixing TexturedRenderLayersMixin from fabric-object-builder-v1.client.mixins.json into net.minecraft.client.render.TexturedRenderLayers
[13:17:55] [main/DEBUG] (FabricLoader/Mixin) fabric-object-builder-v1.client.mixins.json:TexturedRenderLayersMixin from mod fabric-object-builder-api-v1->@Inject::onReturnClinit(Lorg/spongepowered/asm/mixin/injection/callback/CallbackInfo;)V doesn't use it's CallbackInfo
[13:17:55] [main/DEBUG] (FabricLoader/Mixin) Mixing client.SpriteAtlasTextureMixin from fabric-renderer-api-v1.mixins.json into net.minecraft.client.texture.SpriteAtlasTexture
[13:17:55] [main/DEBUG] (FabricLoader/Mixin) fabric-renderer-api-v1.mixins.json:client.SpriteAtlasTextureMixin from mod fabric-renderer-api-v1->@Inject::uploadHook(Lnet/minecraft/client/texture/SpriteLoader$StitchResult;Lorg/spongepowered/asm/mixin/injection/callback/CallbackInfo;)V doesn't use it's CallbackInfo
[13:17:55] [main/DEBUG] (FabricLoader/Mixin) fabric-renderer-api-v1.mixins.json:client.SpriteAtlasTextureMixin from mod fabric-renderer-api-v1->@Inject::uploadHook(Lnet/minecraft/client/texture/SpriteLoader$StitchResult;Lorg/spongepowered/asm/mixin/injection/callback/CallbackInfo;)V has 0 override(s) in child classes
[13:17:55] [main/DEBUG] (FabricLoader/Mixin) fabric-renderer-api-v1.mixins.json:client.SpriteAtlasTextureMixin from mod fabric-renderer-api-v1->@Inject::uploadHook(Lnet/minecraft/client/texture/SpriteLoader$StitchResult;Lorg/spongepowered/asm/mixin/injection/callback/CallbackInfo;)V won't be passed a CallbackInfo as a result
[13:17:55] [main/DEBUG] (FabricLoader/Mixin) Mixing ItemRendererAccessor from fabric-renderer-indigo.mixins.json into net.minecraft.client.render.item.ItemRenderer
[13:17:55] [main/DEBUG] (FabricLoader/Mixin) Renaming @Invoker method fabric_getDynamicDisplayGlintConsumer(Lnet/minecraft/client/render/VertexConsumerProvider;Lnet/minecraft/client/render/RenderLayer;Lnet/minecraft/client/util/math/MatrixStack$Entry;)Lnet/minecraft/client/render/VertexConsumer; to fabric_getDynamicDisplayGlintConsumer$fabric-renderer-indigo_$md$d4350b$0 in fabric-renderer-indigo.mixins.json:ItemRendererAccessor from mod fabric-renderer-indigo
[13:17:55] [main/DEBUG] (FabricLoader/Mixin) Mixing ItemRendererMixin from fabric-renderer-indigo.mixins.json into net.minecraft.client.render.item.ItemRenderer
[13:17:55] [main/DEBUG] (FabricLoader/Mixin) Mixing KeyedResourceReloadListenerClientMixin from fabric-resource-loader-v0.client.mixins.json into net.minecraft.client.render.item.ItemRenderer
[13:17:55] [main/DEBUG] (FabricLoader/Mixin) fabric-renderer-indigo.mixins.json:ItemRendererMixin from mod fabric-renderer-indigo->@Inject::hookRenderItem(Lnet/minecraft/item/ModelTransformationMode;Lnet/minecraft/client/util/math/MatrixStack;Lnet/minecraft/client/render/VertexConsumerProvider;II[ILnet/minecraft/client/render/model/BakedModel;Lnet/minecraft/client/render/RenderLayer;Lnet/minecraft/client/render/item/ItemRenderState$Glint;Lorg/spongepowered/asm/mixin/injection/callback/CallbackInfo;)V does use it's CallbackInfo
[13:17:55] [main/DEBUG] (FabricLoader/Mixin) Mixing render.impl.render.MixinInGameHud from luxury.mixins.json into net.minecraft.client.gui.hud.InGameHud
[13:17:55] [main/DEBUG] (FabricLoader/Mixin) Mixing hud_element_changes.MixinInGameHud from viafabricplus-visuals.mixins.json into net.minecraft.client.gui.hud.InGameHud
[13:17:55] [main/DEBUG] (FabricLoader/Mixin) Mixing InGameHudMixin from fabric-rendering-v1.mixins.json into net.minecraft.client.gui.hud.InGameHud
[13:17:55] [main/DEBUG] (FabricLoader/Mixin) luxury.mixins.json:render.impl.render.MixinInGameHud from mod luxury->@Inject::renderHook(Lnet/minecraft/client/gui/DrawContext;Lnet/minecraft/client/render/RenderTickCounter;Lorg/spongepowered/asm/mixin/injection/callback/CallbackInfo;)V doesn't use it's CallbackInfo
[13:17:55] [main/DEBUG] (FabricLoader/Mixin) luxury.mixins.json:render.impl.render.MixinInGameHud from mod luxury->@Inject::renderHook(Lnet/minecraft/client/gui/DrawContext;Lnet/minecraft/client/render/RenderTickCounter;Lorg/spongepowered/asm/mixin/injection/callback/CallbackInfo;)V has 0 override(s) in child classes
[13:17:55] [main/DEBUG] (FabricLoader/Mixin) luxury.mixins.json:render.impl.render.MixinInGameHud from mod luxury->@Inject::renderHook(Lnet/minecraft/client/gui/DrawContext;Lnet/minecraft/client/render/RenderTickCounter;Lorg/spongepowered/asm/mixin/injection/callback/CallbackInfo;)V won't be passed a CallbackInfo as a result
[13:17:55] [main/DEBUG] (FabricLoader/Mixin) luxury.mixins.json:render.impl.render.MixinInGameHud from mod luxury->@Inject::cancelVignette(Lnet/minecraft/client/gui/DrawContext;Lnet/minecraft/entity/Entity;Lorg/spongepowered/asm/mixin/injection/callback/CallbackInfo;)V does use it's CallbackInfo
[13:17:55] [main/DEBUG] (FabricLoader/Mixin) luxury.mixins.json:render.impl.render.MixinInGameHud from mod luxury->@Inject::renderStatusEffectOverlay(Lnet/minecraft/client/gui/DrawContext;Lnet/minecraft/client/render/RenderTickCounter;Lorg/spongepowered/asm/mixin/injection/callback/CallbackInfo;)V doesn't use it's CallbackInfo
[13:17:55] [main/DEBUG] (FabricLoader/Mixin) luxury.mixins.json:render.impl.render.MixinInGameHud from mod luxury->@Inject::renderStatusEffectOverlay(Lnet/minecraft/client/gui/DrawContext;Lnet/minecraft/client/render/RenderTickCounter;Lorg/spongepowered/asm/mixin/injection/callback/CallbackInfo;)V has 0 override(s) in child classes
[13:17:55] [main/DEBUG] (FabricLoader/Mixin) luxury.mixins.json:render.impl.render.MixinInGameHud from mod luxury->@Inject::renderStatusEffectOverlay(Lnet/minecraft/client/gui/DrawContext;Lnet/minecraft/client/render/RenderTickCounter;Lorg/spongepowered/asm/mixin/injection/callback/CallbackInfo;)V won't be passed a CallbackInfo as a result
[13:17:55] [main/DEBUG] (FabricLoader/Mixin) viafabricplus-visuals.mixins.json:hud_element_changes.MixinInGameHud from mod viafabricplus-visuals->@Inject::disableBubblePopSound(ILnet/minecraft/entity/player/PlayerEntity;ILorg/spongepowered/asm/mixin/injection/callback/CallbackInfo;)V does use it's CallbackInfo
[13:17:55] [main/DEBUG] (FabricLoader/Mixin) viafabricplus-visuals.mixins.json:hud_element_changes.MixinInGameHud from mod viafabricplus-visuals->@Inject::removeMountJumpBar(Lorg/spongepowered/asm/mixin/injection/callback/CallbackInfo;)V does use it's CallbackInfo
[13:17:55] [main/DEBUG] (FabricLoader/Mixin) viafabricplus-visuals.mixins.json:hud_element_changes.MixinInGameHud from mod viafabricplus-visuals->@Inject::removeMountJumpBar(Lorg/spongepowered/asm/mixin/injection/callback/CallbackInfo;)V does use it's CallbackInfo
[13:17:55] [main/DEBUG] (FabricLoader/Mixin) viafabricplus-visuals.mixins.json:hud_element_changes.MixinInGameHud from mod viafabricplus-visuals->@Inject::removeHungerBar(Lnet/minecraft/entity/LivingEntity;Lorg/spongepowered/asm/mixin/injection/callback/CallbackInfoReturnable;)V does use it's CallbackInfoReturnable
[13:17:55] [main/DEBUG] (FabricLoader/Mixin) ArgsClassGenerator assigning org.spongepowered.asm.synthetic.args.Args$1 for descriptor (Ljava/util/function/Function;Lnet/minecraft/util/Identifier;IIII)V
[13:17:55] [main/DEBUG] (FabricLoader/Mixin) fabric-rendering-v1.mixins.json:InGameHudMixin from mod fabric-rendering-v1->@Inject::render(Lnet/minecraft/client/gui/DrawContext;Lnet/minecraft/client/render/RenderTickCounter;Lorg/spongepowered/asm/mixin/injection/callback/CallbackInfo;)V doesn't use it's CallbackInfo
[13:17:55] [main/DEBUG] (FabricLoader/Mixin) fabric-rendering-v1.mixins.json:InGameHudMixin from mod fabric-rendering-v1->@Inject::render(Lnet/minecraft/client/gui/DrawContext;Lnet/minecraft/client/render/RenderTickCounter;Lorg/spongepowered/asm/mixin/injection/callback/CallbackInfo;)V has 0 override(s) in child classes
[13:17:55] [main/DEBUG] (FabricLoader/Mixin) fabric-rendering-v1.mixins.json:InGameHudMixin from mod fabric-rendering-v1->@Inject::render(Lnet/minecraft/client/gui/DrawContext;Lnet/minecraft/client/render/RenderTickCounter;Lorg/spongepowered/asm/mixin/injection/callback/CallbackInfo;)V won't be passed a CallbackInfo as a result
[13:17:55] [main/DEBUG] (FabricLoader/Mixin) fabric-rendering-v1.mixins.json:InGameHudMixin from mod fabric-rendering-v1->@Inject::registerLayers(Lorg/spongepowered/asm/mixin/injection/callback/CallbackInfo;)V doesn't use it's CallbackInfo
[13:17:55] [main/DEBUG] (FabricLoader/Mixin) fabric-rendering-v1.mixins.json:InGameHudMixin from mod fabric-rendering-v1->@Inject::registerLayers(Lorg/spongepowered/asm/mixin/injection/callback/CallbackInfo;)V has 0 override(s) in child classes
[13:17:55] [main/DEBUG] (FabricLoader/Mixin) fabric-rendering-v1.mixins.json:InGameHudMixin from mod fabric-rendering-v1->@Inject::registerLayers(Lorg/spongepowered/asm/mixin/injection/callback/CallbackInfo;)V won't be passed a CallbackInfo as a result
[13:17:55] [main/DEBUG] (FabricLoader/Mixin) Mixing MinecraftServerMixin from fabric-gametest-api-v1.mixins.json into net.minecraft.server.MinecraftServer
[13:17:55] [main/DEBUG] (FabricLoader/Mixin) Mixing MinecraftServerMixin from fabric-lifecycle-events-v1.mixins.json into net.minecraft.server.MinecraftServer
[13:17:55] [main/DEBUG] (FabricLoader/Mixin) Renaming synthetic method lambda$endResourceReload$0(Ljava/lang/Void;Ljava/lang/Throwable;)Ljava/lang/Void; to mdd4350b$fabric-lifecycle-events-v1$lambda$endResourceReload$0$0 in fabric-lifecycle-events-v1.mixins.json:MinecraftServerMixin from mod fabric-lifecycle-events-v1
[13:17:55] [main/DEBUG] (FabricLoader/Mixin) Mixing MinecraftServerMixin from fabric-message-api-v1.mixins.json into net.minecraft.server.MinecraftServer
[13:17:55] [main/DEBUG] (FabricLoader/Mixin) Renaming synthetic method lambda$onGetChatDecorator$0(Lnet/minecraft/server/network/ServerPlayerEntity;Lnet/minecraft/text/Text;)Lnet/minecraft/text/Text; to mdd4350b$fabric-message-api-v1$lambda$onGetChatDecorator$0$1 in fabric-message-api-v1.mixins.json:MinecraftServerMixin from mod fabric-message-api-v1
[13:17:55] [main/DEBUG] (FabricLoader/Mixin) Mixing modification.MinecraftServerMixin from fabric-biome-api-v1.mixins.json into net.minecraft.server.MinecraftServer
[13:17:55] [main/DEBUG] (FabricLoader/Mixin) Mixing MinecraftServerMixin from fabric-resource-loader-v0.mixins.json into net.minecraft.server.MinecraftServer
[13:17:55] [main/DEBUG] (FabricLoader/Mixin) Renaming synthetic method lambda$init$0(Lnet/minecraft/resource/ResourcePack;)Ljava/util/stream/Stream; to mdd4350b$fabric-resource-loader-v0$lambda$init$0$2 in fabric-resource-loader-v0.mixins.json:MinecraftServerMixin from mod fabric-resource-loader-v0
[13:17:55] [main/DEBUG] (FabricLoader/Mixin) fabric-gametest-api-v1.mixins.json:MinecraftServerMixin from mod fabric-gametest-api-v1->@Inject::tickWorlds(Ljava/util/function/BooleanSupplier;Lorg/spongepowered/asm/mixin/injection/callback/CallbackInfo;)V doesn't use it's CallbackInfo
[13:17:55] [main/DEBUG] (FabricLoader/Mixin) fabric-gametest-api-v1.mixins.json:MinecraftServerMixin from mod fabric-gametest-api-v1->@Inject::tickWorlds(Ljava/util/function/BooleanSupplier;Lorg/spongepowered/asm/mixin/injection/callback/CallbackInfo;)V has 0 override(s) in child classes
[13:17:55] [main/DEBUG] (FabricLoader/Mixin) fabric-gametest-api-v1.mixins.json:MinecraftServerMixin from mod fabric-gametest-api-v1->@Inject::tickWorlds(Ljava/util/function/BooleanSupplier;Lorg/spongepowered/asm/mixin/injection/callback/CallbackInfo;)V won't be passed a CallbackInfo as a result
[13:17:55] [main/DEBUG] (FabricLoader/Mixin) fabric-lifecycle-events-v1.mixins.json:MinecraftServerMixin from mod fabric-lifecycle-events-v1->@Inject::beforeSetupServer(Lorg/spongepowered/asm/mixin/injection/callback/CallbackInfo;)V doesn't use it's CallbackInfo
[13:17:55] [main/DEBUG] (FabricLoader/Mixin) fabric-lifecycle-events-v1.mixins.json:MinecraftServerMixin from mod fabric-lifecycle-events-v1->@Inject::beforeSetupServer(Lorg/spongepowered/asm/mixin/injection/callback/CallbackInfo;)V has 0 override(s) in child classes
[13:17:55] [main/DEBUG] (FabricLoader/Mixin) fabric-lifecycle-events-v1.mixins.json:MinecraftServerMixin from mod fabric-lifecycle-events-v1->@Inject::beforeSetupServer(Lorg/spongepowered/asm/mixin/injection/callback/CallbackInfo;)V won't be passed a CallbackInfo as a result
[13:17:55] [main/DEBUG] (FabricLoader/Mixin) fabric-lifecycle-events-v1.mixins.json:MinecraftServerMixin from mod fabric-lifecycle-events-v1->@Inject::afterSetupServer(Lorg/spongepowered/asm/mixin/injection/callback/CallbackInfo;)V doesn't use it's CallbackInfo
[13:17:55] [main/DEBUG] (FabricLoader/Mixin) fabric-lifecycle-events-v1.mixins.json:MinecraftServerMixin from mod fabric-lifecycle-events-v1->@Inject::afterSetupServer(Lorg/spongepowered/asm/mixin/injection/callback/CallbackInfo;)V has 0 override(s) in child classes
[13:17:55] [main/DEBUG] (FabricLoader/Mixin) fabric-lifecycle-events-v1.mixins.json:MinecraftServerMixin from mod fabric-lifecycle-events-v1->@Inject::afterSetupServer(Lorg/spongepowered/asm/mixin/injection/callback/CallbackInfo;)V won't be passed a CallbackInfo as a result
[13:17:55] [main/DEBUG] (FabricLoader/Mixin) fabric-lifecycle-events-v1.mixins.json:MinecraftServerMixin from mod fabric-lifecycle-events-v1->@Inject::beforeShutdownServer(Lorg/spongepowered/asm/mixin/injection/callback/CallbackInfo;)V doesn't use it's CallbackInfo
[13:17:55] [main/DEBUG] (FabricLoader/Mixin) fabric-lifecycle-events-v1.mixins.json:MinecraftServerMixin from mod fabric-lifecycle-events-v1->@Inject::beforeShutdownServer(Lorg/spongepowered/asm/mixin/injection/callback/CallbackInfo;)V has 0 override(s) in child classes
[13:17:55] [main/DEBUG] (FabricLoader/Mixin) fabric-lifecycle-events-v1.mixins.json:MinecraftServerMixin from mod fabric-lifecycle-events-v1->@Inject::beforeShutdownServer(Lorg/spongepowered/asm/mixin/injection/callback/CallbackInfo;)V won't be passed a CallbackInfo as a result
[13:17:55] [main/DEBUG] (FabricLoader/Mixin) fabric-lifecycle-events-v1.mixins.json:MinecraftServerMixin from mod fabric-lifecycle-events-v1->@Inject::afterShutdownServer(Lorg/spongepowered/asm/mixin/injection/callback/CallbackInfo;)V doesn't use it's CallbackInfo
[13:17:55] [main/DEBUG] (FabricLoader/Mixin) fabric-lifecycle-events-v1.mixins.json:MinecraftServerMixin from mod fabric-lifecycle-events-v1->@Inject::afterShutdownServer(Lorg/spongepowered/asm/mixin/injection/callback/CallbackInfo;)V has 0 override(s) in child classes
[13:17:55] [main/DEBUG] (FabricLoader/Mixin) fabric-lifecycle-events-v1.mixins.json:MinecraftServerMixin from mod fabric-lifecycle-events-v1->@Inject::afterShutdownServer(Lorg/spongepowered/asm/mixin/injection/callback/CallbackInfo;)V won't be passed a CallbackInfo as a result
[13:17:55] [main/DEBUG] (FabricLoader/Mixin) fabric-lifecycle-events-v1.mixins.json:MinecraftServerMixin from mod fabric-lifecycle-events-v1->@Inject::onStartTick(Ljava/util/function/BooleanSupplier;Lorg/spongepowered/asm/mixin/injection/callback/CallbackInfo;)V doesn't use it's CallbackInfo
[13:17:55] [main/DEBUG] (FabricLoader/Mixin) fabric-lifecycle-events-v1.mixins.json:MinecraftServerMixin from mod fabric-lifecycle-events-v1->@Inject::onStartTick(Ljava/util/function/BooleanSupplier;Lorg/spongepowered/asm/mixin/injection/callback/CallbackInfo;)V has 0 override(s) in child classes
[13:17:55] [main/DEBUG] (FabricLoader/Mixin) fabric-lifecycle-events-v1.mixins.json:MinecraftServerMixin from mod fabric-lifecycle-events-v1->@Inject::onStartTick(Ljava/util/function/BooleanSupplier;Lorg/spongepowered/asm/mixin/injection/callback/CallbackInfo;)V won't be passed a CallbackInfo as a result
[13:17:55] [main/DEBUG] (FabricLoader/Mixin) fabric-lifecycle-events-v1.mixins.json:MinecraftServerMixin from mod fabric-lifecycle-events-v1->@Inject::onEndTick(Ljava/util/function/BooleanSupplier;Lorg/spongepowered/asm/mixin/injection/callback/CallbackInfo;)V doesn't use it's CallbackInfo
[13:17:55] [main/DEBUG] (FabricLoader/Mixin) fabric-lifecycle-events-v1.mixins.json:MinecraftServerMixin from mod fabric-lifecycle-events-v1->@Inject::onEndTick(Ljava/util/function/BooleanSupplier;Lorg/spongepowered/asm/mixin/injection/callback/CallbackInfo;)V has 0 override(s) in child classes
[13:17:55] [main/DEBUG] (FabricLoader/Mixin) fabric-lifecycle-events-v1.mixins.json:MinecraftServerMixin from mod fabric-lifecycle-events-v1->@Inject::onEndTick(Ljava/util/function/BooleanSupplier;Lorg/spongepowered/asm/mixin/injection/callback/CallbackInfo;)V won't be passed a CallbackInfo as a result
[13:17:55] [main/DEBUG] (FabricLoader/Mixin) fabric-lifecycle-events-v1.mixins.json:MinecraftServerMixin from mod fabric-lifecycle-events-v1->@Inject::onUnloadWorldAtShutdown(Lorg/spongepowered/asm/mixin/injection/callback/CallbackInfo;Ljava/util/Iterator;Lnet/minecraft/server/world/ServerWorld;)V doesn't use it's CallbackInfo
[13:17:55] [main/DEBUG] (FabricLoader/Mixin) fabric-lifecycle-events-v1.mixins.json:MinecraftServerMixin from mod fabric-lifecycle-events-v1->@Inject::onUnloadWorldAtShutdown(Lorg/spongepowered/asm/mixin/injection/callback/CallbackInfo;Ljava/util/Iterator;Lnet/minecraft/server/world/ServerWorld;)V has 0 override(s) in child classes
[13:17:55] [main/DEBUG] (FabricLoader/Mixin) fabric-lifecycle-events-v1.mixins.json:MinecraftServerMixin from mod fabric-lifecycle-events-v1->@Inject::onUnloadWorldAtShutdown(Lorg/spongepowered/asm/mixin/injection/callback/CallbackInfo;Ljava/util/Iterator;Lnet/minecraft/server/world/ServerWorld;)V won't be passed a CallbackInfo as a result
[13:17:55] [main/DEBUG] (FabricLoader/Mixin) fabric-lifecycle-events-v1.mixins.json:MinecraftServerMixin from mod fabric-lifecycle-events-v1->@Inject::startResourceReload(Ljava/util/Collection;Lorg/spongepowered/asm/mixin/injection/callback/CallbackInfoReturnable;)V doesn't use it's CallbackInfoReturnable
[13:17:55] [main/DEBUG] (FabricLoader/Mixin) fabric-lifecycle-events-v1.mixins.json:MinecraftServerMixin from mod fabric-lifecycle-events-v1->@Inject::startResourceReload(Ljava/util/Collection;Lorg/spongepowered/asm/mixin/injection/callback/CallbackInfoReturnable;)V has 0 override(s) in child classes
[13:17:55] [main/DEBUG] (FabricLoader/Mixin) fabric-lifecycle-events-v1.mixins.json:MinecraftServerMixin from mod fabric-lifecycle-events-v1->@Inject::startResourceReload(Ljava/util/Collection;Lorg/spongepowered/asm/mixin/injection/callback/CallbackInfoReturnable;)V won't be passed a CallbackInfoReturnable as a result
[13:17:55] [main/DEBUG] (FabricLoader/Mixin) fabric-lifecycle-events-v1.mixins.json:MinecraftServerMixin from mod fabric-lifecycle-events-v1->@Inject::endResourceReload(Ljava/util/Collection;Lorg/spongepowered/asm/mixin/injection/callback/CallbackInfoReturnable;)V does use it's CallbackInfoReturnable
[13:17:55] [main/DEBUG] (FabricLoader/Mixin) fabric-lifecycle-events-v1.mixins.json:MinecraftServerMixin from mod fabric-lifecycle-events-v1->@Inject::startSave(ZZZLorg/spongepowered/asm/mixin/injection/callback/CallbackInfoReturnable;)V doesn't use it's CallbackInfoReturnable
[13:17:55] [main/DEBUG] (FabricLoader/Mixin) fabric-lifecycle-events-v1.mixins.json:MinecraftServerMixin from mod fabric-lifecycle-events-v1->@Inject::startSave(ZZZLorg/spongepowered/asm/mixin/injection/callback/CallbackInfoReturnable;)V has 0 override(s) in child classes
[13:17:55] [main/DEBUG] (FabricLoader/Mixin) fabric-lifecycle-events-v1.mixins.json:MinecraftServerMixin from mod fabric-lifecycle-events-v1->@Inject::startSave(ZZZLorg/spongepowered/asm/mixin/injection/callback/CallbackInfoReturnable;)V won't be passed a CallbackInfoReturnable as a result
[13:17:55] [main/DEBUG] (FabricLoader/Mixin) fabric-lifecycle-events-v1.mixins.json:MinecraftServerMixin from mod fabric-lifecycle-events-v1->@Inject::endSave(ZZZLorg/spongepowered/asm/mixin/injection/callback/CallbackInfoReturnable;)V doesn't use it's CallbackInfoReturnable
[13:17:55] [main/DEBUG] (FabricLoader/Mixin) fabric-lifecycle-events-v1.mixins.json:MinecraftServerMixin from mod fabric-lifecycle-events-v1->@Inject::endSave(ZZZLorg/spongepowered/asm/mixin/injection/callback/CallbackInfoReturnable;)V has 0 override(s) in child classes
[13:17:55] [main/DEBUG] (FabricLoader/Mixin) fabric-lifecycle-events-v1.mixins.json:MinecraftServerMixin from mod fabric-lifecycle-events-v1->@Inject::endSave(ZZZLorg/spongepowered/asm/mixin/injection/callback/CallbackInfoReturnable;)V won't be passed a CallbackInfoReturnable as a result
[13:17:55] [main/DEBUG] (FabricLoader/Mixin) fabric-message-api-v1.mixins.json:MinecraftServerMixin from mod fabric-message-api-v1->@Inject::onGetChatDecorator(Lorg/spongepowered/asm/mixin/injection/callback/CallbackInfoReturnable;)V does use it's CallbackInfoReturnable
[13:17:55] [main/DEBUG] (FabricLoader/Mixin) fabric-biome-api-v1.mixins.json:modification.MinecraftServerMixin from mod fabric-biome-api-v1->@Inject::finalizeWorldGen(Lorg/spongepowered/asm/mixin/injection/callback/CallbackInfo;)V doesn't use it's CallbackInfo
[13:17:55] [main/DEBUG] (FabricLoader/Mixin) fabric-biome-api-v1.mixins.json:modification.MinecraftServerMixin from mod fabric-biome-api-v1->@Inject::finalizeWorldGen(Lorg/spongepowered/asm/mixin/injection/callback/CallbackInfo;)V has 0 override(s) in child classes
[13:17:55] [main/DEBUG] (FabricLoader/Mixin) fabric-biome-api-v1.mixins.json:modification.MinecraftServerMixin from mod fabric-biome-api-v1->@Inject::finalizeWorldGen(Lorg/spongepowered/asm/mixin/injection/callback/CallbackInfo;)V won't be passed a CallbackInfo as a result
[13:17:55] [main/DEBUG] (FabricLoader/Mixin) fabric-resource-loader-v0.mixins.json:MinecraftServerMixin from mod fabric-resource-loader-v0->@Inject::init(Ljava/lang/Thread;Lnet/minecraft/world/level/storage/LevelStorage$Session;Lnet/minecraft/resource/ResourcePackManager;Lnet/minecraft/server/SaveLoader;Ljava/net/Proxy;Lcom/mojang/datafixers/DataFixer;Lnet/minecraft/util/ApiServices;Lnet/minecraft/server/WorldGenerationProgressListenerFactory;Lorg/spongepowered/asm/mixin/injection/callback/CallbackInfo;)V doesn't use it's CallbackInfo
[13:17:55] [main/DEBUG] (FabricLoader/Mixin) fabric-resource-loader-v0.mixins.json:MinecraftServerMixin from mod fabric-resource-loader-v0->@Inject::init(Ljava/lang/Thread;Lnet/minecraft/world/level/storage/LevelStorage$Session;Lnet/minecraft/resource/ResourcePackManager;Lnet/minecraft/server/SaveLoader;Ljava/net/Proxy;Lcom/mojang/datafixers/DataFixer;Lnet/minecraft/util/ApiServices;Lnet/minecraft/server/WorldGenerationProgressListenerFactory;Lorg/spongepowered/asm/mixin/injection/callback/CallbackInfo;)V has 0 override(s) in child classes
[13:17:55] [main/DEBUG] (FabricLoader/Mixin) fabric-resource-loader-v0.mixins.json:MinecraftServerMixin from mod fabric-resource-loader-v0->@Inject::init(Ljava/lang/Thread;Lnet/minecraft/world/level/storage/LevelStorage$Session;Lnet/minecraft/resource/ResourcePackManager;Lnet/minecraft/server/SaveLoader;Ljava/net/Proxy;Lcom/mojang/datafixers/DataFixer;Lnet/minecraft/util/ApiServices;Lnet/minecraft/server/WorldGenerationProgressListenerFactory;Lorg/spongepowered/asm/mixin/injection/callback/CallbackInfo;)V won't be passed a CallbackInfo as a result
[13:17:55] [main/DEBUG] (FabricLoader/Mixin) Mixing KeyBindingAccessor from fabric-key-binding-api-v1.mixins.json into net.minecraft.client.option.KeyBinding
[13:17:55] [main/DEBUG] (FabricLoader/Mixin) Renaming @Accessor method fabric_getCategoryMap()Ljava/util/Map; to fabric_getCategoryMap$fabric-key-binding-api-v1_$md$d4350b$0 in fabric-key-binding-api-v1.mixins.json:KeyBindingAccessor from mod fabric-key-binding-api-v1
[13:17:55] [main/DEBUG] (FabricLoader/Mixin) Mixing KeyBindingAccessor from fabric-events-interaction-v0.client.mixins.json into net.minecraft.client.option.KeyBinding
[13:17:55] [main/DEBUG] (FabricLoader/Mixin) Mixing DefaultAttributeRegistryAccessor from fabric-object-builder-v1.mixins.json into net.minecraft.entity.attribute.DefaultAttributeRegistry
[13:17:55] [main/DEBUG] (FabricLoader/Mixin) Renaming @Accessor method getRegistry()Ljava/util/Map; to getRegistry$fabric-object-builder-api-v1_$md$d4350b$0 in fabric-object-builder-v1.mixins.json:DefaultAttributeRegistryAccessor from mod fabric-object-builder-api-v1
[13:17:55] [main/DEBUG] (FabricLoader/Mixin) Mixing DefaultAttributeRegistryMixin from fabric-object-builder-v1.mixins.json into net.minecraft.entity.attribute.DefaultAttributeRegistry
[13:17:56] [main/DEBUG] (FabricLoader/Mixin) fabric-object-builder-v1.mixins.json:DefaultAttributeRegistryMixin from mod fabric-object-builder-api-v1->@Inject::injectAttributes(Lorg/spongepowered/asm/mixin/injection/callback/CallbackInfo;)V doesn't use it's CallbackInfo
[13:17:56] [main/DEBUG] (FabricLoader/Mixin) Mixing features.classic.cpe_extension.MixinClientboundPacketsc0_30cpe from viafabricplus.mixins.json into net.raphimc.vialegacy.protocol.classic.c0_30cpetoc0_28_30.packet.ClientboundPacketsc0_30cpe
[13:17:56] [main/DEBUG] (FabricLoader/Mixin) viafabricplus.mixins.json:features.classic.cpe_extension.MixinClientboundPacketsc0_30cpe from mod viafabricplus->@Inject::addCustomPackets(ILorg/spongepowered/asm/mixin/injection/callback/CallbackInfoReturnable;)V does use it's CallbackInfoReturnable
[13:17:56] [main/DEBUG] (FabricLoader/Mixin) Mixing features.classic.cpe_extension.MixinClassicProtocolExtension from viafabricplus.mixins.json into net.raphimc.vialegacy.protocol.classic.c0_30cpetoc0_28_30.data.ClassicProtocolExtension
[13:17:56] [main/DEBUG] (FabricLoader/Mixin) viafabricplus.mixins.json:features.classic.cpe_extension.MixinClassicProtocolExtension from mod viafabricplus->@Inject::allowExtensions_supportsVersion(ILorg/spongepowered/asm/mixin/injection/callback/CallbackInfoReturnable;)V does use it's CallbackInfoReturnable
[13:17:56] [main/DEBUG] (FabricLoader/Mixin) viafabricplus.mixins.json:features.classic.cpe_extension.MixinClassicProtocolExtension from mod viafabricplus->@Inject::allowExtensions_isSupported(Lorg/spongepowered/asm/mixin/injection/callback/CallbackInfoReturnable;)V does use it's CallbackInfoReturnable
[13:17:56] [main/DEBUG] (FabricLoader/Mixin) viafabricplus.mixins.json:features.classic.cpe_extension.MixinClassicProtocolExtension from mod viafabricplus->@Inject::allowExtensions_getHighestSupportedVersion(Lorg/spongepowered/asm/mixin/injection/callback/CallbackInfoReturnable;)V does use it's CallbackInfoReturnable
[13:17:56] [Render thread/DEBUG] (FabricLoader/Mixin) Mixing VanillaResourcePackProviderMixin from fabric-resource-loader-v0.client.mixins.json into net.minecraft.resource.VanillaResourcePackProvider
[13:17:56] [Render thread/DEBUG] (FabricLoader/Mixin) fabric-resource-loader-v0.client.mixins.json:VanillaResourcePackProviderMixin from mod fabric-resource-loader-v0->@Inject::addBuiltinResourcePacks(Ljava/util/function/Consumer;Lorg/spongepowered/asm/mixin/injection/callback/CallbackInfo;)V doesn't use it's CallbackInfo
[13:17:56] [Render thread/DEBUG] (FabricLoader/Mixin) fabric-resource-loader-v0.client.mixins.json:VanillaResourcePackProviderMixin from mod fabric-resource-loader-v0->@Inject::addBuiltinResourcePacks(Ljava/util/function/Consumer;Lorg/spongepowered/asm/mixin/injection/callback/CallbackInfo;)V has 0 override(s) in child classes
[13:17:56] [Render thread/DEBUG] (FabricLoader/Mixin) fabric-resource-loader-v0.client.mixins.json:VanillaResourcePackProviderMixin from mod fabric-resource-loader-v0->@Inject::addBuiltinResourcePacks(Ljava/util/function/Consumer;Lorg/spongepowered/asm/mixin/injection/callback/CallbackInfo;)V won't be passed a CallbackInfo as a result
[13:17:56] [ForkJoinPool.commonPool-worker-1/DEBUG] (FabricLoader/Mixin) Mixing features.networking.limitation.nbt.MixinNamedCompoundTagType from viafabricplus.mixins.json into com.viaversion.viaversion.api.type.types.misc.NamedCompoundTagType
[13:17:56] [ForkJoinPool.commonPool-worker-1/DEBUG] (FabricLoader/Mixin) Mixing features.networking.limitation.nbt.MixinTagType from viafabricplus.mixins.json into com.viaversion.viaversion.api.type.types.misc.TagType
[13:17:56] [Render thread/DEBUG] (FabricLoader/Mixin) Mixing features.networking.resource_pack_header.MixinServerResourcePackLoader_4 from viafabricplus.mixins.json into net.minecraft.client.resource.server.ServerResourcePackLoader$4
[13:17:56] [Render thread/DEBUG] (FabricLoader/Mixin) viafabricplus.mixins.json:features.networking.resource_pack_header.MixinServerResourcePackLoader_4 from mod viafabricplus->@Inject::removeHeaders(Lorg/spongepowered/asm/mixin/injection/callback/CallbackInfoReturnable;)V does use it's CallbackInfoReturnable
[13:17:56] [ForkJoinPool.commonPool-worker-1/DEBUG] (FabricLoader/Mixin) Mixing features.entity.metadata_handling.MixinEntityPacketRewriter1_9 from viafabricplus.mixins.json into com.viaversion.viaversion.protocols.v1_8to1_9.rewriter.EntityPacketRewriter1_9
[13:17:56] [ForkJoinPool.commonPool-worker-1/DEBUG] (FabricLoader/Mixin) viafabricplus.mixins.json:features.entity.metadata_handling.MixinEntityPacketRewriter1_9 from mod viafabricplus->@Inject::preventMetadataForClientPlayer(Lcom/viaversion/viaversion/rewriter/entitydata/EntityDataHandlerEvent;Lcom/viaversion/viaversion/api/minecraft/entitydata/EntityData;Lorg/spongepowered/asm/mixin/injection/callback/CallbackInfo;)V does use it's CallbackInfo
[13:17:56] [Render thread/DEBUG] (FabricLoader/Mixin) Mixing ResourcePackManagerMixin from fabric-resource-loader-v0.mixins.json into net.minecraft.resource.ResourcePackManager
[13:17:56] [Render thread/DEBUG] (FabricLoader/Mixin) Renaming synthetic method lambda$handleAutoDisable$0(Ljava/util/Set;Lnet/minecraft/resource/ResourcePackProfile;)Z to mdd4350b$fabric-resource-loader-v0$lambda$handleAutoDisable$0$0 in fabric-resource-loader-v0.mixins.json:ResourcePackManagerMixin from mod fabric-resource-loader-v0
[13:17:56] [Render thread/DEBUG] (FabricLoader/Mixin) fabric-resource-loader-v0.mixins.json:ResourcePackManagerMixin from mod fabric-resource-loader-v0->@Inject::construct([Lnet/minecraft/resource/ResourcePackProvider;Lorg/spongepowered/asm/mixin/injection/callback/CallbackInfo;)V doesn't use it's CallbackInfo
[13:17:56] [Render thread/DEBUG] (FabricLoader/Mixin) fabric-resource-loader-v0.mixins.json:ResourcePackManagerMixin from mod fabric-resource-loader-v0->@Inject::construct([Lnet/minecraft/resource/ResourcePackProvider;Lorg/spongepowered/asm/mixin/injection/callback/CallbackInfo;)V has 0 override(s) in child classes
[13:17:56] [Render thread/DEBUG] (FabricLoader/Mixin) fabric-resource-loader-v0.mixins.json:ResourcePackManagerMixin from mod fabric-resource-loader-v0->@Inject::construct([Lnet/minecraft/resource/ResourcePackProvider;Lorg/spongepowered/asm/mixin/injection/callback/CallbackInfo;)V won't be passed a CallbackInfo as a result
[13:17:56] [Render thread/DEBUG] (FabricLoader/Mixin) fabric-resource-loader-v0.mixins.json:ResourcePackManagerMixin from mod fabric-resource-loader-v0->@Inject::handleAutoEnableDisable(Ljava/util/Collection;Lorg/spongepowered/asm/mixin/injection/callback/CallbackInfoReturnable;)V doesn't use it's CallbackInfoReturnable
[13:17:56] [Render thread/DEBUG] (FabricLoader/Mixin) fabric-resource-loader-v0.mixins.json:ResourcePackManagerMixin from mod fabric-resource-loader-v0->@Inject::handleAutoEnableDisable(Ljava/util/Collection;Lorg/spongepowered/asm/mixin/injection/callback/CallbackInfoReturnable;)V has 0 override(s) in child classes
[13:17:56] [Render thread/DEBUG] (FabricLoader/Mixin) fabric-resource-loader-v0.mixins.json:ResourcePackManagerMixin from mod fabric-resource-loader-v0->@Inject::handleAutoEnableDisable(Ljava/util/Collection;Lorg/spongepowered/asm/mixin/injection/callback/CallbackInfoReturnable;)V won't be passed a CallbackInfoReturnable as a result
[13:17:56] [Render thread/DEBUG] (FabricLoader/Mixin) fabric-resource-loader-v0.mixins.json:ResourcePackManagerMixin from mod fabric-resource-loader-v0->@Inject::handleAutoEnable(Ljava/lang/String;Lorg/spongepowered/asm/mixin/injection/callback/CallbackInfoReturnable;)V doesn't use it's CallbackInfoReturnable
[13:17:56] [Render thread/DEBUG] (FabricLoader/Mixin) fabric-resource-loader-v0.mixins.json:ResourcePackManagerMixin from mod fabric-resource-loader-v0->@Inject::handleAutoEnable(Ljava/lang/String;Lorg/spongepowered/asm/mixin/injection/callback/CallbackInfoReturnable;)V has 0 override(s) in child classes
[13:17:56] [Render thread/DEBUG] (FabricLoader/Mixin) fabric-resource-loader-v0.mixins.json:ResourcePackManagerMixin from mod fabric-resource-loader-v0->@Inject::handleAutoEnable(Ljava/lang/String;Lorg/spongepowered/asm/mixin/injection/callback/CallbackInfoReturnable;)V won't be passed a CallbackInfoReturnable as a result
[13:17:56] [Render thread/DEBUG] (FabricLoader/Mixin) fabric-resource-loader-v0.mixins.json:ResourcePackManagerMixin from mod fabric-resource-loader-v0->@Inject::handleAutoDisable(Ljava/lang/String;Lorg/spongepowered/asm/mixin/injection/callback/CallbackInfoReturnable;)V doesn't use it's CallbackInfoReturnable
[13:17:56] [Render thread/DEBUG] (FabricLoader/Mixin) fabric-resource-loader-v0.mixins.json:ResourcePackManagerMixin from mod fabric-resource-loader-v0->@Inject::handleAutoDisable(Ljava/lang/String;Lorg/spongepowered/asm/mixin/injection/callback/CallbackInfoReturnable;)V has 0 override(s) in child classes
[13:17:56] [Render thread/DEBUG] (FabricLoader/Mixin) fabric-resource-loader-v0.mixins.json:ResourcePackManagerMixin from mod fabric-resource-loader-v0->@Inject::handleAutoDisable(Ljava/lang/String;Lorg/spongepowered/asm/mixin/injection/callback/CallbackInfoReturnable;)V won't be passed a CallbackInfoReturnable as a result
[13:17:56] [ForkJoinPool.commonPool-worker-1/DEBUG] (FabricLoader/Mixin) Mixing features.item.attack_damage.MixinItemPacketRewriter1_9 from viafabricplus.mixins.json into com.viaversion.viaversion.protocols.v1_8to1_9.rewriter.ItemPacketRewriter1_9
[13:17:56] [ForkJoinPool.commonPool-worker-1/DEBUG] (FabricLoader/Mixin) viafabricplus.mixins.json:features.item.attack_damage.MixinItemPacketRewriter1_9 from mod viafabricplus->@Inject::loadAdditionalData(Lorg/spongepowered/asm/mixin/injection/callback/CallbackInfo;)V doesn't use it's CallbackInfo
[13:17:56] [ForkJoinPool.commonPool-worker-1/DEBUG] (FabricLoader/Mixin) viafabricplus.mixins.json:features.item.attack_damage.MixinItemPacketRewriter1_9 from mod viafabricplus->@Inject::loadAdditionalData(Lorg/spongepowered/asm/mixin/injection/callback/CallbackInfo;)V has 0 override(s) in child classes
[13:17:56] [ForkJoinPool.commonPool-worker-1/DEBUG] (FabricLoader/Mixin) viafabricplus.mixins.json:features.item.attack_damage.MixinItemPacketRewriter1_9 from mod viafabricplus->@Inject::loadAdditionalData(Lorg/spongepowered/asm/mixin/injection/callback/CallbackInfo;)V won't be passed a CallbackInfo as a result
[13:17:56] [ForkJoinPool.commonPool-worker-1/DEBUG] (FabricLoader/Mixin) viafabricplus.mixins.json:features.item.attack_damage.MixinItemPacketRewriter1_9 from mod viafabricplus->@Inject::addAttributeFixData(Lorg/spongepowered/asm/mixin/injection/callback/CallbackInfoReturnable;)V does use it's CallbackInfoReturnable
[13:17:56] [ForkJoinPool.commonPool-worker-1/DEBUG] (FabricLoader/Mixin) viafabricplus.mixins.json:features.item.attack_damage.MixinItemPacketRewriter1_9 from mod viafabricplus->@Inject::addAttributeFixData(Lorg/spongepowered/asm/mixin/injection/callback/CallbackInfoReturnable;)V does use it's CallbackInfoReturnable
[13:17:56] [ForkJoinPool.commonPool-worker-1/DEBUG] (FabricLoader/Mixin) viafabricplus.mixins.json:features.item.attack_damage.MixinItemPacketRewriter1_9 from mod viafabricplus->@Inject::removeAttributeFixData(Lorg/spongepowered/asm/mixin/injection/callback/CallbackInfoReturnable;)V does use it's CallbackInfoReturnable
[13:17:56] [ForkJoinPool.commonPool-worker-1/DEBUG] (FabricLoader/Mixin) viafabricplus.mixins.json:features.item.attack_damage.MixinItemPacketRewriter1_9 from mod viafabricplus->@Inject::removeAttributeFixData(Lorg/spongepowered/asm/mixin/injection/callback/CallbackInfoReturnable;)V does use it's CallbackInfoReturnable
[13:17:56] [ForkJoinPool.commonPool-worker-1/DEBUG] (FabricLoader/Mixin) Mixing features.interaction.container_clicking.MixinItemRewriter from viafabricplus.mixins.json into com.viaversion.viaversion.rewriter.ItemRewriter
[13:17:56] [Render thread/INFO] (com.mojang.authlib.yggdrasil.YggdrasilAuthenticationService) Environment: Environment[sessionHost=https://sessionserver.mojang.com, servicesHost=https://api.minecraftservices.com, name=PROD]
[13:17:56] [Yggdrasil Key Fetcher/DEBUG] (com.mojang.authlib.minecraft.client.MinecraftClient) Connecting to https://api.minecraftservices.com/publickeys
[13:17:56] [Download-1/DEBUG] (com.mojang.authlib.minecraft.client.MinecraftClient) Connecting to https://sessionserver.mojang.com/session/minecraft/profile/6b53dfcf6b4c38dc935a30b749f0d474?unsigned=false
[13:17:56] [Render thread/INFO] (net.minecraft.client.MinecraftClient) Setting user: Player260
[13:17:56] [Render thread/DEBUG] (FabricLoader/Entrypoint) Iterating over entrypoint 'main'
[13:17:56] [Render thread/DEBUG] (FabricLoader/Mixin) Mixing ServerConfigurationNetworkHandlerMixin from fabric-networking-api-v1.mixins.json into net.minecraft.server.network.ServerConfigurationNetworkHandler
[13:17:56] [Render thread/DEBUG] (FabricLoader/Mixin) Mixing ServerConfigurationNetworkHandlerMixin from fabric-resource-loader-v0.mixins.json into net.minecraft.server.network.ServerConfigurationNetworkHandler
[13:17:56] [Render thread/DEBUG] (FabricLoader/Mixin) fabric-networking-api-v1.mixins.json:ServerConfigurationNetworkHandlerMixin from mod fabric-networking-api-v1->@Inject::initAddon(Lorg/spongepowered/asm/mixin/injection/callback/CallbackInfo;)V doesn't use it's CallbackInfo
[13:17:56] [Render thread/DEBUG] (FabricLoader/Mixin) fabric-networking-api-v1.mixins.json:ServerConfigurationNetworkHandlerMixin from mod fabric-networking-api-v1->@Inject::initAddon(Lorg/spongepowered/asm/mixin/injection/callback/CallbackInfo;)V has 0 override(s) in child classes
[13:17:56] [Render thread/DEBUG] (FabricLoader/Mixin) fabric-networking-api-v1.mixins.json:ServerConfigurationNetworkHandlerMixin from mod fabric-networking-api-v1->@Inject::initAddon(Lorg/spongepowered/asm/mixin/injection/callback/CallbackInfo;)V won't be passed a CallbackInfo as a result
[13:17:56] [Render thread/DEBUG] (FabricLoader/Mixin) fabric-networking-api-v1.mixins.json:ServerConfigurationNetworkHandlerMixin from mod fabric-networking-api-v1->@Inject::onClientReady(Lorg/spongepowered/asm/mixin/injection/callback/CallbackInfo;)V does use it's CallbackInfo
[13:17:56] [Render thread/DEBUG] (FabricLoader/Mixin) Mixing ServerCommonNetworkHandlerMixin from fabric-networking-api-v1.mixins.json into net.minecraft.server.network.ServerCommonNetworkHandler
[13:17:56] [Render thread/DEBUG] (FabricLoader/Mixin) Mixing accessor.ServerCommonNetworkHandlerAccessor from fabric-networking-api-v1.mixins.json into net.minecraft.server.network.ServerCommonNetworkHandler
[13:17:56] [Render thread/DEBUG] (FabricLoader/Mixin) fabric-networking-api-v1.mixins.json:ServerCommonNetworkHandlerMixin from mod fabric-networking-api-v1->@Inject::handleCustomPayloadReceivedAsync(Lnet/minecraft/network/packet/c2s/common/CustomPayloadC2SPacket;Lorg/spongepowered/asm/mixin/injection/callback/CallbackInfo;)V does use it's CallbackInfo
[13:17:56] [Render thread/DEBUG] (FabricLoader/Mixin) fabric-networking-api-v1.mixins.json:ServerCommonNetworkHandlerMixin from mod fabric-networking-api-v1->@Inject::onPlayPong(Lnet/minecraft/network/packet/c2s/common/CommonPongC2SPacket;Lorg/spongepowered/asm/mixin/injection/callback/CallbackInfo;)V doesn't use it's CallbackInfo
[13:17:56] [Render thread/DEBUG] (FabricLoader/Mixin) fabric-networking-api-v1.mixins.json:ServerCommonNetworkHandlerMixin from mod fabric-networking-api-v1->@Inject::onPlayPong(Lnet/minecraft/network/packet/c2s/common/CommonPongC2SPacket;Lorg/spongepowered/asm/mixin/injection/callback/CallbackInfo;)V has 0 override(s) in child classes
[13:17:56] [Render thread/DEBUG] (FabricLoader/Mixin) fabric-networking-api-v1.mixins.json:ServerCommonNetworkHandlerMixin from mod fabric-networking-api-v1->@Inject::onPlayPong(Lnet/minecraft/network/packet/c2s/common/CommonPongC2SPacket;Lorg/spongepowered/asm/mixin/injection/callback/CallbackInfo;)V won't be passed a CallbackInfo as a result
[13:17:56] [Render thread/DEBUG] (FabricLoader/Mixin) Mixing LootTableBuilderMixin from fabric-loot-api-v2.mixins.json into net.minecraft.loot.LootTable$Builder
[13:17:56] [Render thread/DEBUG] (FabricLoader/Mixin) Mixing LootTableBuilderMixin from fabric-loot-api-v3.mixins.json into net.minecraft.loot.LootTable$Builder
[13:17:57] [ForkJoinPool.commonPool-worker-1/DEBUG] (FabricLoader/Mixin) Mixing features.limitation.max_chat_length.MixinProtocol1_10To1_11 from viafabricplus.mixins.json into com.viaversion.viaversion.protocols.v1_10to1_11.Protocol1_10To1_11$6
[13:17:57] [ForkJoinPool.commonPool-worker-1/DEBUG] (FabricLoader/Mixin) Mixing features.emulation.recipe.MixinEntityPacketRewriter1_12 from viafabricplus.mixins.json into com.viaversion.viaversion.protocols.v1_11_1to1_12.rewriter.EntityPacketRewriter1_12$1
[13:17:57] [ForkJoinPool.commonPool-worker-1/DEBUG] (FabricLoader/Mixin) Mixing features.footstep_particle.MixinMappingDataBase from viafabricplus.mixins.json into com.viaversion.viaversion.api.data.MappingDataBase
[13:17:57] [ForkJoinPool.commonPool-worker-1/DEBUG] (FabricLoader/Mixin) viafabricplus.mixins.json:features.footstep_particle.MixinMappingDataBase from mod viafabricplus->@Inject::passthroughFootStepParticle(ILorg/spongepowered/asm/mixin/injection/callback/CallbackInfoReturnable;)V does use it's CallbackInfoReturnable
[13:17:57] [Via-Mappingloader-1/DEBUG] (FabricLoader/Mixin) Mixing features.footstep_particle.MixinParticleMappings from viafabricplus.mixins.json into com.viaversion.viaversion.api.data.ParticleMappings
[13:17:57] [ForkJoinPool.commonPool-worker-1/DEBUG] (FabricLoader/Mixin) Mixing features.large_container.MixinItemPacketRewriter1_14 from viafabricplus.mixins.json into com.viaversion.viaversion.protocols.v1_13_2to1_14.rewriter.ItemPacketRewriter1_14
[13:17:57] [ForkJoinPool.commonPool-worker-1/DEBUG] (FabricLoader/Mixin) Renaming synthetic method lambda$supportLargeContainers$0(Lnet/minecraft/network/RegistryByteBuf;)V to mdd4350b$viafabricplus$lambda$supportLargeContainers$0$0 in viafabricplus.mixins.json:features.large_container.MixinItemPacketRewriter1_14 from mod viafabricplus
[13:17:57] [ForkJoinPool.commonPool-worker-1/DEBUG] (FabricLoader/Mixin) viafabricplus.mixins.json:features.large_container.MixinItemPacketRewriter1_14 from mod viafabricplus->@Inject::dontResyncInventory(Lorg/spongepowered/asm/mixin/injection/callback/CallbackInfo;)V doesn't use it's CallbackInfo
[13:17:57] [ForkJoinPool.commonPool-worker-1/DEBUG] (FabricLoader/Mixin) viafabricplus.mixins.json:features.large_container.MixinItemPacketRewriter1_14 from mod viafabricplus->@Inject::dontResyncInventory(Lorg/spongepowered/asm/mixin/injection/callback/CallbackInfo;)V has 0 override(s) in child classes
[13:17:57] [ForkJoinPool.commonPool-worker-1/DEBUG] (FabricLoader/Mixin) viafabricplus.mixins.json:features.large_container.MixinItemPacketRewriter1_14 from mod viafabricplus->@Inject::dontResyncInventory(Lorg/spongepowered/asm/mixin/injection/callback/CallbackInfo;)V won't be passed a CallbackInfo as a result
[13:17:57] [ForkJoinPool.commonPool-worker-1/DEBUG] (FabricLoader/Mixin) viafabricplus.mixins.json:features.large_container.MixinItemPacketRewriter1_14 from mod viafabricplus->@Inject::supportLargeContainers(Lcom/viaversion/viaversion/api/protocol/packet/PacketWrapper;Lorg/spongepowered/asm/mixin/injection/callback/CallbackInfo;)V does use it's CallbackInfo
[13:17:57] [Via-Mappingloader-0/INFO] (ViaVersion) Loading block connection mappings ...
[13:17:57] [ForkJoinPool.commonPool-worker-1/DEBUG] (FabricLoader/Mixin) Mixing features.entity.metadata_handling.MixinEntityPacketRewriter1_15 from viafabricplus.mixins.json into com.viaversion.viaversion.protocols.v1_14_4to1_15.rewriter.EntityPacketRewriter1_15
[13:17:57] [ForkJoinPool.commonPool-worker-1/DEBUG] (FabricLoader/Mixin) Renaming synthetic method lambda$removeAndTrackHealth$0(ILcom/viaversion/viaversion/rewriter/entitydata/EntityDataHandlerEvent;Lcom/viaversion/viaversion/api/minecraft/entitydata/EntityData;)V to mdd4350b$viafabricplus$lambda$removeAndTrackHealth$0$0 in viafabricplus.mixins.json:features.entity.metadata_handling.MixinEntityPacketRewriter1_15 from mod viafabricplus
[13:17:57] [ForkJoinPool.commonPool-worker-1/DEBUG] (FabricLoader/Mixin) Mixing features.classic.world_height.MixinWorldPacketRewriter1_16_2 from viafabricplus.mixins.json into com.viaversion.viaversion.protocols.v1_16_1to1_16_2.rewriter.WorldPacketRewriter1_16_2
[13:17:57] [Render thread/DEBUG] (FabricLoader/Mixin) Mixing CustomPayloadC2SPacketMixin from fabric-networking-api-v1.mixins.json into net.minecraft.network.packet.c2s.common.CustomPayloadC2SPacket
[13:17:57] [Render thread/DEBUG] (FabricLoader/Mixin) Renaming synthetic method lambda$wrapCodec$0(Lnet/minecraft/network/PacketByteBuf;Lnet/minecraft/util/Identifier;)Lnet/minecraft/network/packet/CustomPayload$Type; to mdd4350b$fabric-networking-api-v1$lambda$wrapCodec$0$0 in fabric-networking-api-v1.mixins.json:CustomPayloadC2SPacketMixin from mod fabric-networking-api-v1
[13:17:57] [Render thread/DEBUG] (FabricLoader/Mixin) Mixing CustomPayloadS2CPacketAccessor from fabric-data-attachment-api-v1.mixins.json into net.minecraft.network.packet.c2s.common.CustomPayloadC2SPacket
[13:17:57] [Render thread/DEBUG] (FabricLoader/Mixin) Mixing CustomPayloadPacketCodecMixin from fabric-networking-api-v1.mixins.json into net.minecraft.network.packet.CustomPayload$1
[13:17:57] [Download-1/DEBUG] (com.mojang.authlib.yggdrasil.YggdrasilMinecraftSessionService) Couldn't fetch profile properties for 6b53dfcf-6b4c-38dc-935a-30b749f0d474 as the profile does not exist
[13:17:57] [ForkJoinPool.commonPool-worker-1/DEBUG] (FabricLoader/Mixin) Mixing features.classic.world_height.MixinEntityPacketRewriter1_17 from viafabricplus.mixins.json into com.viaversion.viaversion.protocols.v1_16_4to1_17.rewriter.EntityPacketRewriter1_17
[13:17:58] [ForkJoinPool.commonPool-worker-1/DEBUG] (FabricLoader/Mixin) Mixing features.interaction.container_clicking.MixinItemPacketRewriter1_17 from viafabricplus.mixins.json into com.viaversion.viaversion.protocols.v1_16_4to1_17.rewriter.ItemPacketRewriter1_17
[13:17:58] [ForkJoinPool.commonPool-worker-1/DEBUG] (FabricLoader/Mixin) Renaming synthetic method lambda$removeContainerClickHandler$0(Lcom/viaversion/viaversion/api/protocol/packet/PacketWrapper;)V to mdd4350b$viafabricplus$lambda$removeContainerClickHandler$0$0 in viafabricplus.mixins.json:features.interaction.container_clicking.MixinItemPacketRewriter1_17 from mod viafabricplus
[13:17:58] [ForkJoinPool.commonPool-worker-1/DEBUG] (FabricLoader/Mixin) viafabricplus.mixins.json:features.interaction.container_clicking.MixinItemPacketRewriter1_17 from mod viafabricplus->@Inject::removeContainerClickHandler(Lorg/spongepowered/asm/mixin/injection/callback/CallbackInfo;)V doesn't use it's CallbackInfo
[13:17:58] [Render thread/DEBUG] (FabricLoader/Mixin) Mixing ServerPlayNetworkHandlerMixin from fabric-networking-api-v1.mixins.json into net.minecraft.server.network.ServerPlayNetworkHandler
[13:17:58] [Render thread/DEBUG] (FabricLoader/Mixin) Mixing ServerPlayNetworkHandlerMixin from fabric-events-interaction-v0.mixins.json into net.minecraft.server.network.ServerPlayNetworkHandler
[13:17:58] [Render thread/DEBUG] (FabricLoader/Mixin) fabric-networking-api-v1.mixins.json:ServerPlayNetworkHandlerMixin from mod fabric-networking-api-v1->@Inject::initAddon(Lorg/spongepowered/asm/mixin/injection/callback/CallbackInfo;)V doesn't use it's CallbackInfo
[13:17:58] [Render thread/DEBUG] (FabricLoader/Mixin) fabric-networking-api-v1.mixins.json:ServerPlayNetworkHandlerMixin from mod fabric-networking-api-v1->@Inject::initAddon(Lorg/spongepowered/asm/mixin/injection/callback/CallbackInfo;)V has 0 override(s) in child classes
[13:17:58] [Render thread/DEBUG] (FabricLoader/Mixin) fabric-networking-api-v1.mixins.json:ServerPlayNetworkHandlerMixin from mod fabric-networking-api-v1->@Inject::initAddon(Lorg/spongepowered/asm/mixin/injection/callback/CallbackInfo;)V won't be passed a CallbackInfo as a result
[13:17:58] [Render thread/DEBUG] (FabricLoader/Mixin) fabric-networking-api-v1.mixins.json:ServerPlayNetworkHandlerMixin from mod fabric-networking-api-v1->@Inject::handleCustomPayloadReceivedAsync(Lnet/minecraft/network/packet/c2s/common/CustomPayloadC2SPacket;Lorg/spongepowered/asm/mixin/injection/callback/CallbackInfo;)V does use it's CallbackInfo
[13:17:58] [Render thread/DEBUG] (FabricLoader/Entrypoint) Iterating over entrypoint 'client'
[13:17:58] [ForkJoinPool.commonPool-worker-1/DEBUG] (FabricLoader/Mixin) Mixing features.classic.world_height.MixinWorldPacketRewriter1_17 from viafabricplus.mixins.json into com.viaversion.viaversion.protocols.v1_16_4to1_17.rewriter.WorldPacketRewriter1_17
[13:17:58] [Render thread/DEBUG] (FabricLoader/Mixin) Mixing base.connection.MixinClientConnection from viafabricplus.mixins.json into net.minecraft.network.ClientConnection
[13:17:58] [Render thread/DEBUG] (FabricLoader/Mixin) Renaming synthetic method lambda$useRakNetPingHandlers$0(Ljava/net/InetAddress;ILio/netty/channel/ChannelFuture;)V to mdd4350b$viafabricplus$lambda$useRakNetPingHandlers$0$0 in viafabricplus.mixins.json:base.connection.MixinClientConnection from mod viafabricplus
[13:17:58] [Render thread/DEBUG] (FabricLoader/Mixin) Mixing base.integration.MixinClientConnection from viafabricplus.mixins.json into net.minecraft.network.ClientConnection
[13:17:58] [Render thread/DEBUG] (FabricLoader/Mixin) Mixing ClientConnectionMixin from fabric-networking-api-v1.mixins.json into net.minecraft.network.ClientConnection
[13:17:58] [Render thread/DEBUG] (FabricLoader/Mixin) Renaming synthetic method lambda$fabric_getPendingChannelsNames$0(Lnet/minecraft/network/NetworkPhase;)Ljava/util/Collection; to mdd4350b$fabric-networking-api-v1$lambda$fabric_getPendingChannelsNames$0$1 in fabric-networking-api-v1.mixins.json:ClientConnectionMixin from mod fabric-networking-api-v1
[13:17:58] [Render thread/DEBUG] (FabricLoader/Mixin) Mixing render.impl.client.ClientConnectionMixin from luxury.mixins.json into net.minecraft.network.ClientConnection
[13:17:58] [Render thread/DEBUG] (FabricLoader/Mixin) Mixing ingredient.ClientConnectionMixin from fabric-recipe-api-v1.mixins.json into net.minecraft.network.ClientConnection
[13:17:58] [Render thread/DEBUG] (FabricLoader/Mixin) Mixing ClientConnectionMixin from fabric-data-attachment-api-v1.mixins.json into net.minecraft.network.ClientConnection
[13:17:58] [Render thread/DEBUG] (FabricLoader/Mixin) viafabricplus.mixins.json:base.connection.MixinClientConnection from mod viafabricplus->@Inject::reorderCompression(IZLorg/spongepowered/asm/mixin/injection/callback/CallbackInfo;)V doesn't use it's CallbackInfo
[13:17:58] [Render thread/DEBUG] (FabricLoader/Mixin) viafabricplus.mixins.json:base.connection.MixinClientConnection from mod viafabricplus->@Inject::reorderCompression(IZLorg/spongepowered/asm/mixin/injection/callback/CallbackInfo;)V has 0 override(s) in child classes
[13:17:58] [Render thread/DEBUG] (FabricLoader/Mixin) viafabricplus.mixins.json:base.connection.MixinClientConnection from mod viafabricplus->@Inject::reorderCompression(IZLorg/spongepowered/asm/mixin/injection/callback/CallbackInfo;)V won't be passed a CallbackInfo as a result
[13:17:58] [Render thread/DEBUG] (FabricLoader/Mixin) viafabricplus.mixins.json:base.connection.MixinClientConnection from mod viafabricplus->@Inject::storeDecryptionCipher(Ljavax/crypto/Cipher;Ljavax/crypto/Cipher;Lorg/spongepowered/asm/mixin/injection/callback/CallbackInfo;)V does use it's CallbackInfo
[13:17:58] [Render thread/DEBUG] (FabricLoader/Mixin) viafabricplus.mixins.json:base.connection.MixinClientConnection from mod viafabricplus->@Inject::setTargetVersion(Ljava/net/InetSocketAddress;ZLnet/minecraft/util/profiler/MultiValueDebugSampleLogImpl;Lorg/spongepowered/asm/mixin/injection/callback/CallbackInfoReturnable;)V doesn't use it's CallbackInfoReturnable
[13:17:58] [Render thread/DEBUG] (FabricLoader/Mixin) viafabricplus.mixins.json:base.connection.MixinClientConnection from mod viafabricplus->@Inject::setTargetVersion(Ljava/net/InetSocketAddress;ZLnet/minecraft/network/ClientConnection;Lorg/spongepowered/asm/mixin/injection/callback/CallbackInfoReturnable;)V doesn't use it's CallbackInfoReturnable
[13:17:58] [Render thread/DEBUG] (FabricLoader/Mixin) viafabricplus.mixins.json:base.integration.MixinClientConnection from mod viafabricplus->@Inject::printNetworkingErrors(Lio/netty/channel/ChannelHandlerContext;Ljava/lang/Throwable;Lorg/spongepowered/asm/mixin/injection/callback/CallbackInfo;)V doesn't use it's CallbackInfo
[13:17:58] [Render thread/DEBUG] (FabricLoader/Mixin) viafabricplus.mixins.json:base.integration.MixinClientConnection from mod viafabricplus->@Inject::printNetworkingErrors(Lio/netty/channel/ChannelHandlerContext;Ljava/lang/Throwable;Lorg/spongepowered/asm/mixin/injection/callback/CallbackInfo;)V has 0 override(s) in child classes
[13:17:58] [Render thread/DEBUG] (FabricLoader/Mixin) viafabricplus.mixins.json:base.integration.MixinClientConnection from mod viafabricplus->@Inject::printNetworkingErrors(Lio/netty/channel/ChannelHandlerContext;Ljava/lang/Throwable;Lorg/spongepowered/asm/mixin/injection/callback/CallbackInfo;)V won't be passed a CallbackInfo as a result
[13:17:58] [Render thread/DEBUG] (FabricLoader/Mixin) fabric-networking-api-v1.mixins.json:ClientConnectionMixin from mod fabric-networking-api-v1->@Inject::initAddedFields(Lnet/minecraft/network/NetworkSide;Lorg/spongepowered/asm/mixin/injection/callback/CallbackInfo;)V doesn't use it's CallbackInfo
[13:17:58] [Render thread/DEBUG] (FabricLoader/Mixin) fabric-networking-api-v1.mixins.json:ClientConnectionMixin from mod fabric-networking-api-v1->@Inject::initAddedFields(Lnet/minecraft/network/NetworkSide;Lorg/spongepowered/asm/mixin/injection/callback/CallbackInfo;)V has 0 override(s) in child classes
[13:17:58] [Render thread/DEBUG] (FabricLoader/Mixin) fabric-networking-api-v1.mixins.json:ClientConnectionMixin from mod fabric-networking-api-v1->@Inject::initAddedFields(Lnet/minecraft/network/NetworkSide;Lorg/spongepowered/asm/mixin/injection/callback/CallbackInfo;)V won't be passed a CallbackInfo as a result
[13:17:58] [Render thread/DEBUG] (FabricLoader/Mixin) fabric-networking-api-v1.mixins.json:ClientConnectionMixin from mod fabric-networking-api-v1->@Inject::checkPacket(Lnet/minecraft/network/packet/Packet;Lnet/minecraft/network/PacketCallbacks;ZLorg/spongepowered/asm/mixin/injection/callback/CallbackInfo;)V doesn't use it's CallbackInfo
[13:17:58] [Render thread/DEBUG] (FabricLoader/Mixin) fabric-networking-api-v1.mixins.json:ClientConnectionMixin from mod fabric-networking-api-v1->@Inject::checkPacket(Lnet/minecraft/network/packet/Packet;Lnet/minecraft/network/PacketCallbacks;ZLorg/spongepowered/asm/mixin/injection/callback/CallbackInfo;)V has 0 override(s) in child classes
[13:17:58] [Render thread/DEBUG] (FabricLoader/Mixin) fabric-networking-api-v1.mixins.json:ClientConnectionMixin from mod fabric-networking-api-v1->@Inject::checkPacket(Lnet/minecraft/network/packet/Packet;Lnet/minecraft/network/PacketCallbacks;ZLorg/spongepowered/asm/mixin/injection/callback/CallbackInfo;)V won't be passed a CallbackInfo as a result
[13:17:58] [Render thread/DEBUG] (FabricLoader/Mixin) fabric-networking-api-v1.mixins.json:ClientConnectionMixin from mod fabric-networking-api-v1->@Inject::checkPacket(Lnet/minecraft/network/packet/Packet;Lnet/minecraft/network/PacketCallbacks;ZLorg/spongepowered/asm/mixin/injection/callback/CallbackInfo;)V doesn't use it's CallbackInfo
[13:17:58] [Render thread/DEBUG] (FabricLoader/Mixin) fabric-networking-api-v1.mixins.json:ClientConnectionMixin from mod fabric-networking-api-v1->@Inject::checkPacket(Lnet/minecraft/network/packet/Packet;Lnet/minecraft/network/PacketCallbacks;ZLorg/spongepowered/asm/mixin/injection/callback/CallbackInfo;)V has 0 override(s) in child classes
[13:17:58] [Render thread/DEBUG] (FabricLoader/Mixin) fabric-networking-api-v1.mixins.json:ClientConnectionMixin from mod fabric-networking-api-v1->@Inject::checkPacket(Lnet/minecraft/network/packet/Packet;Lnet/minecraft/network/PacketCallbacks;ZLorg/spongepowered/asm/mixin/injection/callback/CallbackInfo;)V won't be passed a CallbackInfo as a result
[13:17:58] [Render thread/DEBUG] (FabricLoader/Mixin) fabric-networking-api-v1.mixins.json:ClientConnectionMixin from mod fabric-networking-api-v1->@Inject::unwatchAddon(Lnet/minecraft/network/NetworkState;Lnet/minecraft/network/listener/PacketListener;Lorg/spongepowered/asm/mixin/injection/callback/CallbackInfo;)V doesn't use it's CallbackInfo
[13:17:58] [Render thread/DEBUG] (FabricLoader/Mixin) fabric-networking-api-v1.mixins.json:ClientConnectionMixin from mod fabric-networking-api-v1->@Inject::unwatchAddon(Lnet/minecraft/network/NetworkState;Lnet/minecraft/network/listener/PacketListener;Lorg/spongepowered/asm/mixin/injection/callback/CallbackInfo;)V has 0 override(s) in child classes
[13:17:58] [Render thread/DEBUG] (FabricLoader/Mixin) fabric-networking-api-v1.mixins.json:ClientConnectionMixin from mod fabric-networking-api-v1->@Inject::unwatchAddon(Lnet/minecraft/network/NetworkState;Lnet/minecraft/network/listener/PacketListener;Lorg/spongepowered/asm/mixin/injection/callback/CallbackInfo;)V won't be passed a CallbackInfo as a result
[13:17:58] [Render thread/DEBUG] (FabricLoader/Mixin) fabric-networking-api-v1.mixins.json:ClientConnectionMixin from mod fabric-networking-api-v1->@Inject::disconnectAddon(Lio/netty/channel/ChannelHandlerContext;Lorg/spongepowered/asm/mixin/injection/callback/CallbackInfo;)V doesn't use it's CallbackInfo
[13:17:58] [Render thread/DEBUG] (FabricLoader/Mixin) fabric-networking-api-v1.mixins.json:ClientConnectionMixin from mod fabric-networking-api-v1->@Inject::disconnectAddon(Lio/netty/channel/ChannelHandlerContext;Lorg/spongepowered/asm/mixin/injection/callback/CallbackInfo;)V has 0 override(s) in child classes
[13:17:58] [Render thread/DEBUG] (FabricLoader/Mixin) fabric-networking-api-v1.mixins.json:ClientConnectionMixin from mod fabric-networking-api-v1->@Inject::disconnectAddon(Lio/netty/channel/ChannelHandlerContext;Lorg/spongepowered/asm/mixin/injection/callback/CallbackInfo;)V won't be passed a CallbackInfo as a result
[13:17:58] [Render thread/DEBUG] (FabricLoader/Mixin) fabric-networking-api-v1.mixins.json:ClientConnectionMixin from mod fabric-networking-api-v1->@Inject::disconnectAddon(Lorg/spongepowered/asm/mixin/injection/callback/CallbackInfo;)V doesn't use it's CallbackInfo
[13:17:58] [Render thread/DEBUG] (FabricLoader/Mixin) fabric-networking-api-v1.mixins.json:ClientConnectionMixin from mod fabric-networking-api-v1->@Inject::disconnectAddon(Lorg/spongepowered/asm/mixin/injection/callback/CallbackInfo;)V has 0 override(s) in child classes
[13:17:58] [Render thread/DEBUG] (FabricLoader/Mixin) fabric-networking-api-v1.mixins.json:ClientConnectionMixin from mod fabric-networking-api-v1->@Inject::disconnectAddon(Lorg/spongepowered/asm/mixin/injection/callback/CallbackInfo;)V won't be passed a CallbackInfo as a result
[13:17:58] [Render thread/DEBUG] (FabricLoader/Mixin) luxury.mixins.json:render.impl.client.ClientConnectionMixin from mod luxury->@Inject::onPacketReceived(Lio/netty/channel/ChannelHandlerContext;Lnet/minecraft/network/packet/Packet;Lorg/spongepowered/asm/mixin/injection/callback/CallbackInfo;)V does use it's CallbackInfo
[13:17:58] [Render thread/DEBUG] (FabricLoader/Mixin) luxury.mixins.json:render.impl.client.ClientConnectionMixin from mod luxury->@Inject::onPacketSend(Lnet/minecraft/network/packet/Packet;Lorg/spongepowered/asm/mixin/injection/callback/CallbackInfo;)V does use it's CallbackInfo
[13:17:58] [Via-Mappingloader-0/INFO] (ViaVersion) Using FastUtil Long2ObjectOpenHashMap for block connections
[13:17:58] [Render thread/DEBUG] (FabricLoader/Mixin) Mixing ClientPlayNetworkHandlerMixin from fabric-message-api-v1.client.mixins.json into net.minecraft.client.network.ClientPlayNetworkHandler
[13:17:58] [Render thread/DEBUG] (FabricLoader/Mixin) Mixing ClientPlayNetworkHandlerMixin from fabric-networking-api-v1.client.mixins.json into net.minecraft.client.network.ClientPlayNetworkHandler
[13:17:58] [Render thread/DEBUG] (FabricLoader/Mixin) Mixing features.networking.config_state.MixinClientPlayNetworkHandler from viafabricplus.mixins.json into net.minecraft.client.network.ClientPlayNetworkHandler
[13:17:58] [Render thread/DEBUG] (FabricLoader/Mixin) Mixing features.networking.downloading_terrain.MixinClientPlayNetworkHandler from viafabricplus.mixins.json into net.minecraft.client.network.ClientPlayNetworkHandler
[13:17:58] [Render thread/DEBUG] (FabricLoader/Mixin) Mixing features.networking.packet_handling.MixinClientPlayNetworkHandler from viafabricplus.mixins.json into net.minecraft.client.network.ClientPlayNetworkHandler
[13:17:58] [Render thread/DEBUG] (FabricLoader/Mixin) Renaming synthetic method lambda$handleWinGameState0$0()Z to mdd4350b$viafabricplus$lambda$handleWinGameState0$0$0 in viafabricplus.mixins.json:features.networking.packet_handling.MixinClientPlayNetworkHandler from mod viafabricplus
[13:17:58] [Render thread/DEBUG] (FabricLoader/Mixin) Mixing features.networking.remove_signed_commands.MixinClientPlayNetworkHandler from viafabricplus.mixins.json into net.minecraft.client.network.ClientPlayNetworkHandler
[13:17:58] [Render thread/DEBUG] (FabricLoader/Mixin) Mixing ClientPlayNetworkHandlerMixin from fabric-lifecycle-events-v1.client.mixins.json into net.minecraft.client.network.ClientPlayNetworkHandler
[13:17:58] [Render thread/DEBUG] (FabricLoader/Mixin) Mixing ClientPlayNetworkHandlerMixin from fabric-command-api-v2.client.mixins.json into net.minecraft.client.network.ClientPlayNetworkHandler
[13:17:58] [Render thread/DEBUG] (FabricLoader/Mixin) Mixing r1_7_tab_list_style.MixinClientPlayNetworkHandler from viafabricplus-visuals.mixins.json into net.minecraft.client.network.ClientPlayNetworkHandler
[13:17:58] [Render thread/DEBUG] (FabricLoader/Mixin) Mixing secure_chat_warning.MixinClientPlayNetworkHandler from viafabricplus-visuals.mixins.json into net.minecraft.client.network.ClientPlayNetworkHandler
[13:17:58] [Render thread/DEBUG] (FabricLoader/Mixin) Mixing ClientPlayNetworkHandlerMixin from fabric-data-attachment-api-v1.client.mixins.json into net.minecraft.client.network.ClientPlayNetworkHandler
[13:17:58] [Render thread/DEBUG] (FabricLoader/Mixin) fabric-message-api-v1.client.mixins.json:ClientPlayNetworkHandlerMixin from mod fabric-message-api-v1->@Inject::fabric_allowSendChatMessage(Ljava/lang/String;Lorg/spongepowered/asm/mixin/injection/callback/CallbackInfo;)V does use it's CallbackInfo
[13:17:58] [Render thread/DEBUG] (FabricLoader/Mixin) fabric-message-api-v1.client.mixins.json:ClientPlayNetworkHandlerMixin from mod fabric-message-api-v1->@Inject::fabric_allowSendCommandMessage(Ljava/lang/String;Lorg/spongepowered/asm/mixin/injection/callback/CallbackInfo;)V does use it's CallbackInfo
[13:17:58] [Render thread/DEBUG] (FabricLoader/Mixin) fabric-networking-api-v1.client.mixins.json:ClientPlayNetworkHandlerMixin from mod fabric-networking-api-v1->@Inject::initAddon(Lorg/spongepowered/asm/mixin/injection/callback/CallbackInfo;)V doesn't use it's CallbackInfo
[13:17:58] [Render thread/DEBUG] (FabricLoader/Mixin) fabric-networking-api-v1.client.mixins.json:ClientPlayNetworkHandlerMixin from mod fabric-networking-api-v1->@Inject::initAddon(Lorg/spongepowered/asm/mixin/injection/callback/CallbackInfo;)V has 0 override(s) in child classes
[13:17:58] [Render thread/DEBUG] (FabricLoader/Mixin) fabric-networking-api-v1.client.mixins.json:ClientPlayNetworkHandlerMixin from mod fabric-networking-api-v1->@Inject::initAddon(Lorg/spongepowered/asm/mixin/injection/callback/CallbackInfo;)V won't be passed a CallbackInfo as a result
[13:17:58] [Render thread/DEBUG] (FabricLoader/Mixin) fabric-networking-api-v1.client.mixins.json:ClientPlayNetworkHandlerMixin from mod fabric-networking-api-v1->@Inject::handleServerPlayReady(Lnet/minecraft/network/packet/s2c/play/GameJoinS2CPacket;Lorg/spongepowered/asm/mixin/injection/callback/CallbackInfo;)V doesn't use it's CallbackInfo
[13:17:58] [Render thread/DEBUG] (FabricLoader/Mixin) fabric-networking-api-v1.client.mixins.json:ClientPlayNetworkHandlerMixin from mod fabric-networking-api-v1->@Inject::handleServerPlayReady(Lnet/minecraft/network/packet/s2c/play/GameJoinS2CPacket;Lorg/spongepowered/asm/mixin/injection/callback/CallbackInfo;)V has 0 override(s) in child classes
[13:17:58] [Render thread/DEBUG] (FabricLoader/Mixin) fabric-networking-api-v1.client.mixins.json:ClientPlayNetworkHandlerMixin from mod fabric-networking-api-v1->@Inject::handleServerPlayReady(Lnet/minecraft/network/packet/s2c/play/GameJoinS2CPacket;Lorg/spongepowered/asm/mixin/injection/callback/CallbackInfo;)V won't be passed a CallbackInfo as a result
[13:17:58] [Render thread/DEBUG] (FabricLoader/Mixin) viafabricplus.mixins.json:features.networking.config_state.MixinClientPlayNetworkHandler from mod viafabricplus->@Inject::disableAutoRead(Lnet/minecraft/network/packet/s2c/play/EnterReconfigurationS2CPacket;Lorg/spongepowered/asm/mixin/injection/callback/CallbackInfo;)V doesn't use it's CallbackInfo
[13:17:58] [Render thread/DEBUG] (FabricLoader/Mixin) viafabricplus.mixins.json:features.networking.config_state.MixinClientPlayNetworkHandler from mod viafabricplus->@Inject::disableAutoRead(Lnet/minecraft/network/packet/s2c/play/EnterReconfigurationS2CPacket;Lorg/spongepowered/asm/mixin/injection/callback/CallbackInfo;)V has 0 override(s) in child classes
[13:17:58] [Render thread/DEBUG] (FabricLoader/Mixin) viafabricplus.mixins.json:features.networking.config_state.MixinClientPlayNetworkHandler from mod viafabricplus->@Inject::disableAutoRead(Lnet/minecraft/network/packet/s2c/play/EnterReconfigurationS2CPacket;Lorg/spongepowered/asm/mixin/injection/callback/CallbackInfo;)V won't be passed a CallbackInfo as a result
[13:17:58] [Render thread/DEBUG] (FabricLoader/Mixin) viafabricplus.mixins.json:features.networking.config_state.MixinClientPlayNetworkHandler from mod viafabricplus->@Inject::enableAutoRead(Lnet/minecraft/network/packet/s2c/play/EnterReconfigurationS2CPacket;Lorg/spongepowered/asm/mixin/injection/callback/CallbackInfo;)V doesn't use it's CallbackInfo
[13:17:58] [Render thread/DEBUG] (FabricLoader/Mixin) viafabricplus.mixins.json:features.networking.config_state.MixinClientPlayNetworkHandler from mod viafabricplus->@Inject::enableAutoRead(Lnet/minecraft/network/packet/s2c/play/EnterReconfigurationS2CPacket;Lorg/spongepowered/asm/mixin/injection/callback/CallbackInfo;)V has 0 override(s) in child classes
[13:17:58] [Render thread/DEBUG] (FabricLoader/Mixin) viafabricplus.mixins.json:features.networking.config_state.MixinClientPlayNetworkHandler from mod viafabricplus->@Inject::enableAutoRead(Lnet/minecraft/network/packet/s2c/play/EnterReconfigurationS2CPacket;Lorg/spongepowered/asm/mixin/injection/callback/CallbackInfo;)V won't be passed a CallbackInfo as a result
[13:17:58] [Render thread/DEBUG] (FabricLoader/Mixin) viafabricplus.mixins.json:features.networking.downloading_terrain.MixinClientPlayNetworkHandler from mod viafabricplus->@Inject::moveDownloadingTerrainClosing(Lnet/minecraft/network/packet/s2c/play/PlayerSpawnPositionS2CPacket;Lorg/spongepowered/asm/mixin/injection/callback/CallbackInfo;)V doesn't use it's CallbackInfo
[13:17:58] [Render thread/DEBUG] (FabricLoader/Mixin) viafabricplus.mixins.json:features.networking.downloading_terrain.MixinClientPlayNetworkHandler from mod viafabricplus->@Inject::moveDownloadingTerrainClosing(Lnet/minecraft/network/packet/s2c/play/PlayerSpawnPositionS2CPacket;Lorg/spongepowered/asm/mixin/injection/callback/CallbackInfo;)V has 0 override(s) in child classes
[13:17:58] [Render thread/DEBUG] (FabricLoader/Mixin) viafabricplus.mixins.json:features.networking.downloading_terrain.MixinClientPlayNetworkHandler from mod viafabricplus->@Inject::moveDownloadingTerrainClosing(Lnet/minecraft/network/packet/s2c/play/PlayerSpawnPositionS2CPacket;Lorg/spongepowered/asm/mixin/injection/callback/CallbackInfo;)V won't be passed a CallbackInfo as a result
[13:17:58] [Render thread/DEBUG] (FabricLoader/Mixin) viafabricplus.mixins.json:features.networking.downloading_terrain.MixinClientPlayNetworkHandler from mod viafabricplus->@Inject::closeDownloadingTerrain(Lnet/minecraft/network/packet/s2c/play/PlayerPositionLookS2CPacket;Lorg/spongepowered/asm/mixin/injection/callback/CallbackInfo;)V doesn't use it's CallbackInfo
[13:17:58] [Render thread/DEBUG] (FabricLoader/Mixin) viafabricplus.mixins.json:features.networking.downloading_terrain.MixinClientPlayNetworkHandler from mod viafabricplus->@Inject::closeDownloadingTerrain(Lnet/minecraft/network/packet/s2c/play/PlayerPositionLookS2CPacket;Lorg/spongepowered/asm/mixin/injection/callback/CallbackInfo;)V has 0 override(s) in child classes
[13:17:58] [Render thread/DEBUG] (FabricLoader/Mixin) viafabricplus.mixins.json:features.networking.downloading_terrain.MixinClientPlayNetworkHandler from mod viafabricplus->@Inject::closeDownloadingTerrain(Lnet/minecraft/network/packet/s2c/play/PlayerPositionLookS2CPacket;Lorg/spongepowered/asm/mixin/injection/callback/CallbackInfo;)V won't be passed a CallbackInfo as a result
[13:17:58] [Render thread/DEBUG] (FabricLoader/Mixin) viafabricplus.mixins.json:features.networking.packet_handling.MixinClientPlayNetworkHandler from mod viafabricplus->@Inject::changePacketOrder(Lnet/minecraft/network/packet/s2c/play/PlayerPositionLookS2CPacket;Lorg/spongepowered/asm/mixin/injection/callback/CallbackInfo;)V doesn't use it's CallbackInfo
[13:17:58] [Render thread/DEBUG] (FabricLoader/Mixin) viafabricplus.mixins.json:features.networking.packet_handling.MixinClientPlayNetworkHandler from mod viafabricplus->@Inject::changePacketOrder(Lnet/minecraft/network/packet/s2c/play/PlayerPositionLookS2CPacket;Lorg/spongepowered/asm/mixin/injection/callback/CallbackInfo;)V has 0 override(s) in child classes
[13:17:58] [Render thread/DEBUG] (FabricLoader/Mixin) viafabricplus.mixins.json:features.networking.packet_handling.MixinClientPlayNetworkHandler from mod viafabricplus->@Inject::changePacketOrder(Lnet/minecraft/network/packet/s2c/play/PlayerPositionLookS2CPacket;Lorg/spongepowered/asm/mixin/injection/callback/CallbackInfo;)V won't be passed a CallbackInfo as a result
[13:17:58] [Render thread/DEBUG] (FabricLoader/Mixin) viafabricplus.mixins.json:features.networking.packet_handling.MixinClientPlayNetworkHandler from mod viafabricplus->@Inject::dontApplyRotationAndVelocity(Lnet/minecraft/network/packet/s2c/play/PlayerRespawnS2CPacket;Lorg/spongepowered/asm/mixin/injection/callback/CallbackInfo;)V doesn't use it's CallbackInfo
[13:17:58] [Render thread/DEBUG] (FabricLoader/Mixin) viafabricplus.mixins.json:features.networking.packet_handling.MixinClientPlayNetworkHandler from mod viafabricplus->@Inject::dontApplyRotationAndVelocity(Lnet/minecraft/network/packet/s2c/play/PlayerRespawnS2CPacket;Lorg/spongepowered/asm/mixin/injection/callback/CallbackInfo;)V has 0 override(s) in child classes
[13:17:58] [Render thread/DEBUG] (FabricLoader/Mixin) viafabricplus.mixins.json:features.networking.packet_handling.MixinClientPlayNetworkHandler from mod viafabricplus->@Inject::dontApplyRotationAndVelocity(Lnet/minecraft/network/packet/s2c/play/PlayerRespawnS2CPacket;Lorg/spongepowered/asm/mixin/injection/callback/CallbackInfo;)V won't be passed a CallbackInfo as a result
[13:17:58] [Render thread/DEBUG] (FabricLoader/Mixin) viafabricplus.mixins.json:features.networking.packet_handling.MixinClientPlayNetworkHandler from mod viafabricplus->@Inject::fixPlayerListOrdering(Lnet/minecraft/client/MinecraftClient;Lnet/minecraft/network/ClientConnection;Lnet/minecraft/client/network/ClientConnectionState;Lorg/spongepowered/asm/mixin/injection/callback/CallbackInfo;)V doesn't use it's CallbackInfo
[13:17:58] [Render thread/DEBUG] (FabricLoader/Mixin) viafabricplus.mixins.json:features.networking.packet_handling.MixinClientPlayNetworkHandler from mod viafabricplus->@Inject::fixPlayerListOrdering(Lnet/minecraft/client/MinecraftClient;Lnet/minecraft/network/ClientConnection;Lnet/minecraft/client/network/ClientConnectionState;Lorg/spongepowered/asm/mixin/injection/callback/CallbackInfo;)V has 0 override(s) in child classes
[13:17:58] [Render thread/DEBUG] (FabricLoader/Mixin) viafabricplus.mixins.json:features.networking.packet_handling.MixinClientPlayNetworkHandler from mod viafabricplus->@Inject::fixPlayerListOrdering(Lnet/minecraft/client/MinecraftClient;Lnet/minecraft/network/ClientConnection;Lnet/minecraft/client/network/ClientConnectionState;Lorg/spongepowered/asm/mixin/injection/callback/CallbackInfo;)V won't be passed a CallbackInfo as a result
[13:17:58] [Render thread/DEBUG] (FabricLoader/Mixin) viafabricplus.mixins.json:features.networking.packet_handling.MixinClientPlayNetworkHandler from mod viafabricplus->@Inject::emulateSimulationDistance(Lnet/minecraft/network/packet/s2c/play/ChunkLoadDistanceS2CPacket;Lorg/spongepowered/asm/mixin/injection/callback/CallbackInfo;)V doesn't use it's CallbackInfo
[13:17:58] [Render thread/DEBUG] (FabricLoader/Mixin) viafabricplus.mixins.json:features.networking.packet_handling.MixinClientPlayNetworkHandler from mod viafabricplus->@Inject::emulateSimulationDistance(Lnet/minecraft/network/packet/s2c/play/ChunkLoadDistanceS2CPacket;Lorg/spongepowered/asm/mixin/injection/callback/CallbackInfo;)V has 0 override(s) in child classes
[13:17:58] [Render thread/DEBUG] (FabricLoader/Mixin) viafabricplus.mixins.json:features.networking.packet_handling.MixinClientPlayNetworkHandler from mod viafabricplus->@Inject::emulateSimulationDistance(Lnet/minecraft/network/packet/s2c/play/ChunkLoadDistanceS2CPacket;Lorg/spongepowered/asm/mixin/injection/callback/CallbackInfo;)V won't be passed a CallbackInfo as a result
[13:17:58] [Render thread/DEBUG] (FabricLoader/Mixin) fabric-lifecycle-events-v1.client.mixins.json:ClientPlayNetworkHandlerMixin from mod fabric-lifecycle-events-v1->@Inject::onPlayerRespawn(Lnet/minecraft/network/packet/s2c/play/PlayerRespawnS2CPacket;Lorg/spongepowered/asm/mixin/injection/callback/CallbackInfo;)V doesn't use it's CallbackInfo
[13:17:58] [Render thread/DEBUG] (FabricLoader/Mixin) fabric-lifecycle-events-v1.client.mixins.json:ClientPlayNetworkHandlerMixin from mod fabric-lifecycle-events-v1->@Inject::onPlayerRespawn(Lnet/minecraft/network/packet/s2c/play/PlayerRespawnS2CPacket;Lorg/spongepowered/asm/mixin/injection/callback/CallbackInfo;)V has 0 override(s) in child classes
[13:17:58] [Render thread/DEBUG] (FabricLoader/Mixin) fabric-lifecycle-events-v1.client.mixins.json:ClientPlayNetworkHandlerMixin from mod fabric-lifecycle-events-v1->@Inject::onPlayerRespawn(Lnet/minecraft/network/packet/s2c/play/PlayerRespawnS2CPacket;Lorg/spongepowered/asm/mixin/injection/callback/CallbackInfo;)V won't be passed a CallbackInfo as a result
[13:17:58] [Render thread/DEBUG] (FabricLoader/Mixin) fabric-lifecycle-events-v1.client.mixins.json:ClientPlayNetworkHandlerMixin from mod fabric-lifecycle-events-v1->@Inject::onGameJoin(Lnet/minecraft/network/packet/s2c/play/GameJoinS2CPacket;Lorg/spongepowered/asm/mixin/injection/callback/CallbackInfo;)V doesn't use it's CallbackInfo
[13:17:58] [Render thread/DEBUG] (FabricLoader/Mixin) fabric-lifecycle-events-v1.client.mixins.json:ClientPlayNetworkHandlerMixin from mod fabric-lifecycle-events-v1->@Inject::onGameJoin(Lnet/minecraft/network/packet/s2c/play/GameJoinS2CPacket;Lorg/spongepowered/asm/mixin/injection/callback/CallbackInfo;)V has 0 override(s) in child classes
[13:17:58] [Render thread/DEBUG] (FabricLoader/Mixin) fabric-lifecycle-events-v1.client.mixins.json:ClientPlayNetworkHandlerMixin from mod fabric-lifecycle-events-v1->@Inject::onGameJoin(Lnet/minecraft/network/packet/s2c/play/GameJoinS2CPacket;Lorg/spongepowered/asm/mixin/injection/callback/CallbackInfo;)V won't be passed a CallbackInfo as a result
[13:17:58] [Render thread/DEBUG] (FabricLoader/Mixin) fabric-lifecycle-events-v1.client.mixins.json:ClientPlayNetworkHandlerMixin from mod fabric-lifecycle-events-v1->@Inject::onClearWorld(Lorg/spongepowered/asm/mixin/injection/callback/CallbackInfo;)V doesn't use it's CallbackInfo
[13:17:58] [Render thread/DEBUG] (FabricLoader/Mixin) fabric-lifecycle-events-v1.client.mixins.json:ClientPlayNetworkHandlerMixin from mod fabric-lifecycle-events-v1->@Inject::onClearWorld(Lorg/spongepowered/asm/mixin/injection/callback/CallbackInfo;)V has 0 override(s) in child classes
[13:17:58] [Render thread/DEBUG] (FabricLoader/Mixin) fabric-lifecycle-events-v1.client.mixins.json:ClientPlayNetworkHandlerMixin from mod fabric-lifecycle-events-v1->@Inject::onClearWorld(Lorg/spongepowered/asm/mixin/injection/callback/CallbackInfo;)V won't be passed a CallbackInfo as a result
[13:17:58] [Render thread/DEBUG] (FabricLoader/Mixin) fabric-lifecycle-events-v1.client.mixins.json:ClientPlayNetworkHandlerMixin from mod fabric-lifecycle-events-v1->@Inject::invokeTagsLoaded(Lnet/minecraft/network/packet/s2c/common/SynchronizeTagsS2CPacket;Lorg/spongepowered/asm/mixin/injection/callback/CallbackInfo;)V doesn't use it's CallbackInfo
[13:17:58] [Render thread/DEBUG] (FabricLoader/Mixin) fabric-lifecycle-events-v1.client.mixins.json:ClientPlayNetworkHandlerMixin from mod fabric-lifecycle-events-v1->@Inject::invokeTagsLoaded(Lnet/minecraft/network/packet/s2c/common/SynchronizeTagsS2CPacket;Lorg/spongepowered/asm/mixin/injection/callback/CallbackInfo;)V has 0 override(s) in child classes
[13:17:58] [Render thread/DEBUG] (FabricLoader/Mixin) fabric-lifecycle-events-v1.client.mixins.json:ClientPlayNetworkHandlerMixin from mod fabric-lifecycle-events-v1->@Inject::invokeTagsLoaded(Lnet/minecraft/network/packet/s2c/common/SynchronizeTagsS2CPacket;Lorg/spongepowered/asm/mixin/injection/callback/CallbackInfo;)V won't be passed a CallbackInfo as a result
[13:17:58] [Render thread/DEBUG] (FabricLoader/Mixin) fabric-command-api-v2.client.mixins.json:ClientPlayNetworkHandlerMixin from mod fabric-command-api-v2->@Inject::onGameJoin(Lnet/minecraft/network/packet/s2c/play/GameJoinS2CPacket;Lorg/spongepowered/asm/mixin/injection/callback/CallbackInfo;)V doesn't use it's CallbackInfo
[13:17:58] [Render thread/DEBUG] (FabricLoader/Mixin) fabric-command-api-v2.client.mixins.json:ClientPlayNetworkHandlerMixin from mod fabric-command-api-v2->@Inject::onGameJoin(Lnet/minecraft/network/packet/s2c/play/GameJoinS2CPacket;Lorg/spongepowered/asm/mixin/injection/callback/CallbackInfo;)V has 0 override(s) in child classes
[13:17:58] [Render thread/DEBUG] (FabricLoader/Mixin) fabric-command-api-v2.client.mixins.json:ClientPlayNetworkHandlerMixin from mod fabric-command-api-v2->@Inject::onGameJoin(Lnet/minecraft/network/packet/s2c/play/GameJoinS2CPacket;Lorg/spongepowered/asm/mixin/injection/callback/CallbackInfo;)V won't be passed a CallbackInfo as a result
[13:17:58] [Render thread/DEBUG] (FabricLoader/Mixin) fabric-command-api-v2.client.mixins.json:ClientPlayNetworkHandlerMixin from mod fabric-command-api-v2->@Inject::onOnCommandTree(Lnet/minecraft/network/packet/s2c/play/CommandTreeS2CPacket;Lorg/spongepowered/asm/mixin/injection/callback/CallbackInfo;)V doesn't use it's CallbackInfo
[13:17:58] [Render thread/DEBUG] (FabricLoader/Mixin) fabric-command-api-v2.client.mixins.json:ClientPlayNetworkHandlerMixin from mod fabric-command-api-v2->@Inject::onOnCommandTree(Lnet/minecraft/network/packet/s2c/play/CommandTreeS2CPacket;Lorg/spongepowered/asm/mixin/injection/callback/CallbackInfo;)V has 0 override(s) in child classes
[13:17:58] [Render thread/DEBUG] (FabricLoader/Mixin) fabric-command-api-v2.client.mixins.json:ClientPlayNetworkHandlerMixin from mod fabric-command-api-v2->@Inject::onOnCommandTree(Lnet/minecraft/network/packet/s2c/play/CommandTreeS2CPacket;Lorg/spongepowered/asm/mixin/injection/callback/CallbackInfo;)V won't be passed a CallbackInfo as a result
[13:17:58] [Render thread/DEBUG] (FabricLoader/Mixin) fabric-command-api-v2.client.mixins.json:ClientPlayNetworkHandlerMixin from mod fabric-command-api-v2->@Inject::onSendCommand(Ljava/lang/String;Lorg/spongepowered/asm/mixin/injection/callback/CallbackInfoReturnable;)V does use it's CallbackInfoReturnable
[13:17:58] [Render thread/DEBUG] (FabricLoader/Mixin) fabric-command-api-v2.client.mixins.json:ClientPlayNetworkHandlerMixin from mod fabric-command-api-v2->@Inject::onSendCommand(Ljava/lang/String;Lorg/spongepowered/asm/mixin/injection/callback/CallbackInfo;)V does use it's CallbackInfo
[13:17:58] [Render thread/DEBUG] (FabricLoader/Mixin) viafabricplus-visuals.mixins.json:r1_7_tab_list_style.MixinClientPlayNetworkHandler from mod viafabricplus-visuals->@Inject::initPlayerListFix(Lnet/minecraft/network/packet/s2c/play/GameJoinS2CPacket;Lorg/spongepowered/asm/mixin/injection/callback/CallbackInfo;)V doesn't use it's CallbackInfo
[13:17:58] [Render thread/DEBUG] (FabricLoader/Mixin) viafabricplus-visuals.mixins.json:r1_7_tab_list_style.MixinClientPlayNetworkHandler from mod viafabricplus-visuals->@Inject::initPlayerListFix(Lnet/minecraft/network/packet/s2c/play/GameJoinS2CPacket;Lorg/spongepowered/asm/mixin/injection/callback/CallbackInfo;)V has 0 override(s) in child classes
[13:17:58] [Render thread/DEBUG] (FabricLoader/Mixin) viafabricplus-visuals.mixins.json:r1_7_tab_list_style.MixinClientPlayNetworkHandler from mod viafabricplus-visuals->@Inject::initPlayerListFix(Lnet/minecraft/network/packet/s2c/play/GameJoinS2CPacket;Lorg/spongepowered/asm/mixin/injection/callback/CallbackInfo;)V won't be passed a CallbackInfo as a result
[13:17:58] [Render thread/DEBUG] (FabricLoader/Mixin) Mixing base.integration.sync_tasks.MixinClientCommonNetworkHandler from viafabricplus.mixins.json into net.minecraft.client.network.ClientCommonNetworkHandler
[13:17:58] [Render thread/DEBUG] (FabricLoader/Mixin) Mixing features.networking.packet_handling.MixinClientCommonNetworkHandler from viafabricplus.mixins.json into net.minecraft.client.network.ClientCommonNetworkHandler
[13:17:58] [Render thread/DEBUG] (FabricLoader/Mixin) Mixing accessor.ClientCommonNetworkHandlerAccessor from fabric-networking-api-v1.client.mixins.json into net.minecraft.client.network.ClientCommonNetworkHandler
[13:17:58] [Render thread/DEBUG] (FabricLoader/Mixin) Mixing ClientCommonNetworkHandlerMixin from fabric-networking-api-v1.client.mixins.json into net.minecraft.client.network.ClientCommonNetworkHandler
[13:17:58] [Render thread/DEBUG] (FabricLoader/Mixin) viafabricplus.mixins.json:base.integration.sync_tasks.MixinClientCommonNetworkHandler from mod viafabricplus->@Inject::handleSyncTask(Lnet/minecraft/network/packet/s2c/common/CustomPayloadS2CPacket;Lorg/spongepowered/asm/mixin/injection/callback/CallbackInfo;)V does use it's CallbackInfo
[13:17:58] [Render thread/DEBUG] (FabricLoader/Mixin) viafabricplus.mixins.json:features.networking.packet_handling.MixinClientCommonNetworkHandler from mod viafabricplus->@Inject::dontCreatePacketErrorCrashReports(Lorg/spongepowered/asm/mixin/injection/callback/CallbackInfoReturnable;)V does use it's CallbackInfoReturnable
[13:17:58] [Render thread/DEBUG] (FabricLoader/Mixin) viafabricplus.mixins.json:features.networking.packet_handling.MixinClientCommonNetworkHandler from mod viafabricplus->@Inject::validateUrlInNetworkThread(Lnet/minecraft/network/packet/s2c/common/ResourcePackSendS2CPacket;Lorg/spongepowered/asm/mixin/injection/callback/CallbackInfo;)V does use it's CallbackInfo
[13:17:58] [Render thread/DEBUG] (FabricLoader/Mixin) viafabricplus.mixins.json:features.networking.packet_handling.MixinClientCommonNetworkHandler from mod viafabricplus->@Inject::addMissingConditions(Lnet/minecraft/network/packet/s2c/common/CommonPingS2CPacket;Lorg/spongepowered/asm/mixin/injection/callback/CallbackInfo;)V does use it's CallbackInfo
[13:17:58] [Render thread/DEBUG] (FabricLoader/Mixin) fabric-networking-api-v1.client.mixins.json:ClientCommonNetworkHandlerMixin from mod fabric-networking-api-v1->@Inject::onCustomPayload(Lnet/minecraft/network/packet/s2c/common/CustomPayloadS2CPacket;Lorg/spongepowered/asm/mixin/injection/callback/CallbackInfo;)V does use it's CallbackInfo
[13:17:58] [Render thread/DEBUG] (FabricLoader/Mixin) Mixing ClientConfigurationNetworkHandlerMixin from fabric-networking-api-v1.client.mixins.json into net.minecraft.client.network.ClientConfigurationNetworkHandler
[13:17:58] [Render thread/DEBUG] (FabricLoader/Mixin) Mixing features.networking.config_state.MixinClientConfigurationNetworkHandler from viafabricplus.mixins.json into net.minecraft.client.network.ClientConfigurationNetworkHandler
[13:17:58] [Render thread/DEBUG] (FabricLoader/Mixin) Mixing accessor.ClientConfigurationNetworkHandlerAccessor from fabric-networking-api-v1.client.mixins.json into net.minecraft.client.network.ClientConfigurationNetworkHandler
[13:17:58] [Render thread/DEBUG] (FabricLoader/Mixin) Mixing ClientConfigurationNetworkHandlerMixin from fabric-lifecycle-events-v1.client.mixins.json into net.minecraft.client.network.ClientConfigurationNetworkHandler
[13:17:58] [Render thread/DEBUG] (FabricLoader/Mixin) fabric-networking-api-v1.client.mixins.json:ClientConfigurationNetworkHandlerMixin from mod fabric-networking-api-v1->@Inject::initAddon(Lorg/spongepowered/asm/mixin/injection/callback/CallbackInfo;)V doesn't use it's CallbackInfo
[13:17:58] [Render thread/DEBUG] (FabricLoader/Mixin) fabric-networking-api-v1.client.mixins.json:ClientConfigurationNetworkHandlerMixin from mod fabric-networking-api-v1->@Inject::initAddon(Lorg/spongepowered/asm/mixin/injection/callback/CallbackInfo;)V has 0 override(s) in child classes
[13:17:58] [Render thread/DEBUG] (FabricLoader/Mixin) fabric-networking-api-v1.client.mixins.json:ClientConfigurationNetworkHandlerMixin from mod fabric-networking-api-v1->@Inject::initAddon(Lorg/spongepowered/asm/mixin/injection/callback/CallbackInfo;)V won't be passed a CallbackInfo as a result
[13:17:58] [Render thread/DEBUG] (FabricLoader/Mixin) fabric-networking-api-v1.client.mixins.json:ClientConfigurationNetworkHandlerMixin from mod fabric-networking-api-v1->@Inject::handleComplete(Lnet/minecraft/network/packet/s2c/config/ReadyS2CPacket;Lorg/spongepowered/asm/mixin/injection/callback/CallbackInfo;)V doesn't use it's CallbackInfo
[13:17:58] [Render thread/DEBUG] (FabricLoader/Mixin) fabric-networking-api-v1.client.mixins.json:ClientConfigurationNetworkHandlerMixin from mod fabric-networking-api-v1->@Inject::handleComplete(Lnet/minecraft/network/packet/s2c/config/ReadyS2CPacket;Lorg/spongepowered/asm/mixin/injection/callback/CallbackInfo;)V has 0 override(s) in child classes
[13:17:58] [Render thread/DEBUG] (FabricLoader/Mixin) fabric-networking-api-v1.client.mixins.json:ClientConfigurationNetworkHandlerMixin from mod fabric-networking-api-v1->@Inject::handleComplete(Lnet/minecraft/network/packet/s2c/config/ReadyS2CPacket;Lorg/spongepowered/asm/mixin/injection/callback/CallbackInfo;)V won't be passed a CallbackInfo as a result
[13:17:58] [Render thread/DEBUG] (FabricLoader/Mixin) viafabricplus.mixins.json:features.networking.config_state.MixinClientConfigurationNetworkHandler from mod viafabricplus->@Inject::disableAutoRead(Lnet/minecraft/network/packet/s2c/config/ReadyS2CPacket;Lorg/spongepowered/asm/mixin/injection/callback/CallbackInfo;)V doesn't use it's CallbackInfo
[13:17:58] [Render thread/DEBUG] (FabricLoader/Mixin) viafabricplus.mixins.json:features.networking.config_state.MixinClientConfigurationNetworkHandler from mod viafabricplus->@Inject::disableAutoRead(Lnet/minecraft/network/packet/s2c/config/ReadyS2CPacket;Lorg/spongepowered/asm/mixin/injection/callback/CallbackInfo;)V has 0 override(s) in child classes
[13:17:58] [Render thread/DEBUG] (FabricLoader/Mixin) viafabricplus.mixins.json:features.networking.config_state.MixinClientConfigurationNetworkHandler from mod viafabricplus->@Inject::disableAutoRead(Lnet/minecraft/network/packet/s2c/config/ReadyS2CPacket;Lorg/spongepowered/asm/mixin/injection/callback/CallbackInfo;)V won't be passed a CallbackInfo as a result
[13:17:58] [Render thread/DEBUG] (FabricLoader/Mixin) viafabricplus.mixins.json:features.networking.config_state.MixinClientConfigurationNetworkHandler from mod viafabricplus->@Inject::enableAutoRead(Lnet/minecraft/network/packet/s2c/config/ReadyS2CPacket;Lorg/spongepowered/asm/mixin/injection/callback/CallbackInfo;)V doesn't use it's CallbackInfo
[13:17:58] [Render thread/DEBUG] (FabricLoader/Mixin) viafabricplus.mixins.json:features.networking.config_state.MixinClientConfigurationNetworkHandler from mod viafabricplus->@Inject::enableAutoRead(Lnet/minecraft/network/packet/s2c/config/ReadyS2CPacket;Lorg/spongepowered/asm/mixin/injection/callback/CallbackInfo;)V has 0 override(s) in child classes
[13:17:58] [Render thread/DEBUG] (FabricLoader/Mixin) viafabricplus.mixins.json:features.networking.config_state.MixinClientConfigurationNetworkHandler from mod viafabricplus->@Inject::enableAutoRead(Lnet/minecraft/network/packet/s2c/config/ReadyS2CPacket;Lorg/spongepowered/asm/mixin/injection/callback/CallbackInfo;)V won't be passed a CallbackInfo as a result
[13:17:58] [Render thread/DEBUG] (FabricLoader/Mixin) fabric-lifecycle-events-v1.client.mixins.json:ClientConfigurationNetworkHandlerMixin from mod fabric-lifecycle-events-v1->@Inject::invokeTagsLoaded(Lnet/minecraft/resource/ResourceFactory;Lorg/spongepowered/asm/mixin/injection/callback/CallbackInfoReturnable;)V does use it's CallbackInfoReturnable
[13:17:58] [Render thread/DEBUG] (FabricLoader/Mixin) Mixing base.connection.MixinClientLoginNetworkHandler from viafabricplus.mixins.json into net.minecraft.client.network.ClientLoginNetworkHandler
[13:17:58] [Render thread/DEBUG] (FabricLoader/Mixin) Mixing features.networking.limitation.MixinClientLoginNetworkHandler from viafabricplus.mixins.json into net.minecraft.client.network.ClientLoginNetworkHandler
[13:17:58] [Render thread/DEBUG] (FabricLoader/Mixin) Mixing accessor.ClientLoginNetworkHandlerAccessor from fabric-networking-api-v1.client.mixins.json into net.minecraft.client.network.ClientLoginNetworkHandler
[13:17:58] [Render thread/DEBUG] (FabricLoader/Mixin) Mixing ClientLoginNetworkHandlerMixin from fabric-networking-api-v1.client.mixins.json into net.minecraft.client.network.ClientLoginNetworkHandler
[13:17:58] [Render thread/DEBUG] (FabricLoader/Mixin) viafabricplus.mixins.json:base.connection.MixinClientLoginNetworkHandler from mod viafabricplus->@Inject::onlyVerifySessionInOnlineMode(Ljava/lang/String;Lorg/spongepowered/asm/mixin/injection/callback/CallbackInfoReturnable;)V does use it's CallbackInfoReturnable
[13:17:58] [Render thread/DEBUG] (FabricLoader/Mixin) fabric-networking-api-v1.client.mixins.json:ClientLoginNetworkHandlerMixin from mod fabric-networking-api-v1->@Inject::initAddon(Lorg/spongepowered/asm/mixin/injection/callback/CallbackInfo;)V doesn't use it's CallbackInfo
[13:17:58] [Render thread/DEBUG] (FabricLoader/Mixin) fabric-networking-api-v1.client.mixins.json:ClientLoginNetworkHandlerMixin from mod fabric-networking-api-v1->@Inject::initAddon(Lorg/spongepowered/asm/mixin/injection/callback/CallbackInfo;)V has 0 override(s) in child classes
[13:17:58] [Render thread/DEBUG] (FabricLoader/Mixin) fabric-networking-api-v1.client.mixins.json:ClientLoginNetworkHandlerMixin from mod fabric-networking-api-v1->@Inject::initAddon(Lorg/spongepowered/asm/mixin/injection/callback/CallbackInfo;)V won't be passed a CallbackInfo as a result
[13:17:58] [Render thread/DEBUG] (FabricLoader/Mixin) fabric-networking-api-v1.client.mixins.json:ClientLoginNetworkHandlerMixin from mod fabric-networking-api-v1->@Inject::handleQueryRequest(Lnet/minecraft/network/packet/s2c/login/LoginQueryRequestS2CPacket;Lorg/spongepowered/asm/mixin/injection/callback/CallbackInfo;)V does use it's CallbackInfo
[13:17:58] [ForkJoinPool.commonPool-worker-1/DEBUG] (FabricLoader/Mixin) Mixing features.interaction.r1_18_2_block_ack_emulation.MixinWorldPacketRewriter1_19 from viafabricplus.mixins.json into com.viaversion.viaversion.protocols.v1_18_2to1_19.rewriter.WorldPacketRewriter1_19
[13:17:58] [ForkJoinPool.commonPool-worker-1/DEBUG] (FabricLoader/Mixin) Renaming synthetic method lambda$handleLegacyAcknowledgePlayerDigging$1(Lcom/viaversion/viaversion/api/protocol/packet/PacketWrapper;)V to mdd4350b$viafabricplus$lambda$handleLegacyAcknowledgePlayerDigging$1$0 in viafabricplus.mixins.json:features.interaction.r1_18_2_block_ack_emulation.MixinWorldPacketRewriter1_19 from mod viafabricplus
[13:17:58] [ForkJoinPool.commonPool-worker-1/DEBUG] (FabricLoader/Mixin) Renaming synthetic method lambda$handleLegacyAcknowledgePlayerDigging$0(Lnet/minecraft/network/RegistryByteBuf;)V to mdd4350b$viafabricplus$lambda$handleLegacyAcknowledgePlayerDigging$0$1 in viafabricplus.mixins.json:features.interaction.r1_18_2_block_ack_emulation.MixinWorldPacketRewriter1_19 from mod viafabricplus
[13:17:58] [Render thread/INFO] (IAS/IASMinecraft) IAS: Booting up... (version: 9.0.4, loader: Fabric, loader version: 0.16.10, game version: 1.21.4)
[13:17:58] [Render thread/INFO] (IAS) IAS: Initializing IAS...
[13:17:58] [Render thread/DEBUG] (IAS) IAS: Current user agent: IAS/9.0.4 (https://github.com/The-Fireplace-Minecraft-Mods/In-Game-Account-Switcher; 21aafe8b-8ef6-4786-8f7f-77fb881507de; Fabric/0.16.10; Minecraft/1.21.4; Java/21.0.9+10)
[13:17:58] [Render thread/DEBUG] (IAS/IASStorage) IAS: Writing disclaimers into /home/zench1k/IdeaProjects/luxury2/run...
[13:17:58] [ForkJoinPool.commonPool-worker-1/DEBUG] (FabricLoader/Mixin) Mixing features.networking.packet_handling.MixinEntityPacketRewriter1_19_4 from viafabricplus.mixins.json into com.viaversion.viaversion.protocols.v1_19_3to1_19_4.rewriter.EntityPacketRewriter1_19_4
[13:17:58] [ForkJoinPool.commonPool-worker-1/DEBUG] (FabricLoader/Mixin) Renaming synthetic method lambda$fixTeleportBehaviour$0(Lcom/viaversion/viaversion/api/protocol/packet/PacketWrapper;)V to mdd4350b$viafabricplus$lambda$fixTeleportBehaviour$0$0 in viafabricplus.mixins.json:features.networking.packet_handling.MixinEntityPacketRewriter1_19_4 from mod viafabricplus
[13:17:58] [ForkJoinPool.commonPool-worker-1/DEBUG] (FabricLoader/Mixin) viafabricplus.mixins.json:features.networking.packet_handling.MixinEntityPacketRewriter1_19_4 from mod viafabricplus->@Inject::fixTeleportBehaviour(Lorg/spongepowered/asm/mixin/injection/callback/CallbackInfo;)V doesn't use it's CallbackInfo
[13:17:58] [Render thread/DEBUG] (IAS/IASStorage) IAS: Disclaimers ([READ_ME_IMPORTANT.txt, ПРОЧТИ_МЕНЯ_ВАЖНО.txt]) written to /home/zench1k/IdeaProjects/luxury2/run/_IAS_ACCOUNTS_DO_NOT_SEND_TO_ANYONE.
[13:17:58] [Render thread/DEBUG] (IAS/IASConfig) IAS: Loading config for /home/zench1k/IdeaProjects/luxury2/run/config...
[13:17:58] [Render thread/DEBUG] (IAS/IASConfig) IAS: Config loaded.
[13:17:58] [Render thread/DEBUG] (IAS/IASStorage) IAS: Loading storage for /home/zench1k/IdeaProjects/luxury2/run...
[13:17:58] [Render thread/DEBUG] (IAS/IASStorage) IAS: Loaded 9 (currently: 9) accounts from /home/zench1k/IdeaProjects/luxury2/run/_IAS_ACCOUNTS_DO_NOT_SEND_TO_ANYONE/.hidden/accounts_v1.do_not_send_to_anyone.
[13:17:58] [Render thread/INFO] (IAS) IAS: IAS has been loaded.
[13:17:58] [ForkJoinPool.commonPool-worker-1/DEBUG] (FabricLoader/Mixin) Mixing features.networking.config_state.MixinProtocol1_20To1_20_2 from viafabricplus.mixins.json into com.viaversion.viaversion.protocols.v1_20to1_20_2.Protocol1_20To1_20_2
[13:17:58] [ForkJoinPool.commonPool-worker-1/DEBUG] (FabricLoader/Mixin) viafabricplus.mixins.json:features.networking.config_state.MixinProtocol1_20To1_20_2 from mod viafabricplus->@Inject::dontQueueConfigPackets(Lcom/viaversion/viaversion/protocols/v1_20to1_20_2/packet/ServerboundPackets1_20_2;Lcom/viaversion/viaversion/api/protocol/packet/PacketWrapper;Lorg/spongepowered/asm/mixin/injection/callback/CallbackInfo;)V does use it's CallbackInfo
[13:17:58] [Render thread/INFO] (net.fabricmc.fabric.impl.client.indigo.Indigo) [Indigo] Registering Indigo renderer!
[13:17:58] [ForkJoinPool.commonPool-worker-1/DEBUG] (FabricLoader/Mixin) Mixing features.networking.downloading_terrain.MixinEntityPacketRewriter1_20_3 from viafabricplus.mixins.json into com.viaversion.viaversion.protocols.v1_20_2to1_20_3.rewriter.EntityPacketRewriter1_20_3
[13:17:58] [ForkJoinPool.commonPool-worker-1/DEBUG] (FabricLoader/Mixin) viafabricplus.mixins.json:features.networking.downloading_terrain.MixinEntityPacketRewriter1_20_3 from mod viafabricplus->@Inject::cancelGameStatePacket(Lcom/viaversion/viaversion/api/protocol/packet/PacketWrapper;Lorg/spongepowered/asm/mixin/injection/callback/CallbackInfo;)V does use it's CallbackInfo
[13:17:58] [ForkJoinPool.commonPool-worker-1/DEBUG] (FabricLoader/Mixin) Mixing features.networking.remove_signed_commands.MixinProtocol1_20_3To1_20_5 from viafabricplus.mixins.json into com.viaversion.viaversion.protocols.v1_20_3to1_20_5.Protocol1_20_3To1_20_5
[13:17:58] [ForkJoinPool.commonPool-worker-1/DEBUG] (FabricLoader/Mixin) Renaming synthetic method lambda$removeCommandHandlers$0(Lcom/viaversion/viaversion/api/protocol/packet/PacketWrapper;)V to mdd4350b$viafabricplus$lambda$removeCommandHandlers$0$0 in viafabricplus.mixins.json:features.networking.remove_signed_commands.MixinProtocol1_20_3To1_20_5 from mod viafabricplus
[13:17:58] [ForkJoinPool.commonPool-worker-1/DEBUG] (FabricLoader/Mixin) viafabricplus.mixins.json:features.networking.remove_signed_commands.MixinProtocol1_20_3To1_20_5 from mod viafabricplus->@Inject::removeCommandHandlers(Lorg/spongepowered/asm/mixin/injection/callback/CallbackInfo;)V doesn't use it's CallbackInfo
[13:17:58] [Render thread/DEBUG] (FabricLoader/Mixin) Mixing SoundInstanceMixin from fabric-sound-api-v1.mixins.json into net.minecraft.client.sound.SoundInstance
[13:17:58] [ForkJoinPool.commonPool-worker-1/DEBUG] (FabricLoader/Mixin) Mixing features.entity.attribute.MixinEntityPacketRewriter1_20_5 from viafabricplus.mixins.json into com.viaversion.viaversion.protocols.v1_20_3to1_20_5.rewriter.EntityPacketRewriter1_20_5
[13:17:58] [ForkJoinPool.commonPool-worker-1/DEBUG] (FabricLoader/Mixin) Mixing features.item.data_fix.MixinBlockItemPacketRewriter1_20_5 from viafabricplus.mixins.json into com.viaversion.viaversion.protocols.v1_20_3to1_20_5.rewriter.BlockItemPacketRewriter1_20_5
[13:17:58] [ForkJoinPool.commonPool-worker-1/DEBUG] (FabricLoader/Mixin) Renaming synthetic method lambda$loadItemMappings$0(Lcom/viaversion/viafabricplus/api/events/LoadingCycleCallback$LoadingCycle;)V to mdd4350b$viafabricplus$lambda$loadItemMappings$0$0 in viafabricplus.mixins.json:features.item.data_fix.MixinBlockItemPacketRewriter1_20_5 from mod viafabricplus
[13:17:58] [ForkJoinPool.commonPool-worker-1/DEBUG] (FabricLoader/Mixin) viafabricplus.mixins.json:features.item.data_fix.MixinBlockItemPacketRewriter1_20_5 from mod viafabricplus->@Inject::loadItemMappings(Lcom/viaversion/viaversion/protocols/v1_20_3to1_20_5/Protocol1_20_3To1_20_5;Lorg/spongepowered/asm/mixin/injection/callback/CallbackInfo;)V doesn't use it's CallbackInfo
[13:17:58] [ForkJoinPool.commonPool-worker-1/DEBUG] (FabricLoader/Mixin) viafabricplus.mixins.json:features.item.data_fix.MixinBlockItemPacketRewriter1_20_5 from mod viafabricplus->@Inject::appendItemDataFixComponents(Lcom/viaversion/viaversion/api/connection/UserConnection;Lcom/viaversion/viaversion/api/minecraft/item/Item;Lorg/spongepowered/asm/mixin/injection/callback/CallbackInfo;)V doesn't use it's CallbackInfo
[13:17:58] [Render thread/INFO] (Mod Menu/Update Checker) Checking mod updates...
[13:17:58] [Worker-Main-1/DEBUG] (Mod Menu/Update Checker) Hash for fabric-renderer-api-v1 is 117d6cac7078831ecccc13ba0e3e6b977bbce5c050b3baee018ddfdc37b98e1058986b7aec574218f41328aa0872c1ec73a839b6dc3eabe593be959f1cf23e17
[13:17:58] [Worker-Main-1/DEBUG] (Mod Menu/Update Checker) Hash for fabric-keybindings-v0 is 0428537d7d0a1571ec92a587909b8519ebed747b1bfc9a185d80c57a1f78a087d3e72acc06b165c899bc0ae3ef3bbdcf3a3662dd3d9d27e4df43f2e00940588f
[13:17:58] [Worker-Main-1/DEBUG] (Mod Menu/Update Checker) Hash for fabric-transfer-api-v1 is 8770843abc3a8fd1a47af466e2b770d19ab238665631f817fc47e117c9378f621ae807ba01604d8eec65fd868dbc456a1f6a9d377d46ed549ba9f689903d9ce1
[13:17:58] [Worker-Main-1/DEBUG] (Mod Menu/Update Checker) Hash for fabric-object-builder-api-v1 is bda1f3fedd2604b46b3ab7abb16631890b98bf4acdad7263f6a3ed53c11721c45163dae4353188a13b4aa034252c7388791f25098ba9f2c9bbff152b2e00a7a5
[13:17:58] [Worker-Main-1/DEBUG] (Mod Menu/Update Checker) Hash for fabric-dimensions-v1 is 2124ea7dd18f1249627180097ab4db979b59c8811de2ba09b659ba5e082916763f4b5ad3deb2acc942dab016dcf122233df6017ae219b76ac9c389426f35d856
[13:17:58] [Worker-Main-1/DEBUG] (Mod Menu/Update Checker) Hash for fabric-client-gametest-api-v1 is 759c4a67ec464f8f241ab54cc0afe452804ed56338bdd391d4bf962d530fdfb50068b99faf3d145ea9a45c9399377a3c3ba616811857e7e59f5fdf343c9b1e49
[13:17:58] [Worker-Main-1/DEBUG] (Mod Menu/Update Checker) Hash for fabric-game-rule-api-v1 is 33e035793a1e923f361d50d7f9689af2df4eb1cbcb081b5d9623c7224da90e49d6f48735060adb3d77345a17b4bab223bd623b79e48e07bc56e4e9764e332173
[13:17:58] [Worker-Main-1/DEBUG] (Mod Menu/Update Checker) Hash for fabric-api-base is 5b367556b76590ddbe2b6b3c10e0bc7981d1d5bcaab2bd98b95ad642c239ccd897f4346d0c90de050b1de2fad422f77d91ae73d108b2229e264053514945f67a
[13:17:58] [Worker-Main-1/DEBUG] (Mod Menu/Update Checker) Hash for fabric-resource-conditions-api-v1 is 140c0ce609f1dc0d8842be9cf1faf4da6be2d98baefad0e6e6f3e40fff9405c49fce10f37a1f5c7e82ea787f982da994421cf955f47e1394aea3b4352eab42e0
[13:17:58] [Worker-Main-1/DEBUG] (Mod Menu/Update Checker) Hash for fabric-sound-api-v1 is 5f6bf790828c2bb2a263dd92d18c993a48da6c666440afcc338fd853a96877850ee41d823fd0e20a5a4c6e4f9a9f180b86128343a7801cbcec6c46addc2bd2c6
[13:17:58] [Worker-Main-1/DEBUG] (Mod Menu/Update Checker) Hash for fabric-rendering-data-attachment-v1 is 76b92c253f05d2fa6e2c95bf2e240065d053bcf9ee88858b411799275fc6aaa4e75e4ef5ceb362fe43769f26fd0fded9dda9ea55386fc18156aa4f0e20e831e8
[13:17:58] [Worker-Main-1/DEBUG] (Mod Menu/Update Checker) Hash for fabric-model-loading-api-v1 is 5bde540f6eb162131f8aaa4b18b8deddd0c8ce39848a41cf39f1eb8ddf29c748984346e36e93fe6118113f4f6adfee78f8299f71ced430fedb023b2f862d5470
[13:17:58] [Worker-Main-1/DEBUG] (Mod Menu/Update Checker) Hash for mixinextras is 424a8c33f37159d5987c6bba56ffb5704c70763a157cb2de7a6962c0021d8829cc3850ce474ceae86acf26921b2ec811a48577aed2f18c96902a30205103ae3c
[13:17:58] [Worker-Main-1/DEBUG] (Mod Menu/Update Checker) Hash for fabric-data-attachment-api-v1 is 82e5485c78c06599101343f5599af171c304b7906eb5604f6ed07721cf25b1e1c9f480e9ea2a20f7f54432c32b1aaf1a8ebca00370b8be6a573e2864db15ba12
[13:17:58] [Worker-Main-1/DEBUG] (Mod Menu/Update Checker) Hash for fabric-rendering-fluids-v1 is 317d5b910fbf24242442357cbcaa205f6ccad0bf3cfec6e98927729f219c65b363444e11d71b1ed0136fa99dcff99e5221cfc4d5cb4465a98ef5660f698da4f4
[13:17:58] [Worker-Main-1/DEBUG] (Mod Menu/Update Checker) Hash for fabric-blockrenderlayer-v1 is afb8ad6c5f6259c563d6baa09f538d93e7b78c6b532dce8c4773f8fedf91313f56e993194448356212fc2912f4b26873076edab915c82d32dac00370c4507b99
[13:17:58] [Worker-Main-1/DEBUG] (Mod Menu/Update Checker) Hash for fabric-lifecycle-events-v1 is 547c333699ea5437cff7cca1855068a6f9ceb8b106e16f358d27f64a4e63bd7d40d349469cf6f66d271d4d7e5ad5762b0dd91a563833030d8c00cd6dcb5c9398
[13:17:58] [Worker-Main-1/DEBUG] (Mod Menu/Update Checker) Hash for fabric-particles-v1 is f8ddbd2467c2c740485a239922bea40c85bb309897970e5428ab9df5b3df966147d041f935b3f369e06c1129b70fce716e10fc6697f23de3ae6e5c5a5f18855f
[13:17:58] [Worker-Main-1/DEBUG] (Mod Menu/Update Checker) Hash for fabric-data-generation-api-v1 is df39f2f95179b01d737fe10d2aa8e26fedcc5d9dc4f675c4c3a25111482a766eda688c192c026662477cb26b0bbc6342d57ca7440035dd836970ba3c469e4696
[13:17:58] [Worker-Main-1/DEBUG] (Mod Menu/Update Checker) Hash for fabric-api-lookup-api-v1 is 57735385301799b32680d826d61cdc4d711f817a9d580f1ca3d4ac261ed130d67853ae59b00476aa1b892e2c626deb72c1738d667dfb64099a9d28a969407f3f
[13:17:58] [Worker-Main-1/DEBUG] (Mod Menu/Update Checker) Hash for fabric-screen-handler-api-v1 is 2c88197f3ce04c9a6fb0e200f27cddcbc125083a4f55d9c2f388353378e8e10229d930b63fd8d8e774203c7fc6e3f975827ad99022aa17c1892f215996d97570
[13:17:58] [Worker-Main-1/DEBUG] (Mod Menu/Update Checker) Hash for fabric-command-api-v2 is 0ffd0363ab84316126e83c1ec66e875527e09e21ff9f35b8f65152823e0750f141993a464d0c9e4d0cfce7fdcc8ebe38c194d75e462db3f1cdc6d534421a06db
[13:17:58] [Worker-Main-1/DEBUG] (Mod Menu/Update Checker) Hash for modmenu is 147681418d8729790fe7712163706d5209a5e6c90ffe81867020f70595ef5ede8037586ca4eb8239e540b1375dca4a0bbfbbe86c61c488aabf9b702520b7afe5
[13:17:58] [Worker-Main-1/DEBUG] (Mod Menu/Update Checker) Hash for fabric-command-api-v1 is e7d51f921c2ea3455726cc942b904dabb5b5d1daabd88322412adb930c8a5919879e1abf05c67d833b9a2cd3e4ef09c5e408cf28602a9693d2048e98649ae8d4
[13:17:58] [Worker-Main-1/DEBUG] (Mod Menu/Update Checker) Hash for fabric-block-api-v1 is 7012b7b18c6eec48703a2d5900e0242f4c753729e8a6e4e4607626682a30a3cd298e614bd0d470e8391441109f27faa85f621ef8e583941768180911bce607e3
[13:17:58] [Worker-Main-1/DEBUG] (Mod Menu/Update Checker) Hash for fabric-tag-api-v1 is 5ff686e0a415750473a5ace7fb9e09ba1b6502f5e6482b21bfa08e5d5df0db87538f0a56aba7af09585ae6fe88292a401cb3dd442b36b39c262fa9362b68cfd1
[13:17:58] [Worker-Main-1/DEBUG] (Mod Menu/Update Checker) Hash for fabric-screen-api-v1 is 1decc4d70ae6757f51ee197d1eb959c2beb302b172a6fec6de8c8f1fd435b08f7a011937d65e22bad8b4570791a4ec377e46fa7ca793487af842c94166c9411b
[13:17:58] [Worker-Main-1/DEBUG] (Mod Menu/Update Checker) Hash for fabric-renderer-indigo is bbccb2ce3db58cc5fe160edb65ba15d39c64443a01b87073872d2cfccf1b6d995f400d98d1934b1abba76852794ee9b949ba7c5af908e4228631ca73ada89f4c
[13:17:58] [Worker-Main-1/DEBUG] (Mod Menu/Update Checker) Hash for fabric-api is 7846966bd80f42d4f1f326ab722c02e1e50f1e03caaed0461a59c17ca088d850e99b2810bad16538ff9c931eafb3cc55fe18fb4ae51e24828ce302f429e9178e
[13:17:58] [Worker-Main-1/DEBUG] (Mod Menu/Update Checker) Hash for fabric-convention-tags-v2 is ba727b008e6d12feb5cd7f9188c3ebb26bf3b569878d9f64aa5e312140cddc17ecb216e7ade58ce476da1f2ef61b033d9e668b0a69ebf0253c26e4a928def82f
[13:17:58] [Worker-Main-1/DEBUG] (Mod Menu/Update Checker) Hash for fabric-item-api-v1 is 7ad87bbf41e10cbba1047e8cf3ad6f34d11cbb2c4ddb79b6c84da84345ed09f3e492736e5a860ece11c96f05cc9d6c5a3c4704ad3a3713fbf8242138f16ca71e
[13:17:58] [Worker-Main-1/DEBUG] (Mod Menu/Update Checker) Hash for fabric-events-interaction-v0 is f40946bc983fd1d860509b27ea5498e0818827b20d556a99e10bc19dd9171d9bee60f8b5e641a6fbb8915d4f87609077951bbc055afbeff9c8b17e17ff14ff7b
[13:17:58] [Worker-Main-1/DEBUG] (Mod Menu/Update Checker) Hash for fabric-crash-report-info-v1 is cbd7c579add0dbc4d68ba4982d71136c2082dc2f41ae3af05ab29436993cf14e5ee3ec278cfbe74293190047cb13fc127b31093b19f4d98817771301af1cc4b3
[13:17:58] [Worker-Main-1/DEBUG] (Mod Menu/Update Checker) Hash for fabric-item-group-api-v1 is 7caae0a74fc47716362d00b076075b16452b3039413296402fb78e50d24e84132b7f6299b6203cedd4b5ccb8bcdfe28fb5ebbd13d399d8757d82a77c5831ffa6
[13:17:58] [Worker-Main-1/DEBUG] (Mod Menu/Update Checker) Hash for fabric-convention-tags-v1 is 41f2e10f47ee706e68c06a422ef638c488278c1c8413fa3ab4683ee4251d48d3b5a6ae4644092155837c054d3208ab9274213b0919f4d925455246654b6cc43f
[13:17:58] [Worker-Main-1/DEBUG] (Mod Menu/Update Checker) Hash for fabric-recipe-api-v1 is 481438b492305798ee446229d353e0a98f1a6e0fcd2105fe3bd542a22db57b66d8ba6c73475779baaf26d180572cf1ce118a59ee81f2cce5794685f515e3beeb
[13:17:58] [Worker-Main-1/DEBUG] (Mod Menu/Update Checker) Hash for fabric-entity-events-v1 is 94dc0cecf62183b24da48b0b2b08468e80222615f38d4a2bb0bfe2b72e5c401f9c0f9d1d3ffd92435eb597937d3060a4c214afd01760e33fb0b175133b0275a5
[13:17:58] [Render thread/DEBUG] (FabricLoader/Mixin) Mixing SimpleRegistryTagLookup2Accessor from fabric-tag-api-v1.mixins.json into net.minecraft.registry.SimpleRegistry$TagLookup$2
[13:17:59] [Worker-Main-1/DEBUG] (Mod Menu/Update Checker) Hash for ias is fc77b711f39768a3680ffc502a1773164fa7dcfb699aa6844f47788d3da6f56e3437316530be193a532332ee475f39377544e4d1b7fbe620aef88d650c613018
[13:17:59] [Worker-Main-1/DEBUG] (Mod Menu/Update Checker) Hash for fabric-key-binding-api-v1 is 56c26891e4969a19575e408ea89adf75de2486550ef3b90885b75c29bf5c255dd18c0afa5a4a5a4b19098cd3fc5fcf3ecaee1e6c44032ff8224aa59cf8afa925
[13:17:59] [Worker-Main-1/DEBUG] (Mod Menu/Update Checker) Hash for fabric-rendering-v1 is 347e11488f955bb6c11dd45cdf8a471731830d623a87cb4fd7bf8bf68ffb71a8b428f8e8432b9b42b78f8991747ec4d668a033c7bd24b9121525de508e22d940
[13:17:59] [Worker-Main-1/DEBUG] (Mod Menu/Update Checker) Hash for fabric-resource-loader-v0 is f8676208dcf2829ede66ee7a22bcbe7a5439b2cdb2280d16ab1efb5611cc5fb4787bc0c08da72a9d7f7f7dd909646bfbf991748b065c1018dfc1168f77c0801f
[13:17:59] [Render thread/DEBUG] (FabricLoader/Mixin) Mixing base.connection.MixinGameOptions from viafabricplus.mixins.json into net.minecraft.client.option.GameOptions
[13:17:59] [Render thread/DEBUG] (FabricLoader/Mixin) Mixing features.world.remove_server_view_distance.MixinGameOptions from viafabricplus.mixins.json into net.minecraft.client.option.GameOptions
[13:17:59] [Render thread/DEBUG] (FabricLoader/Mixin) Mixing GameOptionsMixin from fabric-key-binding-api-v1.mixins.json into net.minecraft.client.option.GameOptions
[13:17:59] [Render thread/DEBUG] (FabricLoader/Mixin) Mixing GameOptionsMixin from fabric-resource-loader-v0.client.mixins.json into net.minecraft.client.option.GameOptions
[13:17:59] [Render thread/DEBUG] (FabricLoader/Mixin) fabric-key-binding-api-v1.mixins.json:GameOptionsMixin from mod fabric-key-binding-api-v1->@Inject::loadHook(Lorg/spongepowered/asm/mixin/injection/callback/CallbackInfo;)V doesn't use it's CallbackInfo
[13:17:59] [Render thread/DEBUG] (FabricLoader/Mixin) fabric-key-binding-api-v1.mixins.json:GameOptionsMixin from mod fabric-key-binding-api-v1->@Inject::loadHook(Lorg/spongepowered/asm/mixin/injection/callback/CallbackInfo;)V has 0 override(s) in child classes
[13:17:59] [Render thread/DEBUG] (FabricLoader/Mixin) fabric-key-binding-api-v1.mixins.json:GameOptionsMixin from mod fabric-key-binding-api-v1->@Inject::loadHook(Lorg/spongepowered/asm/mixin/injection/callback/CallbackInfo;)V won't be passed a CallbackInfo as a result
[13:17:59] [Render thread/DEBUG] (FabricLoader/Mixin) fabric-resource-loader-v0.client.mixins.json:GameOptionsMixin from mod fabric-resource-loader-v0->@Inject::onLoad(Lorg/spongepowered/asm/mixin/injection/callback/CallbackInfo;)V doesn't use it's CallbackInfo
[13:17:59] [Render thread/DEBUG] (FabricLoader/Mixin) fabric-resource-loader-v0.client.mixins.json:GameOptionsMixin from mod fabric-resource-loader-v0->@Inject::onLoad(Lorg/spongepowered/asm/mixin/injection/callback/CallbackInfo;)V has 0 override(s) in child classes
[13:17:59] [Render thread/DEBUG] (FabricLoader/Mixin) fabric-resource-loader-v0.client.mixins.json:GameOptionsMixin from mod fabric-resource-loader-v0->@Inject::onLoad(Lorg/spongepowered/asm/mixin/injection/callback/CallbackInfo;)V won't be passed a CallbackInfo as a result
[13:17:59] [Render thread/DEBUG] (FabricLoader/Mixin) fabric-resource-loader-v0.client.mixins.json:GameOptionsMixin from mod fabric-resource-loader-v0->@Inject::onLoad(Lorg/spongepowered/asm/mixin/injection/callback/CallbackInfo;)V doesn't use it's CallbackInfo
[13:17:59] [Render thread/DEBUG] (FabricLoader/Mixin) fabric-resource-loader-v0.client.mixins.json:GameOptionsMixin from mod fabric-resource-loader-v0->@Inject::onLoad(Lorg/spongepowered/asm/mixin/injection/callback/CallbackInfo;)V has 0 override(s) in child classes
[13:17:59] [Render thread/DEBUG] (FabricLoader/Mixin) fabric-resource-loader-v0.client.mixins.json:GameOptionsMixin from mod fabric-resource-loader-v0->@Inject::onLoad(Lorg/spongepowered/asm/mixin/injection/callback/CallbackInfo;)V won't be passed a CallbackInfo as a result
[13:17:59] [Worker-Main-1/DEBUG] (Mod Menu/Update Checker) Hash for viafabricplus is 12ec6461070b50124c0fec2173ca2b170eab0ff2bfbfd384185a5c661ec512bd670675dd88c42aa929f8db9306f3c09f9e8564f0f3e5f55d8f2921a8d3bb3597
[13:17:59] [Worker-Main-1/DEBUG] (Mod Menu/Update Checker) Hash for fabric-content-registries-v0 is 33d26c6ca9c8846b1ac3da2f63210cc83a8bf445d6ddd7a729ad03942ea6ca6dcab852a70b886e2de843b2de829e6ffc6bd86380a96563c6cb7dbd0de35d0a38
[13:17:59] [Worker-Main-1/DEBUG] (Mod Menu/Update Checker) Hash for fabric-block-view-api-v2 is 7f3e5a6f56296354f62bb05825182f9b97ec1a45a3c7b1ef1ae1d8be85fb7909314af7ce6d7ac457a84f9784cd472f4ce3bd54fd67cf1dbed757f032a8aad7f6
[13:17:59] [Worker-Main-1/DEBUG] (Mod Menu/Update Checker) Hash for fabric-gametest-api-v1 is cda23fb446646776e97465b36672e1bc6f715e1dd5b47b0139406ffcd18a4815c4bf23be3c29a2980e10c099981061648fb67b16c6229e697ef16377174d201c
[13:17:59] [Worker-Main-1/DEBUG] (Mod Menu/Update Checker) Hash for fabric-client-tags-api-v1 is 1ba18ee53e5cc8c4ee366b3e4a15cf438b9ab5c56740d08affabb99d82662d07831869935433d68c7e10f67e0730c650a6a2148dec9cc684133ef94cbf4c40ce
[13:17:59] [Worker-Main-1/DEBUG] (Mod Menu/Update Checker) Hash for fabric-biome-api-v1 is f6b63c84c3961f5a0defcd164ffb6d98752bd935ecadbb37a0950cfdbc06194792bb5ab4fec974edbf19959fb90fe763edf279e08b21148e6cec42743e25ffb1
[13:17:59] [Worker-Main-1/DEBUG] (Mod Menu/Update Checker) Hash for fabric-loot-api-v3 is f2ae4b3b3eafb664910a3f67ee62a947599de8aa6aa5c2029f2752bc769f7e7e3039c4d0abbef39293d4c61a245343b0cd6988d7dfdc7963f7d648159bd23654
[13:17:59] [Worker-Main-1/DEBUG] (Mod Menu/Update Checker) Hash for fabric-loot-api-v2 is 2e84ef31a0613a98e50d2dafedcdc4c3e97ca569d298652f5fd2f90838ba552ea2850d1444d51186c67684237770de625279fd84ae505ffdf0b774d0b1fa070e
[13:17:59] [Worker-Main-1/DEBUG] (Mod Menu/Update Checker) Hash for fabric-commands-v0 is cb0d6274fbe72e64df9a0ab10d113be793dbc48aee29267ba0b7a1fc3700871e4f06dcfe6bf679b938ab971ef2c96cf84e3e0f08a8a00e7f82e9189353aaa2b1
[13:17:59] [Worker-Main-1/DEBUG] (Mod Menu/Update Checker) Hash for fabric-registry-sync-v0 is 24382b13bc8981db009fd1b50794908c2d1e4810efc31516c7cbc662f37702a163c46763b5e7cf2faaf6aafedb16f61dbd326ec10df869353d23ef59f8185376
[13:17:59] [Worker-Main-1/DEBUG] (Mod Menu/Update Checker) Hash for fabric-message-api-v1 is 69ef6a27c40105ebe572da6e9ff2d313469ba5bc46b1fd5772148a867ac1107a532cb1da5f6b2bb8c19ad0251f8dcdd7f1f2ec80464231d411cb8d8736733f33
[13:17:59] [Worker-Main-1/DEBUG] (Mod Menu/Update Checker) Hash for fabric-transitive-access-wideners-v1 is fa40a70c342932855c45aa2522cb0abd04505891d7cd4f53c0cdd4fabd7b06cce125068a72ec46591a6963b6eb9131759975e04efcd736e45d74d090186bf516
[13:17:59] [Worker-Main-1/DEBUG] (Mod Menu/Update Checker) Hash for fabric-networking-api-v1 is d8153d1f785c5ac245600c7256b4f2ab84e906d84c4ed009e4728931634b2d7437664f04a3238a86384492ea7508a75752b676d1f5548446ee10846dd45e484b
[13:17:59] [ModMenu/Update Checker/2/DEBUG] (Mod Menu/Update Checker) Body: {
  "hashes": [
    "f8ddbd2467c2c740485a239922bea40c85bb309897970e5428ab9df5b3df966147d041f935b3f369e06c1129b70fce716e10fc6697f23de3ae6e5c5a5f18855f",
    "7f3e5a6f56296354f62bb05825182f9b97ec1a45a3c7b1ef1ae1d8be85fb7909314af7ce6d7ac457a84f9784cd472f4ce3bd54fd67cf1dbed757f032a8aad7f6",
    "5ff686e0a415750473a5ace7fb9e09ba1b6502f5e6482b21bfa08e5d5df0db87538f0a56aba7af09585ae6fe88292a401cb3dd442b36b39c262fa9362b68cfd1",
    "1ba18ee53e5cc8c4ee366b3e4a15cf438b9ab5c56740d08affabb99d82662d07831869935433d68c7e10f67e0730c650a6a2148dec9cc684133ef94cbf4c40ce",
    "424a8c33f37159d5987c6bba56ffb5704c70763a157cb2de7a6962c0021d8829cc3850ce474ceae86acf26921b2ec811a48577aed2f18c96902a30205103ae3c",
    "56c26891e4969a19575e408ea89adf75de2486550ef3b90885b75c29bf5c255dd18c0afa5a4a5a4b19098cd3fc5fcf3ecaee1e6c44032ff8224aa59cf8afa925",
    "7846966bd80f42d4f1f326ab722c02e1e50f1e03caaed0461a59c17ca088d850e99b2810bad16538ff9c931eafb3cc55fe18fb4ae51e24828ce302f429e9178e",
    "1decc4d70ae6757f51ee197d1eb959c2beb302b172a6fec6de8c8f1fd435b08f7a011937d65e22bad8b4570791a4ec377e46fa7ca793487af842c94166c9411b",
    "117d6cac7078831ecccc13ba0e3e6b977bbce5c050b3baee018ddfdc37b98e1058986b7aec574218f41328aa0872c1ec73a839b6dc3eabe593be959f1cf23e17",
    "481438b492305798ee446229d353e0a98f1a6e0fcd2105fe3bd542a22db57b66d8ba6c73475779baaf26d180572cf1ce118a59ee81f2cce5794685f515e3beeb",
    "cb0d6274fbe72e64df9a0ab10d113be793dbc48aee29267ba0b7a1fc3700871e4f06dcfe6bf679b938ab971ef2c96cf84e3e0f08a8a00e7f82e9189353aaa2b1",
    "547c333699ea5437cff7cca1855068a6f9ceb8b106e16f358d27f64a4e63bd7d40d349469cf6f66d271d4d7e5ad5762b0dd91a563833030d8c00cd6dcb5c9398",
    "0ffd0363ab84316126e83c1ec66e875527e09e21ff9f35b8f65152823e0750f141993a464d0c9e4d0cfce7fdcc8ebe38c194d75e462db3f1cdc6d534421a06db",
    "5b367556b76590ddbe2b6b3c10e0bc7981d1d5bcaab2bd98b95ad642c239ccd897f4346d0c90de050b1de2fad422f77d91ae73d108b2229e264053514945f67a",
    "2c88197f3ce04c9a6fb0e200f27cddcbc125083a4f55d9c2f388353378e8e10229d930b63fd8d8e774203c7fc6e3f975827ad99022aa17c1892f215996d97570",
    "69ef6a27c40105ebe572da6e9ff2d313469ba5bc46b1fd5772148a867ac1107a532cb1da5f6b2bb8c19ad0251f8dcdd7f1f2ec80464231d411cb8d8736733f33",
    "2124ea7dd18f1249627180097ab4db979b59c8811de2ba09b659ba5e082916763f4b5ad3deb2acc942dab016dcf122233df6017ae219b76ac9c389426f35d856",
    "7caae0a74fc47716362d00b076075b16452b3039413296402fb78e50d24e84132b7f6299b6203cedd4b5ccb8bcdfe28fb5ebbd13d399d8757d82a77c5831ffa6",
    "33d26c6ca9c8846b1ac3da2f63210cc83a8bf445d6ddd7a729ad03942ea6ca6dcab852a70b886e2de843b2de829e6ffc6bd86380a96563c6cb7dbd0de35d0a38",
    "d8153d1f785c5ac245600c7256b4f2ab84e906d84c4ed009e4728931634b2d7437664f04a3238a86384492ea7508a75752b676d1f5548446ee10846dd45e484b",
    "2e84ef31a0613a98e50d2dafedcdc4c3e97ca569d298652f5fd2f90838ba552ea2850d1444d51186c67684237770de625279fd84ae505ffdf0b774d0b1fa070e",
    "12ec6461070b50124c0fec2173ca2b170eab0ff2bfbfd384185a5c661ec512bd670675dd88c42aa929f8db9306f3c09f9e8564f0f3e5f55d8f2921a8d3bb3597",
    "5bde540f6eb162131f8aaa4b18b8deddd0c8ce39848a41cf39f1eb8ddf29c748984346e36e93fe6118113f4f6adfee78f8299f71ced430fedb023b2f862d5470",
    "5f6bf790828c2bb2a263dd92d18c993a48da6c666440afcc338fd853a96877850ee41d823fd0e20a5a4c6e4f9a9f180b86128343a7801cbcec6c46addc2bd2c6",
    "317d5b910fbf24242442357cbcaa205f6ccad0bf3cfec6e98927729f219c65b363444e11d71b1ed0136fa99dcff99e5221cfc4d5cb4465a98ef5660f698da4f4",
    "fc77b711f39768a3680ffc502a1773164fa7dcfb699aa6844f47788d3da6f56e3437316530be193a532332ee475f39377544e4d1b7fbe620aef88d650c613018",
    "f2ae4b3b3eafb664910a3f67ee62a947599de8aa6aa5c2029f2752bc769f7e7e3039c4d0abbef39293d4c61a245343b0cd6988d7dfdc7963f7d648159bd23654",
    "f8676208dcf2829ede66ee7a22bcbe7a5439b2cdb2280d16ab1efb5611cc5fb4787bc0c08da72a9d7f7f7dd909646bfbf991748b065c1018dfc1168f77c0801f",
    "afb8ad6c5f6259c563d6baa09f538d93e7b78c6b532dce8c4773f8fedf91313f56e993194448356212fc2912f4b26873076edab915c82d32dac00370c4507b99",
    "147681418d8729790fe7712163706d5209a5e6c90ffe81867020f70595ef5ede8037586ca4eb8239e540b1375dca4a0bbfbbe86c61c488aabf9b702520b7afe5",
    "24382b13bc8981db009fd1b50794908c2d1e4810efc31516c7cbc662f37702a163c46763b5e7cf2faaf6aafedb16f61dbd326ec10df869353d23ef59f8185376",
    "df39f2f95179b01d737fe10d2aa8e26fedcc5d9dc4f675c4c3a25111482a766eda688c192c026662477cb26b0bbc6342d57ca7440035dd836970ba3c469e4696",
    "e7d51f921c2ea3455726cc942b904dabb5b5d1daabd88322412adb930c8a5919879e1abf05c67d833b9a2cd3e4ef09c5e408cf28602a9693d2048e98649ae8d4",
    "41f2e10f47ee706e68c06a422ef638c488278c1c8413fa3ab4683ee4251d48d3b5a6ae4644092155837c054d3208ab9274213b0919f4d925455246654b6cc43f",
    "f6b63c84c3961f5a0defcd164ffb6d98752bd935ecadbb37a0950cfdbc06194792bb5ab4fec974edbf19959fb90fe763edf279e08b21148e6cec42743e25ffb1",
    "57735385301799b32680d826d61cdc4d711f817a9d580f1ca3d4ac261ed130d67853ae59b00476aa1b892e2c626deb72c1738d667dfb64099a9d28a969407f3f",
    "bbccb2ce3db58cc5fe160edb65ba15d39c64443a01b87073872d2cfccf1b6d995f400d98d1934b1abba76852794ee9b949ba7c5af908e4228631ca73ada89f4c",
    "82e5485c78c06599101343f5599af171c304b7906eb5604f6ed07721cf25b1e1c9f480e9ea2a20f7f54432c32b1aaf1a8ebca00370b8be6a573e2864db15ba12",
    "7012b7b18c6eec48703a2d5900e0242f4c753729e8a6e4e4607626682a30a3cd298e614bd0d470e8391441109f27faa85f621ef8e583941768180911bce607e3",
    "0428537d7d0a1571ec92a587909b8519ebed747b1bfc9a185d80c57a1f78a087d3e72acc06b165c899bc0ae3ef3bbdcf3a3662dd3d9d27e4df43f2e00940588f",
    "76b92c253f05d2fa6e2c95bf2e240065d053bcf9ee88858b411799275fc6aaa4e75e4ef5ceb362fe43769f26fd0fded9dda9ea55386fc18156aa4f0e20e831e8",
    "fa40a70c342932855c45aa2522cb0abd04505891d7cd4f53c0cdd4fabd7b06cce125068a72ec46591a6963b6eb9131759975e04efcd736e45d74d090186bf516",
    "cda23fb446646776e97465b36672e1bc6f715e1dd5b47b0139406ffcd18a4815c4bf23be3c29a2980e10c099981061648fb67b16c6229e697ef16377174d201c",
    "8770843abc3a8fd1a47af466e2b770d19ab238665631f817fc47e117c9378f621ae807ba01604d8eec65fd868dbc456a1f6a9d377d46ed549ba9f689903d9ce1",
    "bda1f3fedd2604b46b3ab7abb16631890b98bf4acdad7263f6a3ed53c11721c45163dae4353188a13b4aa034252c7388791f25098ba9f2c9bbff152b2e00a7a5",
    "94dc0cecf62183b24da48b0b2b08468e80222615f38d4a2bb0bfe2b72e5c401f9c0f9d1d3ffd92435eb597937d3060a4c214afd01760e33fb0b175133b0275a5",
    "cbd7c579add0dbc4d68ba4982d71136c2082dc2f41ae3af05ab29436993cf14e5ee3ec278cfbe74293190047cb13fc127b31093b19f4d98817771301af1cc4b3",
    "347e11488f955bb6c11dd45cdf8a471731830d623a87cb4fd7bf8bf68ffb71a8b428f8e8432b9b42b78f8991747ec4d668a033c7bd24b9121525de508e22d940",
    "f40946bc983fd1d860509b27ea5498e0818827b20d556a99e10bc19dd9171d9bee60f8b5e641a6fbb8915d4f87609077951bbc055afbeff9c8b17e17ff14ff7b",
    "ba727b008e6d12feb5cd7f9188c3ebb26bf3b569878d9f64aa5e312140cddc17ecb216e7ade58ce476da1f2ef61b033d9e668b0a69ebf0253c26e4a928def82f",
    "7ad87bbf41e10cbba1047e8cf3ad6f34d11cbb2c4ddb79b6c84da84345ed09f3e492736e5a860ece11c96f05cc9d6c5a3c4704ad3a3713fbf8242138f16ca71e",
    "33e035793a1e923f361d50d7f9689af2df4eb1cbcb081b5d9623c7224da90e49d6f48735060adb3d77345a17b4bab223bd623b79e48e07bc56e4e9764e332173",
    "140c0ce609f1dc0d8842be9cf1faf4da6be2d98baefad0e6e6f3e40fff9405c49fce10f37a1f5c7e82ea787f982da994421cf955f47e1394aea3b4352eab42e0",
    "759c4a67ec464f8f241ab54cc0afe452804ed56338bdd391d4bf962d530fdfb50068b99faf3d145ea9a45c9399377a3c3ba616811857e7e59f5fdf343c9b1e49"
  ],
  "algorithm": "sha512",
  "loaders": [
    "fabric"
  ],
  "game_versions": [
    "1.21.4"
  ],
  "version_types": [
    "release"
  ]
}
[13:17:59] [Render thread/DEBUG] (FabricLoader/Mixin) Mixing hud_element_changes.MixinChatHud from viafabricplus-visuals.mixins.json into net.minecraft.client.gui.hud.ChatHud
[13:17:59] [IAS/DEBUG] (IAS) IAS: Completed remote disabling check. Not disabled.
[13:17:59] [ModMenu/Update Checker/Fabric Loader/DEBUG] (Mod Menu/Fabric Update Checker) Fabric Loader has a matching update available!
[13:17:59] [ModMenu/Update Checker/Fabric Loader/INFO] (Mod Menu/Update Checker) Update available for 'fabricloader@0.16.10'
[13:17:59] [ForkJoinPool.commonPool-worker-1/DEBUG] (FabricLoader/Mixin) Mixing features.item.sword_blocking.MixinBlockItemPacketRewriter1_21_4 from viafabricplus.mixins.json into com.viaversion.viaversion.protocols.v1_21_2to1_21_4.rewriter.BlockItemPacketRewriter1_21_4
[13:17:59] [ForkJoinPool.commonPool-worker-1/DEBUG] (FabricLoader/Mixin) Mixing features.interaction.container_clicking.MixinItemRewriter from viafabricplus.mixins.json into com.viaversion.viaversion.protocols.v1_21_4to1_21_5.rewriter.BlockItemPacketRewriter1_21_5
[13:17:59] [Render thread/DEBUG] (FabricLoader/Mixin) Mixing ResourcePackProfileMixin from fabric-resource-conditions-api-v1.mixins.json into net.minecraft.resource.ResourcePackProfile
[13:17:59] [Render thread/DEBUG] (FabricLoader/Mixin) Mixing ResourcePackProfileMixin from fabric-resource-loader-v0.mixins.json into net.minecraft.resource.ResourcePackProfile
[13:17:59] [Render thread/DEBUG] (FabricLoader/Mixin) Renaming synthetic method lambda$static$0(Ljava/util/Set;)Z to mdd4350b$fabric-resource-loader-v0$lambda$static$0$0 in fabric-resource-loader-v0.mixins.json:ResourcePackProfileMixin from mod fabric-resource-loader-v0
[13:17:59] [Render thread/DEBUG] (FabricLoader/Mixin) fabric-resource-loader-v0.mixins.json:ResourcePackProfileMixin from mod fabric-resource-loader-v0->@Inject::onCreateResourcePack(Lorg/spongepowered/asm/mixin/injection/callback/CallbackInfoReturnable;)V does use it's CallbackInfoReturnable
[13:17:59] [ForkJoinPool.commonPool-worker-1/INFO] (ViaBackwards) Loading translations...
[13:17:59] [ForkJoinPool.commonPool-worker-1/INFO] (ViaBackwards) Registering protocols...
[13:17:59] [ModMenu/Update Checker/2/DEBUG] (Mod Menu/Update Checker) Status: 200
[13:17:59] [ModMenu/Update Checker/2/DEBUG] (Mod Menu/Update Checker) {"147681418d8729790fe7712163706d5209a5e6c90ffe81867020f70595ef5ede8037586ca4eb8239e540b1375dca4a0bbfbbe86c61c488aabf9b702520b7afe5":{"game_versions":["1.21.4"],"loaders":["fabric","quilt"],"id":"7iGb2ltH","project_id":"mOgUt4GM","author_id":"uF4fzWRt","featured":false,"name":"v13.0.3 for 1.21.4","version_number":"13.0.3","changelog":"- Removed redundant stacetrace logging for mod icon errors\n- Updated Ukrainian translation\n- Fix scroll position being reset when returning to the Mods screen\n- Optimize description rendering\n- Make generated mods appear as children of their containing mod","changelog_url":null,"date_published":"2025-03-11T21:49:43.167175Z","downloads":2030425,"version_type":"release","status":"listed","requested_status":null,"files":[{"hashes":{"sha1":"4cab0014a7223c6988fde70064579dc66ef8f000","sha512":"147681418d8729790fe7712163706d5209a5e6c90ffe81867020f70595ef5ede8037586ca4eb8239e540b1375dca4a0bbfbbe86c61c488aabf9b702520b7afe5"},"url":"https://cdn.modrinth.com/data/mOgUt4GM/versions/7iGb2ltH/modmenu-13.0.3.jar","filename":"modmenu-13.0.3.jar","primary":true,"size":1050777,"file_type":null}],"dependencies":[{"version_id":null,"project_id":"eXts2L7r","file_name":null,"dependency_type":"required"},{"version_id":null,"project_id":"P7dR8mSH","file_name":null,"dependency_type":"required"}]},"12ec6461070b50124c0fec2173ca2b170eab0ff2bfbfd384185a5c661ec512bd670675dd88c42aa929f8db9306f3c09f9e8564f0f3e5f55d8f2921a8d3bb3597":{"game_versions":["1.21.4"],"loaders":["fabric"],"id":"8sPJsNcy","project_id":"rIC2XJV4","author_id":"rwEkdtka","featured":false,"name":"4.0.5-BACKPORT (1.21.4)","version_number":"4.0.5-BACKPORT","changelog":"**25w14Craftmine Changes**\n- Fixed various errors and disconnects when:\n  - Opening containers (e.g., furnace, blast furnace, etc.)\n  - Interacting with entities (especially pet entities)\n  - Collecting dropped items\n\n**Other Changes**\n- Fixed legacy item/entity hover events and potion IDs in versions <= 1.21.4\n- Fixed several minor issues related to hover events in versions <= 1.21.4\n- Changed the ModMenu settings link to open the protocol selection instead of the settings menu directly (improves compatibility with LabyMod)\n- Fixed a rare edge case with text-component serialization in older versions\n- Significantly sped up auto-detect mode (Thanks @orsondmc)\n- Updated German translations (Thanks @christopherplaysminecraft)","changelog_url":null,"date_published":"2025-04-27T22:48:47.121799Z","downloads":251571,"version_type":"release","status":"listed","requested_status":null,"files":[{"hashes":{"sha1":"33470639079be5bb0369beda8c5f31e37eb390f7","sha512":"12ec6461070b50124c0fec2173ca2b170eab0ff2bfbfd384185a5c661ec512bd670675dd88c42aa929f8db9306f3c09f9e8564f0f3e5f55d8f2921a8d3bb3597"},"url":"https://cdn.modrinth.com/data/rIC2XJV4/versions/8sPJsNcy/ViaFabricPlus-4.0.5-BACKPORT.jar","filename":"ViaFabricPlus-4.0.5-BACKPORT.jar","primary":true,"size":12648084,"file_type":null}],"dependencies":[]},"fc77b711f39768a3680ffc502a1773164fa7dcfb699aa6844f47788d3da6f56e3437316530be193a532332ee475f39377544e4d1b7fbe620aef88d650c613018":{"game_versions":["1.21.4"],"loaders":["fabric","quilt"],"id":"GpMGjDlf","project_id":"cudtvDnd","author_id":"7nbTzIvd","featured":false,"name":"IAS 9.0.4 (for Fabric/Quilt 1.21.4)","version_number":"9.0.4","changelog":"What's new:\n\n- Added 1.21.7 support.\n- Disclaimer I/O is now super fault-tolerant and should not block the ability of saving accounts.\n- Internal code changes.\n\n**Full Changelog**: [v9.0.3...v9.0.4](https://github.com/The-Fireplace-Minecraft-Mods/In-Game-Account-Switcher/compare/v9.0.3...v9.0.4)\n","changelog_url":null,"date_published":"2025-07-01T11:35:54.468367Z","downloads":56089,"version_type":"release","status":"listed","requested_status":null,"files":[{"hashes":{"sha512":"fc77b711f39768a3680ffc502a1773164fa7dcfb699aa6844f47788d3da6f56e3437316530be193a532332ee475f39377544e4d1b7fbe620aef88d650c613018","sha1":"f0676bcc9e83cd6bfa17245434d39801729b955c"},"url":"https://cdn.modrinth.com/data/cudtvDnd/versions/GpMGjDlf/IAS-Fabric-1.21.4-9.0.4.jar","filename":"IAS-Fabric-1.21.4-9.0.4.jar","primary":true,"size":305785,"file_type":null}],"dependencies":[{"version_id":null,"project_id":"mOgUt4GM","file_name":null,"dependency_type":"optional"},{"version_id":null,"project_id":"P7dR8mSH","file_name":null,"dependency_type":"required"}]}}
[13:17:59] [Render thread/INFO] (net.minecraft.client.MinecraftClient) Backend library: LWJGL version 3.3.3-snapshot
[13:18:00] [ForkJoinPool.commonPool-worker-1/DEBUG] (FabricLoader/Mixin) Mixing base.integration.MixinViaLegacyConfig from viafabricplus.mixins.json into net.raphimc.vialegacy.ViaLegacyConfig
[13:18:00] [ForkJoinPool.commonPool-worker-1/DEBUG] (FabricLoader/Mixin) viafabricplus.mixins.json:base.integration.MixinViaLegacyConfig from mod viafabricplus->@Inject::replaceWithVFPSetting(Lorg/spongepowered/asm/mixin/injection/callback/CallbackInfoReturnable;)V does use it's CallbackInfoReturnable
[13:18:00] [ForkJoinPool.commonPool-worker-1/DEBUG] (FabricLoader/Mixin) viafabricplus.mixins.json:base.integration.MixinViaLegacyConfig from mod viafabricplus->@Inject::replaceWithVFPSetting(Lorg/spongepowered/asm/mixin/injection/callback/CallbackInfoReturnable;)V does use it's CallbackInfoReturnable
[13:18:00] [Render thread/DEBUG] (FabricLoader/Mixin) Mixing render.impl.INativeImage from luxury.mixins.json into net.minecraft.client.texture.NativeImage
[13:18:00] [Render thread/DEBUG] (FabricLoader/Mixin) Mixing features.execute_inputs_sync.MixinMouse from viafabricplus.mixins.json into net.minecraft.client.Mouse
[13:18:00] [Render thread/DEBUG] (FabricLoader/Mixin) Mixing features.mouse_sensitivity.MixinMouse from viafabricplus.mixins.json into net.minecraft.client.Mouse
[13:18:00] [Render thread/DEBUG] (FabricLoader/Mixin) Mixing MouseMixin from fabric-screen-api-v1.mixins.json into net.minecraft.client.Mouse
[13:18:00] [Render thread/DEBUG] (FabricLoader/Mixin) Mixing features.execute_inputs_sync.MixinKeyboard from viafabricplus.mixins.json into net.minecraft.client.Keyboard
[13:18:00] [Render thread/DEBUG] (FabricLoader/Mixin) Mixing render.impl.client.KeyboardMixin from luxury.mixins.json into net.minecraft.client.Keyboard
[13:18:00] [Render thread/DEBUG] (FabricLoader/Mixin) Mixing KeyboardMixin from fabric-screen-api-v1.mixins.json into net.minecraft.client.Keyboard
[13:18:00] [Render thread/DEBUG] (FabricLoader/Mixin) luxury.mixins.json:render.impl.client.KeyboardMixin from mod luxury->@Inject::onKey(JIIIILorg/spongepowered/asm/mixin/injection/callback/CallbackInfo;)V doesn't use it's CallbackInfo
[13:18:00] [Render thread/DEBUG] (FabricLoader/Mixin) luxury.mixins.json:render.impl.client.KeyboardMixin from mod luxury->@Inject::onKey(JIIIILorg/spongepowered/asm/mixin/injection/callback/CallbackInfo;)V has 0 override(s) in child classes
[13:18:00] [Render thread/DEBUG] (FabricLoader/Mixin) luxury.mixins.json:render.impl.client.KeyboardMixin from mod luxury->@Inject::onKey(JIIIILorg/spongepowered/asm/mixin/injection/callback/CallbackInfo;)V won't be passed a CallbackInfo as a result
[13:18:00] [Render thread/DEBUG] (FabricLoader/Mixin) Mixing filter_game_mode_selections.MixinGameModeSelectionScreen from viafabricplus-visuals.mixins.json into net.minecraft.client.gui.screen.GameModeSelectionScreen
[13:18:00] [Render thread/DEBUG] (FabricLoader/Mixin) Renaming synthetic method lambda$fixUIWidth$0(I)[Lnet/minecraft/client/gui/screen/GameModeSelectionScreen$GameModeSelection; to mdd4350b$viafabricplus-visuals$lambda$fixUIWidth$0$0 in viafabricplus-visuals.mixins.json:filter_game_mode_selections.MixinGameModeSelectionScreen from mod viafabricplus-visuals
[13:18:00] [Render thread/DEBUG] (FabricLoader/Mixin) viafabricplus-visuals.mixins.json:filter_game_mode_selections.MixinGameModeSelectionScreen from mod viafabricplus-visuals->@Inject::fixUIWidth(Lorg/spongepowered/asm/mixin/injection/callback/CallbackInfo;)V doesn't use it's CallbackInfo
[13:18:00] [Render thread/DEBUG] (FabricLoader/Mixin) viafabricplus-visuals.mixins.json:filter_game_mode_selections.MixinGameModeSelectionScreen from mod viafabricplus-visuals->@Inject::fixUIWidth(Lorg/spongepowered/asm/mixin/injection/callback/CallbackInfo;)V has 0 override(s) in child classes
[13:18:00] [Render thread/DEBUG] (FabricLoader/Mixin) viafabricplus-visuals.mixins.json:filter_game_mode_selections.MixinGameModeSelectionScreen from mod viafabricplus-visuals->@Inject::fixUIWidth(Lorg/spongepowered/asm/mixin/injection/callback/CallbackInfo;)V won't be passed a CallbackInfo as a result
[13:18:00] [Render thread/DEBUG] (FabricLoader/Mixin) viafabricplus-visuals.mixins.json:filter_game_mode_selections.MixinGameModeSelectionScreen from mod viafabricplus-visuals->@Inject::disableInClassic(Lorg/spongepowered/asm/mixin/injection/callback/CallbackInfo;)V doesn't use it's CallbackInfo
[13:18:00] [Render thread/DEBUG] (FabricLoader/Mixin) viafabricplus-visuals.mixins.json:filter_game_mode_selections.MixinGameModeSelectionScreen from mod viafabricplus-visuals->@Inject::disableInClassic(Lorg/spongepowered/asm/mixin/injection/callback/CallbackInfo;)V has 0 override(s) in child classes
[13:18:00] [Render thread/DEBUG] (FabricLoader/Mixin) viafabricplus-visuals.mixins.json:filter_game_mode_selections.MixinGameModeSelectionScreen from mod viafabricplus-visuals->@Inject::disableInClassic(Lorg/spongepowered/asm/mixin/injection/callback/CallbackInfo;)V won't be passed a CallbackInfo as a result
[13:18:00] [Render thread/DEBUG] (oshi.util.FileUtil) Reading file /sys/devices/system/cpu/cpu0/topology/core_id
[13:18:00] [Render thread/DEBUG] (oshi.util.FileUtil) Reading file /sys/devices/system/cpu/cpu0/topology/core_id
[13:18:00] [Render thread/DEBUG] (oshi.util.FileUtil) Reading file /sys/devices/system/cpu/cpu0/topology/physical_package_id
[13:18:00] [Render thread/DEBUG] (oshi.util.FileUtil) Reading file /sys/devices/system/cpu/cpu0/topology/physical_package_id
[13:18:00] [Render thread/DEBUG] (oshi.util.FileUtil) Reading file /sys/devices/system/cpu/cpu0/cpu_capacity
[13:18:00] [Render thread/DEBUG] (oshi.util.FileUtil) Reading file /sys/devices/system/cpu/cpu0/cpu_capacity
[13:18:00] [Render thread/DEBUG] (oshi.util.FileUtil) Reading file /sys/devices/system/cpu/cpu0/cache/index2/level
[13:18:00] [Render thread/DEBUG] (oshi.util.FileUtil) Reading file /sys/devices/system/cpu/cpu0/cache/index2/level
[13:18:00] [Render thread/DEBUG] (oshi.util.FileUtil) Reading file /sys/devices/system/cpu/cpu0/cache/index2/type
[13:18:00] [Render thread/DEBUG] (oshi.util.FileUtil) Reading file /sys/devices/system/cpu/cpu0/cache/index2/type
[13:18:00] [Render thread/DEBUG] (oshi.util.FileUtil) Reading file /sys/devices/system/cpu/cpu0/cache/index2/ways_of_associativity
[13:18:00] [Render thread/DEBUG] (oshi.util.FileUtil) Reading file /sys/devices/system/cpu/cpu0/cache/index2/ways_of_associativity
[13:18:00] [Render thread/DEBUG] (oshi.util.FileUtil) Reading file /sys/devices/system/cpu/cpu0/cache/index2/coherency_line_size
[13:18:00] [Render thread/DEBUG] (oshi.util.FileUtil) Reading file /sys/devices/system/cpu/cpu0/cache/index2/coherency_line_size
[13:18:00] [Render thread/DEBUG] (oshi.util.FileUtil) Reading file /sys/devices/system/cpu/cpu0/cache/index2/size
[13:18:00] [Render thread/DEBUG] (oshi.util.FileUtil) Reading file /sys/devices/system/cpu/cpu0/cache/index2/size
[13:18:00] [Render thread/DEBUG] (oshi.util.FileUtil) Reading file /sys/devices/system/cpu/cpu0/cache/index0/level
[13:18:00] [Render thread/DEBUG] (oshi.util.FileUtil) Reading file /sys/devices/system/cpu/cpu0/cache/index0/level
[13:18:00] [Render thread/DEBUG] (oshi.util.FileUtil) Reading file /sys/devices/system/cpu/cpu0/cache/index0/type
[13:18:00] [Render thread/DEBUG] (oshi.util.FileUtil) Reading file /sys/devices/system/cpu/cpu0/cache/index0/type
[13:18:00] [Render thread/DEBUG] (oshi.util.FileUtil) Reading file /sys/devices/system/cpu/cpu0/cache/index0/ways_of_associativity
[13:18:00] [Render thread/DEBUG] (oshi.util.FileUtil) Reading file /sys/devices/system/cpu/cpu0/cache/index0/ways_of_associativity
[13:18:00] [Render thread/DEBUG] (oshi.util.FileUtil) Reading file /sys/devices/system/cpu/cpu0/cache/index0/coherency_line_size
[13:18:00] [Render thread/DEBUG] (oshi.util.FileUtil) Reading file /sys/devices/system/cpu/cpu0/cache/index0/coherency_line_size
[13:18:00] [Render thread/DEBUG] (oshi.util.FileUtil) Reading file /sys/devices/system/cpu/cpu0/cache/index0/size
[13:18:00] [Render thread/DEBUG] (oshi.util.FileUtil) Reading file /sys/devices/system/cpu/cpu0/cache/index0/size
[13:18:00] [Render thread/DEBUG] (oshi.util.FileUtil) Reading file /sys/devices/system/cpu/cpu0/cache/index3/level
[13:18:00] [Render thread/DEBUG] (oshi.util.FileUtil) Reading file /sys/devices/system/cpu/cpu0/cache/index3/level
[13:18:00] [Render thread/DEBUG] (oshi.util.FileUtil) Reading file /sys/devices/system/cpu/cpu0/cache/index3/type
[13:18:00] [Render thread/DEBUG] (oshi.util.FileUtil) Reading file /sys/devices/system/cpu/cpu0/cache/index3/type
[13:18:00] [Render thread/DEBUG] (oshi.util.FileUtil) Reading file /sys/devices/system/cpu/cpu0/cache/index3/ways_of_associativity
[13:18:00] [Render thread/DEBUG] (oshi.util.FileUtil) Reading file /sys/devices/system/cpu/cpu0/cache/index3/ways_of_associativity
[13:18:00] [Render thread/DEBUG] (oshi.util.FileUtil) Reading file /sys/devices/system/cpu/cpu0/cache/index3/coherency_line_size
[13:18:00] [Render thread/DEBUG] (oshi.util.FileUtil) Reading file /sys/devices/system/cpu/cpu0/cache/index3/coherency_line_size
[13:18:00] [Render thread/DEBUG] (oshi.util.FileUtil) Reading file /sys/devices/system/cpu/cpu0/cache/index3/size
[13:18:00] [Render thread/DEBUG] (oshi.util.FileUtil) Reading file /sys/devices/system/cpu/cpu0/cache/index3/size
[13:18:00] [Render thread/DEBUG] (oshi.util.FileUtil) Reading file /sys/devices/system/cpu/cpu0/cache/index1/level
[13:18:00] [Render thread/DEBUG] (oshi.util.FileUtil) Reading file /sys/devices/system/cpu/cpu0/cache/index1/level
[13:18:00] [Render thread/DEBUG] (oshi.util.FileUtil) Reading file /sys/devices/system/cpu/cpu0/cache/index1/type
[13:18:00] [Render thread/DEBUG] (oshi.util.FileUtil) Reading file /sys/devices/system/cpu/cpu0/cache/index1/type
[13:18:00] [Render thread/DEBUG] (oshi.util.FileUtil) Reading file /sys/devices/system/cpu/cpu0/cache/index1/ways_of_associativity
[13:18:00] [Render thread/DEBUG] (oshi.util.FileUtil) Reading file /sys/devices/system/cpu/cpu0/cache/index1/ways_of_associativity
[13:18:00] [Render thread/DEBUG] (oshi.util.FileUtil) Reading file /sys/devices/system/cpu/cpu0/cache/index1/coherency_line_size
[13:18:00] [Render thread/DEBUG] (oshi.util.FileUtil) Reading file /sys/devices/system/cpu/cpu0/cache/index1/coherency_line_size
[13:18:00] [Render thread/DEBUG] (oshi.util.FileUtil) Reading file /sys/devices/system/cpu/cpu0/cache/index1/size
[13:18:00] [Render thread/DEBUG] (oshi.util.FileUtil) Reading file /sys/devices/system/cpu/cpu0/cache/index1/size
[13:18:00] [Render thread/DEBUG] (oshi.util.FileUtil) Reading file /sys/devices/system/cpu/cpu1/topology/core_id
[13:18:00] [Render thread/DEBUG] (oshi.util.FileUtil) Reading file /sys/devices/system/cpu/cpu1/topology/core_id
[13:18:00] [Render thread/DEBUG] (oshi.util.FileUtil) Reading file /sys/devices/system/cpu/cpu1/topology/physical_package_id
[13:18:00] [Render thread/DEBUG] (oshi.util.FileUtil) Reading file /sys/devices/system/cpu/cpu1/topology/physical_package_id
[13:18:00] [Render thread/DEBUG] (oshi.util.FileUtil) Reading file /sys/devices/system/cpu/cpu1/cpu_capacity
[13:18:00] [Render thread/DEBUG] (oshi.util.FileUtil) Reading file /sys/devices/system/cpu/cpu1/cpu_capacity
[13:18:00] [Render thread/DEBUG] (oshi.util.FileUtil) Reading file /sys/devices/system/cpu/cpu1/cache/index2/level
[13:18:00] [Render thread/DEBUG] (oshi.util.FileUtil) Reading file /sys/devices/system/cpu/cpu1/cache/index2/level
[13:18:00] [Render thread/DEBUG] (oshi.util.FileUtil) Reading file /sys/devices/system/cpu/cpu1/cache/index2/type
[13:18:00] [Render thread/DEBUG] (oshi.util.FileUtil) Reading file /sys/devices/system/cpu/cpu1/cache/index2/type
[13:18:00] [Render thread/DEBUG] (oshi.util.FileUtil) Reading file /sys/devices/system/cpu/cpu1/cache/index2/ways_of_associativity
[13:18:00] [Render thread/DEBUG] (oshi.util.FileUtil) Reading file /sys/devices/system/cpu/cpu1/cache/index2/ways_of_associativity
[13:18:00] [Render thread/DEBUG] (oshi.util.FileUtil) Reading file /sys/devices/system/cpu/cpu1/cache/index2/coherency_line_size
[13:18:00] [Render thread/DEBUG] (oshi.util.FileUtil) Reading file /sys/devices/system/cpu/cpu1/cache/index2/coherency_line_size
[13:18:00] [Render thread/DEBUG] (oshi.util.FileUtil) Reading file /sys/devices/system/cpu/cpu1/cache/index2/size
[13:18:00] [Render thread/DEBUG] (oshi.util.FileUtil) Reading file /sys/devices/system/cpu/cpu1/cache/index2/size
[13:18:00] [Render thread/DEBUG] (oshi.util.FileUtil) Reading file /sys/devices/system/cpu/cpu1/cache/index0/level
[13:18:00] [Render thread/DEBUG] (oshi.util.FileUtil) Reading file /sys/devices/system/cpu/cpu1/cache/index0/level
[13:18:00] [Render thread/DEBUG] (oshi.util.FileUtil) Reading file /sys/devices/system/cpu/cpu1/cache/index0/type
[13:18:00] [Render thread/DEBUG] (oshi.util.FileUtil) Reading file /sys/devices/system/cpu/cpu1/cache/index0/type
[13:18:00] [Render thread/DEBUG] (oshi.util.FileUtil) Reading file /sys/devices/system/cpu/cpu1/cache/index0/ways_of_associativity
[13:18:00] [Render thread/DEBUG] (oshi.util.FileUtil) Reading file /sys/devices/system/cpu/cpu1/cache/index0/ways_of_associativity
[13:18:00] [Render thread/DEBUG] (oshi.util.FileUtil) Reading file /sys/devices/system/cpu/cpu1/cache/index0/coherency_line_size
[13:18:00] [Render thread/DEBUG] (oshi.util.FileUtil) Reading file /sys/devices/system/cpu/cpu1/cache/index0/coherency_line_size
[13:18:00] [Render thread/DEBUG] (oshi.util.FileUtil) Reading file /sys/devices/system/cpu/cpu1/cache/index0/size
[13:18:00] [Render thread/DEBUG] (oshi.util.FileUtil) Reading file /sys/devices/system/cpu/cpu1/cache/index0/size
[13:18:00] [Render thread/DEBUG] (oshi.util.FileUtil) Reading file /sys/devices/system/cpu/cpu1/cache/index3/level
[13:18:00] [Render thread/DEBUG] (oshi.util.FileUtil) Reading file /sys/devices/system/cpu/cpu1/cache/index3/level
[13:18:00] [Render thread/DEBUG] (oshi.util.FileUtil) Reading file /sys/devices/system/cpu/cpu1/cache/index3/type
[13:18:00] [Render thread/DEBUG] (oshi.util.FileUtil) Reading file /sys/devices/system/cpu/cpu1/cache/index3/type
[13:18:00] [Render thread/DEBUG] (oshi.util.FileUtil) Reading file /sys/devices/system/cpu/cpu1/cache/index3/ways_of_associativity
[13:18:00] [Render thread/DEBUG] (oshi.util.FileUtil) Reading file /sys/devices/system/cpu/cpu1/cache/index3/ways_of_associativity
[13:18:00] [Render thread/DEBUG] (oshi.util.FileUtil) Reading file /sys/devices/system/cpu/cpu1/cache/index3/coherency_line_size
[13:18:00] [Render thread/DEBUG] (oshi.util.FileUtil) Reading file /sys/devices/system/cpu/cpu1/cache/index3/coherency_line_size
[13:18:00] [Render thread/DEBUG] (oshi.util.FileUtil) Reading file /sys/devices/system/cpu/cpu1/cache/index3/size
[13:18:00] [Render thread/DEBUG] (oshi.util.FileUtil) Reading file /sys/devices/system/cpu/cpu1/cache/index3/size
[13:18:00] [Render thread/DEBUG] (oshi.util.FileUtil) Reading file /sys/devices/system/cpu/cpu1/cache/index1/level
[13:18:00] [Render thread/DEBUG] (oshi.util.FileUtil) Reading file /sys/devices/system/cpu/cpu1/cache/index1/level
[13:18:00] [Render thread/DEBUG] (oshi.util.FileUtil) Reading file /sys/devices/system/cpu/cpu1/cache/index1/type
[13:18:00] [Render thread/DEBUG] (oshi.util.FileUtil) Reading file /sys/devices/system/cpu/cpu1/cache/index1/type
[13:18:00] [Render thread/DEBUG] (oshi.util.FileUtil) Reading file /sys/devices/system/cpu/cpu1/cache/index1/ways_of_associativity
[13:18:00] [Render thread/DEBUG] (oshi.util.FileUtil) Reading file /sys/devices/system/cpu/cpu1/cache/index1/ways_of_associativity
[13:18:00] [Render thread/DEBUG] (oshi.util.FileUtil) Reading file /sys/devices/system/cpu/cpu1/cache/index1/coherency_line_size
[13:18:00] [Render thread/DEBUG] (oshi.util.FileUtil) Reading file /sys/devices/system/cpu/cpu1/cache/index1/coherency_line_size
[13:18:00] [Render thread/DEBUG] (oshi.util.FileUtil) Reading file /sys/devices/system/cpu/cpu1/cache/index1/size
[13:18:00] [Render thread/DEBUG] (oshi.util.FileUtil) Reading file /sys/devices/system/cpu/cpu1/cache/index1/size
[13:18:00] [Render thread/DEBUG] (oshi.util.FileUtil) Reading file /sys/devices/system/cpu/cpu2/topology/core_id
[13:18:00] [Render thread/DEBUG] (oshi.util.FileUtil) Reading file /sys/devices/system/cpu/cpu2/topology/core_id
[13:18:00] [Render thread/DEBUG] (oshi.util.FileUtil) Reading file /sys/devices/system/cpu/cpu2/topology/physical_package_id
[13:18:00] [Render thread/DEBUG] (oshi.util.FileUtil) Reading file /sys/devices/system/cpu/cpu2/topology/physical_package_id
[13:18:00] [Render thread/DEBUG] (oshi.util.FileUtil) Reading file /sys/devices/system/cpu/cpu2/cpu_capacity
[13:18:00] [Render thread/DEBUG] (oshi.util.FileUtil) Reading file /sys/devices/system/cpu/cpu2/cpu_capacity
[13:18:00] [Render thread/DEBUG] (oshi.util.FileUtil) Reading file /sys/devices/system/cpu/cpu2/cache/index2/level
[13:18:00] [Render thread/DEBUG] (oshi.util.FileUtil) Reading file /sys/devices/system/cpu/cpu2/cache/index2/level
[13:18:00] [Render thread/DEBUG] (oshi.util.FileUtil) Reading file /sys/devices/system/cpu/cpu2/cache/index2/type
[13:18:00] [Render thread/DEBUG] (oshi.util.FileUtil) Reading file /sys/devices/system/cpu/cpu2/cache/index2/type
[13:18:00] [Render thread/DEBUG] (oshi.util.FileUtil) Reading file /sys/devices/system/cpu/cpu2/cache/index2/ways_of_associativity
[13:18:00] [Render thread/DEBUG] (oshi.util.FileUtil) Reading file /sys/devices/system/cpu/cpu2/cache/index2/ways_of_associativity
[13:18:00] [Render thread/DEBUG] (oshi.util.FileUtil) Reading file /sys/devices/system/cpu/cpu2/cache/index2/coherency_line_size
[13:18:00] [Render thread/DEBUG] (oshi.util.FileUtil) Reading file /sys/devices/system/cpu/cpu2/cache/index2/coherency_line_size
[13:18:00] [Render thread/DEBUG] (oshi.util.FileUtil) Reading file /sys/devices/system/cpu/cpu2/cache/index2/size
[13:18:00] [Render thread/DEBUG] (oshi.util.FileUtil) Reading file /sys/devices/system/cpu/cpu2/cache/index2/size
[13:18:00] [Render thread/DEBUG] (oshi.util.FileUtil) Reading file /sys/devices/system/cpu/cpu2/cache/index0/level
[13:18:00] [Render thread/DEBUG] (oshi.util.FileUtil) Reading file /sys/devices/system/cpu/cpu2/cache/index0/level
[13:18:00] [Render thread/DEBUG] (oshi.util.FileUtil) Reading file /sys/devices/system/cpu/cpu2/cache/index0/type
[13:18:00] [Render thread/DEBUG] (oshi.util.FileUtil) Reading file /sys/devices/system/cpu/cpu2/cache/index0/type
[13:18:00] [Render thread/DEBUG] (oshi.util.FileUtil) Reading file /sys/devices/system/cpu/cpu2/cache/index0/ways_of_associativity
[13:18:00] [Render thread/DEBUG] (oshi.util.FileUtil) Reading file /sys/devices/system/cpu/cpu2/cache/index0/ways_of_associativity
[13:18:00] [Render thread/DEBUG] (oshi.util.FileUtil) Reading file /sys/devices/system/cpu/cpu2/cache/index0/coherency_line_size
[13:18:00] [Render thread/DEBUG] (oshi.util.FileUtil) Reading file /sys/devices/system/cpu/cpu2/cache/index0/coherency_line_size
[13:18:00] [Render thread/DEBUG] (oshi.util.FileUtil) Reading file /sys/devices/system/cpu/cpu2/cache/index0/size
[13:18:00] [Render thread/DEBUG] (oshi.util.FileUtil) Reading file /sys/devices/system/cpu/cpu2/cache/index0/size
[13:18:00] [Render thread/DEBUG] (oshi.util.FileUtil) Reading file /sys/devices/system/cpu/cpu2/cache/index3/level
[13:18:00] [Render thread/DEBUG] (oshi.util.FileUtil) Reading file /sys/devices/system/cpu/cpu2/cache/index3/level
[13:18:00] [Render thread/DEBUG] (oshi.util.FileUtil) Reading file /sys/devices/system/cpu/cpu2/cache/index3/type
[13:18:00] [Render thread/DEBUG] (oshi.util.FileUtil) Reading file /sys/devices/system/cpu/cpu2/cache/index3/type
[13:18:00] [Render thread/DEBUG] (oshi.util.FileUtil) Reading file /sys/devices/system/cpu/cpu2/cache/index3/ways_of_associativity
[13:18:00] [Render thread/DEBUG] (oshi.util.FileUtil) Reading file /sys/devices/system/cpu/cpu2/cache/index3/ways_of_associativity
[13:18:00] [Render thread/DEBUG] (oshi.util.FileUtil) Reading file /sys/devices/system/cpu/cpu2/cache/index3/coherency_line_size
[13:18:00] [Render thread/DEBUG] (oshi.util.FileUtil) Reading file /sys/devices/system/cpu/cpu2/cache/index3/coherency_line_size
[13:18:01] [Render thread/DEBUG] (oshi.util.FileUtil) Reading file /sys/devices/system/cpu/cpu2/cache/index3/size
[13:18:01] [Render thread/DEBUG] (oshi.util.FileUtil) Reading file /sys/devices/system/cpu/cpu2/cache/index3/size
[13:18:01] [Render thread/DEBUG] (oshi.util.FileUtil) Reading file /sys/devices/system/cpu/cpu2/cache/index1/level
[13:18:01] [Render thread/DEBUG] (oshi.util.FileUtil) Reading file /sys/devices/system/cpu/cpu2/cache/index1/level
[13:18:01] [Render thread/DEBUG] (oshi.util.FileUtil) Reading file /sys/devices/system/cpu/cpu2/cache/index1/type
[13:18:01] [Render thread/DEBUG] (oshi.util.FileUtil) Reading file /sys/devices/system/cpu/cpu2/cache/index1/type
[13:18:01] [Render thread/DEBUG] (oshi.util.FileUtil) Reading file /sys/devices/system/cpu/cpu2/cache/index1/ways_of_associativity
[13:18:01] [Render thread/DEBUG] (oshi.util.FileUtil) Reading file /sys/devices/system/cpu/cpu2/cache/index1/ways_of_associativity
[13:18:01] [Render thread/DEBUG] (oshi.util.FileUtil) Reading file /sys/devices/system/cpu/cpu2/cache/index1/coherency_line_size
[13:18:01] [Render thread/DEBUG] (oshi.util.FileUtil) Reading file /sys/devices/system/cpu/cpu2/cache/index1/coherency_line_size
[13:18:01] [Render thread/DEBUG] (oshi.util.FileUtil) Reading file /sys/devices/system/cpu/cpu2/cache/index1/size
[13:18:01] [Render thread/DEBUG] (oshi.util.FileUtil) Reading file /sys/devices/system/cpu/cpu2/cache/index1/size
[13:18:01] [Render thread/DEBUG] (oshi.util.FileUtil) Reading file /sys/devices/system/cpu/cpu3/topology/core_id
[13:18:01] [Render thread/DEBUG] (oshi.util.FileUtil) Reading file /sys/devices/system/cpu/cpu3/topology/core_id
[13:18:01] [Render thread/DEBUG] (oshi.util.FileUtil) Reading file /sys/devices/system/cpu/cpu3/topology/physical_package_id
[13:18:01] [Render thread/DEBUG] (oshi.util.FileUtil) Reading file /sys/devices/system/cpu/cpu3/topology/physical_package_id
[13:18:01] [Render thread/DEBUG] (oshi.util.FileUtil) Reading file /sys/devices/system/cpu/cpu3/cpu_capacity
[13:18:01] [Render thread/DEBUG] (oshi.util.FileUtil) Reading file /sys/devices/system/cpu/cpu3/cpu_capacity
[13:18:01] [Render thread/DEBUG] (oshi.util.FileUtil) Reading file /sys/devices/system/cpu/cpu3/cache/index2/level
[13:18:01] [Render thread/DEBUG] (oshi.util.FileUtil) Reading file /sys/devices/system/cpu/cpu3/cache/index2/level
[13:18:01] [Render thread/DEBUG] (oshi.util.FileUtil) Reading file /sys/devices/system/cpu/cpu3/cache/index2/type
[13:18:01] [Render thread/DEBUG] (oshi.util.FileUtil) Reading file /sys/devices/system/cpu/cpu3/cache/index2/type
[13:18:01] [Render thread/DEBUG] (oshi.util.FileUtil) Reading file /sys/devices/system/cpu/cpu3/cache/index2/ways_of_associativity
[13:18:01] [Render thread/DEBUG] (oshi.util.FileUtil) Reading file /sys/devices/system/cpu/cpu3/cache/index2/ways_of_associativity
[13:18:01] [Render thread/DEBUG] (oshi.util.FileUtil) Reading file /sys/devices/system/cpu/cpu3/cache/index2/coherency_line_size
[13:18:01] [Render thread/DEBUG] (oshi.util.FileUtil) Reading file /sys/devices/system/cpu/cpu3/cache/index2/coherency_line_size
[13:18:01] [Render thread/DEBUG] (oshi.util.FileUtil) Reading file /sys/devices/system/cpu/cpu3/cache/index2/size
[13:18:01] [Render thread/DEBUG] (oshi.util.FileUtil) Reading file /sys/devices/system/cpu/cpu3/cache/index2/size
[13:18:01] [Render thread/DEBUG] (oshi.util.FileUtil) Reading file /sys/devices/system/cpu/cpu3/cache/index0/level
[13:18:01] [Render thread/DEBUG] (oshi.util.FileUtil) Reading file /sys/devices/system/cpu/cpu3/cache/index0/level
[13:18:01] [Render thread/DEBUG] (oshi.util.FileUtil) Reading file /sys/devices/system/cpu/cpu3/cache/index0/type
[13:18:01] [Render thread/DEBUG] (oshi.util.FileUtil) Reading file /sys/devices/system/cpu/cpu3/cache/index0/type
[13:18:01] [Render thread/DEBUG] (oshi.util.FileUtil) Reading file /sys/devices/system/cpu/cpu3/cache/index0/ways_of_associativity
[13:18:01] [Render thread/DEBUG] (oshi.util.FileUtil) Reading file /sys/devices/system/cpu/cpu3/cache/index0/ways_of_associativity
[13:18:01] [Render thread/DEBUG] (oshi.util.FileUtil) Reading file /sys/devices/system/cpu/cpu3/cache/index0/coherency_line_size
[13:18:01] [Render thread/DEBUG] (oshi.util.FileUtil) Reading file /sys/devices/system/cpu/cpu3/cache/index0/coherency_line_size
[13:18:01] [Render thread/DEBUG] (oshi.util.FileUtil) Reading file /sys/devices/system/cpu/cpu3/cache/index0/size
[13:18:01] [Render thread/DEBUG] (oshi.util.FileUtil) Reading file /sys/devices/system/cpu/cpu3/cache/index0/size
[13:18:01] [Render thread/DEBUG] (oshi.util.FileUtil) Reading file /sys/devices/system/cpu/cpu3/cache/index3/level
[13:18:01] [Render thread/DEBUG] (oshi.util.FileUtil) Reading file /sys/devices/system/cpu/cpu3/cache/index3/level
[13:18:01] [Render thread/DEBUG] (oshi.util.FileUtil) Reading file /sys/devices/system/cpu/cpu3/cache/index3/type
[13:18:01] [Render thread/DEBUG] (oshi.util.FileUtil) Reading file /sys/devices/system/cpu/cpu3/cache/index3/type
[13:18:01] [Render thread/DEBUG] (oshi.util.FileUtil) Reading file /sys/devices/system/cpu/cpu3/cache/index3/ways_of_associativity
[13:18:01] [Render thread/DEBUG] (oshi.util.FileUtil) Reading file /sys/devices/system/cpu/cpu3/cache/index3/ways_of_associativity
[13:18:01] [Render thread/DEBUG] (oshi.util.FileUtil) Reading file /sys/devices/system/cpu/cpu3/cache/index3/coherency_line_size
[13:18:01] [Render thread/DEBUG] (oshi.util.FileUtil) Reading file /sys/devices/system/cpu/cpu3/cache/index3/coherency_line_size
[13:18:01] [Render thread/DEBUG] (oshi.util.FileUtil) Reading file /sys/devices/system/cpu/cpu3/cache/index3/size
[13:18:01] [Render thread/DEBUG] (oshi.util.FileUtil) Reading file /sys/devices/system/cpu/cpu3/cache/index3/size
[13:18:01] [Render thread/DEBUG] (oshi.util.FileUtil) Reading file /sys/devices/system/cpu/cpu3/cache/index1/level
[13:18:01] [Render thread/DEBUG] (oshi.util.FileUtil) Reading file /sys/devices/system/cpu/cpu3/cache/index1/level
[13:18:01] [Render thread/DEBUG] (oshi.util.FileUtil) Reading file /sys/devices/system/cpu/cpu3/cache/index1/type
[13:18:01] [Render thread/DEBUG] (oshi.util.FileUtil) Reading file /sys/devices/system/cpu/cpu3/cache/index1/type
[13:18:01] [Render thread/DEBUG] (oshi.util.FileUtil) Reading file /sys/devices/system/cpu/cpu3/cache/index1/ways_of_associativity
[13:18:01] [Render thread/DEBUG] (oshi.util.FileUtil) Reading file /sys/devices/system/cpu/cpu3/cache/index1/ways_of_associativity
[13:18:01] [Render thread/DEBUG] (oshi.util.FileUtil) Reading file /sys/devices/system/cpu/cpu3/cache/index1/coherency_line_size
[13:18:01] [Render thread/DEBUG] (oshi.util.FileUtil) Reading file /sys/devices/system/cpu/cpu3/cache/index1/coherency_line_size
[13:18:01] [Render thread/DEBUG] (oshi.util.FileUtil) Reading file /sys/devices/system/cpu/cpu3/cache/index1/size
[13:18:01] [Render thread/DEBUG] (oshi.util.FileUtil) Reading file /sys/devices/system/cpu/cpu3/cache/index1/size
[13:18:01] [Render thread/DEBUG] (oshi.util.FileUtil) Reading file /proc/cpuinfo
[13:18:01] [Render thread/DEBUG] (oshi.util.FileUtil) Reading file /proc/cpuinfo
[13:18:01] [Render thread/DEBUG] (oshi.util.FileUtil) Reading file /proc/self/auxv
[13:18:01] [Render thread/DEBUG] (FabricLoader/Mixin) Mixing LifecycledResourceManagerImplMixin from fabric-resource-loader-v0.mixins.json into net.minecraft.resource.LifecycledResourceManagerImpl
[13:18:01] [Render thread/DEBUG] (FabricLoader/Mixin) fabric-resource-loader-v0.mixins.json:LifecycledResourceManagerImplMixin from mod fabric-resource-loader-v0->@Inject::init(Lnet/minecraft/resource/ResourceType;Ljava/util/List;Lorg/spongepowered/asm/mixin/injection/callback/CallbackInfo;)V doesn't use it's CallbackInfo
[13:18:01] [Render thread/DEBUG] (FabricLoader/Mixin) fabric-resource-loader-v0.mixins.json:LifecycledResourceManagerImplMixin from mod fabric-resource-loader-v0->@Inject::init(Lnet/minecraft/resource/ResourceType;Ljava/util/List;Lorg/spongepowered/asm/mixin/injection/callback/CallbackInfo;)V has 0 override(s) in child classes
[13:18:01] [Render thread/DEBUG] (FabricLoader/Mixin) fabric-resource-loader-v0.mixins.json:LifecycledResourceManagerImplMixin from mod fabric-resource-loader-v0->@Inject::init(Lnet/minecraft/resource/ResourceType;Ljava/util/List;Lorg/spongepowered/asm/mixin/injection/callback/CallbackInfo;)V won't be passed a CallbackInfo as a result
[13:18:01] [Render thread/DEBUG] (net.fabricmc.fabric.impl.resource.loader.ModResourcePackUtil) [Fabric] Starting internal pack sorting with: [vanilla, com_viaversion_viaaprilfools-common, com_viaversion_viabackwards-common, com_viaversion_viaversion-common, fabric, fabric-api, fabric-api-base, fabric-api-lookup-api-v1, fabric-biome-api-v1, fabric-block-api-v1, fabric-block-view-api-v2, fabric-blockrenderlayer-v1, fabric-client-gametest-api-v1, fabric-client-tags-api-v1, fabric-command-api-v1, fabric-command-api-v2, fabric-commands-v0, fabric-content-registries-v0, fabric-convention-tags-v1, fabric-convention-tags-v2, fabric-crash-report-info-v1, fabric-data-attachment-api-v1, fabric-data-generation-api-v1, fabric-dimensions-v1, fabric-entity-events-v1, fabric-events-interaction-v0, fabric-game-rule-api-v1, fabric-gametest-api-v1, fabric-item-api-v1, fabric-item-group-api-v1, fabric-item-group-api-v1_programmer_art, fabric-key-binding-api-v1, fabric-keybindings-v0, fabric-lifecycle-events-v1, fabric-loot-api-v2, fabric-loot-api-v3, fabric-message-api-v1, fabric-model-loading-api-v1, fabric-networking-api-v1, fabric-object-builder-api-v1, fabric-particles-v1, fabric-recipe-api-v1, fabric-registry-sync-v0, fabric-renderer-api-v1, fabric-renderer-indigo, fabric-rendering-data-attachment-v1, fabric-rendering-fluids-v1, fabric-rendering-v1, fabric-resource-conditions-api-v1, fabric-resource-loader-v0, fabric-screen-api-v1, fabric-screen-handler-api-v1, fabric-sound-api-v1, fabric-tag-api-v1, fabric-transfer-api-v1, fabric-transitive-access-wideners-v1, fabricloader, ias, luxury, modmenu, modmenu_high_contrast, modmenu_programmer_art, net_raphimc_viabedrock, net_raphimc_vialegacy, placeholder-api, viafabricplus, viafabricplus-visuals]
[13:18:01] [Render thread/DEBUG] (net.fabricmc.fabric.impl.resource.loader.ModResourcePackUtil) [Fabric] Removed all internal packs, result: [vanilla, fabric]
[13:18:01] [Render thread/DEBUG] (net.fabricmc.fabric.impl.resource.loader.ModResourcePackUtil) [Fabric] cur @ fabric, auto-enabled com_viaversion_viaaprilfools-common, currently enabled: [vanilla, fabric, com_viaversion_viaaprilfools-common]
[13:18:01] [Render thread/DEBUG] (net.fabricmc.fabric.impl.resource.loader.ModResourcePackUtil) [Fabric] cur @ fabric, auto-enabled com_viaversion_viabackwards-common, currently enabled: [vanilla, fabric, com_viaversion_viaaprilfools-common, com_viaversion_viabackwards-common]
[13:18:01] [Render thread/DEBUG] (net.fabricmc.fabric.impl.resource.loader.ModResourcePackUtil) [Fabric] cur @ fabric, auto-enabled com_viaversion_viaversion-common, currently enabled: [vanilla, fabric, com_viaversion_viaaprilfools-common, com_viaversion_viabackwards-common, com_viaversion_viaversion-common]
[13:18:01] [Render thread/DEBUG] (net.fabricmc.fabric.impl.resource.loader.ModResourcePackUtil) [Fabric] cur @ fabric, auto-enabled fabric-api, currently enabled: [vanilla, fabric, com_viaversion_viaaprilfools-common, com_viaversion_viabackwards-common, com_viaversion_viaversion-common, fabric-api]
[13:18:01] [Render thread/DEBUG] (net.fabricmc.fabric.impl.resource.loader.ModResourcePackUtil) [Fabric] cur @ fabric, auto-enabled fabric-api-base, currently enabled: [vanilla, fabric, com_viaversion_viaaprilfools-common, com_viaversion_viabackwards-common, com_viaversion_viaversion-common, fabric-api, fabric-api-base]
[13:18:01] [Render thread/DEBUG] (net.fabricmc.fabric.impl.resource.loader.ModResourcePackUtil) [Fabric] cur @ fabric, auto-enabled fabric-api-lookup-api-v1, currently enabled: [vanilla, fabric, com_viaversion_viaaprilfools-common, com_viaversion_viabackwards-common, com_viaversion_viaversion-common, fabric-api, fabric-api-base, fabric-api-lookup-api-v1]
[13:18:01] [Render thread/DEBUG] (net.fabricmc.fabric.impl.resource.loader.ModResourcePackUtil) [Fabric] cur @ fabric, auto-enabled fabric-biome-api-v1, currently enabled: [vanilla, fabric, com_viaversion_viaaprilfools-common, com_viaversion_viabackwards-common, com_viaversion_viaversion-common, fabric-api, fabric-api-base, fabric-api-lookup-api-v1, fabric-biome-api-v1]
[13:18:01] [Render thread/DEBUG] (net.fabricmc.fabric.impl.resource.loader.ModResourcePackUtil) [Fabric] cur @ fabric, auto-enabled fabric-block-api-v1, currently enabled: [vanilla, fabric, com_viaversion_viaaprilfools-common, com_viaversion_viabackwards-common, com_viaversion_viaversion-common, fabric-api, fabric-api-base, fabric-api-lookup-api-v1, fabric-biome-api-v1, fabric-block-api-v1]
[13:18:01] [Render thread/DEBUG] (net.fabricmc.fabric.impl.resource.loader.ModResourcePackUtil) [Fabric] cur @ fabric, auto-enabled fabric-block-view-api-v2, currently enabled: [vanilla, fabric, com_viaversion_viaaprilfools-common, com_viaversion_viabackwards-common, com_viaversion_viaversion-common, fabric-api, fabric-api-base, fabric-api-lookup-api-v1, fabric-biome-api-v1, fabric-block-api-v1, fabric-block-view-api-v2]
[13:18:01] [Render thread/DEBUG] (net.fabricmc.fabric.impl.resource.loader.ModResourcePackUtil) [Fabric] cur @ fabric, auto-enabled fabric-blockrenderlayer-v1, currently enabled: [vanilla, fabric, com_viaversion_viaaprilfools-common, com_viaversion_viabackwards-common, com_viaversion_viaversion-common, fabric-api, fabric-api-base, fabric-api-lookup-api-v1, fabric-biome-api-v1, fabric-block-api-v1, fabric-block-view-api-v2, fabric-blockrenderlayer-v1]
[13:18:01] [Render thread/DEBUG] (net.fabricmc.fabric.impl.resource.loader.ModResourcePackUtil) [Fabric] cur @ fabric, auto-enabled fabric-client-gametest-api-v1, currently enabled: [vanilla, fabric, com_viaversion_viaaprilfools-common, com_viaversion_viabackwards-common, com_viaversion_viaversion-common, fabric-api, fabric-api-base, fabric-api-lookup-api-v1, fabric-biome-api-v1, fabric-block-api-v1, fabric-block-view-api-v2, fabric-blockrenderlayer-v1, fabric-client-gametest-api-v1]
[13:18:01] [Render thread/DEBUG] (net.fabricmc.fabric.impl.resource.loader.ModResourcePackUtil) [Fabric] cur @ fabric, auto-enabled fabric-client-tags-api-v1, currently enabled: [vanilla, fabric, com_viaversion_viaaprilfools-common, com_viaversion_viabackwards-common, com_viaversion_viaversion-common, fabric-api, fabric-api-base, fabric-api-lookup-api-v1, fabric-biome-api-v1, fabric-block-api-v1, fabric-block-view-api-v2, fabric-blockrenderlayer-v1, fabric-client-gametest-api-v1, fabric-client-tags-api-v1]
[13:18:01] [Render thread/DEBUG] (net.fabricmc.fabric.impl.resource.loader.ModResourcePackUtil) [Fabric] cur @ fabric, auto-enabled fabric-command-api-v1, currently enabled: [vanilla, fabric, com_viaversion_viaaprilfools-common, com_viaversion_viabackwards-common, com_viaversion_viaversion-common, fabric-api, fabric-api-base, fabric-api-lookup-api-v1, fabric-biome-api-v1, fabric-block-api-v1, fabric-block-view-api-v2, fabric-blockrenderlayer-v1, fabric-client-gametest-api-v1, fabric-client-tags-api-v1, fabric-command-api-v1]
[13:18:01] [Render thread/DEBUG] (net.fabricmc.fabric.impl.resource.loader.ModResourcePackUtil) [Fabric] cur @ fabric, auto-enabled fabric-command-api-v2, currently enabled: [vanilla, fabric, com_viaversion_viaaprilfools-common, com_viaversion_viabackwards-common, com_viaversion_viaversion-common, fabric-api, fabric-api-base, fabric-api-lookup-api-v1, fabric-biome-api-v1, fabric-block-api-v1, fabric-block-view-api-v2, fabric-blockrenderlayer-v1, fabric-client-gametest-api-v1, fabric-client-tags-api-v1, fabric-command-api-v1, fabric-command-api-v2]
[13:18:01] [Render thread/DEBUG] (net.fabricmc.fabric.impl.resource.loader.ModResourcePackUtil) [Fabric] cur @ fabric, auto-enabled fabric-commands-v0, currently enabled: [vanilla, fabric, com_viaversion_viaaprilfools-common, com_viaversion_viabackwards-common, com_viaversion_viaversion-common, fabric-api, fabric-api-base, fabric-api-lookup-api-v1, fabric-biome-api-v1, fabric-block-api-v1, fabric-block-view-api-v2, fabric-blockrenderlayer-v1, fabric-client-gametest-api-v1, fabric-client-tags-api-v1, fabric-command-api-v1, fabric-command-api-v2, fabric-commands-v0]
[13:18:01] [Render thread/DEBUG] (net.fabricmc.fabric.impl.resource.loader.ModResourcePackUtil) [Fabric] cur @ fabric, auto-enabled fabric-content-registries-v0, currently enabled: [vanilla, fabric, com_viaversion_viaaprilfools-common, com_viaversion_viabackwards-common, com_viaversion_viaversion-common, fabric-api, fabric-api-base, fabric-api-lookup-api-v1, fabric-biome-api-v1, fabric-block-api-v1, fabric-block-view-api-v2, fabric-blockrenderlayer-v1, fabric-client-gametest-api-v1, fabric-client-tags-api-v1, fabric-command-api-v1, fabric-command-api-v2, fabric-commands-v0, fabric-content-registries-v0]
[13:18:01] [Render thread/DEBUG] (net.fabricmc.fabric.impl.resource.loader.ModResourcePackUtil) [Fabric] cur @ fabric, auto-enabled fabric-convention-tags-v1, currently enabled: [vanilla, fabric, com_viaversion_viaaprilfools-common, com_viaversion_viabackwards-common, com_viaversion_viaversion-common, fabric-api, fabric-api-base, fabric-api-lookup-api-v1, fabric-biome-api-v1, fabric-block-api-v1, fabric-block-view-api-v2, fabric-blockrenderlayer-v1, fabric-client-gametest-api-v1, fabric-client-tags-api-v1, fabric-command-api-v1, fabric-command-api-v2, fabric-commands-v0, fabric-content-registries-v0, fabric-convention-tags-v1]
[13:18:01] [Render thread/DEBUG] (net.fabricmc.fabric.impl.resource.loader.ModResourcePackUtil) [Fabric] cur @ fabric, auto-enabled fabric-convention-tags-v2, currently enabled: [vanilla, fabric, com_viaversion_viaaprilfools-common, com_viaversion_viabackwards-common, com_viaversion_viaversion-common, fabric-api, fabric-api-base, fabric-api-lookup-api-v1, fabric-biome-api-v1, fabric-block-api-v1, fabric-block-view-api-v2, fabric-blockrenderlayer-v1, fabric-client-gametest-api-v1, fabric-client-tags-api-v1, fabric-command-api-v1, fabric-command-api-v2, fabric-commands-v0, fabric-content-registries-v0, fabric-convention-tags-v1, fabric-convention-tags-v2]
[13:18:01] [Render thread/DEBUG] (net.fabricmc.fabric.impl.resource.loader.ModResourcePackUtil) [Fabric] cur @ fabric, auto-enabled fabric-crash-report-info-v1, currently enabled: [vanilla, fabric, com_viaversion_viaaprilfools-common, com_viaversion_viabackwards-common, com_viaversion_viaversion-common, fabric-api, fabric-api-base, fabric-api-lookup-api-v1, fabric-biome-api-v1, fabric-block-api-v1, fabric-block-view-api-v2, fabric-blockrenderlayer-v1, fabric-client-gametest-api-v1, fabric-client-tags-api-v1, fabric-command-api-v1, fabric-command-api-v2, fabric-commands-v0, fabric-content-registries-v0, fabric-convention-tags-v1, fabric-convention-tags-v2, fabric-crash-report-info-v1]
[13:18:01] [Render thread/DEBUG] (net.fabricmc.fabric.impl.resource.loader.ModResourcePackUtil) [Fabric] cur @ fabric, auto-enabled fabric-data-attachment-api-v1, currently enabled: [vanilla, fabric, com_viaversion_viaaprilfools-common, com_viaversion_viabackwards-common, com_viaversion_viaversion-common, fabric-api, fabric-api-base, fabric-api-lookup-api-v1, fabric-biome-api-v1, fabric-block-api-v1, fabric-block-view-api-v2, fabric-blockrenderlayer-v1, fabric-client-gametest-api-v1, fabric-client-tags-api-v1, fabric-command-api-v1, fabric-command-api-v2, fabric-commands-v0, fabric-content-registries-v0, fabric-convention-tags-v1, fabric-convention-tags-v2, fabric-crash-report-info-v1, fabric-data-attachment-api-v1]
[13:18:01] [Render thread/DEBUG] (net.fabricmc.fabric.impl.resource.loader.ModResourcePackUtil) [Fabric] cur @ fabric, auto-enabled fabric-data-generation-api-v1, currently enabled: [vanilla, fabric, com_viaversion_viaaprilfools-common, com_viaversion_viabackwards-common, com_viaversion_viaversion-common, fabric-api, fabric-api-base, fabric-api-lookup-api-v1, fabric-biome-api-v1, fabric-block-api-v1, fabric-block-view-api-v2, fabric-blockrenderlayer-v1, fabric-client-gametest-api-v1, fabric-client-tags-api-v1, fabric-command-api-v1, fabric-command-api-v2, fabric-commands-v0, fabric-content-registries-v0, fabric-convention-tags-v1, fabric-convention-tags-v2, fabric-crash-report-info-v1, fabric-data-attachment-api-v1, fabric-data-generation-api-v1]
[13:18:01] [Render thread/DEBUG] (net.fabricmc.fabric.impl.resource.loader.ModResourcePackUtil) [Fabric] cur @ fabric, auto-enabled fabric-dimensions-v1, currently enabled: [vanilla, fabric, com_viaversion_viaaprilfools-common, com_viaversion_viabackwards-common, com_viaversion_viaversion-common, fabric-api, fabric-api-base, fabric-api-lookup-api-v1, fabric-biome-api-v1, fabric-block-api-v1, fabric-block-view-api-v2, fabric-blockrenderlayer-v1, fabric-client-gametest-api-v1, fabric-client-tags-api-v1, fabric-command-api-v1, fabric-command-api-v2, fabric-commands-v0, fabric-content-registries-v0, fabric-convention-tags-v1, fabric-convention-tags-v2, fabric-crash-report-info-v1, fabric-data-attachment-api-v1, fabric-data-generation-api-v1, fabric-dimensions-v1]
[13:18:01] [Render thread/DEBUG] (net.fabricmc.fabric.impl.resource.loader.ModResourcePackUtil) [Fabric] cur @ fabric, auto-enabled fabric-entity-events-v1, currently enabled: [vanilla, fabric, com_viaversion_viaaprilfools-common, com_viaversion_viabackwards-common, com_viaversion_viaversion-common, fabric-api, fabric-api-base, fabric-api-lookup-api-v1, fabric-biome-api-v1, fabric-block-api-v1, fabric-block-view-api-v2, fabric-blockrenderlayer-v1, fabric-client-gametest-api-v1, fabric-client-tags-api-v1, fabric-command-api-v1, fabric-command-api-v2, fabric-commands-v0, fabric-content-registries-v0, fabric-convention-tags-v1, fabric-convention-tags-v2, fabric-crash-report-info-v1, fabric-data-attachment-api-v1, fabric-data-generation-api-v1, fabric-dimensions-v1, fabric-entity-events-v1]
[13:18:01] [Render thread/DEBUG] (net.fabricmc.fabric.impl.resource.loader.ModResourcePackUtil) [Fabric] cur @ fabric, auto-enabled fabric-events-interaction-v0, currently enabled: [vanilla, fabric, com_viaversion_viaaprilfools-common, com_viaversion_viabackwards-common, com_viaversion_viaversion-common, fabric-api, fabric-api-base, fabric-api-lookup-api-v1, fabric-biome-api-v1, fabric-block-api-v1, fabric-block-view-api-v2, fabric-blockrenderlayer-v1, fabric-client-gametest-api-v1, fabric-client-tags-api-v1, fabric-command-api-v1, fabric-command-api-v2, fabric-commands-v0, fabric-content-registries-v0, fabric-convention-tags-v1, fabric-convention-tags-v2, fabric-crash-report-info-v1, fabric-data-attachment-api-v1, fabric-data-generation-api-v1, fabric-dimensions-v1, fabric-entity-events-v1, fabric-events-interaction-v0]
[13:18:01] [Render thread/DEBUG] (net.fabricmc.fabric.impl.resource.loader.ModResourcePackUtil) [Fabric] cur @ fabric, auto-enabled fabric-game-rule-api-v1, currently enabled: [vanilla, fabric, com_viaversion_viaaprilfools-common, com_viaversion_viabackwards-common, com_viaversion_viaversion-common, fabric-api, fabric-api-base, fabric-api-lookup-api-v1, fabric-biome-api-v1, fabric-block-api-v1, fabric-block-view-api-v2, fabric-blockrenderlayer-v1, fabric-client-gametest-api-v1, fabric-client-tags-api-v1, fabric-command-api-v1, fabric-command-api-v2, fabric-commands-v0, fabric-content-registries-v0, fabric-convention-tags-v1, fabric-convention-tags-v2, fabric-crash-report-info-v1, fabric-data-attachment-api-v1, fabric-data-generation-api-v1, fabric-dimensions-v1, fabric-entity-events-v1, fabric-events-interaction-v0, fabric-game-rule-api-v1]
[13:18:01] [Render thread/DEBUG] (net.fabricmc.fabric.impl.resource.loader.ModResourcePackUtil) [Fabric] cur @ fabric, auto-enabled fabric-gametest-api-v1, currently enabled: [vanilla, fabric, com_viaversion_viaaprilfools-common, com_viaversion_viabackwards-common, com_viaversion_viaversion-common, fabric-api, fabric-api-base, fabric-api-lookup-api-v1, fabric-biome-api-v1, fabric-block-api-v1, fabric-block-view-api-v2, fabric-blockrenderlayer-v1, fabric-client-gametest-api-v1, fabric-client-tags-api-v1, fabric-command-api-v1, fabric-command-api-v2, fabric-commands-v0, fabric-content-registries-v0, fabric-convention-tags-v1, fabric-convention-tags-v2, fabric-crash-report-info-v1, fabric-data-attachment-api-v1, fabric-data-generation-api-v1, fabric-dimensions-v1, fabric-entity-events-v1, fabric-events-interaction-v0, fabric-game-rule-api-v1, fabric-gametest-api-v1]
[13:18:01] [Render thread/DEBUG] (net.fabricmc.fabric.impl.resource.loader.ModResourcePackUtil) [Fabric] cur @ fabric, auto-enabled fabric-item-api-v1, currently enabled: [vanilla, fabric, com_viaversion_viaaprilfools-common, com_viaversion_viabackwards-common, com_viaversion_viaversion-common, fabric-api, fabric-api-base, fabric-api-lookup-api-v1, fabric-biome-api-v1, fabric-block-api-v1, fabric-block-view-api-v2, fabric-blockrenderlayer-v1, fabric-client-gametest-api-v1, fabric-client-tags-api-v1, fabric-command-api-v1, fabric-command-api-v2, fabric-commands-v0, fabric-content-registries-v0, fabric-convention-tags-v1, fabric-convention-tags-v2, fabric-crash-report-info-v1, fabric-data-attachment-api-v1, fabric-data-generation-api-v1, fabric-dimensions-v1, fabric-entity-events-v1, fabric-events-interaction-v0, fabric-game-rule-api-v1, fabric-gametest-api-v1, fabric-item-api-v1]
[13:18:01] [Render thread/DEBUG] (net.fabricmc.fabric.impl.resource.loader.ModResourcePackUtil) [Fabric] cur @ fabric, auto-enabled fabric-item-group-api-v1, currently enabled: [vanilla, fabric, com_viaversion_viaaprilfools-common, com_viaversion_viabackwards-common, com_viaversion_viaversion-common, fabric-api, fabric-api-base, fabric-api-lookup-api-v1, fabric-biome-api-v1, fabric-block-api-v1, fabric-block-view-api-v2, fabric-blockrenderlayer-v1, fabric-client-gametest-api-v1, fabric-client-tags-api-v1, fabric-command-api-v1, fabric-command-api-v2, fabric-commands-v0, fabric-content-registries-v0, fabric-convention-tags-v1, fabric-convention-tags-v2, fabric-crash-report-info-v1, fabric-data-attachment-api-v1, fabric-data-generation-api-v1, fabric-dimensions-v1, fabric-entity-events-v1, fabric-events-interaction-v0, fabric-game-rule-api-v1, fabric-gametest-api-v1, fabric-item-api-v1, fabric-item-group-api-v1]
[13:18:01] [Render thread/DEBUG] (net.fabricmc.fabric.impl.resource.loader.ModResourcePackUtil) [Fabric] cur @ fabric, auto-enabled fabric-key-binding-api-v1, currently enabled: [vanilla, fabric, com_viaversion_viaaprilfools-common, com_viaversion_viabackwards-common, com_viaversion_viaversion-common, fabric-api, fabric-api-base, fabric-api-lookup-api-v1, fabric-biome-api-v1, fabric-block-api-v1, fabric-block-view-api-v2, fabric-blockrenderlayer-v1, fabric-client-gametest-api-v1, fabric-client-tags-api-v1, fabric-command-api-v1, fabric-command-api-v2, fabric-commands-v0, fabric-content-registries-v0, fabric-convention-tags-v1, fabric-convention-tags-v2, fabric-crash-report-info-v1, fabric-data-attachment-api-v1, fabric-data-generation-api-v1, fabric-dimensions-v1, fabric-entity-events-v1, fabric-events-interaction-v0, fabric-game-rule-api-v1, fabric-gametest-api-v1, fabric-item-api-v1, fabric-item-group-api-v1, fabric-key-binding-api-v1]
[13:18:01] [Render thread/DEBUG] (net.fabricmc.fabric.impl.resource.loader.ModResourcePackUtil) [Fabric] cur @ fabric, auto-enabled fabric-keybindings-v0, currently enabled: [vanilla, fabric, com_viaversion_viaaprilfools-common, com_viaversion_viabackwards-common, com_viaversion_viaversion-common, fabric-api, fabric-api-base, fabric-api-lookup-api-v1, fabric-biome-api-v1, fabric-block-api-v1, fabric-block-view-api-v2, fabric-blockrenderlayer-v1, fabric-client-gametest-api-v1, fabric-client-tags-api-v1, fabric-command-api-v1, fabric-command-api-v2, fabric-commands-v0, fabric-content-registries-v0, fabric-convention-tags-v1, fabric-convention-tags-v2, fabric-crash-report-info-v1, fabric-data-attachment-api-v1, fabric-data-generation-api-v1, fabric-dimensions-v1, fabric-entity-events-v1, fabric-events-interaction-v0, fabric-game-rule-api-v1, fabric-gametest-api-v1, fabric-item-api-v1, fabric-item-group-api-v1, fabric-key-binding-api-v1, fabric-keybindings-v0]
[13:18:01] [Render thread/DEBUG] (net.fabricmc.fabric.impl.resource.loader.ModResourcePackUtil) [Fabric] cur @ fabric, auto-enabled fabric-lifecycle-events-v1, currently enabled: [vanilla, fabric, com_viaversion_viaaprilfools-common, com_viaversion_viabackwards-common, com_viaversion_viaversion-common, fabric-api, fabric-api-base, fabric-api-lookup-api-v1, fabric-biome-api-v1, fabric-block-api-v1, fabric-block-view-api-v2, fabric-blockrenderlayer-v1, fabric-client-gametest-api-v1, fabric-client-tags-api-v1, fabric-command-api-v1, fabric-command-api-v2, fabric-commands-v0, fabric-content-registries-v0, fabric-convention-tags-v1, fabric-convention-tags-v2, fabric-crash-report-info-v1, fabric-data-attachment-api-v1, fabric-data-generation-api-v1, fabric-dimensions-v1, fabric-entity-events-v1, fabric-events-interaction-v0, fabric-game-rule-api-v1, fabric-gametest-api-v1, fabric-item-api-v1, fabric-item-group-api-v1, fabric-key-binding-api-v1, fabric-keybindings-v0, fabric-lifecycle-events-v1]
[13:18:01] [Render thread/DEBUG] (net.fabricmc.fabric.impl.resource.loader.ModResourcePackUtil) [Fabric] cur @ fabric, auto-enabled fabric-loot-api-v2, currently enabled: [vanilla, fabric, com_viaversion_viaaprilfools-common, com_viaversion_viabackwards-common, com_viaversion_viaversion-common, fabric-api, fabric-api-base, fabric-api-lookup-api-v1, fabric-biome-api-v1, fabric-block-api-v1, fabric-block-view-api-v2, fabric-blockrenderlayer-v1, fabric-client-gametest-api-v1, fabric-client-tags-api-v1, fabric-command-api-v1, fabric-command-api-v2, fabric-commands-v0, fabric-content-registries-v0, fabric-convention-tags-v1, fabric-convention-tags-v2, fabric-crash-report-info-v1, fabric-data-attachment-api-v1, fabric-data-generation-api-v1, fabric-dimensions-v1, fabric-entity-events-v1, fabric-events-interaction-v0, fabric-game-rule-api-v1, fabric-gametest-api-v1, fabric-item-api-v1, fabric-item-group-api-v1, fabric-key-binding-api-v1, fabric-keybindings-v0, fabric-lifecycle-events-v1, fabric-loot-api-v2]
[13:18:01] [Render thread/DEBUG] (net.fabricmc.fabric.impl.resource.loader.ModResourcePackUtil) [Fabric] cur @ fabric, auto-enabled fabric-loot-api-v3, currently enabled: [vanilla, fabric, com_viaversion_viaaprilfools-common, com_viaversion_viabackwards-common, com_viaversion_viaversion-common, fabric-api, fabric-api-base, fabric-api-lookup-api-v1, fabric-biome-api-v1, fabric-block-api-v1, fabric-block-view-api-v2, fabric-blockrenderlayer-v1, fabric-client-gametest-api-v1, fabric-client-tags-api-v1, fabric-command-api-v1, fabric-command-api-v2, fabric-commands-v0, fabric-content-registries-v0, fabric-convention-tags-v1, fabric-convention-tags-v2, fabric-crash-report-info-v1, fabric-data-attachment-api-v1, fabric-data-generation-api-v1, fabric-dimensions-v1, fabric-entity-events-v1, fabric-events-interaction-v0, fabric-game-rule-api-v1, fabric-gametest-api-v1, fabric-item-api-v1, fabric-item-group-api-v1, fabric-key-binding-api-v1, fabric-keybindings-v0, fabric-lifecycle-events-v1, fabric-loot-api-v2, fabric-loot-api-v3]
[13:18:01] [Render thread/DEBUG] (net.fabricmc.fabric.impl.resource.loader.ModResourcePackUtil) [Fabric] cur @ fabric, auto-enabled fabric-message-api-v1, currently enabled: [vanilla, fabric, com_viaversion_viaaprilfools-common, com_viaversion_viabackwards-common, com_viaversion_viaversion-common, fabric-api, fabric-api-base, fabric-api-lookup-api-v1, fabric-biome-api-v1, fabric-block-api-v1, fabric-block-view-api-v2, fabric-blockrenderlayer-v1, fabric-client-gametest-api-v1, fabric-client-tags-api-v1, fabric-command-api-v1, fabric-command-api-v2, fabric-commands-v0, fabric-content-registries-v0, fabric-convention-tags-v1, fabric-convention-tags-v2, fabric-crash-report-info-v1, fabric-data-attachment-api-v1, fabric-data-generation-api-v1, fabric-dimensions-v1, fabric-entity-events-v1, fabric-events-interaction-v0, fabric-game-rule-api-v1, fabric-gametest-api-v1, fabric-item-api-v1, fabric-item-group-api-v1, fabric-key-binding-api-v1, fabric-keybindings-v0, fabric-lifecycle-events-v1, fabric-loot-api-v2, fabric-loot-api-v3, fabric-message-api-v1]
[13:18:01] [Render thread/DEBUG] (net.fabricmc.fabric.impl.resource.loader.ModResourcePackUtil) [Fabric] cur @ fabric, auto-enabled fabric-model-loading-api-v1, currently enabled: [vanilla, fabric, com_viaversion_viaaprilfools-common, com_viaversion_viabackwards-common, com_viaversion_viaversion-common, fabric-api, fabric-api-base, fabric-api-lookup-api-v1, fabric-biome-api-v1, fabric-block-api-v1, fabric-block-view-api-v2, fabric-blockrenderlayer-v1, fabric-client-gametest-api-v1, fabric-client-tags-api-v1, fabric-command-api-v1, fabric-command-api-v2, fabric-commands-v0, fabric-content-registries-v0, fabric-convention-tags-v1, fabric-convention-tags-v2, fabric-crash-report-info-v1, fabric-data-attachment-api-v1, fabric-data-generation-api-v1, fabric-dimensions-v1, fabric-entity-events-v1, fabric-events-interaction-v0, fabric-game-rule-api-v1, fabric-gametest-api-v1, fabric-item-api-v1, fabric-item-group-api-v1, fabric-key-binding-api-v1, fabric-keybindings-v0, fabric-lifecycle-events-v1, fabric-loot-api-v2, fabric-loot-api-v3, fabric-message-api-v1, fabric-model-loading-api-v1]
[13:18:01] [Render thread/DEBUG] (net.fabricmc.fabric.impl.resource.loader.ModResourcePackUtil) [Fabric] cur @ fabric, auto-enabled fabric-networking-api-v1, currently enabled: [vanilla, fabric, com_viaversion_viaaprilfools-common, com_viaversion_viabackwards-common, com_viaversion_viaversion-common, fabric-api, fabric-api-base, fabric-api-lookup-api-v1, fabric-biome-api-v1, fabric-block-api-v1, fabric-block-view-api-v2, fabric-blockrenderlayer-v1, fabric-client-gametest-api-v1, fabric-client-tags-api-v1, fabric-command-api-v1, fabric-command-api-v2, fabric-commands-v0, fabric-content-registries-v0, fabric-convention-tags-v1, fabric-convention-tags-v2, fabric-crash-report-info-v1, fabric-data-attachment-api-v1, fabric-data-generation-api-v1, fabric-dimensions-v1, fabric-entity-events-v1, fabric-events-interaction-v0, fabric-game-rule-api-v1, fabric-gametest-api-v1, fabric-item-api-v1, fabric-item-group-api-v1, fabric-key-binding-api-v1, fabric-keybindings-v0, fabric-lifecycle-events-v1, fabric-loot-api-v2, fabric-loot-api-v3, fabric-message-api-v1, fabric-model-loading-api-v1, fabric-networking-api-v1]
[13:18:01] [Render thread/DEBUG] (net.fabricmc.fabric.impl.resource.loader.ModResourcePackUtil) [Fabric] cur @ fabric, auto-enabled fabric-object-builder-api-v1, currently enabled: [vanilla, fabric, com_viaversion_viaaprilfools-common, com_viaversion_viabackwards-common, com_viaversion_viaversion-common, fabric-api, fabric-api-base, fabric-api-lookup-api-v1, fabric-biome-api-v1, fabric-block-api-v1, fabric-block-view-api-v2, fabric-blockrenderlayer-v1, fabric-client-gametest-api-v1, fabric-client-tags-api-v1, fabric-command-api-v1, fabric-command-api-v2, fabric-commands-v0, fabric-content-registries-v0, fabric-convention-tags-v1, fabric-convention-tags-v2, fabric-crash-report-info-v1, fabric-data-attachment-api-v1, fabric-data-generation-api-v1, fabric-dimensions-v1, fabric-entity-events-v1, fabric-events-interaction-v0, fabric-game-rule-api-v1, fabric-gametest-api-v1, fabric-item-api-v1, fabric-item-group-api-v1, fabric-key-binding-api-v1, fabric-keybindings-v0, fabric-lifecycle-events-v1, fabric-loot-api-v2, fabric-loot-api-v3, fabric-message-api-v1, fabric-model-loading-api-v1, fabric-networking-api-v1, fabric-object-builder-api-v1]
[13:18:01] [Render thread/DEBUG] (net.fabricmc.fabric.impl.resource.loader.ModResourcePackUtil) [Fabric] cur @ fabric, auto-enabled fabric-particles-v1, currently enabled: [vanilla, fabric, com_viaversion_viaaprilfools-common, com_viaversion_viabackwards-common, com_viaversion_viaversion-common, fabric-api, fabric-api-base, fabric-api-lookup-api-v1, fabric-biome-api-v1, fabric-block-api-v1, fabric-block-view-api-v2, fabric-blockrenderlayer-v1, fabric-client-gametest-api-v1, fabric-client-tags-api-v1, fabric-command-api-v1, fabric-command-api-v2, fabric-commands-v0, fabric-content-registries-v0, fabric-convention-tags-v1, fabric-convention-tags-v2, fabric-crash-report-info-v1, fabric-data-attachment-api-v1, fabric-data-generation-api-v1, fabric-dimensions-v1, fabric-entity-events-v1, fabric-events-interaction-v0, fabric-game-rule-api-v1, fabric-gametest-api-v1, fabric-item-api-v1, fabric-item-group-api-v1, fabric-key-binding-api-v1, fabric-keybindings-v0, fabric-lifecycle-events-v1, fabric-loot-api-v2, fabric-loot-api-v3, fabric-message-api-v1, fabric-model-loading-api-v1, fabric-networking-api-v1, fabric-object-builder-api-v1, fabric-particles-v1]
[13:18:01] [Render thread/DEBUG] (net.fabricmc.fabric.impl.resource.loader.ModResourcePackUtil) [Fabric] cur @ fabric, auto-enabled fabric-recipe-api-v1, currently enabled: [vanilla, fabric, com_viaversion_viaaprilfools-common, com_viaversion_viabackwards-common, com_viaversion_viaversion-common, fabric-api, fabric-api-base, fabric-api-lookup-api-v1, fabric-biome-api-v1, fabric-block-api-v1, fabric-block-view-api-v2, fabric-blockrenderlayer-v1, fabric-client-gametest-api-v1, fabric-client-tags-api-v1, fabric-command-api-v1, fabric-command-api-v2, fabric-commands-v0, fabric-content-registries-v0, fabric-convention-tags-v1, fabric-convention-tags-v2, fabric-crash-report-info-v1, fabric-data-attachment-api-v1, fabric-data-generation-api-v1, fabric-dimensions-v1, fabric-entity-events-v1, fabric-events-interaction-v0, fabric-game-rule-api-v1, fabric-gametest-api-v1, fabric-item-api-v1, fabric-item-group-api-v1, fabric-key-binding-api-v1, fabric-keybindings-v0, fabric-lifecycle-events-v1, fabric-loot-api-v2, fabric-loot-api-v3, fabric-message-api-v1, fabric-model-loading-api-v1, fabric-networking-api-v1, fabric-object-builder-api-v1, fabric-particles-v1, fabric-recipe-api-v1]
[13:18:01] [Render thread/DEBUG] (net.fabricmc.fabric.impl.resource.loader.ModResourcePackUtil) [Fabric] cur @ fabric, auto-enabled fabric-registry-sync-v0, currently enabled: [vanilla, fabric, com_viaversion_viaaprilfools-common, com_viaversion_viabackwards-common, com_viaversion_viaversion-common, fabric-api, fabric-api-base, fabric-api-lookup-api-v1, fabric-biome-api-v1, fabric-block-api-v1, fabric-block-view-api-v2, fabric-blockrenderlayer-v1, fabric-client-gametest-api-v1, fabric-client-tags-api-v1, fabric-command-api-v1, fabric-command-api-v2, fabric-commands-v0, fabric-content-registries-v0, fabric-convention-tags-v1, fabric-convention-tags-v2, fabric-crash-report-info-v1, fabric-data-attachment-api-v1, fabric-data-generation-api-v1, fabric-dimensions-v1, fabric-entity-events-v1, fabric-events-interaction-v0, fabric-game-rule-api-v1, fabric-gametest-api-v1, fabric-item-api-v1, fabric-item-group-api-v1, fabric-key-binding-api-v1, fabric-keybindings-v0, fabric-lifecycle-events-v1, fabric-loot-api-v2, fabric-loot-api-v3, fabric-message-api-v1, fabric-model-loading-api-v1, fabric-networking-api-v1, fabric-object-builder-api-v1, fabric-particles-v1, fabric-recipe-api-v1, fabric-registry-sync-v0]
[13:18:01] [Render thread/DEBUG] (net.fabricmc.fabric.impl.resource.loader.ModResourcePackUtil) [Fabric] cur @ fabric, auto-enabled fabric-renderer-api-v1, currently enabled: [vanilla, fabric, com_viaversion_viaaprilfools-common, com_viaversion_viabackwards-common, com_viaversion_viaversion-common, fabric-api, fabric-api-base, fabric-api-lookup-api-v1, fabric-biome-api-v1, fabric-block-api-v1, fabric-block-view-api-v2, fabric-blockrenderlayer-v1, fabric-client-gametest-api-v1, fabric-client-tags-api-v1, fabric-command-api-v1, fabric-command-api-v2, fabric-commands-v0, fabric-content-registries-v0, fabric-convention-tags-v1, fabric-convention-tags-v2, fabric-crash-report-info-v1, fabric-data-attachment-api-v1, fabric-data-generation-api-v1, fabric-dimensions-v1, fabric-entity-events-v1, fabric-events-interaction-v0, fabric-game-rule-api-v1, fabric-gametest-api-v1, fabric-item-api-v1, fabric-item-group-api-v1, fabric-key-binding-api-v1, fabric-keybindings-v0, fabric-lifecycle-events-v1, fabric-loot-api-v2, fabric-loot-api-v3, fabric-message-api-v1, fabric-model-loading-api-v1, fabric-networking-api-v1, fabric-object-builder-api-v1, fabric-particles-v1, fabric-recipe-api-v1, fabric-registry-sync-v0, fabric-renderer-api-v1]
[13:18:01] [Render thread/DEBUG] (net.fabricmc.fabric.impl.resource.loader.ModResourcePackUtil) [Fabric] cur @ fabric, auto-enabled fabric-renderer-indigo, currently enabled: [vanilla, fabric, com_viaversion_viaaprilfools-common, com_viaversion_viabackwards-common, com_viaversion_viaversion-common, fabric-api, fabric-api-base, fabric-api-lookup-api-v1, fabric-biome-api-v1, fabric-block-api-v1, fabric-block-view-api-v2, fabric-blockrenderlayer-v1, fabric-client-gametest-api-v1, fabric-client-tags-api-v1, fabric-command-api-v1, fabric-command-api-v2, fabric-commands-v0, fabric-content-registries-v0, fabric-convention-tags-v1, fabric-convention-tags-v2, fabric-crash-report-info-v1, fabric-data-attachment-api-v1, fabric-data-generation-api-v1, fabric-dimensions-v1, fabric-entity-events-v1, fabric-events-interaction-v0, fabric-game-rule-api-v1, fabric-gametest-api-v1, fabric-item-api-v1, fabric-item-group-api-v1, fabric-key-binding-api-v1, fabric-keybindings-v0, fabric-lifecycle-events-v1, fabric-loot-api-v2, fabric-loot-api-v3, fabric-message-api-v1, fabric-model-loading-api-v1, fabric-networking-api-v1, fabric-object-builder-api-v1, fabric-particles-v1, fabric-recipe-api-v1, fabric-registry-sync-v0, fabric-renderer-api-v1, fabric-renderer-indigo]
[13:18:01] [Render thread/DEBUG] (net.fabricmc.fabric.impl.resource.loader.ModResourcePackUtil) [Fabric] cur @ fabric, auto-enabled fabric-rendering-data-attachment-v1, currently enabled: [vanilla, fabric, com_viaversion_viaaprilfools-common, com_viaversion_viabackwards-common, com_viaversion_viaversion-common, fabric-api, fabric-api-base, fabric-api-lookup-api-v1, fabric-biome-api-v1, fabric-block-api-v1, fabric-block-view-api-v2, fabric-blockrenderlayer-v1, fabric-client-gametest-api-v1, fabric-client-tags-api-v1, fabric-command-api-v1, fabric-command-api-v2, fabric-commands-v0, fabric-content-registries-v0, fabric-convention-tags-v1, fabric-convention-tags-v2, fabric-crash-report-info-v1, fabric-data-attachment-api-v1, fabric-data-generation-api-v1, fabric-dimensions-v1, fabric-entity-events-v1, fabric-events-interaction-v0, fabric-game-rule-api-v1, fabric-gametest-api-v1, fabric-item-api-v1, fabric-item-group-api-v1, fabric-key-binding-api-v1, fabric-keybindings-v0, fabric-lifecycle-events-v1, fabric-loot-api-v2, fabric-loot-api-v3, fabric-message-api-v1, fabric-model-loading-api-v1, fabric-networking-api-v1, fabric-object-builder-api-v1, fabric-particles-v1, fabric-recipe-api-v1, fabric-registry-sync-v0, fabric-renderer-api-v1, fabric-renderer-indigo, fabric-rendering-data-attachment-v1]
[13:18:01] [Render thread/DEBUG] (net.fabricmc.fabric.impl.resource.loader.ModResourcePackUtil) [Fabric] cur @ fabric, auto-enabled fabric-rendering-fluids-v1, currently enabled: [vanilla, fabric, com_viaversion_viaaprilfools-common, com_viaversion_viabackwards-common, com_viaversion_viaversion-common, fabric-api, fabric-api-base, fabric-api-lookup-api-v1, fabric-biome-api-v1, fabric-block-api-v1, fabric-block-view-api-v2, fabric-blockrenderlayer-v1, fabric-client-gametest-api-v1, fabric-client-tags-api-v1, fabric-command-api-v1, fabric-command-api-v2, fabric-commands-v0, fabric-content-registries-v0, fabric-convention-tags-v1, fabric-convention-tags-v2, fabric-crash-report-info-v1, fabric-data-attachment-api-v1, fabric-data-generation-api-v1, fabric-dimensions-v1, fabric-entity-events-v1, fabric-events-interaction-v0, fabric-game-rule-api-v1, fabric-gametest-api-v1, fabric-item-api-v1, fabric-item-group-api-v1, fabric-key-binding-api-v1, fabric-keybindings-v0, fabric-lifecycle-events-v1, fabric-loot-api-v2, fabric-loot-api-v3, fabric-message-api-v1, fabric-model-loading-api-v1, fabric-networking-api-v1, fabric-object-builder-api-v1, fabric-particles-v1, fabric-recipe-api-v1, fabric-registry-sync-v0, fabric-renderer-api-v1, fabric-renderer-indigo, fabric-rendering-data-attachment-v1, fabric-rendering-fluids-v1]
[13:18:01] [Render thread/DEBUG] (net.fabricmc.fabric.impl.resource.loader.ModResourcePackUtil) [Fabric] cur @ fabric, auto-enabled fabric-rendering-v1, currently enabled: [vanilla, fabric, com_viaversion_viaaprilfools-common, com_viaversion_viabackwards-common, com_viaversion_viaversion-common, fabric-api, fabric-api-base, fabric-api-lookup-api-v1, fabric-biome-api-v1, fabric-block-api-v1, fabric-block-view-api-v2, fabric-blockrenderlayer-v1, fabric-client-gametest-api-v1, fabric-client-tags-api-v1, fabric-command-api-v1, fabric-command-api-v2, fabric-commands-v0, fabric-content-registries-v0, fabric-convention-tags-v1, fabric-convention-tags-v2, fabric-crash-report-info-v1, fabric-data-attachment-api-v1, fabric-data-generation-api-v1, fabric-dimensions-v1, fabric-entity-events-v1, fabric-events-interaction-v0, fabric-game-rule-api-v1, fabric-gametest-api-v1, fabric-item-api-v1, fabric-item-group-api-v1, fabric-key-binding-api-v1, fabric-keybindings-v0, fabric-lifecycle-events-v1, fabric-loot-api-v2, fabric-loot-api-v3, fabric-message-api-v1, fabric-model-loading-api-v1, fabric-networking-api-v1, fabric-object-builder-api-v1, fabric-particles-v1, fabric-recipe-api-v1, fabric-registry-sync-v0, fabric-renderer-api-v1, fabric-renderer-indigo, fabric-rendering-data-attachment-v1, fabric-rendering-fluids-v1, fabric-rendering-v1]
[13:18:01] [Render thread/DEBUG] (net.fabricmc.fabric.impl.resource.loader.ModResourcePackUtil) [Fabric] cur @ fabric, auto-enabled fabric-resource-conditions-api-v1, currently enabled: [vanilla, fabric, com_viaversion_viaaprilfools-common, com_viaversion_viabackwards-common, com_viaversion_viaversion-common, fabric-api, fabric-api-base, fabric-api-lookup-api-v1, fabric-biome-api-v1, fabric-block-api-v1, fabric-block-view-api-v2, fabric-blockrenderlayer-v1, fabric-client-gametest-api-v1, fabric-client-tags-api-v1, fabric-command-api-v1, fabric-command-api-v2, fabric-commands-v0, fabric-content-registries-v0, fabric-convention-tags-v1, fabric-convention-tags-v2, fabric-crash-report-info-v1, fabric-data-attachment-api-v1, fabric-data-generation-api-v1, fabric-dimensions-v1, fabric-entity-events-v1, fabric-events-interaction-v0, fabric-game-rule-api-v1, fabric-gametest-api-v1, fabric-item-api-v1, fabric-item-group-api-v1, fabric-key-binding-api-v1, fabric-keybindings-v0, fabric-lifecycle-events-v1, fabric-loot-api-v2, fabric-loot-api-v3, fabric-message-api-v1, fabric-model-loading-api-v1, fabric-networking-api-v1, fabric-object-builder-api-v1, fabric-particles-v1, fabric-recipe-api-v1, fabric-registry-sync-v0, fabric-renderer-api-v1, fabric-renderer-indigo, fabric-rendering-data-attachment-v1, fabric-rendering-fluids-v1, fabric-rendering-v1, fabric-resource-conditions-api-v1]
[13:18:01] [Render thread/DEBUG] (net.fabricmc.fabric.impl.resource.loader.ModResourcePackUtil) [Fabric] cur @ fabric, auto-enabled fabric-resource-loader-v0, currently enabled: [vanilla, fabric, com_viaversion_viaaprilfools-common, com_viaversion_viabackwards-common, com_viaversion_viaversion-common, fabric-api, fabric-api-base, fabric-api-lookup-api-v1, fabric-biome-api-v1, fabric-block-api-v1, fabric-block-view-api-v2, fabric-blockrenderlayer-v1, fabric-client-gametest-api-v1, fabric-client-tags-api-v1, fabric-command-api-v1, fabric-command-api-v2, fabric-commands-v0, fabric-content-registries-v0, fabric-convention-tags-v1, fabric-convention-tags-v2, fabric-crash-report-info-v1, fabric-data-attachment-api-v1, fabric-data-generation-api-v1, fabric-dimensions-v1, fabric-entity-events-v1, fabric-events-interaction-v0, fabric-game-rule-api-v1, fabric-gametest-api-v1, fabric-item-api-v1, fabric-item-group-api-v1, fabric-key-binding-api-v1, fabric-keybindings-v0, fabric-lifecycle-events-v1, fabric-loot-api-v2, fabric-loot-api-v3, fabric-message-api-v1, fabric-model-loading-api-v1, fabric-networking-api-v1, fabric-object-builder-api-v1, fabric-particles-v1, fabric-recipe-api-v1, fabric-registry-sync-v0, fabric-renderer-api-v1, fabric-renderer-indigo, fabric-rendering-data-attachment-v1, fabric-rendering-fluids-v1, fabric-rendering-v1, fabric-resource-conditions-api-v1, fabric-resource-loader-v0]
[13:18:01] [Render thread/DEBUG] (net.fabricmc.fabric.impl.resource.loader.ModResourcePackUtil) [Fabric] cur @ fabric, auto-enabled fabric-screen-api-v1, currently enabled: [vanilla, fabric, com_viaversion_viaaprilfools-common, com_viaversion_viabackwards-common, com_viaversion_viaversion-common, fabric-api, fabric-api-base, fabric-api-lookup-api-v1, fabric-biome-api-v1, fabric-block-api-v1, fabric-block-view-api-v2, fabric-blockrenderlayer-v1, fabric-client-gametest-api-v1, fabric-client-tags-api-v1, fabric-command-api-v1, fabric-command-api-v2, fabric-commands-v0, fabric-content-registries-v0, fabric-convention-tags-v1, fabric-convention-tags-v2, fabric-crash-report-info-v1, fabric-data-attachment-api-v1, fabric-data-generation-api-v1, fabric-dimensions-v1, fabric-entity-events-v1, fabric-events-interaction-v0, fabric-game-rule-api-v1, fabric-gametest-api-v1, fabric-item-api-v1, fabric-item-group-api-v1, fabric-key-binding-api-v1, fabric-keybindings-v0, fabric-lifecycle-events-v1, fabric-loot-api-v2, fabric-loot-api-v3, fabric-message-api-v1, fabric-model-loading-api-v1, fabric-networking-api-v1, fabric-object-builder-api-v1, fabric-particles-v1, fabric-recipe-api-v1, fabric-registry-sync-v0, fabric-renderer-api-v1, fabric-renderer-indigo, fabric-rendering-data-attachment-v1, fabric-rendering-fluids-v1, fabric-rendering-v1, fabric-resource-conditions-api-v1, fabric-resource-loader-v0, fabric-screen-api-v1]
[13:18:01] [Render thread/DEBUG] (net.fabricmc.fabric.impl.resource.loader.ModResourcePackUtil) [Fabric] cur @ fabric, auto-enabled fabric-screen-handler-api-v1, currently enabled: [vanilla, fabric, com_viaversion_viaaprilfools-common, com_viaversion_viabackwards-common, com_viaversion_viaversion-common, fabric-api, fabric-api-base, fabric-api-lookup-api-v1, fabric-biome-api-v1, fabric-block-api-v1, fabric-block-view-api-v2, fabric-blockrenderlayer-v1, fabric-client-gametest-api-v1, fabric-client-tags-api-v1, fabric-command-api-v1, fabric-command-api-v2, fabric-commands-v0, fabric-content-registries-v0, fabric-convention-tags-v1, fabric-convention-tags-v2, fabric-crash-report-info-v1, fabric-data-attachment-api-v1, fabric-data-generation-api-v1, fabric-dimensions-v1, fabric-entity-events-v1, fabric-events-interaction-v0, fabric-game-rule-api-v1, fabric-gametest-api-v1, fabric-item-api-v1, fabric-item-group-api-v1, fabric-key-binding-api-v1, fabric-keybindings-v0, fabric-lifecycle-events-v1, fabric-loot-api-v2, fabric-loot-api-v3, fabric-message-api-v1, fabric-model-loading-api-v1, fabric-networking-api-v1, fabric-object-builder-api-v1, fabric-particles-v1, fabric-recipe-api-v1, fabric-registry-sync-v0, fabric-renderer-api-v1, fabric-renderer-indigo, fabric-rendering-data-attachment-v1, fabric-rendering-fluids-v1, fabric-rendering-v1, fabric-resource-conditions-api-v1, fabric-resource-loader-v0, fabric-screen-api-v1, fabric-screen-handler-api-v1]
[13:18:01] [Render thread/DEBUG] (net.fabricmc.fabric.impl.resource.loader.ModResourcePackUtil) [Fabric] cur @ fabric, auto-enabled fabric-sound-api-v1, currently enabled: [vanilla, fabric, com_viaversion_viaaprilfools-common, com_viaversion_viabackwards-common, com_viaversion_viaversion-common, fabric-api, fabric-api-base, fabric-api-lookup-api-v1, fabric-biome-api-v1, fabric-block-api-v1, fabric-block-view-api-v2, fabric-blockrenderlayer-v1, fabric-client-gametest-api-v1, fabric-client-tags-api-v1, fabric-command-api-v1, fabric-command-api-v2, fabric-commands-v0, fabric-content-registries-v0, fabric-convention-tags-v1, fabric-convention-tags-v2, fabric-crash-report-info-v1, fabric-data-attachment-api-v1, fabric-data-generation-api-v1, fabric-dimensions-v1, fabric-entity-events-v1, fabric-events-interaction-v0, fabric-game-rule-api-v1, fabric-gametest-api-v1, fabric-item-api-v1, fabric-item-group-api-v1, fabric-key-binding-api-v1, fabric-keybindings-v0, fabric-lifecycle-events-v1, fabric-loot-api-v2, fabric-loot-api-v3, fabric-message-api-v1, fabric-model-loading-api-v1, fabric-networking-api-v1, fabric-object-builder-api-v1, fabric-particles-v1, fabric-recipe-api-v1, fabric-registry-sync-v0, fabric-renderer-api-v1, fabric-renderer-indigo, fabric-rendering-data-attachment-v1, fabric-rendering-fluids-v1, fabric-rendering-v1, fabric-resource-conditions-api-v1, fabric-resource-loader-v0, fabric-screen-api-v1, fabric-screen-handler-api-v1, fabric-sound-api-v1]
[13:18:01] [Render thread/DEBUG] (net.fabricmc.fabric.impl.resource.loader.ModResourcePackUtil) [Fabric] cur @ fabric, auto-enabled fabric-tag-api-v1, currently enabled: [vanilla, fabric, com_viaversion_viaaprilfools-common, com_viaversion_viabackwards-common, com_viaversion_viaversion-common, fabric-api, fabric-api-base, fabric-api-lookup-api-v1, fabric-biome-api-v1, fabric-block-api-v1, fabric-block-view-api-v2, fabric-blockrenderlayer-v1, fabric-client-gametest-api-v1, fabric-client-tags-api-v1, fabric-command-api-v1, fabric-command-api-v2, fabric-commands-v0, fabric-content-registries-v0, fabric-convention-tags-v1, fabric-convention-tags-v2, fabric-crash-report-info-v1, fabric-data-attachment-api-v1, fabric-data-generation-api-v1, fabric-dimensions-v1, fabric-entity-events-v1, fabric-events-interaction-v0, fabric-game-rule-api-v1, fabric-gametest-api-v1, fabric-item-api-v1, fabric-item-group-api-v1, fabric-key-binding-api-v1, fabric-keybindings-v0, fabric-lifecycle-events-v1, fabric-loot-api-v2, fabric-loot-api-v3, fabric-message-api-v1, fabric-model-loading-api-v1, fabric-networking-api-v1, fabric-object-builder-api-v1, fabric-particles-v1, fabric-recipe-api-v1, fabric-registry-sync-v0, fabric-renderer-api-v1, fabric-renderer-indigo, fabric-rendering-data-attachment-v1, fabric-rendering-fluids-v1, fabric-rendering-v1, fabric-resource-conditions-api-v1, fabric-resource-loader-v0, fabric-screen-api-v1, fabric-screen-handler-api-v1, fabric-sound-api-v1, fabric-tag-api-v1]
[13:18:01] [Render thread/DEBUG] (net.fabricmc.fabric.impl.resource.loader.ModResourcePackUtil) [Fabric] cur @ fabric, auto-enabled fabric-transfer-api-v1, currently enabled: [vanilla, fabric, com_viaversion_viaaprilfools-common, com_viaversion_viabackwards-common, com_viaversion_viaversion-common, fabric-api, fabric-api-base, fabric-api-lookup-api-v1, fabric-biome-api-v1, fabric-block-api-v1, fabric-block-view-api-v2, fabric-blockrenderlayer-v1, fabric-client-gametest-api-v1, fabric-client-tags-api-v1, fabric-command-api-v1, fabric-command-api-v2, fabric-commands-v0, fabric-content-registries-v0, fabric-convention-tags-v1, fabric-convention-tags-v2, fabric-crash-report-info-v1, fabric-data-attachment-api-v1, fabric-data-generation-api-v1, fabric-dimensions-v1, fabric-entity-events-v1, fabric-events-interaction-v0, fabric-game-rule-api-v1, fabric-gametest-api-v1, fabric-item-api-v1, fabric-item-group-api-v1, fabric-key-binding-api-v1, fabric-keybindings-v0, fabric-lifecycle-events-v1, fabric-loot-api-v2, fabric-loot-api-v3, fabric-message-api-v1, fabric-model-loading-api-v1, fabric-networking-api-v1, fabric-object-builder-api-v1, fabric-particles-v1, fabric-recipe-api-v1, fabric-registry-sync-v0, fabric-renderer-api-v1, fabric-renderer-indigo, fabric-rendering-data-attachment-v1, fabric-rendering-fluids-v1, fabric-rendering-v1, fabric-resource-conditions-api-v1, fabric-resource-loader-v0, fabric-screen-api-v1, fabric-screen-handler-api-v1, fabric-sound-api-v1, fabric-tag-api-v1, fabric-transfer-api-v1]
[13:18:01] [Render thread/DEBUG] (net.fabricmc.fabric.impl.resource.loader.ModResourcePackUtil) [Fabric] cur @ fabric, auto-enabled fabric-transitive-access-wideners-v1, currently enabled: [vanilla, fabric, com_viaversion_viaaprilfools-common, com_viaversion_viabackwards-common, com_viaversion_viaversion-common, fabric-api, fabric-api-base, fabric-api-lookup-api-v1, fabric-biome-api-v1, fabric-block-api-v1, fabric-block-view-api-v2, fabric-blockrenderlayer-v1, fabric-client-gametest-api-v1, fabric-client-tags-api-v1, fabric-command-api-v1, fabric-command-api-v2, fabric-commands-v0, fabric-content-registries-v0, fabric-convention-tags-v1, fabric-convention-tags-v2, fabric-crash-report-info-v1, fabric-data-attachment-api-v1, fabric-data-generation-api-v1, fabric-dimensions-v1, fabric-entity-events-v1, fabric-events-interaction-v0, fabric-game-rule-api-v1, fabric-gametest-api-v1, fabric-item-api-v1, fabric-item-group-api-v1, fabric-key-binding-api-v1, fabric-keybindings-v0, fabric-lifecycle-events-v1, fabric-loot-api-v2, fabric-loot-api-v3, fabric-message-api-v1, fabric-model-loading-api-v1, fabric-networking-api-v1, fabric-object-builder-api-v1, fabric-particles-v1, fabric-recipe-api-v1, fabric-registry-sync-v0, fabric-renderer-api-v1, fabric-renderer-indigo, fabric-rendering-data-attachment-v1, fabric-rendering-fluids-v1, fabric-rendering-v1, fabric-resource-conditions-api-v1, fabric-resource-loader-v0, fabric-screen-api-v1, fabric-screen-handler-api-v1, fabric-sound-api-v1, fabric-tag-api-v1, fabric-transfer-api-v1, fabric-transitive-access-wideners-v1]
[13:18:01] [Render thread/DEBUG] (net.fabricmc.fabric.impl.resource.loader.ModResourcePackUtil) [Fabric] cur @ fabric, auto-enabled fabricloader, currently enabled: [vanilla, fabric, com_viaversion_viaaprilfools-common, com_viaversion_viabackwards-common, com_viaversion_viaversion-common, fabric-api, fabric-api-base, fabric-api-lookup-api-v1, fabric-biome-api-v1, fabric-block-api-v1, fabric-block-view-api-v2, fabric-blockrenderlayer-v1, fabric-client-gametest-api-v1, fabric-client-tags-api-v1, fabric-command-api-v1, fabric-command-api-v2, fabric-commands-v0, fabric-content-registries-v0, fabric-convention-tags-v1, fabric-convention-tags-v2, fabric-crash-report-info-v1, fabric-data-attachment-api-v1, fabric-data-generation-api-v1, fabric-dimensions-v1, fabric-entity-events-v1, fabric-events-interaction-v0, fabric-game-rule-api-v1, fabric-gametest-api-v1, fabric-item-api-v1, fabric-item-group-api-v1, fabric-key-binding-api-v1, fabric-keybindings-v0, fabric-lifecycle-events-v1, fabric-loot-api-v2, fabric-loot-api-v3, fabric-message-api-v1, fabric-model-loading-api-v1, fabric-networking-api-v1, fabric-object-builder-api-v1, fabric-particles-v1, fabric-recipe-api-v1, fabric-registry-sync-v0, fabric-renderer-api-v1, fabric-renderer-indigo, fabric-rendering-data-attachment-v1, fabric-rendering-fluids-v1, fabric-rendering-v1, fabric-resource-conditions-api-v1, fabric-resource-loader-v0, fabric-screen-api-v1, fabric-screen-handler-api-v1, fabric-sound-api-v1, fabric-tag-api-v1, fabric-transfer-api-v1, fabric-transitive-access-wideners-v1, fabricloader]
[13:18:01] [Render thread/DEBUG] (net.fabricmc.fabric.impl.resource.loader.ModResourcePackUtil) [Fabric] cur @ fabric, auto-enabled ias, currently enabled: [vanilla, fabric, com_viaversion_viaaprilfools-common, com_viaversion_viabackwards-common, com_viaversion_viaversion-common, fabric-api, fabric-api-base, fabric-api-lookup-api-v1, fabric-biome-api-v1, fabric-block-api-v1, fabric-block-view-api-v2, fabric-blockrenderlayer-v1, fabric-client-gametest-api-v1, fabric-client-tags-api-v1, fabric-command-api-v1, fabric-command-api-v2, fabric-commands-v0, fabric-content-registries-v0, fabric-convention-tags-v1, fabric-convention-tags-v2, fabric-crash-report-info-v1, fabric-data-attachment-api-v1, fabric-data-generation-api-v1, fabric-dimensions-v1, fabric-entity-events-v1, fabric-events-interaction-v0, fabric-game-rule-api-v1, fabric-gametest-api-v1, fabric-item-api-v1, fabric-item-group-api-v1, fabric-key-binding-api-v1, fabric-keybindings-v0, fabric-lifecycle-events-v1, fabric-loot-api-v2, fabric-loot-api-v3, fabric-message-api-v1, fabric-model-loading-api-v1, fabric-networking-api-v1, fabric-object-builder-api-v1, fabric-particles-v1, fabric-recipe-api-v1, fabric-registry-sync-v0, fabric-renderer-api-v1, fabric-renderer-indigo, fabric-rendering-data-attachment-v1, fabric-rendering-fluids-v1, fabric-rendering-v1, fabric-resource-conditions-api-v1, fabric-resource-loader-v0, fabric-screen-api-v1, fabric-screen-handler-api-v1, fabric-sound-api-v1, fabric-tag-api-v1, fabric-transfer-api-v1, fabric-transitive-access-wideners-v1, fabricloader, ias]
[13:18:01] [Render thread/DEBUG] (net.fabricmc.fabric.impl.resource.loader.ModResourcePackUtil) [Fabric] cur @ fabric, auto-enabled luxury, currently enabled: [vanilla, fabric, com_viaversion_viaaprilfools-common, com_viaversion_viabackwards-common, com_viaversion_viaversion-common, fabric-api, fabric-api-base, fabric-api-lookup-api-v1, fabric-biome-api-v1, fabric-block-api-v1, fabric-block-view-api-v2, fabric-blockrenderlayer-v1, fabric-client-gametest-api-v1, fabric-client-tags-api-v1, fabric-command-api-v1, fabric-command-api-v2, fabric-commands-v0, fabric-content-registries-v0, fabric-convention-tags-v1, fabric-convention-tags-v2, fabric-crash-report-info-v1, fabric-data-attachment-api-v1, fabric-data-generation-api-v1, fabric-dimensions-v1, fabric-entity-events-v1, fabric-events-interaction-v0, fabric-game-rule-api-v1, fabric-gametest-api-v1, fabric-item-api-v1, fabric-item-group-api-v1, fabric-key-binding-api-v1, fabric-keybindings-v0, fabric-lifecycle-events-v1, fabric-loot-api-v2, fabric-loot-api-v3, fabric-message-api-v1, fabric-model-loading-api-v1, fabric-networking-api-v1, fabric-object-builder-api-v1, fabric-particles-v1, fabric-recipe-api-v1, fabric-registry-sync-v0, fabric-renderer-api-v1, fabric-renderer-indigo, fabric-rendering-data-attachment-v1, fabric-rendering-fluids-v1, fabric-rendering-v1, fabric-resource-conditions-api-v1, fabric-resource-loader-v0, fabric-screen-api-v1, fabric-screen-handler-api-v1, fabric-sound-api-v1, fabric-tag-api-v1, fabric-transfer-api-v1, fabric-transitive-access-wideners-v1, fabricloader, ias, luxury]
[13:18:01] [Render thread/DEBUG] (net.fabricmc.fabric.impl.resource.loader.ModResourcePackUtil) [Fabric] cur @ fabric, auto-enabled modmenu, currently enabled: [vanilla, fabric, com_viaversion_viaaprilfools-common, com_viaversion_viabackwards-common, com_viaversion_viaversion-common, fabric-api, fabric-api-base, fabric-api-lookup-api-v1, fabric-biome-api-v1, fabric-block-api-v1, fabric-block-view-api-v2, fabric-blockrenderlayer-v1, fabric-client-gametest-api-v1, fabric-client-tags-api-v1, fabric-command-api-v1, fabric-command-api-v2, fabric-commands-v0, fabric-content-registries-v0, fabric-convention-tags-v1, fabric-convention-tags-v2, fabric-crash-report-info-v1, fabric-data-attachment-api-v1, fabric-data-generation-api-v1, fabric-dimensions-v1, fabric-entity-events-v1, fabric-events-interaction-v0, fabric-game-rule-api-v1, fabric-gametest-api-v1, fabric-item-api-v1, fabric-item-group-api-v1, fabric-key-binding-api-v1, fabric-keybindings-v0, fabric-lifecycle-events-v1, fabric-loot-api-v2, fabric-loot-api-v3, fabric-message-api-v1, fabric-model-loading-api-v1, fabric-networking-api-v1, fabric-object-builder-api-v1, fabric-particles-v1, fabric-recipe-api-v1, fabric-registry-sync-v0, fabric-renderer-api-v1, fabric-renderer-indigo, fabric-rendering-data-attachment-v1, fabric-rendering-fluids-v1, fabric-rendering-v1, fabric-resource-conditions-api-v1, fabric-resource-loader-v0, fabric-screen-api-v1, fabric-screen-handler-api-v1, fabric-sound-api-v1, fabric-tag-api-v1, fabric-transfer-api-v1, fabric-transitive-access-wideners-v1, fabricloader, ias, luxury, modmenu]
[13:18:01] [Render thread/DEBUG] (net.fabricmc.fabric.impl.resource.loader.ModResourcePackUtil) [Fabric] cur @ fabric, auto-enabled net_raphimc_viabedrock, currently enabled: [vanilla, fabric, com_viaversion_viaaprilfools-common, com_viaversion_viabackwards-common, com_viaversion_viaversion-common, fabric-api, fabric-api-base, fabric-api-lookup-api-v1, fabric-biome-api-v1, fabric-block-api-v1, fabric-block-view-api-v2, fabric-blockrenderlayer-v1, fabric-client-gametest-api-v1, fabric-client-tags-api-v1, fabric-command-api-v1, fabric-command-api-v2, fabric-commands-v0, fabric-content-registries-v0, fabric-convention-tags-v1, fabric-convention-tags-v2, fabric-crash-report-info-v1, fabric-data-attachment-api-v1, fabric-data-generation-api-v1, fabric-dimensions-v1, fabric-entity-events-v1, fabric-events-interaction-v0, fabric-game-rule-api-v1, fabric-gametest-api-v1, fabric-item-api-v1, fabric-item-group-api-v1, fabric-key-binding-api-v1, fabric-keybindings-v0, fabric-lifecycle-events-v1, fabric-loot-api-v2, fabric-loot-api-v3, fabric-message-api-v1, fabric-model-loading-api-v1, fabric-networking-api-v1, fabric-object-builder-api-v1, fabric-particles-v1, fabric-recipe-api-v1, fabric-registry-sync-v0, fabric-renderer-api-v1, fabric-renderer-indigo, fabric-rendering-data-attachment-v1, fabric-rendering-fluids-v1, fabric-rendering-v1, fabric-resource-conditions-api-v1, fabric-resource-loader-v0, fabric-screen-api-v1, fabric-screen-handler-api-v1, fabric-sound-api-v1, fabric-tag-api-v1, fabric-transfer-api-v1, fabric-transitive-access-wideners-v1, fabricloader, ias, luxury, modmenu, net_raphimc_viabedrock]
[13:18:01] [Render thread/DEBUG] (net.fabricmc.fabric.impl.resource.loader.ModResourcePackUtil) [Fabric] cur @ fabric, auto-enabled net_raphimc_vialegacy, currently enabled: [vanilla, fabric, com_viaversion_viaaprilfools-common, com_viaversion_viabackwards-common, com_viaversion_viaversion-common, fabric-api, fabric-api-base, fabric-api-lookup-api-v1, fabric-biome-api-v1, fabric-block-api-v1, fabric-block-view-api-v2, fabric-blockrenderlayer-v1, fabric-client-gametest-api-v1, fabric-client-tags-api-v1, fabric-command-api-v1, fabric-command-api-v2, fabric-commands-v0, fabric-content-registries-v0, fabric-convention-tags-v1, fabric-convention-tags-v2, fabric-crash-report-info-v1, fabric-data-attachment-api-v1, fabric-data-generation-api-v1, fabric-dimensions-v1, fabric-entity-events-v1, fabric-events-interaction-v0, fabric-game-rule-api-v1, fabric-gametest-api-v1, fabric-item-api-v1, fabric-item-group-api-v1, fabric-key-binding-api-v1, fabric-keybindings-v0, fabric-lifecycle-events-v1, fabric-loot-api-v2, fabric-loot-api-v3, fabric-message-api-v1, fabric-model-loading-api-v1, fabric-networking-api-v1, fabric-object-builder-api-v1, fabric-particles-v1, fabric-recipe-api-v1, fabric-registry-sync-v0, fabric-renderer-api-v1, fabric-renderer-indigo, fabric-rendering-data-attachment-v1, fabric-rendering-fluids-v1, fabric-rendering-v1, fabric-resource-conditions-api-v1, fabric-resource-loader-v0, fabric-screen-api-v1, fabric-screen-handler-api-v1, fabric-sound-api-v1, fabric-tag-api-v1, fabric-transfer-api-v1, fabric-transitive-access-wideners-v1, fabricloader, ias, luxury, modmenu, net_raphimc_viabedrock, net_raphimc_vialegacy]
[13:18:01] [Render thread/DEBUG] (net.fabricmc.fabric.impl.resource.loader.ModResourcePackUtil) [Fabric] cur @ fabric, auto-enabled placeholder-api, currently enabled: [vanilla, fabric, com_viaversion_viaaprilfools-common, com_viaversion_viabackwards-common, com_viaversion_viaversion-common, fabric-api, fabric-api-base, fabric-api-lookup-api-v1, fabric-biome-api-v1, fabric-block-api-v1, fabric-block-view-api-v2, fabric-blockrenderlayer-v1, fabric-client-gametest-api-v1, fabric-client-tags-api-v1, fabric-command-api-v1, fabric-command-api-v2, fabric-commands-v0, fabric-content-registries-v0, fabric-convention-tags-v1, fabric-convention-tags-v2, fabric-crash-report-info-v1, fabric-data-attachment-api-v1, fabric-data-generation-api-v1, fabric-dimensions-v1, fabric-entity-events-v1, fabric-events-interaction-v0, fabric-game-rule-api-v1, fabric-gametest-api-v1, fabric-item-api-v1, fabric-item-group-api-v1, fabric-key-binding-api-v1, fabric-keybindings-v0, fabric-lifecycle-events-v1, fabric-loot-api-v2, fabric-loot-api-v3, fabric-message-api-v1, fabric-model-loading-api-v1, fabric-networking-api-v1, fabric-object-builder-api-v1, fabric-particles-v1, fabric-recipe-api-v1, fabric-registry-sync-v0, fabric-renderer-api-v1, fabric-renderer-indigo, fabric-rendering-data-attachment-v1, fabric-rendering-fluids-v1, fabric-rendering-v1, fabric-resource-conditions-api-v1, fabric-resource-loader-v0, fabric-screen-api-v1, fabric-screen-handler-api-v1, fabric-sound-api-v1, fabric-tag-api-v1, fabric-transfer-api-v1, fabric-transitive-access-wideners-v1, fabricloader, ias, luxury, modmenu, net_raphimc_viabedrock, net_raphimc_vialegacy, placeholder-api]
[13:18:01] [Render thread/DEBUG] (net.fabricmc.fabric.impl.resource.loader.ModResourcePackUtil) [Fabric] cur @ fabric, auto-enabled viafabricplus, currently enabled: [vanilla, fabric, com_viaversion_viaaprilfools-common, com_viaversion_viabackwards-common, com_viaversion_viaversion-common, fabric-api, fabric-api-base, fabric-api-lookup-api-v1, fabric-biome-api-v1, fabric-block-api-v1, fabric-block-view-api-v2, fabric-blockrenderlayer-v1, fabric-client-gametest-api-v1, fabric-client-tags-api-v1, fabric-command-api-v1, fabric-command-api-v2, fabric-commands-v0, fabric-content-registries-v0, fabric-convention-tags-v1, fabric-convention-tags-v2, fabric-crash-report-info-v1, fabric-data-attachment-api-v1, fabric-data-generation-api-v1, fabric-dimensions-v1, fabric-entity-events-v1, fabric-events-interaction-v0, fabric-game-rule-api-v1, fabric-gametest-api-v1, fabric-item-api-v1, fabric-item-group-api-v1, fabric-key-binding-api-v1, fabric-keybindings-v0, fabric-lifecycle-events-v1, fabric-loot-api-v2, fabric-loot-api-v3, fabric-message-api-v1, fabric-model-loading-api-v1, fabric-networking-api-v1, fabric-object-builder-api-v1, fabric-particles-v1, fabric-recipe-api-v1, fabric-registry-sync-v0, fabric-renderer-api-v1, fabric-renderer-indigo, fabric-rendering-data-attachment-v1, fabric-rendering-fluids-v1, fabric-rendering-v1, fabric-resource-conditions-api-v1, fabric-resource-loader-v0, fabric-screen-api-v1, fabric-screen-handler-api-v1, fabric-sound-api-v1, fabric-tag-api-v1, fabric-transfer-api-v1, fabric-transitive-access-wideners-v1, fabricloader, ias, luxury, modmenu, net_raphimc_viabedrock, net_raphimc_vialegacy, placeholder-api, viafabricplus]
[13:18:01] [Render thread/DEBUG] (net.fabricmc.fabric.impl.resource.loader.ModResourcePackUtil) [Fabric] cur @ fabric, auto-enabled viafabricplus-visuals, currently enabled: [vanilla, fabric, com_viaversion_viaaprilfools-common, com_viaversion_viabackwards-common, com_viaversion_viaversion-common, fabric-api, fabric-api-base, fabric-api-lookup-api-v1, fabric-biome-api-v1, fabric-block-api-v1, fabric-block-view-api-v2, fabric-blockrenderlayer-v1, fabric-client-gametest-api-v1, fabric-client-tags-api-v1, fabric-command-api-v1, fabric-command-api-v2, fabric-commands-v0, fabric-content-registries-v0, fabric-convention-tags-v1, fabric-convention-tags-v2, fabric-crash-report-info-v1, fabric-data-attachment-api-v1, fabric-data-generation-api-v1, fabric-dimensions-v1, fabric-entity-events-v1, fabric-events-interaction-v0, fabric-game-rule-api-v1, fabric-gametest-api-v1, fabric-item-api-v1, fabric-item-group-api-v1, fabric-key-binding-api-v1, fabric-keybindings-v0, fabric-lifecycle-events-v1, fabric-loot-api-v2, fabric-loot-api-v3, fabric-message-api-v1, fabric-model-loading-api-v1, fabric-networking-api-v1, fabric-object-builder-api-v1, fabric-particles-v1, fabric-recipe-api-v1, fabric-registry-sync-v0, fabric-renderer-api-v1, fabric-renderer-indigo, fabric-rendering-data-attachment-v1, fabric-rendering-fluids-v1, fabric-rendering-v1, fabric-resource-conditions-api-v1, fabric-resource-loader-v0, fabric-screen-api-v1, fabric-screen-handler-api-v1, fabric-sound-api-v1, fabric-tag-api-v1, fabric-transfer-api-v1, fabric-transitive-access-wideners-v1, fabricloader, ias, luxury, modmenu, net_raphimc_viabedrock, net_raphimc_vialegacy, placeholder-api, viafabricplus, viafabricplus-visuals]
[13:18:01] [Render thread/DEBUG] (net.fabricmc.fabric.impl.resource.loader.ModResourcePackUtil) [Fabric] Final sorting result: [vanilla, fabric, com_viaversion_viaaprilfools-common, com_viaversion_viabackwards-common, com_viaversion_viaversion-common, fabric-api, fabric-api-base, fabric-api-lookup-api-v1, fabric-biome-api-v1, fabric-block-api-v1, fabric-block-view-api-v2, fabric-blockrenderlayer-v1, fabric-client-gametest-api-v1, fabric-client-tags-api-v1, fabric-command-api-v1, fabric-command-api-v2, fabric-commands-v0, fabric-content-registries-v0, fabric-convention-tags-v1, fabric-convention-tags-v2, fabric-crash-report-info-v1, fabric-data-attachment-api-v1, fabric-data-generation-api-v1, fabric-dimensions-v1, fabric-entity-events-v1, fabric-events-interaction-v0, fabric-game-rule-api-v1, fabric-gametest-api-v1, fabric-item-api-v1, fabric-item-group-api-v1, fabric-key-binding-api-v1, fabric-keybindings-v0, fabric-lifecycle-events-v1, fabric-loot-api-v2, fabric-loot-api-v3, fabric-message-api-v1, fabric-model-loading-api-v1, fabric-networking-api-v1, fabric-object-builder-api-v1, fabric-particles-v1, fabric-recipe-api-v1, fabric-registry-sync-v0, fabric-renderer-api-v1, fabric-renderer-indigo, fabric-rendering-data-attachment-v1, fabric-rendering-fluids-v1, fabric-rendering-v1, fabric-resource-conditions-api-v1, fabric-resource-loader-v0, fabric-screen-api-v1, fabric-screen-handler-api-v1, fabric-sound-api-v1, fabric-tag-api-v1, fabric-transfer-api-v1, fabric-transitive-access-wideners-v1, fabricloader, ias, luxury, modmenu, net_raphimc_viabedrock, net_raphimc_vialegacy, placeholder-api, viafabricplus, viafabricplus-visuals]
[13:18:01] [Render thread/DEBUG] (net.fabricmc.fabric.impl.resource.loader.ModResourcePackUtil) [Fabric] Starting internal pack sorting with: [vanilla, fabric, file/!§f     ᴛʜᴜɴᴅᴇʀ. ᴡʜɪᴛᴇ ᴠ3.3.zip, com_viaversion_viaaprilfools-common, com_viaversion_viabackwards-common, com_viaversion_viaversion-common, fabric-api, fabric-api-base, fabric-api-lookup-api-v1, fabric-biome-api-v1, fabric-block-api-v1, fabric-block-view-api-v2, fabric-blockrenderlayer-v1, fabric-client-gametest-api-v1, fabric-client-tags-api-v1, fabric-command-api-v1, fabric-command-api-v2, fabric-commands-v0, fabric-content-registries-v0, fabric-convention-tags-v1, fabric-convention-tags-v2, fabric-crash-report-info-v1, fabric-data-attachment-api-v1, fabric-data-generation-api-v1, fabric-dimensions-v1, fabric-entity-events-v1, fabric-events-interaction-v0, fabric-game-rule-api-v1, fabric-gametest-api-v1, fabric-item-api-v1, fabric-item-group-api-v1, fabric-item-group-api-v1_programmer_art, fabric-key-binding-api-v1, fabric-keybindings-v0, fabric-lifecycle-events-v1, fabric-loot-api-v2, fabric-loot-api-v3, fabric-message-api-v1, fabric-model-loading-api-v1, fabric-networking-api-v1, fabric-object-builder-api-v1, fabric-particles-v1, fabric-recipe-api-v1, fabric-registry-sync-v0, fabric-renderer-api-v1, fabric-renderer-indigo, fabric-rendering-data-attachment-v1, fabric-rendering-fluids-v1, fabric-rendering-v1, fabric-resource-conditions-api-v1, fabric-resource-loader-v0, fabric-screen-api-v1, fabric-screen-handler-api-v1, fabric-sound-api-v1, fabric-tag-api-v1, fabric-transfer-api-v1, fabric-transitive-access-wideners-v1, fabricloader, ias, luxury, modmenu, modmenu_high_contrast, modmenu_programmer_art, net_raphimc_viabedrock, net_raphimc_vialegacy, placeholder-api, viafabricplus, viafabricplus-visuals]
[13:18:01] [Render thread/DEBUG] (net.fabricmc.fabric.impl.resource.loader.ModResourcePackUtil) [Fabric] Removed all internal packs, result: [vanilla, fabric, file/!§f     ᴛʜᴜɴᴅᴇʀ. ᴡʜɪᴛᴇ ᴠ3.3.zip]
[13:18:01] [Render thread/DEBUG] (net.fabricmc.fabric.impl.resource.loader.ModResourcePackUtil) [Fabric] cur @ fabric, auto-enabled com_viaversion_viaaprilfools-common, currently enabled: [vanilla, fabric, com_viaversion_viaaprilfools-common]
[13:18:01] [Render thread/DEBUG] (net.fabricmc.fabric.impl.resource.loader.ModResourcePackUtil) [Fabric] cur @ fabric, auto-enabled com_viaversion_viabackwards-common, currently enabled: [vanilla, fabric, com_viaversion_viaaprilfools-common, com_viaversion_viabackwards-common]
[13:18:01] [Render thread/DEBUG] (net.fabricmc.fabric.impl.resource.loader.ModResourcePackUtil) [Fabric] cur @ fabric, auto-enabled com_viaversion_viaversion-common, currently enabled: [vanilla, fabric, com_viaversion_viaaprilfools-common, com_viaversion_viabackwards-common, com_viaversion_viaversion-common]
[13:18:01] [Render thread/DEBUG] (net.fabricmc.fabric.impl.resource.loader.ModResourcePackUtil) [Fabric] cur @ fabric, auto-enabled fabric-api, currently enabled: [vanilla, fabric, com_viaversion_viaaprilfools-common, com_viaversion_viabackwards-common, com_viaversion_viaversion-common, fabric-api]
[13:18:01] [Render thread/DEBUG] (net.fabricmc.fabric.impl.resource.loader.ModResourcePackUtil) [Fabric] cur @ fabric, auto-enabled fabric-api-base, currently enabled: [vanilla, fabric, com_viaversion_viaaprilfools-common, com_viaversion_viabackwards-common, com_viaversion_viaversion-common, fabric-api, fabric-api-base]
[13:18:01] [Render thread/DEBUG] (net.fabricmc.fabric.impl.resource.loader.ModResourcePackUtil) [Fabric] cur @ fabric, auto-enabled fabric-api-lookup-api-v1, currently enabled: [vanilla, fabric, com_viaversion_viaaprilfools-common, com_viaversion_viabackwards-common, com_viaversion_viaversion-common, fabric-api, fabric-api-base, fabric-api-lookup-api-v1]
[13:18:01] [Render thread/DEBUG] (net.fabricmc.fabric.impl.resource.loader.ModResourcePackUtil) [Fabric] cur @ fabric, auto-enabled fabric-biome-api-v1, currently enabled: [vanilla, fabric, com_viaversion_viaaprilfools-common, com_viaversion_viabackwards-common, com_viaversion_viaversion-common, fabric-api, fabric-api-base, fabric-api-lookup-api-v1, fabric-biome-api-v1]
[13:18:01] [Render thread/DEBUG] (net.fabricmc.fabric.impl.resource.loader.ModResourcePackUtil) [Fabric] cur @ fabric, auto-enabled fabric-block-api-v1, currently enabled: [vanilla, fabric, com_viaversion_viaaprilfools-common, com_viaversion_viabackwards-common, com_viaversion_viaversion-common, fabric-api, fabric-api-base, fabric-api-lookup-api-v1, fabric-biome-api-v1, fabric-block-api-v1]
[13:18:01] [Render thread/DEBUG] (net.fabricmc.fabric.impl.resource.loader.ModResourcePackUtil) [Fabric] cur @ fabric, auto-enabled fabric-block-view-api-v2, currently enabled: [vanilla, fabric, com_viaversion_viaaprilfools-common, com_viaversion_viabackwards-common, com_viaversion_viaversion-common, fabric-api, fabric-api-base, fabric-api-lookup-api-v1, fabric-biome-api-v1, fabric-block-api-v1, fabric-block-view-api-v2]
[13:18:01] [Render thread/DEBUG] (net.fabricmc.fabric.impl.resource.loader.ModResourcePackUtil) [Fabric] cur @ fabric, auto-enabled fabric-blockrenderlayer-v1, currently enabled: [vanilla, fabric, com_viaversion_viaaprilfools-common, com_viaversion_viabackwards-common, com_viaversion_viaversion-common, fabric-api, fabric-api-base, fabric-api-lookup-api-v1, fabric-biome-api-v1, fabric-block-api-v1, fabric-block-view-api-v2, fabric-blockrenderlayer-v1]
[13:18:01] [Render thread/DEBUG] (net.fabricmc.fabric.impl.resource.loader.ModResourcePackUtil) [Fabric] cur @ fabric, auto-enabled fabric-client-gametest-api-v1, currently enabled: [vanilla, fabric, com_viaversion_viaaprilfools-common, com_viaversion_viabackwards-common, com_viaversion_viaversion-common, fabric-api, fabric-api-base, fabric-api-lookup-api-v1, fabric-biome-api-v1, fabric-block-api-v1, fabric-block-view-api-v2, fabric-blockrenderlayer-v1, fabric-client-gametest-api-v1]
[13:18:01] [Render thread/DEBUG] (net.fabricmc.fabric.impl.resource.loader.ModResourcePackUtil) [Fabric] cur @ fabric, auto-enabled fabric-client-tags-api-v1, currently enabled: [vanilla, fabric, com_viaversion_viaaprilfools-common, com_viaversion_viabackwards-common, com_viaversion_viaversion-common, fabric-api, fabric-api-base, fabric-api-lookup-api-v1, fabric-biome-api-v1, fabric-block-api-v1, fabric-block-view-api-v2, fabric-blockrenderlayer-v1, fabric-client-gametest-api-v1, fabric-client-tags-api-v1]
[13:18:01] [Render thread/DEBUG] (net.fabricmc.fabric.impl.resource.loader.ModResourcePackUtil) [Fabric] cur @ fabric, auto-enabled fabric-command-api-v1, currently enabled: [vanilla, fabric, com_viaversion_viaaprilfools-common, com_viaversion_viabackwards-common, com_viaversion_viaversion-common, fabric-api, fabric-api-base, fabric-api-lookup-api-v1, fabric-biome-api-v1, fabric-block-api-v1, fabric-block-view-api-v2, fabric-blockrenderlayer-v1, fabric-client-gametest-api-v1, fabric-client-tags-api-v1, fabric-command-api-v1]
[13:18:01] [Render thread/DEBUG] (net.fabricmc.fabric.impl.resource.loader.ModResourcePackUtil) [Fabric] cur @ fabric, auto-enabled fabric-command-api-v2, currently enabled: [vanilla, fabric, com_viaversion_viaaprilfools-common, com_viaversion_viabackwards-common, com_viaversion_viaversion-common, fabric-api, fabric-api-base, fabric-api-lookup-api-v1, fabric-biome-api-v1, fabric-block-api-v1, fabric-block-view-api-v2, fabric-blockrenderlayer-v1, fabric-client-gametest-api-v1, fabric-client-tags-api-v1, fabric-command-api-v1, fabric-command-api-v2]
[13:18:01] [Render thread/DEBUG] (net.fabricmc.fabric.impl.resource.loader.ModResourcePackUtil) [Fabric] cur @ fabric, auto-enabled fabric-commands-v0, currently enabled: [vanilla, fabric, com_viaversion_viaaprilfools-common, com_viaversion_viabackwards-common, com_viaversion_viaversion-common, fabric-api, fabric-api-base, fabric-api-lookup-api-v1, fabric-biome-api-v1, fabric-block-api-v1, fabric-block-view-api-v2, fabric-blockrenderlayer-v1, fabric-client-gametest-api-v1, fabric-client-tags-api-v1, fabric-command-api-v1, fabric-command-api-v2, fabric-commands-v0]
[13:18:01] [Render thread/DEBUG] (net.fabricmc.fabric.impl.resource.loader.ModResourcePackUtil) [Fabric] cur @ fabric, auto-enabled fabric-content-registries-v0, currently enabled: [vanilla, fabric, com_viaversion_viaaprilfools-common, com_viaversion_viabackwards-common, com_viaversion_viaversion-common, fabric-api, fabric-api-base, fabric-api-lookup-api-v1, fabric-biome-api-v1, fabric-block-api-v1, fabric-block-view-api-v2, fabric-blockrenderlayer-v1, fabric-client-gametest-api-v1, fabric-client-tags-api-v1, fabric-command-api-v1, fabric-command-api-v2, fabric-commands-v0, fabric-content-registries-v0]
[13:18:01] [Render thread/DEBUG] (net.fabricmc.fabric.impl.resource.loader.ModResourcePackUtil) [Fabric] cur @ fabric, auto-enabled fabric-convention-tags-v1, currently enabled: [vanilla, fabric, com_viaversion_viaaprilfools-common, com_viaversion_viabackwards-common, com_viaversion_viaversion-common, fabric-api, fabric-api-base, fabric-api-lookup-api-v1, fabric-biome-api-v1, fabric-block-api-v1, fabric-block-view-api-v2, fabric-blockrenderlayer-v1, fabric-client-gametest-api-v1, fabric-client-tags-api-v1, fabric-command-api-v1, fabric-command-api-v2, fabric-commands-v0, fabric-content-registries-v0, fabric-convention-tags-v1]
[13:18:01] [Render thread/DEBUG] (net.fabricmc.fabric.impl.resource.loader.ModResourcePackUtil) [Fabric] cur @ fabric, auto-enabled fabric-convention-tags-v2, currently enabled: [vanilla, fabric, com_viaversion_viaaprilfools-common, com_viaversion_viabackwards-common, com_viaversion_viaversion-common, fabric-api, fabric-api-base, fabric-api-lookup-api-v1, fabric-biome-api-v1, fabric-block-api-v1, fabric-block-view-api-v2, fabric-blockrenderlayer-v1, fabric-client-gametest-api-v1, fabric-client-tags-api-v1, fabric-command-api-v1, fabric-command-api-v2, fabric-commands-v0, fabric-content-registries-v0, fabric-convention-tags-v1, fabric-convention-tags-v2]
[13:18:01] [Render thread/DEBUG] (net.fabricmc.fabric.impl.resource.loader.ModResourcePackUtil) [Fabric] cur @ fabric, auto-enabled fabric-crash-report-info-v1, currently enabled: [vanilla, fabric, com_viaversion_viaaprilfools-common, com_viaversion_viabackwards-common, com_viaversion_viaversion-common, fabric-api, fabric-api-base, fabric-api-lookup-api-v1, fabric-biome-api-v1, fabric-block-api-v1, fabric-block-view-api-v2, fabric-blockrenderlayer-v1, fabric-client-gametest-api-v1, fabric-client-tags-api-v1, fabric-command-api-v1, fabric-command-api-v2, fabric-commands-v0, fabric-content-registries-v0, fabric-convention-tags-v1, fabric-convention-tags-v2, fabric-crash-report-info-v1]
[13:18:01] [Render thread/DEBUG] (net.fabricmc.fabric.impl.resource.loader.ModResourcePackUtil) [Fabric] cur @ fabric, auto-enabled fabric-data-attachment-api-v1, currently enabled: [vanilla, fabric, com_viaversion_viaaprilfools-common, com_viaversion_viabackwards-common, com_viaversion_viaversion-common, fabric-api, fabric-api-base, fabric-api-lookup-api-v1, fabric-biome-api-v1, fabric-block-api-v1, fabric-block-view-api-v2, fabric-blockrenderlayer-v1, fabric-client-gametest-api-v1, fabric-client-tags-api-v1, fabric-command-api-v1, fabric-command-api-v2, fabric-commands-v0, fabric-content-registries-v0, fabric-convention-tags-v1, fabric-convention-tags-v2, fabric-crash-report-info-v1, fabric-data-attachment-api-v1]
[13:18:01] [Render thread/DEBUG] (net.fabricmc.fabric.impl.resource.loader.ModResourcePackUtil) [Fabric] cur @ fabric, auto-enabled fabric-data-generation-api-v1, currently enabled: [vanilla, fabric, com_viaversion_viaaprilfools-common, com_viaversion_viabackwards-common, com_viaversion_viaversion-common, fabric-api, fabric-api-base, fabric-api-lookup-api-v1, fabric-biome-api-v1, fabric-block-api-v1, fabric-block-view-api-v2, fabric-blockrenderlayer-v1, fabric-client-gametest-api-v1, fabric-client-tags-api-v1, fabric-command-api-v1, fabric-command-api-v2, fabric-commands-v0, fabric-content-registries-v0, fabric-convention-tags-v1, fabric-convention-tags-v2, fabric-crash-report-info-v1, fabric-data-attachment-api-v1, fabric-data-generation-api-v1]
[13:18:01] [Render thread/DEBUG] (net.fabricmc.fabric.impl.resource.loader.ModResourcePackUtil) [Fabric] cur @ fabric, auto-enabled fabric-dimensions-v1, currently enabled: [vanilla, fabric, com_viaversion_viaaprilfools-common, com_viaversion_viabackwards-common, com_viaversion_viaversion-common, fabric-api, fabric-api-base, fabric-api-lookup-api-v1, fabric-biome-api-v1, fabric-block-api-v1, fabric-block-view-api-v2, fabric-blockrenderlayer-v1, fabric-client-gametest-api-v1, fabric-client-tags-api-v1, fabric-command-api-v1, fabric-command-api-v2, fabric-commands-v0, fabric-content-registries-v0, fabric-convention-tags-v1, fabric-convention-tags-v2, fabric-crash-report-info-v1, fabric-data-attachment-api-v1, fabric-data-generation-api-v1, fabric-dimensions-v1]
[13:18:01] [Render thread/DEBUG] (net.fabricmc.fabric.impl.resource.loader.ModResourcePackUtil) [Fabric] cur @ fabric, auto-enabled fabric-entity-events-v1, currently enabled: [vanilla, fabric, com_viaversion_viaaprilfools-common, com_viaversion_viabackwards-common, com_viaversion_viaversion-common, fabric-api, fabric-api-base, fabric-api-lookup-api-v1, fabric-biome-api-v1, fabric-block-api-v1, fabric-block-view-api-v2, fabric-blockrenderlayer-v1, fabric-client-gametest-api-v1, fabric-client-tags-api-v1, fabric-command-api-v1, fabric-command-api-v2, fabric-commands-v0, fabric-content-registries-v0, fabric-convention-tags-v1, fabric-convention-tags-v2, fabric-crash-report-info-v1, fabric-data-attachment-api-v1, fabric-data-generation-api-v1, fabric-dimensions-v1, fabric-entity-events-v1]
[13:18:01] [Render thread/DEBUG] (net.fabricmc.fabric.impl.resource.loader.ModResourcePackUtil) [Fabric] cur @ fabric, auto-enabled fabric-events-interaction-v0, currently enabled: [vanilla, fabric, com_viaversion_viaaprilfools-common, com_viaversion_viabackwards-common, com_viaversion_viaversion-common, fabric-api, fabric-api-base, fabric-api-lookup-api-v1, fabric-biome-api-v1, fabric-block-api-v1, fabric-block-view-api-v2, fabric-blockrenderlayer-v1, fabric-client-gametest-api-v1, fabric-client-tags-api-v1, fabric-command-api-v1, fabric-command-api-v2, fabric-commands-v0, fabric-content-registries-v0, fabric-convention-tags-v1, fabric-convention-tags-v2, fabric-crash-report-info-v1, fabric-data-attachment-api-v1, fabric-data-generation-api-v1, fabric-dimensions-v1, fabric-entity-events-v1, fabric-events-interaction-v0]
[13:18:01] [Render thread/DEBUG] (net.fabricmc.fabric.impl.resource.loader.ModResourcePackUtil) [Fabric] cur @ fabric, auto-enabled fabric-game-rule-api-v1, currently enabled: [vanilla, fabric, com_viaversion_viaaprilfools-common, com_viaversion_viabackwards-common, com_viaversion_viaversion-common, fabric-api, fabric-api-base, fabric-api-lookup-api-v1, fabric-biome-api-v1, fabric-block-api-v1, fabric-block-view-api-v2, fabric-blockrenderlayer-v1, fabric-client-gametest-api-v1, fabric-client-tags-api-v1, fabric-command-api-v1, fabric-command-api-v2, fabric-commands-v0, fabric-content-registries-v0, fabric-convention-tags-v1, fabric-convention-tags-v2, fabric-crash-report-info-v1, fabric-data-attachment-api-v1, fabric-data-generation-api-v1, fabric-dimensions-v1, fabric-entity-events-v1, fabric-events-interaction-v0, fabric-game-rule-api-v1]
[13:18:01] [Render thread/DEBUG] (net.fabricmc.fabric.impl.resource.loader.ModResourcePackUtil) [Fabric] cur @ fabric, auto-enabled fabric-gametest-api-v1, currently enabled: [vanilla, fabric, com_viaversion_viaaprilfools-common, com_viaversion_viabackwards-common, com_viaversion_viaversion-common, fabric-api, fabric-api-base, fabric-api-lookup-api-v1, fabric-biome-api-v1, fabric-block-api-v1, fabric-block-view-api-v2, fabric-blockrenderlayer-v1, fabric-client-gametest-api-v1, fabric-client-tags-api-v1, fabric-command-api-v1, fabric-command-api-v2, fabric-commands-v0, fabric-content-registries-v0, fabric-convention-tags-v1, fabric-convention-tags-v2, fabric-crash-report-info-v1, fabric-data-attachment-api-v1, fabric-data-generation-api-v1, fabric-dimensions-v1, fabric-entity-events-v1, fabric-events-interaction-v0, fabric-game-rule-api-v1, fabric-gametest-api-v1]
[13:18:01] [Render thread/DEBUG] (net.fabricmc.fabric.impl.resource.loader.ModResourcePackUtil) [Fabric] cur @ fabric, auto-enabled fabric-item-api-v1, currently enabled: [vanilla, fabric, com_viaversion_viaaprilfools-common, com_viaversion_viabackwards-common, com_viaversion_viaversion-common, fabric-api, fabric-api-base, fabric-api-lookup-api-v1, fabric-biome-api-v1, fabric-block-api-v1, fabric-block-view-api-v2, fabric-blockrenderlayer-v1, fabric-client-gametest-api-v1, fabric-client-tags-api-v1, fabric-command-api-v1, fabric-command-api-v2, fabric-commands-v0, fabric-content-registries-v0, fabric-convention-tags-v1, fabric-convention-tags-v2, fabric-crash-report-info-v1, fabric-data-attachment-api-v1, fabric-data-generation-api-v1, fabric-dimensions-v1, fabric-entity-events-v1, fabric-events-interaction-v0, fabric-game-rule-api-v1, fabric-gametest-api-v1, fabric-item-api-v1]
[13:18:01] [Render thread/DEBUG] (net.fabricmc.fabric.impl.resource.loader.ModResourcePackUtil) [Fabric] cur @ fabric, auto-enabled fabric-item-group-api-v1, currently enabled: [vanilla, fabric, com_viaversion_viaaprilfools-common, com_viaversion_viabackwards-common, com_viaversion_viaversion-common, fabric-api, fabric-api-base, fabric-api-lookup-api-v1, fabric-biome-api-v1, fabric-block-api-v1, fabric-block-view-api-v2, fabric-blockrenderlayer-v1, fabric-client-gametest-api-v1, fabric-client-tags-api-v1, fabric-command-api-v1, fabric-command-api-v2, fabric-commands-v0, fabric-content-registries-v0, fabric-convention-tags-v1, fabric-convention-tags-v2, fabric-crash-report-info-v1, fabric-data-attachment-api-v1, fabric-data-generation-api-v1, fabric-dimensions-v1, fabric-entity-events-v1, fabric-events-interaction-v0, fabric-game-rule-api-v1, fabric-gametest-api-v1, fabric-item-api-v1, fabric-item-group-api-v1]
[13:18:01] [Render thread/DEBUG] (net.fabricmc.fabric.impl.resource.loader.ModResourcePackUtil) [Fabric] cur @ fabric, auto-enabled fabric-key-binding-api-v1, currently enabled: [vanilla, fabric, com_viaversion_viaaprilfools-common, com_viaversion_viabackwards-common, com_viaversion_viaversion-common, fabric-api, fabric-api-base, fabric-api-lookup-api-v1, fabric-biome-api-v1, fabric-block-api-v1, fabric-block-view-api-v2, fabric-blockrenderlayer-v1, fabric-client-gametest-api-v1, fabric-client-tags-api-v1, fabric-command-api-v1, fabric-command-api-v2, fabric-commands-v0, fabric-content-registries-v0, fabric-convention-tags-v1, fabric-convention-tags-v2, fabric-crash-report-info-v1, fabric-data-attachment-api-v1, fabric-data-generation-api-v1, fabric-dimensions-v1, fabric-entity-events-v1, fabric-events-interaction-v0, fabric-game-rule-api-v1, fabric-gametest-api-v1, fabric-item-api-v1, fabric-item-group-api-v1, fabric-key-binding-api-v1]
[13:18:01] [Render thread/DEBUG] (net.fabricmc.fabric.impl.resource.loader.ModResourcePackUtil) [Fabric] cur @ fabric, auto-enabled fabric-keybindings-v0, currently enabled: [vanilla, fabric, com_viaversion_viaaprilfools-common, com_viaversion_viabackwards-common, com_viaversion_viaversion-common, fabric-api, fabric-api-base, fabric-api-lookup-api-v1, fabric-biome-api-v1, fabric-block-api-v1, fabric-block-view-api-v2, fabric-blockrenderlayer-v1, fabric-client-gametest-api-v1, fabric-client-tags-api-v1, fabric-command-api-v1, fabric-command-api-v2, fabric-commands-v0, fabric-content-registries-v0, fabric-convention-tags-v1, fabric-convention-tags-v2, fabric-crash-report-info-v1, fabric-data-attachment-api-v1, fabric-data-generation-api-v1, fabric-dimensions-v1, fabric-entity-events-v1, fabric-events-interaction-v0, fabric-game-rule-api-v1, fabric-gametest-api-v1, fabric-item-api-v1, fabric-item-group-api-v1, fabric-key-binding-api-v1, fabric-keybindings-v0]
[13:18:01] [Render thread/DEBUG] (net.fabricmc.fabric.impl.resource.loader.ModResourcePackUtil) [Fabric] cur @ fabric, auto-enabled fabric-lifecycle-events-v1, currently enabled: [vanilla, fabric, com_viaversion_viaaprilfools-common, com_viaversion_viabackwards-common, com_viaversion_viaversion-common, fabric-api, fabric-api-base, fabric-api-lookup-api-v1, fabric-biome-api-v1, fabric-block-api-v1, fabric-block-view-api-v2, fabric-blockrenderlayer-v1, fabric-client-gametest-api-v1, fabric-client-tags-api-v1, fabric-command-api-v1, fabric-command-api-v2, fabric-commands-v0, fabric-content-registries-v0, fabric-convention-tags-v1, fabric-convention-tags-v2, fabric-crash-report-info-v1, fabric-data-attachment-api-v1, fabric-data-generation-api-v1, fabric-dimensions-v1, fabric-entity-events-v1, fabric-events-interaction-v0, fabric-game-rule-api-v1, fabric-gametest-api-v1, fabric-item-api-v1, fabric-item-group-api-v1, fabric-key-binding-api-v1, fabric-keybindings-v0, fabric-lifecycle-events-v1]
[13:18:01] [Render thread/DEBUG] (net.fabricmc.fabric.impl.resource.loader.ModResourcePackUtil) [Fabric] cur @ fabric, auto-enabled fabric-loot-api-v2, currently enabled: [vanilla, fabric, com_viaversion_viaaprilfools-common, com_viaversion_viabackwards-common, com_viaversion_viaversion-common, fabric-api, fabric-api-base, fabric-api-lookup-api-v1, fabric-biome-api-v1, fabric-block-api-v1, fabric-block-view-api-v2, fabric-blockrenderlayer-v1, fabric-client-gametest-api-v1, fabric-client-tags-api-v1, fabric-command-api-v1, fabric-command-api-v2, fabric-commands-v0, fabric-content-registries-v0, fabric-convention-tags-v1, fabric-convention-tags-v2, fabric-crash-report-info-v1, fabric-data-attachment-api-v1, fabric-data-generation-api-v1, fabric-dimensions-v1, fabric-entity-events-v1, fabric-events-interaction-v0, fabric-game-rule-api-v1, fabric-gametest-api-v1, fabric-item-api-v1, fabric-item-group-api-v1, fabric-key-binding-api-v1, fabric-keybindings-v0, fabric-lifecycle-events-v1, fabric-loot-api-v2]
[13:18:01] [Render thread/DEBUG] (net.fabricmc.fabric.impl.resource.loader.ModResourcePackUtil) [Fabric] cur @ fabric, auto-enabled fabric-loot-api-v3, currently enabled: [vanilla, fabric, com_viaversion_viaaprilfools-common, com_viaversion_viabackwards-common, com_viaversion_viaversion-common, fabric-api, fabric-api-base, fabric-api-lookup-api-v1, fabric-biome-api-v1, fabric-block-api-v1, fabric-block-view-api-v2, fabric-blockrenderlayer-v1, fabric-client-gametest-api-v1, fabric-client-tags-api-v1, fabric-command-api-v1, fabric-command-api-v2, fabric-commands-v0, fabric-content-registries-v0, fabric-convention-tags-v1, fabric-convention-tags-v2, fabric-crash-report-info-v1, fabric-data-attachment-api-v1, fabric-data-generation-api-v1, fabric-dimensions-v1, fabric-entity-events-v1, fabric-events-interaction-v0, fabric-game-rule-api-v1, fabric-gametest-api-v1, fabric-item-api-v1, fabric-item-group-api-v1, fabric-key-binding-api-v1, fabric-keybindings-v0, fabric-lifecycle-events-v1, fabric-loot-api-v2, fabric-loot-api-v3]
[13:18:01] [Render thread/DEBUG] (net.fabricmc.fabric.impl.resource.loader.ModResourcePackUtil) [Fabric] cur @ fabric, auto-enabled fabric-message-api-v1, currently enabled: [vanilla, fabric, com_viaversion_viaaprilfools-common, com_viaversion_viabackwards-common, com_viaversion_viaversion-common, fabric-api, fabric-api-base, fabric-api-lookup-api-v1, fabric-biome-api-v1, fabric-block-api-v1, fabric-block-view-api-v2, fabric-blockrenderlayer-v1, fabric-client-gametest-api-v1, fabric-client-tags-api-v1, fabric-command-api-v1, fabric-command-api-v2, fabric-commands-v0, fabric-content-registries-v0, fabric-convention-tags-v1, fabric-convention-tags-v2, fabric-crash-report-info-v1, fabric-data-attachment-api-v1, fabric-data-generation-api-v1, fabric-dimensions-v1, fabric-entity-events-v1, fabric-events-interaction-v0, fabric-game-rule-api-v1, fabric-gametest-api-v1, fabric-item-api-v1, fabric-item-group-api-v1, fabric-key-binding-api-v1, fabric-keybindings-v0, fabric-lifecycle-events-v1, fabric-loot-api-v2, fabric-loot-api-v3, fabric-message-api-v1]
[13:18:01] [Render thread/DEBUG] (net.fabricmc.fabric.impl.resource.loader.ModResourcePackUtil) [Fabric] cur @ fabric, auto-enabled fabric-model-loading-api-v1, currently enabled: [vanilla, fabric, com_viaversion_viaaprilfools-common, com_viaversion_viabackwards-common, com_viaversion_viaversion-common, fabric-api, fabric-api-base, fabric-api-lookup-api-v1, fabric-biome-api-v1, fabric-block-api-v1, fabric-block-view-api-v2, fabric-blockrenderlayer-v1, fabric-client-gametest-api-v1, fabric-client-tags-api-v1, fabric-command-api-v1, fabric-command-api-v2, fabric-commands-v0, fabric-content-registries-v0, fabric-convention-tags-v1, fabric-convention-tags-v2, fabric-crash-report-info-v1, fabric-data-attachment-api-v1, fabric-data-generation-api-v1, fabric-dimensions-v1, fabric-entity-events-v1, fabric-events-interaction-v0, fabric-game-rule-api-v1, fabric-gametest-api-v1, fabric-item-api-v1, fabric-item-group-api-v1, fabric-key-binding-api-v1, fabric-keybindings-v0, fabric-lifecycle-events-v1, fabric-loot-api-v2, fabric-loot-api-v3, fabric-message-api-v1, fabric-model-loading-api-v1]
[13:18:01] [Render thread/DEBUG] (net.fabricmc.fabric.impl.resource.loader.ModResourcePackUtil) [Fabric] cur @ fabric, auto-enabled fabric-networking-api-v1, currently enabled: [vanilla, fabric, com_viaversion_viaaprilfools-common, com_viaversion_viabackwards-common, com_viaversion_viaversion-common, fabric-api, fabric-api-base, fabric-api-lookup-api-v1, fabric-biome-api-v1, fabric-block-api-v1, fabric-block-view-api-v2, fabric-blockrenderlayer-v1, fabric-client-gametest-api-v1, fabric-client-tags-api-v1, fabric-command-api-v1, fabric-command-api-v2, fabric-commands-v0, fabric-content-registries-v0, fabric-convention-tags-v1, fabric-convention-tags-v2, fabric-crash-report-info-v1, fabric-data-attachment-api-v1, fabric-data-generation-api-v1, fabric-dimensions-v1, fabric-entity-events-v1, fabric-events-interaction-v0, fabric-game-rule-api-v1, fabric-gametest-api-v1, fabric-item-api-v1, fabric-item-group-api-v1, fabric-key-binding-api-v1, fabric-keybindings-v0, fabric-lifecycle-events-v1, fabric-loot-api-v2, fabric-loot-api-v3, fabric-message-api-v1, fabric-model-loading-api-v1, fabric-networking-api-v1]
[13:18:01] [Render thread/DEBUG] (net.fabricmc.fabric.impl.resource.loader.ModResourcePackUtil) [Fabric] cur @ fabric, auto-enabled fabric-object-builder-api-v1, currently enabled: [vanilla, fabric, com_viaversion_viaaprilfools-common, com_viaversion_viabackwards-common, com_viaversion_viaversion-common, fabric-api, fabric-api-base, fabric-api-lookup-api-v1, fabric-biome-api-v1, fabric-block-api-v1, fabric-block-view-api-v2, fabric-blockrenderlayer-v1, fabric-client-gametest-api-v1, fabric-client-tags-api-v1, fabric-command-api-v1, fabric-command-api-v2, fabric-commands-v0, fabric-content-registries-v0, fabric-convention-tags-v1, fabric-convention-tags-v2, fabric-crash-report-info-v1, fabric-data-attachment-api-v1, fabric-data-generation-api-v1, fabric-dimensions-v1, fabric-entity-events-v1, fabric-events-interaction-v0, fabric-game-rule-api-v1, fabric-gametest-api-v1, fabric-item-api-v1, fabric-item-group-api-v1, fabric-key-binding-api-v1, fabric-keybindings-v0, fabric-lifecycle-events-v1, fabric-loot-api-v2, fabric-loot-api-v3, fabric-message-api-v1, fabric-model-loading-api-v1, fabric-networking-api-v1, fabric-object-builder-api-v1]
[13:18:01] [Render thread/DEBUG] (net.fabricmc.fabric.impl.resource.loader.ModResourcePackUtil) [Fabric] cur @ fabric, auto-enabled fabric-particles-v1, currently enabled: [vanilla, fabric, com_viaversion_viaaprilfools-common, com_viaversion_viabackwards-common, com_viaversion_viaversion-common, fabric-api, fabric-api-base, fabric-api-lookup-api-v1, fabric-biome-api-v1, fabric-block-api-v1, fabric-block-view-api-v2, fabric-blockrenderlayer-v1, fabric-client-gametest-api-v1, fabric-client-tags-api-v1, fabric-command-api-v1, fabric-command-api-v2, fabric-commands-v0, fabric-content-registries-v0, fabric-convention-tags-v1, fabric-convention-tags-v2, fabric-crash-report-info-v1, fabric-data-attachment-api-v1, fabric-data-generation-api-v1, fabric-dimensions-v1, fabric-entity-events-v1, fabric-events-interaction-v0, fabric-game-rule-api-v1, fabric-gametest-api-v1, fabric-item-api-v1, fabric-item-group-api-v1, fabric-key-binding-api-v1, fabric-keybindings-v0, fabric-lifecycle-events-v1, fabric-loot-api-v2, fabric-loot-api-v3, fabric-message-api-v1, fabric-model-loading-api-v1, fabric-networking-api-v1, fabric-object-builder-api-v1, fabric-particles-v1]
[13:18:01] [Render thread/DEBUG] (net.fabricmc.fabric.impl.resource.loader.ModResourcePackUtil) [Fabric] cur @ fabric, auto-enabled fabric-recipe-api-v1, currently enabled: [vanilla, fabric, com_viaversion_viaaprilfools-common, com_viaversion_viabackwards-common, com_viaversion_viaversion-common, fabric-api, fabric-api-base, fabric-api-lookup-api-v1, fabric-biome-api-v1, fabric-block-api-v1, fabric-block-view-api-v2, fabric-blockrenderlayer-v1, fabric-client-gametest-api-v1, fabric-client-tags-api-v1, fabric-command-api-v1, fabric-command-api-v2, fabric-commands-v0, fabric-content-registries-v0, fabric-convention-tags-v1, fabric-convention-tags-v2, fabric-crash-report-info-v1, fabric-data-attachment-api-v1, fabric-data-generation-api-v1, fabric-dimensions-v1, fabric-entity-events-v1, fabric-events-interaction-v0, fabric-game-rule-api-v1, fabric-gametest-api-v1, fabric-item-api-v1, fabric-item-group-api-v1, fabric-key-binding-api-v1, fabric-keybindings-v0, fabric-lifecycle-events-v1, fabric-loot-api-v2, fabric-loot-api-v3, fabric-message-api-v1, fabric-model-loading-api-v1, fabric-networking-api-v1, fabric-object-builder-api-v1, fabric-particles-v1, fabric-recipe-api-v1]
[13:18:01] [Render thread/DEBUG] (net.fabricmc.fabric.impl.resource.loader.ModResourcePackUtil) [Fabric] cur @ fabric, auto-enabled fabric-registry-sync-v0, currently enabled: [vanilla, fabric, com_viaversion_viaaprilfools-common, com_viaversion_viabackwards-common, com_viaversion_viaversion-common, fabric-api, fabric-api-base, fabric-api-lookup-api-v1, fabric-biome-api-v1, fabric-block-api-v1, fabric-block-view-api-v2, fabric-blockrenderlayer-v1, fabric-client-gametest-api-v1, fabric-client-tags-api-v1, fabric-command-api-v1, fabric-command-api-v2, fabric-commands-v0, fabric-content-registries-v0, fabric-convention-tags-v1, fabric-convention-tags-v2, fabric-crash-report-info-v1, fabric-data-attachment-api-v1, fabric-data-generation-api-v1, fabric-dimensions-v1, fabric-entity-events-v1, fabric-events-interaction-v0, fabric-game-rule-api-v1, fabric-gametest-api-v1, fabric-item-api-v1, fabric-item-group-api-v1, fabric-key-binding-api-v1, fabric-keybindings-v0, fabric-lifecycle-events-v1, fabric-loot-api-v2, fabric-loot-api-v3, fabric-message-api-v1, fabric-model-loading-api-v1, fabric-networking-api-v1, fabric-object-builder-api-v1, fabric-particles-v1, fabric-recipe-api-v1, fabric-registry-sync-v0]
[13:18:01] [Render thread/DEBUG] (net.fabricmc.fabric.impl.resource.loader.ModResourcePackUtil) [Fabric] cur @ fabric, auto-enabled fabric-renderer-api-v1, currently enabled: [vanilla, fabric, com_viaversion_viaaprilfools-common, com_viaversion_viabackwards-common, com_viaversion_viaversion-common, fabric-api, fabric-api-base, fabric-api-lookup-api-v1, fabric-biome-api-v1, fabric-block-api-v1, fabric-block-view-api-v2, fabric-blockrenderlayer-v1, fabric-client-gametest-api-v1, fabric-client-tags-api-v1, fabric-command-api-v1, fabric-command-api-v2, fabric-commands-v0, fabric-content-registries-v0, fabric-convention-tags-v1, fabric-convention-tags-v2, fabric-crash-report-info-v1, fabric-data-attachment-api-v1, fabric-data-generation-api-v1, fabric-dimensions-v1, fabric-entity-events-v1, fabric-events-interaction-v0, fabric-game-rule-api-v1, fabric-gametest-api-v1, fabric-item-api-v1, fabric-item-group-api-v1, fabric-key-binding-api-v1, fabric-keybindings-v0, fabric-lifecycle-events-v1, fabric-loot-api-v2, fabric-loot-api-v3, fabric-message-api-v1, fabric-model-loading-api-v1, fabric-networking-api-v1, fabric-object-builder-api-v1, fabric-particles-v1, fabric-recipe-api-v1, fabric-registry-sync-v0, fabric-renderer-api-v1]
[13:18:01] [Render thread/DEBUG] (net.fabricmc.fabric.impl.resource.loader.ModResourcePackUtil) [Fabric] cur @ fabric, auto-enabled fabric-renderer-indigo, currently enabled: [vanilla, fabric, com_viaversion_viaaprilfools-common, com_viaversion_viabackwards-common, com_viaversion_viaversion-common, fabric-api, fabric-api-base, fabric-api-lookup-api-v1, fabric-biome-api-v1, fabric-block-api-v1, fabric-block-view-api-v2, fabric-blockrenderlayer-v1, fabric-client-gametest-api-v1, fabric-client-tags-api-v1, fabric-command-api-v1, fabric-command-api-v2, fabric-commands-v0, fabric-content-registries-v0, fabric-convention-tags-v1, fabric-convention-tags-v2, fabric-crash-report-info-v1, fabric-data-attachment-api-v1, fabric-data-generation-api-v1, fabric-dimensions-v1, fabric-entity-events-v1, fabric-events-interaction-v0, fabric-game-rule-api-v1, fabric-gametest-api-v1, fabric-item-api-v1, fabric-item-group-api-v1, fabric-key-binding-api-v1, fabric-keybindings-v0, fabric-lifecycle-events-v1, fabric-loot-api-v2, fabric-loot-api-v3, fabric-message-api-v1, fabric-model-loading-api-v1, fabric-networking-api-v1, fabric-object-builder-api-v1, fabric-particles-v1, fabric-recipe-api-v1, fabric-registry-sync-v0, fabric-renderer-api-v1, fabric-renderer-indigo]
[13:18:01] [Render thread/DEBUG] (net.fabricmc.fabric.impl.resource.loader.ModResourcePackUtil) [Fabric] cur @ fabric, auto-enabled fabric-rendering-data-attachment-v1, currently enabled: [vanilla, fabric, com_viaversion_viaaprilfools-common, com_viaversion_viabackwards-common, com_viaversion_viaversion-common, fabric-api, fabric-api-base, fabric-api-lookup-api-v1, fabric-biome-api-v1, fabric-block-api-v1, fabric-block-view-api-v2, fabric-blockrenderlayer-v1, fabric-client-gametest-api-v1, fabric-client-tags-api-v1, fabric-command-api-v1, fabric-command-api-v2, fabric-commands-v0, fabric-content-registries-v0, fabric-convention-tags-v1, fabric-convention-tags-v2, fabric-crash-report-info-v1, fabric-data-attachment-api-v1, fabric-data-generation-api-v1, fabric-dimensions-v1, fabric-entity-events-v1, fabric-events-interaction-v0, fabric-game-rule-api-v1, fabric-gametest-api-v1, fabric-item-api-v1, fabric-item-group-api-v1, fabric-key-binding-api-v1, fabric-keybindings-v0, fabric-lifecycle-events-v1, fabric-loot-api-v2, fabric-loot-api-v3, fabric-message-api-v1, fabric-model-loading-api-v1, fabric-networking-api-v1, fabric-object-builder-api-v1, fabric-particles-v1, fabric-recipe-api-v1, fabric-registry-sync-v0, fabric-renderer-api-v1, fabric-renderer-indigo, fabric-rendering-data-attachment-v1]
[13:18:01] [Render thread/DEBUG] (net.fabricmc.fabric.impl.resource.loader.ModResourcePackUtil) [Fabric] cur @ fabric, auto-enabled fabric-rendering-fluids-v1, currently enabled: [vanilla, fabric, com_viaversion_viaaprilfools-common, com_viaversion_viabackwards-common, com_viaversion_viaversion-common, fabric-api, fabric-api-base, fabric-api-lookup-api-v1, fabric-biome-api-v1, fabric-block-api-v1, fabric-block-view-api-v2, fabric-blockrenderlayer-v1, fabric-client-gametest-api-v1, fabric-client-tags-api-v1, fabric-command-api-v1, fabric-command-api-v2, fabric-commands-v0, fabric-content-registries-v0, fabric-convention-tags-v1, fabric-convention-tags-v2, fabric-crash-report-info-v1, fabric-data-attachment-api-v1, fabric-data-generation-api-v1, fabric-dimensions-v1, fabric-entity-events-v1, fabric-events-interaction-v0, fabric-game-rule-api-v1, fabric-gametest-api-v1, fabric-item-api-v1, fabric-item-group-api-v1, fabric-key-binding-api-v1, fabric-keybindings-v0, fabric-lifecycle-events-v1, fabric-loot-api-v2, fabric-loot-api-v3, fabric-message-api-v1, fabric-model-loading-api-v1, fabric-networking-api-v1, fabric-object-builder-api-v1, fabric-particles-v1, fabric-recipe-api-v1, fabric-registry-sync-v0, fabric-renderer-api-v1, fabric-renderer-indigo, fabric-rendering-data-attachment-v1, fabric-rendering-fluids-v1]
[13:18:01] [Render thread/DEBUG] (net.fabricmc.fabric.impl.resource.loader.ModResourcePackUtil) [Fabric] cur @ fabric, auto-enabled fabric-rendering-v1, currently enabled: [vanilla, fabric, com_viaversion_viaaprilfools-common, com_viaversion_viabackwards-common, com_viaversion_viaversion-common, fabric-api, fabric-api-base, fabric-api-lookup-api-v1, fabric-biome-api-v1, fabric-block-api-v1, fabric-block-view-api-v2, fabric-blockrenderlayer-v1, fabric-client-gametest-api-v1, fabric-client-tags-api-v1, fabric-command-api-v1, fabric-command-api-v2, fabric-commands-v0, fabric-content-registries-v0, fabric-convention-tags-v1, fabric-convention-tags-v2, fabric-crash-report-info-v1, fabric-data-attachment-api-v1, fabric-data-generation-api-v1, fabric-dimensions-v1, fabric-entity-events-v1, fabric-events-interaction-v0, fabric-game-rule-api-v1, fabric-gametest-api-v1, fabric-item-api-v1, fabric-item-group-api-v1, fabric-key-binding-api-v1, fabric-keybindings-v0, fabric-lifecycle-events-v1, fabric-loot-api-v2, fabric-loot-api-v3, fabric-message-api-v1, fabric-model-loading-api-v1, fabric-networking-api-v1, fabric-object-builder-api-v1, fabric-particles-v1, fabric-recipe-api-v1, fabric-registry-sync-v0, fabric-renderer-api-v1, fabric-renderer-indigo, fabric-rendering-data-attachment-v1, fabric-rendering-fluids-v1, fabric-rendering-v1]
[13:18:01] [Render thread/DEBUG] (net.fabricmc.fabric.impl.resource.loader.ModResourcePackUtil) [Fabric] cur @ fabric, auto-enabled fabric-resource-conditions-api-v1, currently enabled: [vanilla, fabric, com_viaversion_viaaprilfools-common, com_viaversion_viabackwards-common, com_viaversion_viaversion-common, fabric-api, fabric-api-base, fabric-api-lookup-api-v1, fabric-biome-api-v1, fabric-block-api-v1, fabric-block-view-api-v2, fabric-blockrenderlayer-v1, fabric-client-gametest-api-v1, fabric-client-tags-api-v1, fabric-command-api-v1, fabric-command-api-v2, fabric-commands-v0, fabric-content-registries-v0, fabric-convention-tags-v1, fabric-convention-tags-v2, fabric-crash-report-info-v1, fabric-data-attachment-api-v1, fabric-data-generation-api-v1, fabric-dimensions-v1, fabric-entity-events-v1, fabric-events-interaction-v0, fabric-game-rule-api-v1, fabric-gametest-api-v1, fabric-item-api-v1, fabric-item-group-api-v1, fabric-key-binding-api-v1, fabric-keybindings-v0, fabric-lifecycle-events-v1, fabric-loot-api-v2, fabric-loot-api-v3, fabric-message-api-v1, fabric-model-loading-api-v1, fabric-networking-api-v1, fabric-object-builder-api-v1, fabric-particles-v1, fabric-recipe-api-v1, fabric-registry-sync-v0, fabric-renderer-api-v1, fabric-renderer-indigo, fabric-rendering-data-attachment-v1, fabric-rendering-fluids-v1, fabric-rendering-v1, fabric-resource-conditions-api-v1]
[13:18:01] [Render thread/DEBUG] (net.fabricmc.fabric.impl.resource.loader.ModResourcePackUtil) [Fabric] cur @ fabric, auto-enabled fabric-resource-loader-v0, currently enabled: [vanilla, fabric, com_viaversion_viaaprilfools-common, com_viaversion_viabackwards-common, com_viaversion_viaversion-common, fabric-api, fabric-api-base, fabric-api-lookup-api-v1, fabric-biome-api-v1, fabric-block-api-v1, fabric-block-view-api-v2, fabric-blockrenderlayer-v1, fabric-client-gametest-api-v1, fabric-client-tags-api-v1, fabric-command-api-v1, fabric-command-api-v2, fabric-commands-v0, fabric-content-registries-v0, fabric-convention-tags-v1, fabric-convention-tags-v2, fabric-crash-report-info-v1, fabric-data-attachment-api-v1, fabric-data-generation-api-v1, fabric-dimensions-v1, fabric-entity-events-v1, fabric-events-interaction-v0, fabric-game-rule-api-v1, fabric-gametest-api-v1, fabric-item-api-v1, fabric-item-group-api-v1, fabric-key-binding-api-v1, fabric-keybindings-v0, fabric-lifecycle-events-v1, fabric-loot-api-v2, fabric-loot-api-v3, fabric-message-api-v1, fabric-model-loading-api-v1, fabric-networking-api-v1, fabric-object-builder-api-v1, fabric-particles-v1, fabric-recipe-api-v1, fabric-registry-sync-v0, fabric-renderer-api-v1, fabric-renderer-indigo, fabric-rendering-data-attachment-v1, fabric-rendering-fluids-v1, fabric-rendering-v1, fabric-resource-conditions-api-v1, fabric-resource-loader-v0]
[13:18:01] [Render thread/DEBUG] (net.fabricmc.fabric.impl.resource.loader.ModResourcePackUtil) [Fabric] cur @ fabric, auto-enabled fabric-screen-api-v1, currently enabled: [vanilla, fabric, com_viaversion_viaaprilfools-common, com_viaversion_viabackwards-common, com_viaversion_viaversion-common, fabric-api, fabric-api-base, fabric-api-lookup-api-v1, fabric-biome-api-v1, fabric-block-api-v1, fabric-block-view-api-v2, fabric-blockrenderlayer-v1, fabric-client-gametest-api-v1, fabric-client-tags-api-v1, fabric-command-api-v1, fabric-command-api-v2, fabric-commands-v0, fabric-content-registries-v0, fabric-convention-tags-v1, fabric-convention-tags-v2, fabric-crash-report-info-v1, fabric-data-attachment-api-v1, fabric-data-generation-api-v1, fabric-dimensions-v1, fabric-entity-events-v1, fabric-events-interaction-v0, fabric-game-rule-api-v1, fabric-gametest-api-v1, fabric-item-api-v1, fabric-item-group-api-v1, fabric-key-binding-api-v1, fabric-keybindings-v0, fabric-lifecycle-events-v1, fabric-loot-api-v2, fabric-loot-api-v3, fabric-message-api-v1, fabric-model-loading-api-v1, fabric-networking-api-v1, fabric-object-builder-api-v1, fabric-particles-v1, fabric-recipe-api-v1, fabric-registry-sync-v0, fabric-renderer-api-v1, fabric-renderer-indigo, fabric-rendering-data-attachment-v1, fabric-rendering-fluids-v1, fabric-rendering-v1, fabric-resource-conditions-api-v1, fabric-resource-loader-v0, fabric-screen-api-v1]
[13:18:01] [Render thread/DEBUG] (net.fabricmc.fabric.impl.resource.loader.ModResourcePackUtil) [Fabric] cur @ fabric, auto-enabled fabric-screen-handler-api-v1, currently enabled: [vanilla, fabric, com_viaversion_viaaprilfools-common, com_viaversion_viabackwards-common, com_viaversion_viaversion-common, fabric-api, fabric-api-base, fabric-api-lookup-api-v1, fabric-biome-api-v1, fabric-block-api-v1, fabric-block-view-api-v2, fabric-blockrenderlayer-v1, fabric-client-gametest-api-v1, fabric-client-tags-api-v1, fabric-command-api-v1, fabric-command-api-v2, fabric-commands-v0, fabric-content-registries-v0, fabric-convention-tags-v1, fabric-convention-tags-v2, fabric-crash-report-info-v1, fabric-data-attachment-api-v1, fabric-data-generation-api-v1, fabric-dimensions-v1, fabric-entity-events-v1, fabric-events-interaction-v0, fabric-game-rule-api-v1, fabric-gametest-api-v1, fabric-item-api-v1, fabric-item-group-api-v1, fabric-key-binding-api-v1, fabric-keybindings-v0, fabric-lifecycle-events-v1, fabric-loot-api-v2, fabric-loot-api-v3, fabric-message-api-v1, fabric-model-loading-api-v1, fabric-networking-api-v1, fabric-object-builder-api-v1, fabric-particles-v1, fabric-recipe-api-v1, fabric-registry-sync-v0, fabric-renderer-api-v1, fabric-renderer-indigo, fabric-rendering-data-attachment-v1, fabric-rendering-fluids-v1, fabric-rendering-v1, fabric-resource-conditions-api-v1, fabric-resource-loader-v0, fabric-screen-api-v1, fabric-screen-handler-api-v1]
[13:18:01] [Render thread/DEBUG] (net.fabricmc.fabric.impl.resource.loader.ModResourcePackUtil) [Fabric] cur @ fabric, auto-enabled fabric-sound-api-v1, currently enabled: [vanilla, fabric, com_viaversion_viaaprilfools-common, com_viaversion_viabackwards-common, com_viaversion_viaversion-common, fabric-api, fabric-api-base, fabric-api-lookup-api-v1, fabric-biome-api-v1, fabric-block-api-v1, fabric-block-view-api-v2, fabric-blockrenderlayer-v1, fabric-client-gametest-api-v1, fabric-client-tags-api-v1, fabric-command-api-v1, fabric-command-api-v2, fabric-commands-v0, fabric-content-registries-v0, fabric-convention-tags-v1, fabric-convention-tags-v2, fabric-crash-report-info-v1, fabric-data-attachment-api-v1, fabric-data-generation-api-v1, fabric-dimensions-v1, fabric-entity-events-v1, fabric-events-interaction-v0, fabric-game-rule-api-v1, fabric-gametest-api-v1, fabric-item-api-v1, fabric-item-group-api-v1, fabric-key-binding-api-v1, fabric-keybindings-v0, fabric-lifecycle-events-v1, fabric-loot-api-v2, fabric-loot-api-v3, fabric-message-api-v1, fabric-model-loading-api-v1, fabric-networking-api-v1, fabric-object-builder-api-v1, fabric-particles-v1, fabric-recipe-api-v1, fabric-registry-sync-v0, fabric-renderer-api-v1, fabric-renderer-indigo, fabric-rendering-data-attachment-v1, fabric-rendering-fluids-v1, fabric-rendering-v1, fabric-resource-conditions-api-v1, fabric-resource-loader-v0, fabric-screen-api-v1, fabric-screen-handler-api-v1, fabric-sound-api-v1]
[13:18:01] [Render thread/DEBUG] (net.fabricmc.fabric.impl.resource.loader.ModResourcePackUtil) [Fabric] cur @ fabric, auto-enabled fabric-tag-api-v1, currently enabled: [vanilla, fabric, com_viaversion_viaaprilfools-common, com_viaversion_viabackwards-common, com_viaversion_viaversion-common, fabric-api, fabric-api-base, fabric-api-lookup-api-v1, fabric-biome-api-v1, fabric-block-api-v1, fabric-block-view-api-v2, fabric-blockrenderlayer-v1, fabric-client-gametest-api-v1, fabric-client-tags-api-v1, fabric-command-api-v1, fabric-command-api-v2, fabric-commands-v0, fabric-content-registries-v0, fabric-convention-tags-v1, fabric-convention-tags-v2, fabric-crash-report-info-v1, fabric-data-attachment-api-v1, fabric-data-generation-api-v1, fabric-dimensions-v1, fabric-entity-events-v1, fabric-events-interaction-v0, fabric-game-rule-api-v1, fabric-gametest-api-v1, fabric-item-api-v1, fabric-item-group-api-v1, fabric-key-binding-api-v1, fabric-keybindings-v0, fabric-lifecycle-events-v1, fabric-loot-api-v2, fabric-loot-api-v3, fabric-message-api-v1, fabric-model-loading-api-v1, fabric-networking-api-v1, fabric-object-builder-api-v1, fabric-particles-v1, fabric-recipe-api-v1, fabric-registry-sync-v0, fabric-renderer-api-v1, fabric-renderer-indigo, fabric-rendering-data-attachment-v1, fabric-rendering-fluids-v1, fabric-rendering-v1, fabric-resource-conditions-api-v1, fabric-resource-loader-v0, fabric-screen-api-v1, fabric-screen-handler-api-v1, fabric-sound-api-v1, fabric-tag-api-v1]
[13:18:01] [Render thread/DEBUG] (net.fabricmc.fabric.impl.resource.loader.ModResourcePackUtil) [Fabric] cur @ fabric, auto-enabled fabric-transfer-api-v1, currently enabled: [vanilla, fabric, com_viaversion_viaaprilfools-common, com_viaversion_viabackwards-common, com_viaversion_viaversion-common, fabric-api, fabric-api-base, fabric-api-lookup-api-v1, fabric-biome-api-v1, fabric-block-api-v1, fabric-block-view-api-v2, fabric-blockrenderlayer-v1, fabric-client-gametest-api-v1, fabric-client-tags-api-v1, fabric-command-api-v1, fabric-command-api-v2, fabric-commands-v0, fabric-content-registries-v0, fabric-convention-tags-v1, fabric-convention-tags-v2, fabric-crash-report-info-v1, fabric-data-attachment-api-v1, fabric-data-generation-api-v1, fabric-dimensions-v1, fabric-entity-events-v1, fabric-events-interaction-v0, fabric-game-rule-api-v1, fabric-gametest-api-v1, fabric-item-api-v1, fabric-item-group-api-v1, fabric-key-binding-api-v1, fabric-keybindings-v0, fabric-lifecycle-events-v1, fabric-loot-api-v2, fabric-loot-api-v3, fabric-message-api-v1, fabric-model-loading-api-v1, fabric-networking-api-v1, fabric-object-builder-api-v1, fabric-particles-v1, fabric-recipe-api-v1, fabric-registry-sync-v0, fabric-renderer-api-v1, fabric-renderer-indigo, fabric-rendering-data-attachment-v1, fabric-rendering-fluids-v1, fabric-rendering-v1, fabric-resource-conditions-api-v1, fabric-resource-loader-v0, fabric-screen-api-v1, fabric-screen-handler-api-v1, fabric-sound-api-v1, fabric-tag-api-v1, fabric-transfer-api-v1]
[13:18:01] [Render thread/DEBUG] (net.fabricmc.fabric.impl.resource.loader.ModResourcePackUtil) [Fabric] cur @ fabric, auto-enabled fabric-transitive-access-wideners-v1, currently enabled: [vanilla, fabric, com_viaversion_viaaprilfools-common, com_viaversion_viabackwards-common, com_viaversion_viaversion-common, fabric-api, fabric-api-base, fabric-api-lookup-api-v1, fabric-biome-api-v1, fabric-block-api-v1, fabric-block-view-api-v2, fabric-blockrenderlayer-v1, fabric-client-gametest-api-v1, fabric-client-tags-api-v1, fabric-command-api-v1, fabric-command-api-v2, fabric-commands-v0, fabric-content-registries-v0, fabric-convention-tags-v1, fabric-convention-tags-v2, fabric-crash-report-info-v1, fabric-data-attachment-api-v1, fabric-data-generation-api-v1, fabric-dimensions-v1, fabric-entity-events-v1, fabric-events-interaction-v0, fabric-game-rule-api-v1, fabric-gametest-api-v1, fabric-item-api-v1, fabric-item-group-api-v1, fabric-key-binding-api-v1, fabric-keybindings-v0, fabric-lifecycle-events-v1, fabric-loot-api-v2, fabric-loot-api-v3, fabric-message-api-v1, fabric-model-loading-api-v1, fabric-networking-api-v1, fabric-object-builder-api-v1, fabric-particles-v1, fabric-recipe-api-v1, fabric-registry-sync-v0, fabric-renderer-api-v1, fabric-renderer-indigo, fabric-rendering-data-attachment-v1, fabric-rendering-fluids-v1, fabric-rendering-v1, fabric-resource-conditions-api-v1, fabric-resource-loader-v0, fabric-screen-api-v1, fabric-screen-handler-api-v1, fabric-sound-api-v1, fabric-tag-api-v1, fabric-transfer-api-v1, fabric-transitive-access-wideners-v1]
[13:18:01] [Render thread/DEBUG] (net.fabricmc.fabric.impl.resource.loader.ModResourcePackUtil) [Fabric] cur @ fabric, auto-enabled fabricloader, currently enabled: [vanilla, fabric, com_viaversion_viaaprilfools-common, com_viaversion_viabackwards-common, com_viaversion_viaversion-common, fabric-api, fabric-api-base, fabric-api-lookup-api-v1, fabric-biome-api-v1, fabric-block-api-v1, fabric-block-view-api-v2, fabric-blockrenderlayer-v1, fabric-client-gametest-api-v1, fabric-client-tags-api-v1, fabric-command-api-v1, fabric-command-api-v2, fabric-commands-v0, fabric-content-registries-v0, fabric-convention-tags-v1, fabric-convention-tags-v2, fabric-crash-report-info-v1, fabric-data-attachment-api-v1, fabric-data-generation-api-v1, fabric-dimensions-v1, fabric-entity-events-v1, fabric-events-interaction-v0, fabric-game-rule-api-v1, fabric-gametest-api-v1, fabric-item-api-v1, fabric-item-group-api-v1, fabric-key-binding-api-v1, fabric-keybindings-v0, fabric-lifecycle-events-v1, fabric-loot-api-v2, fabric-loot-api-v3, fabric-message-api-v1, fabric-model-loading-api-v1, fabric-networking-api-v1, fabric-object-builder-api-v1, fabric-particles-v1, fabric-recipe-api-v1, fabric-registry-sync-v0, fabric-renderer-api-v1, fabric-renderer-indigo, fabric-rendering-data-attachment-v1, fabric-rendering-fluids-v1, fabric-rendering-v1, fabric-resource-conditions-api-v1, fabric-resource-loader-v0, fabric-screen-api-v1, fabric-screen-handler-api-v1, fabric-sound-api-v1, fabric-tag-api-v1, fabric-transfer-api-v1, fabric-transitive-access-wideners-v1, fabricloader]
[13:18:01] [Render thread/DEBUG] (net.fabricmc.fabric.impl.resource.loader.ModResourcePackUtil) [Fabric] cur @ fabric, auto-enabled ias, currently enabled: [vanilla, fabric, com_viaversion_viaaprilfools-common, com_viaversion_viabackwards-common, com_viaversion_viaversion-common, fabric-api, fabric-api-base, fabric-api-lookup-api-v1, fabric-biome-api-v1, fabric-block-api-v1, fabric-block-view-api-v2, fabric-blockrenderlayer-v1, fabric-client-gametest-api-v1, fabric-client-tags-api-v1, fabric-command-api-v1, fabric-command-api-v2, fabric-commands-v0, fabric-content-registries-v0, fabric-convention-tags-v1, fabric-convention-tags-v2, fabric-crash-report-info-v1, fabric-data-attachment-api-v1, fabric-data-generation-api-v1, fabric-dimensions-v1, fabric-entity-events-v1, fabric-events-interaction-v0, fabric-game-rule-api-v1, fabric-gametest-api-v1, fabric-item-api-v1, fabric-item-group-api-v1, fabric-key-binding-api-v1, fabric-keybindings-v0, fabric-lifecycle-events-v1, fabric-loot-api-v2, fabric-loot-api-v3, fabric-message-api-v1, fabric-model-loading-api-v1, fabric-networking-api-v1, fabric-object-builder-api-v1, fabric-particles-v1, fabric-recipe-api-v1, fabric-registry-sync-v0, fabric-renderer-api-v1, fabric-renderer-indigo, fabric-rendering-data-attachment-v1, fabric-rendering-fluids-v1, fabric-rendering-v1, fabric-resource-conditions-api-v1, fabric-resource-loader-v0, fabric-screen-api-v1, fabric-screen-handler-api-v1, fabric-sound-api-v1, fabric-tag-api-v1, fabric-transfer-api-v1, fabric-transitive-access-wideners-v1, fabricloader, ias]
[13:18:01] [Render thread/DEBUG] (net.fabricmc.fabric.impl.resource.loader.ModResourcePackUtil) [Fabric] cur @ fabric, auto-enabled luxury, currently enabled: [vanilla, fabric, com_viaversion_viaaprilfools-common, com_viaversion_viabackwards-common, com_viaversion_viaversion-common, fabric-api, fabric-api-base, fabric-api-lookup-api-v1, fabric-biome-api-v1, fabric-block-api-v1, fabric-block-view-api-v2, fabric-blockrenderlayer-v1, fabric-client-gametest-api-v1, fabric-client-tags-api-v1, fabric-command-api-v1, fabric-command-api-v2, fabric-commands-v0, fabric-content-registries-v0, fabric-convention-tags-v1, fabric-convention-tags-v2, fabric-crash-report-info-v1, fabric-data-attachment-api-v1, fabric-data-generation-api-v1, fabric-dimensions-v1, fabric-entity-events-v1, fabric-events-interaction-v0, fabric-game-rule-api-v1, fabric-gametest-api-v1, fabric-item-api-v1, fabric-item-group-api-v1, fabric-key-binding-api-v1, fabric-keybindings-v0, fabric-lifecycle-events-v1, fabric-loot-api-v2, fabric-loot-api-v3, fabric-message-api-v1, fabric-model-loading-api-v1, fabric-networking-api-v1, fabric-object-builder-api-v1, fabric-particles-v1, fabric-recipe-api-v1, fabric-registry-sync-v0, fabric-renderer-api-v1, fabric-renderer-indigo, fabric-rendering-data-attachment-v1, fabric-rendering-fluids-v1, fabric-rendering-v1, fabric-resource-conditions-api-v1, fabric-resource-loader-v0, fabric-screen-api-v1, fabric-screen-handler-api-v1, fabric-sound-api-v1, fabric-tag-api-v1, fabric-transfer-api-v1, fabric-transitive-access-wideners-v1, fabricloader, ias, luxury]
[13:18:01] [Render thread/DEBUG] (net.fabricmc.fabric.impl.resource.loader.ModResourcePackUtil) [Fabric] cur @ fabric, auto-enabled modmenu, currently enabled: [vanilla, fabric, com_viaversion_viaaprilfools-common, com_viaversion_viabackwards-common, com_viaversion_viaversion-common, fabric-api, fabric-api-base, fabric-api-lookup-api-v1, fabric-biome-api-v1, fabric-block-api-v1, fabric-block-view-api-v2, fabric-blockrenderlayer-v1, fabric-client-gametest-api-v1, fabric-client-tags-api-v1, fabric-command-api-v1, fabric-command-api-v2, fabric-commands-v0, fabric-content-registries-v0, fabric-convention-tags-v1, fabric-convention-tags-v2, fabric-crash-report-info-v1, fabric-data-attachment-api-v1, fabric-data-generation-api-v1, fabric-dimensions-v1, fabric-entity-events-v1, fabric-events-interaction-v0, fabric-game-rule-api-v1, fabric-gametest-api-v1, fabric-item-api-v1, fabric-item-group-api-v1, fabric-key-binding-api-v1, fabric-keybindings-v0, fabric-lifecycle-events-v1, fabric-loot-api-v2, fabric-loot-api-v3, fabric-message-api-v1, fabric-model-loading-api-v1, fabric-networking-api-v1, fabric-object-builder-api-v1, fabric-particles-v1, fabric-recipe-api-v1, fabric-registry-sync-v0, fabric-renderer-api-v1, fabric-renderer-indigo, fabric-rendering-data-attachment-v1, fabric-rendering-fluids-v1, fabric-rendering-v1, fabric-resource-conditions-api-v1, fabric-resource-loader-v0, fabric-screen-api-v1, fabric-screen-handler-api-v1, fabric-sound-api-v1, fabric-tag-api-v1, fabric-transfer-api-v1, fabric-transitive-access-wideners-v1, fabricloader, ias, luxury, modmenu]
[13:18:01] [Render thread/DEBUG] (net.fabricmc.fabric.impl.resource.loader.ModResourcePackUtil) [Fabric] cur @ fabric, auto-enabled net_raphimc_viabedrock, currently enabled: [vanilla, fabric, com_viaversion_viaaprilfools-common, com_viaversion_viabackwards-common, com_viaversion_viaversion-common, fabric-api, fabric-api-base, fabric-api-lookup-api-v1, fabric-biome-api-v1, fabric-block-api-v1, fabric-block-view-api-v2, fabric-blockrenderlayer-v1, fabric-client-gametest-api-v1, fabric-client-tags-api-v1, fabric-command-api-v1, fabric-command-api-v2, fabric-commands-v0, fabric-content-registries-v0, fabric-convention-tags-v1, fabric-convention-tags-v2, fabric-crash-report-info-v1, fabric-data-attachment-api-v1, fabric-data-generation-api-v1, fabric-dimensions-v1, fabric-entity-events-v1, fabric-events-interaction-v0, fabric-game-rule-api-v1, fabric-gametest-api-v1, fabric-item-api-v1, fabric-item-group-api-v1, fabric-key-binding-api-v1, fabric-keybindings-v0, fabric-lifecycle-events-v1, fabric-loot-api-v2, fabric-loot-api-v3, fabric-message-api-v1, fabric-model-loading-api-v1, fabric-networking-api-v1, fabric-object-builder-api-v1, fabric-particles-v1, fabric-recipe-api-v1, fabric-registry-sync-v0, fabric-renderer-api-v1, fabric-renderer-indigo, fabric-rendering-data-attachment-v1, fabric-rendering-fluids-v1, fabric-rendering-v1, fabric-resource-conditions-api-v1, fabric-resource-loader-v0, fabric-screen-api-v1, fabric-screen-handler-api-v1, fabric-sound-api-v1, fabric-tag-api-v1, fabric-transfer-api-v1, fabric-transitive-access-wideners-v1, fabricloader, ias, luxury, modmenu, net_raphimc_viabedrock]
[13:18:01] [Render thread/DEBUG] (net.fabricmc.fabric.impl.resource.loader.ModResourcePackUtil) [Fabric] cur @ fabric, auto-enabled net_raphimc_vialegacy, currently enabled: [vanilla, fabric, com_viaversion_viaaprilfools-common, com_viaversion_viabackwards-common, com_viaversion_viaversion-common, fabric-api, fabric-api-base, fabric-api-lookup-api-v1, fabric-biome-api-v1, fabric-block-api-v1, fabric-block-view-api-v2, fabric-blockrenderlayer-v1, fabric-client-gametest-api-v1, fabric-client-tags-api-v1, fabric-command-api-v1, fabric-command-api-v2, fabric-commands-v0, fabric-content-registries-v0, fabric-convention-tags-v1, fabric-convention-tags-v2, fabric-crash-report-info-v1, fabric-data-attachment-api-v1, fabric-data-generation-api-v1, fabric-dimensions-v1, fabric-entity-events-v1, fabric-events-interaction-v0, fabric-game-rule-api-v1, fabric-gametest-api-v1, fabric-item-api-v1, fabric-item-group-api-v1, fabric-key-binding-api-v1, fabric-keybindings-v0, fabric-lifecycle-events-v1, fabric-loot-api-v2, fabric-loot-api-v3, fabric-message-api-v1, fabric-model-loading-api-v1, fabric-networking-api-v1, fabric-object-builder-api-v1, fabric-particles-v1, fabric-recipe-api-v1, fabric-registry-sync-v0, fabric-renderer-api-v1, fabric-renderer-indigo, fabric-rendering-data-attachment-v1, fabric-rendering-fluids-v1, fabric-rendering-v1, fabric-resource-conditions-api-v1, fabric-resource-loader-v0, fabric-screen-api-v1, fabric-screen-handler-api-v1, fabric-sound-api-v1, fabric-tag-api-v1, fabric-transfer-api-v1, fabric-transitive-access-wideners-v1, fabricloader, ias, luxury, modmenu, net_raphimc_viabedrock, net_raphimc_vialegacy]
[13:18:01] [Render thread/DEBUG] (net.fabricmc.fabric.impl.resource.loader.ModResourcePackUtil) [Fabric] cur @ fabric, auto-enabled placeholder-api, currently enabled: [vanilla, fabric, com_viaversion_viaaprilfools-common, com_viaversion_viabackwards-common, com_viaversion_viaversion-common, fabric-api, fabric-api-base, fabric-api-lookup-api-v1, fabric-biome-api-v1, fabric-block-api-v1, fabric-block-view-api-v2, fabric-blockrenderlayer-v1, fabric-client-gametest-api-v1, fabric-client-tags-api-v1, fabric-command-api-v1, fabric-command-api-v2, fabric-commands-v0, fabric-content-registries-v0, fabric-convention-tags-v1, fabric-convention-tags-v2, fabric-crash-report-info-v1, fabric-data-attachment-api-v1, fabric-data-generation-api-v1, fabric-dimensions-v1, fabric-entity-events-v1, fabric-events-interaction-v0, fabric-game-rule-api-v1, fabric-gametest-api-v1, fabric-item-api-v1, fabric-item-group-api-v1, fabric-key-binding-api-v1, fabric-keybindings-v0, fabric-lifecycle-events-v1, fabric-loot-api-v2, fabric-loot-api-v3, fabric-message-api-v1, fabric-model-loading-api-v1, fabric-networking-api-v1, fabric-object-builder-api-v1, fabric-particles-v1, fabric-recipe-api-v1, fabric-registry-sync-v0, fabric-renderer-api-v1, fabric-renderer-indigo, fabric-rendering-data-attachment-v1, fabric-rendering-fluids-v1, fabric-rendering-v1, fabric-resource-conditions-api-v1, fabric-resource-loader-v0, fabric-screen-api-v1, fabric-screen-handler-api-v1, fabric-sound-api-v1, fabric-tag-api-v1, fabric-transfer-api-v1, fabric-transitive-access-wideners-v1, fabricloader, ias, luxury, modmenu, net_raphimc_viabedrock, net_raphimc_vialegacy, placeholder-api]
[13:18:01] [Render thread/DEBUG] (net.fabricmc.fabric.impl.resource.loader.ModResourcePackUtil) [Fabric] cur @ fabric, auto-enabled viafabricplus, currently enabled: [vanilla, fabric, com_viaversion_viaaprilfools-common, com_viaversion_viabackwards-common, com_viaversion_viaversion-common, fabric-api, fabric-api-base, fabric-api-lookup-api-v1, fabric-biome-api-v1, fabric-block-api-v1, fabric-block-view-api-v2, fabric-blockrenderlayer-v1, fabric-client-gametest-api-v1, fabric-client-tags-api-v1, fabric-command-api-v1, fabric-command-api-v2, fabric-commands-v0, fabric-content-registries-v0, fabric-convention-tags-v1, fabric-convention-tags-v2, fabric-crash-report-info-v1, fabric-data-attachment-api-v1, fabric-data-generation-api-v1, fabric-dimensions-v1, fabric-entity-events-v1, fabric-events-interaction-v0, fabric-game-rule-api-v1, fabric-gametest-api-v1, fabric-item-api-v1, fabric-item-group-api-v1, fabric-key-binding-api-v1, fabric-keybindings-v0, fabric-lifecycle-events-v1, fabric-loot-api-v2, fabric-loot-api-v3, fabric-message-api-v1, fabric-model-loading-api-v1, fabric-networking-api-v1, fabric-object-builder-api-v1, fabric-particles-v1, fabric-recipe-api-v1, fabric-registry-sync-v0, fabric-renderer-api-v1, fabric-renderer-indigo, fabric-rendering-data-attachment-v1, fabric-rendering-fluids-v1, fabric-rendering-v1, fabric-resource-conditions-api-v1, fabric-resource-loader-v0, fabric-screen-api-v1, fabric-screen-handler-api-v1, fabric-sound-api-v1, fabric-tag-api-v1, fabric-transfer-api-v1, fabric-transitive-access-wideners-v1, fabricloader, ias, luxury, modmenu, net_raphimc_viabedrock, net_raphimc_vialegacy, placeholder-api, viafabricplus]
[13:18:01] [Render thread/DEBUG] (net.fabricmc.fabric.impl.resource.loader.ModResourcePackUtil) [Fabric] cur @ fabric, auto-enabled viafabricplus-visuals, currently enabled: [vanilla, fabric, com_viaversion_viaaprilfools-common, com_viaversion_viabackwards-common, com_viaversion_viaversion-common, fabric-api, fabric-api-base, fabric-api-lookup-api-v1, fabric-biome-api-v1, fabric-block-api-v1, fabric-block-view-api-v2, fabric-blockrenderlayer-v1, fabric-client-gametest-api-v1, fabric-client-tags-api-v1, fabric-command-api-v1, fabric-command-api-v2, fabric-commands-v0, fabric-content-registries-v0, fabric-convention-tags-v1, fabric-convention-tags-v2, fabric-crash-report-info-v1, fabric-data-attachment-api-v1, fabric-data-generation-api-v1, fabric-dimensions-v1, fabric-entity-events-v1, fabric-events-interaction-v0, fabric-game-rule-api-v1, fabric-gametest-api-v1, fabric-item-api-v1, fabric-item-group-api-v1, fabric-key-binding-api-v1, fabric-keybindings-v0, fabric-lifecycle-events-v1, fabric-loot-api-v2, fabric-loot-api-v3, fabric-message-api-v1, fabric-model-loading-api-v1, fabric-networking-api-v1, fabric-object-builder-api-v1, fabric-particles-v1, fabric-recipe-api-v1, fabric-registry-sync-v0, fabric-renderer-api-v1, fabric-renderer-indigo, fabric-rendering-data-attachment-v1, fabric-rendering-fluids-v1, fabric-rendering-v1, fabric-resource-conditions-api-v1, fabric-resource-loader-v0, fabric-screen-api-v1, fabric-screen-handler-api-v1, fabric-sound-api-v1, fabric-tag-api-v1, fabric-transfer-api-v1, fabric-transitive-access-wideners-v1, fabricloader, ias, luxury, modmenu, net_raphimc_viabedrock, net_raphimc_vialegacy, placeholder-api, viafabricplus, viafabricplus-visuals]
[13:18:01] [Render thread/DEBUG] (net.fabricmc.fabric.impl.resource.loader.ModResourcePackUtil) [Fabric] Final sorting result: [vanilla, fabric, com_viaversion_viaaprilfools-common, com_viaversion_viabackwards-common, com_viaversion_viaversion-common, fabric-api, fabric-api-base, fabric-api-lookup-api-v1, fabric-biome-api-v1, fabric-block-api-v1, fabric-block-view-api-v2, fabric-blockrenderlayer-v1, fabric-client-gametest-api-v1, fabric-client-tags-api-v1, fabric-command-api-v1, fabric-command-api-v2, fabric-commands-v0, fabric-content-registries-v0, fabric-convention-tags-v1, fabric-convention-tags-v2, fabric-crash-report-info-v1, fabric-data-attachment-api-v1, fabric-data-generation-api-v1, fabric-dimensions-v1, fabric-entity-events-v1, fabric-events-interaction-v0, fabric-game-rule-api-v1, fabric-gametest-api-v1, fabric-item-api-v1, fabric-item-group-api-v1, fabric-key-binding-api-v1, fabric-keybindings-v0, fabric-lifecycle-events-v1, fabric-loot-api-v2, fabric-loot-api-v3, fabric-message-api-v1, fabric-model-loading-api-v1, fabric-networking-api-v1, fabric-object-builder-api-v1, fabric-particles-v1, fabric-recipe-api-v1, fabric-registry-sync-v0, fabric-renderer-api-v1, fabric-renderer-indigo, fabric-rendering-data-attachment-v1, fabric-rendering-fluids-v1, fabric-rendering-v1, fabric-resource-conditions-api-v1, fabric-resource-loader-v0, fabric-screen-api-v1, fabric-screen-handler-api-v1, fabric-sound-api-v1, fabric-tag-api-v1, fabric-transfer-api-v1, fabric-transitive-access-wideners-v1, fabricloader, ias, luxury, modmenu, net_raphimc_viabedrock, net_raphimc_vialegacy, placeholder-api, viafabricplus, viafabricplus-visuals, file/!§f     ᴛʜᴜɴᴅᴇʀ. ᴡʜɪᴛᴇ ᴠ3.3.zip]
[13:18:01] [Render thread/DEBUG] (FabricLoader/Mixin) Mixing force_unicode_font.MixinLanguageManager from viafabricplus-visuals.mixins.json into net.minecraft.client.resource.language.LanguageManager
[13:18:01] [Render thread/DEBUG] (FabricLoader/Mixin) Mixing KeyedResourceReloadListenerClientMixin from fabric-resource-loader-v0.client.mixins.json into net.minecraft.client.resource.language.LanguageManager
[13:18:01] [Render thread/DEBUG] (FabricLoader/Mixin) viafabricplus-visuals.mixins.json:force_unicode_font.MixinLanguageManager from mod viafabricplus-visuals->@Inject::updateUnicodeFontOverride(Lnet/minecraft/resource/ResourceManager;Lorg/spongepowered/asm/mixin/injection/callback/CallbackInfo;)V doesn't use it's CallbackInfo
[13:18:01] [Render thread/DEBUG] (FabricLoader/Mixin) viafabricplus-visuals.mixins.json:force_unicode_font.MixinLanguageManager from mod viafabricplus-visuals->@Inject::updateUnicodeFontOverride(Lnet/minecraft/resource/ResourceManager;Lorg/spongepowered/asm/mixin/injection/callback/CallbackInfo;)V has 0 override(s) in child classes
[13:18:01] [Render thread/DEBUG] (FabricLoader/Mixin) viafabricplus-visuals.mixins.json:force_unicode_font.MixinLanguageManager from mod viafabricplus-visuals->@Inject::updateUnicodeFontOverride(Lnet/minecraft/resource/ResourceManager;Lorg/spongepowered/asm/mixin/injection/callback/CallbackInfo;)V won't be passed a CallbackInfo as a result
[13:18:01] [Render thread/DEBUG] (FabricLoader/Mixin) Mixing KeyedResourceReloadListenerClientMixin from fabric-resource-loader-v0.client.mixins.json into net.minecraft.client.texture.TextureManager
[13:18:01] [Render thread/DEBUG] (FabricLoader/Mixin) Mixing KeyedResourceReloadListenerClientMixin from fabric-resource-loader-v0.client.mixins.json into net.minecraft.client.sound.SoundManager
[13:18:01] [Render thread/DEBUG] (FabricLoader/Mixin) Mixing modification.DynamicRegistryManagerImmutableImplMixin from fabric-biome-api-v1.mixins.json into net.minecraft.registry.DynamicRegistryManager$ImmutableImpl
[13:18:01] [Render thread/DEBUG] (FabricLoader/Mixin) Mixing SoundSystemMixin from fabric-sound-api-v1.mixins.json into net.minecraft.client.sound.SoundSystem
[13:18:01] [Render thread/DEBUG] (FabricLoader/Mixin) Mixing FontManagerMixin from fabric-resource-loader-v0.client.mixins.json into net.minecraft.client.font.FontManager
[13:18:01] [Render thread/DEBUG] (FabricLoader/Mixin) Mixing features.font.MixinFontStorage from viafabricplus.mixins.json into net.minecraft.client.font.FontStorage
[13:18:01] [Render thread/DEBUG] (FabricLoader/Mixin) viafabricplus.mixins.json:features.font.MixinFontStorage from mod viafabricplus->@Inject::bakeBlankGlyph1_12_2(Lorg/spongepowered/asm/mixin/injection/callback/CallbackInfo;)V doesn't use it's CallbackInfo
[13:18:01] [Render thread/DEBUG] (FabricLoader/Mixin) viafabricplus.mixins.json:features.font.MixinFontStorage from mod viafabricplus->@Inject::bakeBlankGlyph1_12_2(Lorg/spongepowered/asm/mixin/injection/callback/CallbackInfo;)V has 0 override(s) in child classes
[13:18:01] [Render thread/DEBUG] (FabricLoader/Mixin) viafabricplus.mixins.json:features.font.MixinFontStorage from mod viafabricplus->@Inject::bakeBlankGlyph1_12_2(Lorg/spongepowered/asm/mixin/injection/callback/CallbackInfo;)V won't be passed a CallbackInfo as a result
[13:18:01] [Render thread/DEBUG] (FabricLoader/Mixin) viafabricplus.mixins.json:features.font.MixinFontStorage from mod viafabricplus->@Inject::filterGlyphs(ILorg/spongepowered/asm/mixin/injection/callback/CallbackInfoReturnable;)V does use it's CallbackInfoReturnable
[13:18:01] [Render thread/DEBUG] (FabricLoader/Mixin) viafabricplus.mixins.json:features.font.MixinFontStorage from mod viafabricplus->@Inject::filterGlyphs(ILorg/spongepowered/asm/mixin/injection/callback/CallbackInfoReturnable;)V does use it's CallbackInfoReturnable
[13:18:01] [Render thread/DEBUG] (FabricLoader/Mixin) viafabricplus.mixins.json:features.font.MixinFontStorage from mod viafabricplus->@Inject::filterGlyphs(ILorg/spongepowered/asm/mixin/injection/callback/CallbackInfoReturnable;)V does use it's CallbackInfoReturnable
[13:18:01] [Render thread/DEBUG] (FabricLoader/Mixin) viafabricplus.mixins.json:features.font.MixinFontStorage from mod viafabricplus->@Inject::filterBakedGlyph(ILorg/spongepowered/asm/mixin/injection/callback/CallbackInfoReturnable;)V does use it's CallbackInfoReturnable
[13:18:01] [Render thread/DEBUG] (FabricLoader/Mixin) viafabricplus.mixins.json:features.font.MixinFontStorage from mod viafabricplus->@Inject::filterBakedGlyph(ILorg/spongepowered/asm/mixin/injection/callback/CallbackInfoReturnable;)V does use it's CallbackInfoReturnable
[13:18:01] [Render thread/DEBUG] (FabricLoader/Mixin) viafabricplus.mixins.json:features.font.MixinFontStorage from mod viafabricplus->@Inject::fixBlankGlyph1_12_2(ILorg/spongepowered/asm/mixin/injection/callback/CallbackInfoReturnable;)V does use it's CallbackInfoReturnable
[13:18:01] [Render thread/DEBUG] (FabricLoader/Mixin) viafabricplus.mixins.json:features.font.MixinFontStorage from mod viafabricplus->@Inject::fixBlankGlyph1_12_2(ILorg/spongepowered/asm/mixin/injection/callback/CallbackInfoReturnable;)V does use it's CallbackInfoReturnable
[13:18:01] [Render thread/DEBUG] (FabricLoader/Mixin) viafabricplus.mixins.json:features.font.MixinFontStorage from mod viafabricplus->@Inject::fixBlankGlyph1_12_2(ILorg/spongepowered/asm/mixin/injection/callback/CallbackInfoReturnable;)V does use it's CallbackInfoReturnable
[13:18:01] [Render thread/DEBUG] (FabricLoader/Mixin) Mixing features.bedrock.allow_new_line.MixinTextRenderer from viafabricplus.mixins.json into net.minecraft.client.font.TextRenderer
[13:18:01] [Render thread/DEBUG] (FabricLoader/Mixin) viafabricplus.mixins.json:features.bedrock.allow_new_line.MixinTextRenderer from mod viafabricplus->@Inject::allowNewLines_String(Ljava/lang/String;FFIZLorg/joml/Matrix4f;Lnet/minecraft/client/render/VertexConsumerProvider;Lnet/minecraft/client/font/TextRenderer$TextLayerType;IILorg/spongepowered/asm/mixin/injection/callback/CallbackInfoReturnable;)V does use it's CallbackInfoReturnable
[13:18:01] [Render thread/DEBUG] (FabricLoader/Mixin) viafabricplus.mixins.json:features.bedrock.allow_new_line.MixinTextRenderer from mod viafabricplus->@Inject::allowNewLines_Text(Lnet/minecraft/text/Text;FFIZLorg/joml/Matrix4f;Lnet/minecraft/client/render/VertexConsumerProvider;Lnet/minecraft/client/font/TextRenderer$TextLayerType;IILorg/spongepowered/asm/mixin/injection/callback/CallbackInfoReturnable;)V does use it's CallbackInfoReturnable
[13:18:01] [Render thread/DEBUG] (FabricLoader/Mixin) viafabricplus.mixins.json:features.bedrock.allow_new_line.MixinTextRenderer from mod viafabricplus->@Inject::allowNewLines_getWidth(Lnet/minecraft/text/StringVisitable;Lorg/spongepowered/asm/mixin/injection/callback/CallbackInfoReturnable;)V does use it's CallbackInfoReturnable
[13:18:01] [Render thread/DEBUG] (FabricLoader/Mixin) Mixing BlockColorsMixin from fabric-registry-sync-v0.client.mixins.json into net.minecraft.client.color.block.BlockColors
[13:18:01] [Render thread/DEBUG] (FabricLoader/Mixin) Mixing BlockColorsMixin from fabric-rendering-v1.mixins.json into net.minecraft.client.color.block.BlockColors
[13:18:01] [Render thread/DEBUG] (FabricLoader/Mixin) fabric-registry-sync-v0.client.mixins.json:BlockColorsMixin from mod fabric-registry-sync-v0->@Inject::create(Lorg/spongepowered/asm/mixin/injection/callback/CallbackInfo;)V doesn't use it's CallbackInfo
[13:18:01] [Render thread/DEBUG] (FabricLoader/Mixin) fabric-registry-sync-v0.client.mixins.json:BlockColorsMixin from mod fabric-registry-sync-v0->@Inject::create(Lorg/spongepowered/asm/mixin/injection/callback/CallbackInfo;)V has 0 override(s) in child classes
[13:18:01] [Render thread/DEBUG] (FabricLoader/Mixin) fabric-registry-sync-v0.client.mixins.json:BlockColorsMixin from mod fabric-registry-sync-v0->@Inject::create(Lorg/spongepowered/asm/mixin/injection/callback/CallbackInfo;)V won't be passed a CallbackInfo as a result
[13:18:01] [Render thread/DEBUG] (FabricLoader/Mixin) fabric-rendering-v1.mixins.json:BlockColorsMixin from mod fabric-rendering-v1->@Inject::create(Lorg/spongepowered/asm/mixin/injection/callback/CallbackInfoReturnable;)V does use it's CallbackInfoReturnable
[13:18:01] [Render thread/DEBUG] (FabricLoader/Mixin) Mixing BakedModelManagerMixin from fabric-model-loading-api-v1.mixins.json into net.minecraft.client.render.model.BakedModelManager
[13:18:01] [Render thread/DEBUG] (FabricLoader/Mixin) Renaming synthetic method lambda$hookModelBaking$3(Ljava/util/function/Function;Ljava/lang/Void;)Ljava/lang/Object; to mdd4350b$fabric-model-loading-api-v1$lambda$hookModelBaking$3$0 in fabric-model-loading-api-v1.mixins.json:BakedModelManagerMixin from mod fabric-model-loading-api-v1
[13:18:01] [Render thread/DEBUG] (FabricLoader/Mixin) Renaming synthetic method lambda$hookModelDiscovery$2(Ljava/util/function/Function;Ljava/lang/Void;)Lnet/minecraft/client/render/model/ReferencedModelsCollector; to mdd4350b$fabric-model-loading-api-v1$lambda$hookModelDiscovery$2$1 in fabric-model-loading-api-v1.mixins.json:BakedModelManagerMixin from mod fabric-model-loading-api-v1
[13:18:01] [Render thread/DEBUG] (FabricLoader/Mixin) Renaming synthetic method lambda$hookBlockStateModels$1(Lnet/minecraft/client/render/model/BlockStatesLoader$BlockStateDefinition;Lnet/fabricmc/fabric/impl/client/model/loading/ModelLoadingEventDispatcher;)Lnet/minecraft/client/render/model/BlockStatesLoader$BlockStateDefinition; to mdd4350b$fabric-model-loading-api-v1$lambda$hookBlockStateModels$1$2 in fabric-model-loading-api-v1.mixins.json:BakedModelManagerMixin from mod fabric-model-loading-api-v1
[13:18:01] [Render thread/DEBUG] (FabricLoader/Mixin) Renaming synthetic method lambda$resetEventDispatcherFuture$0(Ljava/lang/Void;)Ljava/lang/Void; to mdd4350b$fabric-model-loading-api-v1$lambda$resetEventDispatcherFuture$0$3 in fabric-model-loading-api-v1.mixins.json:BakedModelManagerMixin from mod fabric-model-loading-api-v1
[13:18:01] [Render thread/DEBUG] (FabricLoader/Mixin) Mixing KeyedResourceReloadListenerClientMixin from fabric-resource-loader-v0.client.mixins.json into net.minecraft.client.render.model.BakedModelManager
[13:18:01] [Render thread/DEBUG] (FabricLoader/Mixin) fabric-model-loading-api-v1.mixins.json:BakedModelManagerMixin from mod fabric-model-loading-api-v1->@Inject::onHeadReload(Lnet/minecraft/resource/ResourceReloader$Synchronizer;Lnet/minecraft/resource/ResourceManager;Ljava/util/concurrent/Executor;Ljava/util/concurrent/Executor;Lorg/spongepowered/asm/mixin/injection/callback/CallbackInfoReturnable;)V doesn't use it's CallbackInfoReturnable
[13:18:01] [Render thread/DEBUG] (FabricLoader/Mixin) fabric-model-loading-api-v1.mixins.json:BakedModelManagerMixin from mod fabric-model-loading-api-v1->@Inject::onHeadReload(Lnet/minecraft/resource/ResourceReloader$Synchronizer;Lnet/minecraft/resource/ResourceManager;Ljava/util/concurrent/Executor;Ljava/util/concurrent/Executor;Lorg/spongepowered/asm/mixin/injection/callback/CallbackInfoReturnable;)V has 0 override(s) in child classes
[13:18:01] [Render thread/DEBUG] (FabricLoader/Mixin) fabric-model-loading-api-v1.mixins.json:BakedModelManagerMixin from mod fabric-model-loading-api-v1->@Inject::onHeadReload(Lnet/minecraft/resource/ResourceReloader$Synchronizer;Lnet/minecraft/resource/ResourceManager;Ljava/util/concurrent/Executor;Ljava/util/concurrent/Executor;Lorg/spongepowered/asm/mixin/injection/callback/CallbackInfoReturnable;)V won't be passed a CallbackInfoReturnable as a result
[13:18:01] [Render thread/DEBUG] (FabricLoader/Mixin) fabric-model-loading-api-v1.mixins.json:BakedModelManagerMixin from mod fabric-model-loading-api-v1->@Inject::onUpload(Lorg/spongepowered/asm/mixin/injection/callback/CallbackInfo;)V doesn't use it's CallbackInfo
[13:18:01] [Render thread/DEBUG] (FabricLoader/Mixin) fabric-model-loading-api-v1.mixins.json:BakedModelManagerMixin from mod fabric-model-loading-api-v1->@Inject::onUpload(Lorg/spongepowered/asm/mixin/injection/callback/CallbackInfo;)V has 0 override(s) in child classes
[13:18:01] [Render thread/DEBUG] (FabricLoader/Mixin) fabric-model-loading-api-v1.mixins.json:BakedModelManagerMixin from mod fabric-model-loading-api-v1->@Inject::onUpload(Lorg/spongepowered/asm/mixin/injection/callback/CallbackInfo;)V won't be passed a CallbackInfo as a result
[13:18:01] [Render thread/DEBUG] (FabricLoader/Mixin) Mixing JsonDataLoaderMixin from fabric-resource-conditions-api-v1.mixins.json into net.minecraft.resource.JsonDataLoader
[13:18:01] [Render thread/DEBUG] (FabricLoader/Mixin) Mixing JsonDataLoaderMixin from fabric-loot-api-v3.mixins.json into net.minecraft.resource.JsonDataLoader
[13:18:01] [Render thread/DEBUG] (FabricLoader/Mixin) fabric-resource-conditions-api-v1.mixins.json:JsonDataLoaderMixin from mod fabric-resource-conditions-api-v1->@Inject::skipData(Ljava/util/Map;Lnet/minecraft/util/Identifier;Ljava/lang/Object;Lorg/spongepowered/asm/mixin/injection/callback/CallbackInfo;)V does use it's CallbackInfo
[13:18:01] [Render thread/DEBUG] (FabricLoader/Mixin) fabric-loot-api-v3.mixins.json:JsonDataLoaderMixin from mod fabric-loot-api-v3->@Inject::fillSourceMap(Lnet/minecraft/resource/ResourceManager;Lnet/minecraft/resource/ResourceFinder;Lcom/mojang/serialization/DynamicOps;Lcom/mojang/serialization/Codec;Ljava/util/Map;Lorg/spongepowered/asm/mixin/injection/callback/CallbackInfo;)V doesn't use it's CallbackInfo
[13:18:01] [Render thread/DEBUG] (FabricLoader/Mixin) Mixing petrified_oak_slab_model.MixinItemRenderer from viafabricplus-visuals.mixins.json into net.minecraft.client.item.ItemModelManager
[13:18:01] [Render thread/DEBUG] (FabricLoader/Mixin) Mixing ModelBakerMixin from fabric-model-loading-api-v1.mixins.json into net.minecraft.client.render.model.ModelBaker
[13:18:01] [Render thread/DEBUG] (FabricLoader/Mixin) Renaming synthetic method lambda$onReturnBake$0(Lnet/minecraft/client/render/model/ModelBaker$ErrorCollectingSpriteGetter;Ljava/util/Map;Lnet/minecraft/util/Identifier;)V to mdd4350b$fabric-model-loading-api-v1$lambda$onReturnBake$0$0 in fabric-model-loading-api-v1.mixins.json:ModelBakerMixin from mod fabric-model-loading-api-v1
[13:18:01] [Render thread/DEBUG] (FabricLoader/Mixin) fabric-model-loading-api-v1.mixins.json:ModelBakerMixin from mod fabric-model-loading-api-v1->@Inject::onReturnInit(Lorg/spongepowered/asm/mixin/injection/callback/CallbackInfo;)V doesn't use it's CallbackInfo
[13:18:01] [Render thread/DEBUG] (FabricLoader/Mixin) fabric-model-loading-api-v1.mixins.json:ModelBakerMixin from mod fabric-model-loading-api-v1->@Inject::onReturnInit(Lorg/spongepowered/asm/mixin/injection/callback/CallbackInfo;)V has 0 override(s) in child classes
[13:18:01] [Render thread/DEBUG] (FabricLoader/Mixin) fabric-model-loading-api-v1.mixins.json:ModelBakerMixin from mod fabric-model-loading-api-v1->@Inject::onReturnInit(Lorg/spongepowered/asm/mixin/injection/callback/CallbackInfo;)V won't be passed a CallbackInfo as a result
[13:18:01] [Render thread/DEBUG] (FabricLoader/Mixin) fabric-model-loading-api-v1.mixins.json:ModelBakerMixin from mod fabric-model-loading-api-v1->@Inject::onReturnBake(Lnet/minecraft/client/render/model/ModelBaker$ErrorCollectingSpriteGetter;Lorg/spongepowered/asm/mixin/injection/callback/CallbackInfoReturnable;)V does use it's CallbackInfoReturnable
[13:18:01] [Render thread/DEBUG] (FabricLoader/Mixin) Mixing KeyedResourceReloadListenerClientMixin from fabric-resource-loader-v0.client.mixins.json into net.minecraft.client.render.block.BlockRenderManager
[13:18:01] [Render thread/DEBUG] (FabricLoader/Mixin) Mixing BlockModelRendererMixin from fabric-renderer-indigo.mixins.json into net.minecraft.client.render.block.BlockModelRenderer
[13:18:01] [Render thread/DEBUG] (FabricLoader/Mixin) fabric-renderer-indigo.mixins.json:BlockModelRendererMixin from mod fabric-renderer-indigo->@Inject::hookRender(Lnet/minecraft/world/BlockRenderView;Lnet/minecraft/client/render/model/BakedModel;Lnet/minecraft/block/BlockState;Lnet/minecraft/util/math/BlockPos;Lnet/minecraft/client/util/math/MatrixStack;Lnet/minecraft/client/render/VertexConsumer;ZLnet/minecraft/util/math/random/Random;JILorg/spongepowered/asm/mixin/injection/callback/CallbackInfo;)V does use it's CallbackInfo
[13:18:01] [Render thread/DEBUG] (FabricLoader/Mixin) Mixing FluidRendererMixin from fabric-rendering-fluids-v1.mixins.json into net.minecraft.client.render.block.FluidRenderer
[13:18:01] [Render thread/DEBUG] (FabricLoader/Mixin) fabric-rendering-fluids-v1.mixins.json:FluidRendererMixin from mod fabric-rendering-fluids-v1->@Inject::onResourceReloadReturn(Lorg/spongepowered/asm/mixin/injection/callback/CallbackInfo;)V doesn't use it's CallbackInfo
[13:18:01] [Render thread/DEBUG] (FabricLoader/Mixin) fabric-rendering-fluids-v1.mixins.json:FluidRendererMixin from mod fabric-rendering-fluids-v1->@Inject::onResourceReloadReturn(Lorg/spongepowered/asm/mixin/injection/callback/CallbackInfo;)V has 0 override(s) in child classes
[13:18:01] [Render thread/DEBUG] (FabricLoader/Mixin) fabric-rendering-fluids-v1.mixins.json:FluidRendererMixin from mod fabric-rendering-fluids-v1->@Inject::onResourceReloadReturn(Lorg/spongepowered/asm/mixin/injection/callback/CallbackInfo;)V won't be passed a CallbackInfo as a result
[13:18:01] [Render thread/DEBUG] (FabricLoader/Mixin) fabric-rendering-fluids-v1.mixins.json:FluidRendererMixin from mod fabric-rendering-fluids-v1->@Inject::onHeadRender(Lnet/minecraft/world/BlockRenderView;Lnet/minecraft/util/math/BlockPos;Lnet/minecraft/client/render/VertexConsumer;Lnet/minecraft/block/BlockState;Lnet/minecraft/fluid/FluidState;Lorg/spongepowered/asm/mixin/injection/callback/CallbackInfo;)V does use it's CallbackInfo
[13:18:01] [Render thread/DEBUG] (FabricLoader/Mixin) Mixing features.entity.r1_8_boat.MixinEntityRenderDispatcher from viafabricplus.mixins.json into net.minecraft.client.render.entity.EntityRenderDispatcher
[13:18:01] [Render thread/DEBUG] (FabricLoader/Mixin) Mixing render.impl.client.EntityRenderDispatcherMixin from luxury.mixins.json into net.minecraft.client.render.entity.EntityRenderDispatcher
[13:18:01] [Render thread/DEBUG] (FabricLoader/Mixin) viafabricplus.mixins.json:features.entity.r1_8_boat.MixinEntityRenderDispatcher from mod viafabricplus->@Inject::createBoatRenderer1_8(Lnet/minecraft/resource/ResourceManager;Lorg/spongepowered/asm/mixin/injection/callback/CallbackInfo;)V doesn't use it's CallbackInfo
[13:18:01] [Render thread/DEBUG] (FabricLoader/Mixin) viafabricplus.mixins.json:features.entity.r1_8_boat.MixinEntityRenderDispatcher from mod viafabricplus->@Inject::createBoatRenderer1_8(Lnet/minecraft/resource/ResourceManager;Lorg/spongepowered/asm/mixin/injection/callback/CallbackInfo;)V has 0 override(s) in child classes
[13:18:01] [Render thread/DEBUG] (FabricLoader/Mixin) viafabricplus.mixins.json:features.entity.r1_8_boat.MixinEntityRenderDispatcher from mod viafabricplus->@Inject::createBoatRenderer1_8(Lnet/minecraft/resource/ResourceManager;Lorg/spongepowered/asm/mixin/injection/callback/CallbackInfo;)V won't be passed a CallbackInfo as a result
[13:18:01] [Render thread/DEBUG] (FabricLoader/Mixin) viafabricplus.mixins.json:features.entity.r1_8_boat.MixinEntityRenderDispatcher from mod viafabricplus->@Inject::useBoatRenderer1_8(Lnet/minecraft/entity/Entity;Lorg/spongepowered/asm/mixin/injection/callback/CallbackInfoReturnable;)V does use it's CallbackInfoReturnable
[13:18:01] [Render thread/DEBUG] (FabricLoader/Mixin) luxury.mixins.json:render.impl.client.EntityRenderDispatcherMixin from mod luxury->@Inject::beforeRenderEntity(Lnet/minecraft/entity/Entity;DDDFLnet/minecraft/client/util/math/MatrixStack;Lnet/minecraft/client/render/VertexConsumerProvider;ILorg/spongepowered/asm/mixin/injection/callback/CallbackInfo;)V doesn't use it's CallbackInfo
[13:18:01] [Render thread/DEBUG] (FabricLoader/Mixin) luxury.mixins.json:render.impl.client.EntityRenderDispatcherMixin from mod luxury->@Inject::beforeRenderEntity(Lnet/minecraft/entity/Entity;DDDFLnet/minecraft/client/util/math/MatrixStack;Lnet/minecraft/client/render/VertexConsumerProvider;ILorg/spongepowered/asm/mixin/injection/callback/CallbackInfo;)V has 0 override(s) in child classes
[13:18:01] [Render thread/DEBUG] (FabricLoader/Mixin) luxury.mixins.json:render.impl.client.EntityRenderDispatcherMixin from mod luxury->@Inject::beforeRenderEntity(Lnet/minecraft/entity/Entity;DDDFLnet/minecraft/client/util/math/MatrixStack;Lnet/minecraft/client/render/VertexConsumerProvider;ILorg/spongepowered/asm/mixin/injection/callback/CallbackInfo;)V won't be passed a CallbackInfo as a result
[13:18:01] [Render thread/DEBUG] (FabricLoader/Mixin) luxury.mixins.json:render.impl.client.EntityRenderDispatcherMixin from mod luxury->@Inject::afterRenderEntity(Lnet/minecraft/entity/Entity;DDDFLnet/minecraft/client/util/math/MatrixStack;Lnet/minecraft/client/render/VertexConsumerProvider;ILorg/spongepowered/asm/mixin/injection/callback/CallbackInfo;)V doesn't use it's CallbackInfo
[13:18:01] [Render thread/DEBUG] (FabricLoader/Mixin) luxury.mixins.json:render.impl.client.EntityRenderDispatcherMixin from mod luxury->@Inject::afterRenderEntity(Lnet/minecraft/entity/Entity;DDDFLnet/minecraft/client/util/math/MatrixStack;Lnet/minecraft/client/render/VertexConsumerProvider;ILorg/spongepowered/asm/mixin/injection/callback/CallbackInfo;)V has 0 override(s) in child classes
[13:18:01] [Render thread/DEBUG] (FabricLoader/Mixin) luxury.mixins.json:render.impl.client.EntityRenderDispatcherMixin from mod luxury->@Inject::afterRenderEntity(Lnet/minecraft/entity/Entity;DDDFLnet/minecraft/client/util/math/MatrixStack;Lnet/minecraft/client/render/VertexConsumerProvider;ILorg/spongepowered/asm/mixin/injection/callback/CallbackInfo;)V won't be passed a CallbackInfo as a result
[13:18:01] [Render thread/DEBUG] (FabricLoader/Mixin) Mixing HeldItemRendererMixin from fabric-item-api-v1.client.mixins.json into net.minecraft.client.render.item.HeldItemRenderer
[13:18:01] [Render thread/DEBUG] (FabricLoader/Mixin) Mixing r1_7_item_tilt.MixinHeldItemRenderer from viafabricplus-visuals.mixins.json into net.minecraft.client.render.item.HeldItemRenderer
[13:18:01] [Render thread/DEBUG] (FabricLoader/Mixin) fabric-item-api-v1.client.mixins.json:HeldItemRendererMixin from mod fabric-item-api-v1->@Inject::modifyProgressAnimation(Lorg/spongepowered/asm/mixin/injection/callback/CallbackInfo;)V doesn't use it's CallbackInfo
[13:18:01] [Render thread/DEBUG] (FabricLoader/Mixin) fabric-item-api-v1.client.mixins.json:HeldItemRendererMixin from mod fabric-item-api-v1->@Inject::modifyProgressAnimation(Lorg/spongepowered/asm/mixin/injection/callback/CallbackInfo;)V has 0 override(s) in child classes
[13:18:01] [Render thread/DEBUG] (FabricLoader/Mixin) fabric-item-api-v1.client.mixins.json:HeldItemRendererMixin from mod fabric-item-api-v1->@Inject::modifyProgressAnimation(Lorg/spongepowered/asm/mixin/injection/callback/CallbackInfo;)V won't be passed a CallbackInfo as a result
[13:18:01] [Render thread/DEBUG] (FabricLoader/Mixin) viafabricplus-visuals.mixins.json:r1_7_item_tilt.MixinHeldItemRenderer from mod viafabricplus-visuals->@Inject::applyFoodSwingOffset(Lnet/minecraft/client/network/AbstractClientPlayerEntity;FFLnet/minecraft/util/Hand;FLnet/minecraft/item/ItemStack;FLnet/minecraft/client/util/math/MatrixStack;Lnet/minecraft/client/render/VertexConsumerProvider;ILorg/spongepowered/asm/mixin/injection/callback/CallbackInfo;)V doesn't use it's CallbackInfo
[13:18:01] [Render thread/DEBUG] (FabricLoader/Mixin) viafabricplus-visuals.mixins.json:r1_7_item_tilt.MixinHeldItemRenderer from mod viafabricplus-visuals->@Inject::applyFoodSwingOffset(Lnet/minecraft/client/network/AbstractClientPlayerEntity;FFLnet/minecraft/util/Hand;FLnet/minecraft/item/ItemStack;FLnet/minecraft/client/util/math/MatrixStack;Lnet/minecraft/client/render/VertexConsumerProvider;ILorg/spongepowered/asm/mixin/injection/callback/CallbackInfo;)V has 0 override(s) in child classes
[13:18:01] [Render thread/DEBUG] (FabricLoader/Mixin) viafabricplus-visuals.mixins.json:r1_7_item_tilt.MixinHeldItemRenderer from mod viafabricplus-visuals->@Inject::applyFoodSwingOffset(Lnet/minecraft/client/network/AbstractClientPlayerEntity;FFLnet/minecraft/util/Hand;FLnet/minecraft/item/ItemStack;FLnet/minecraft/client/util/math/MatrixStack;Lnet/minecraft/client/render/VertexConsumerProvider;ILorg/spongepowered/asm/mixin/injection/callback/CallbackInfo;)V won't be passed a CallbackInfo as a result
[13:18:01] [Render thread/DEBUG] (FabricLoader/Mixin) viafabricplus-visuals.mixins.json:r1_7_item_tilt.MixinHeldItemRenderer from mod viafabricplus-visuals->@Inject::applyBlockingSwingOffset(Lnet/minecraft/client/network/AbstractClientPlayerEntity;FFLnet/minecraft/util/Hand;FLnet/minecraft/item/ItemStack;FLnet/minecraft/client/util/math/MatrixStack;Lnet/minecraft/client/render/VertexConsumerProvider;ILorg/spongepowered/asm/mixin/injection/callback/CallbackInfo;)V doesn't use it's CallbackInfo
[13:18:01] [Render thread/DEBUG] (FabricLoader/Mixin) viafabricplus-visuals.mixins.json:r1_7_item_tilt.MixinHeldItemRenderer from mod viafabricplus-visuals->@Inject::applyBlockingSwingOffset(Lnet/minecraft/client/network/AbstractClientPlayerEntity;FFLnet/minecraft/util/Hand;FLnet/minecraft/item/ItemStack;FLnet/minecraft/client/util/math/MatrixStack;Lnet/minecraft/client/render/VertexConsumerProvider;ILorg/spongepowered/asm/mixin/injection/callback/CallbackInfo;)V has 0 override(s) in child classes
[13:18:01] [Render thread/DEBUG] (FabricLoader/Mixin) viafabricplus-visuals.mixins.json:r1_7_item_tilt.MixinHeldItemRenderer from mod viafabricplus-visuals->@Inject::applyBlockingSwingOffset(Lnet/minecraft/client/network/AbstractClientPlayerEntity;FFLnet/minecraft/util/Hand;FLnet/minecraft/item/ItemStack;FLnet/minecraft/client/util/math/MatrixStack;Lnet/minecraft/client/render/VertexConsumerProvider;ILorg/spongepowered/asm/mixin/injection/callback/CallbackInfo;)V won't be passed a CallbackInfo as a result
[13:18:01] [Render thread/DEBUG] (FabricLoader/Mixin) viafabricplus-visuals.mixins.json:r1_7_item_tilt.MixinHeldItemRenderer from mod viafabricplus-visuals->@Inject::applyBowSwingOffset(Lnet/minecraft/client/network/AbstractClientPlayerEntity;FFLnet/minecraft/util/Hand;FLnet/minecraft/item/ItemStack;FLnet/minecraft/client/util/math/MatrixStack;Lnet/minecraft/client/render/VertexConsumerProvider;ILorg/spongepowered/asm/mixin/injection/callback/CallbackInfo;)V doesn't use it's CallbackInfo
[13:18:01] [Render thread/DEBUG] (FabricLoader/Mixin) viafabricplus-visuals.mixins.json:r1_7_item_tilt.MixinHeldItemRenderer from mod viafabricplus-visuals->@Inject::applyBowSwingOffset(Lnet/minecraft/client/network/AbstractClientPlayerEntity;FFLnet/minecraft/util/Hand;FLnet/minecraft/item/ItemStack;FLnet/minecraft/client/util/math/MatrixStack;Lnet/minecraft/client/render/VertexConsumerProvider;ILorg/spongepowered/asm/mixin/injection/callback/CallbackInfo;)V has 0 override(s) in child classes
[13:18:01] [Render thread/DEBUG] (FabricLoader/Mixin) viafabricplus-visuals.mixins.json:r1_7_item_tilt.MixinHeldItemRenderer from mod viafabricplus-visuals->@Inject::applyBowSwingOffset(Lnet/minecraft/client/network/AbstractClientPlayerEntity;FFLnet/minecraft/util/Hand;FLnet/minecraft/item/ItemStack;FLnet/minecraft/client/util/math/MatrixStack;Lnet/minecraft/client/render/VertexConsumerProvider;ILorg/spongepowered/asm/mixin/injection/callback/CallbackInfo;)V won't be passed a CallbackInfo as a result
[13:18:01] [Render thread/DEBUG] (FabricLoader/Mixin) viafabricplus-visuals.mixins.json:r1_7_item_tilt.MixinHeldItemRenderer from mod viafabricplus-visuals->@Inject::slightlyTiltItemPosition(Lnet/minecraft/client/network/AbstractClientPlayerEntity;FFLnet/minecraft/util/Hand;FLnet/minecraft/item/ItemStack;FLnet/minecraft/client/util/math/MatrixStack;Lnet/minecraft/client/render/VertexConsumerProvider;ILorg/spongepowered/asm/mixin/injection/callback/CallbackInfo;)V doesn't use it's CallbackInfo
[13:18:01] [Render thread/DEBUG] (FabricLoader/Mixin) viafabricplus-visuals.mixins.json:r1_7_item_tilt.MixinHeldItemRenderer from mod viafabricplus-visuals->@Inject::slightlyTiltItemPosition(Lnet/minecraft/client/network/AbstractClientPlayerEntity;FFLnet/minecraft/util/Hand;FLnet/minecraft/item/ItemStack;FLnet/minecraft/client/util/math/MatrixStack;Lnet/minecraft/client/render/VertexConsumerProvider;ILorg/spongepowered/asm/mixin/injection/callback/CallbackInfo;)V has 0 override(s) in child classes
[13:18:01] [Render thread/DEBUG] (FabricLoader/Mixin) viafabricplus-visuals.mixins.json:r1_7_item_tilt.MixinHeldItemRenderer from mod viafabricplus-visuals->@Inject::slightlyTiltItemPosition(Lnet/minecraft/client/network/AbstractClientPlayerEntity;FFLnet/minecraft/util/Hand;FLnet/minecraft/item/ItemStack;FLnet/minecraft/client/util/math/MatrixStack;Lnet/minecraft/client/render/VertexConsumerProvider;ILorg/spongepowered/asm/mixin/injection/callback/CallbackInfo;)V won't be passed a CallbackInfo as a result
[13:18:01] [Render thread/DEBUG] (FabricLoader/Mixin) Mixing ParticleManagerMixin from fabric-registry-sync-v0.client.mixins.json into net.minecraft.client.particle.ParticleManager
[13:18:01] [Render thread/DEBUG] (FabricLoader/Mixin) Mixing ParticleManagerMixin from fabric-particles-v1.client.mixins.json into net.minecraft.client.particle.ParticleManager
[13:18:01] [Render thread/DEBUG] (FabricLoader/Mixin) Mixing ParticleManagerAccessor from fabric-particles-v1.client.mixins.json into net.minecraft.client.particle.ParticleManager
[13:18:01] [Render thread/DEBUG] (FabricLoader/Mixin) fabric-registry-sync-v0.client.mixins.json:ParticleManagerMixin from mod fabric-registry-sync-v0->@Inject::onInit(Lnet/minecraft/client/world/ClientWorld;Lnet/minecraft/client/texture/TextureManager;Lorg/spongepowered/asm/mixin/injection/callback/CallbackInfo;)V doesn't use it's CallbackInfo
[13:18:01] [Render thread/DEBUG] (FabricLoader/Mixin) fabric-registry-sync-v0.client.mixins.json:ParticleManagerMixin from mod fabric-registry-sync-v0->@Inject::onInit(Lnet/minecraft/client/world/ClientWorld;Lnet/minecraft/client/texture/TextureManager;Lorg/spongepowered/asm/mixin/injection/callback/CallbackInfo;)V has 0 override(s) in child classes
[13:18:01] [Render thread/DEBUG] (FabricLoader/Mixin) fabric-registry-sync-v0.client.mixins.json:ParticleManagerMixin from mod fabric-registry-sync-v0->@Inject::onInit(Lnet/minecraft/client/world/ClientWorld;Lnet/minecraft/client/texture/TextureManager;Lorg/spongepowered/asm/mixin/injection/callback/CallbackInfo;)V won't be passed a CallbackInfo as a result
[13:18:01] [Render thread/DEBUG] (FabricLoader/Mixin) fabric-particles-v1.client.mixins.json:ParticleManagerMixin from mod fabric-particles-v1->@Inject::onRegisterDefaultFactories(Lorg/spongepowered/asm/mixin/injection/callback/CallbackInfo;)V doesn't use it's CallbackInfo
[13:18:01] [Render thread/DEBUG] (FabricLoader/Mixin) fabric-particles-v1.client.mixins.json:ParticleManagerMixin from mod fabric-particles-v1->@Inject::onRegisterDefaultFactories(Lorg/spongepowered/asm/mixin/injection/callback/CallbackInfo;)V has 0 override(s) in child classes
[13:18:01] [Render thread/DEBUG] (FabricLoader/Mixin) fabric-particles-v1.client.mixins.json:ParticleManagerMixin from mod fabric-particles-v1->@Inject::onRegisterDefaultFactories(Lorg/spongepowered/asm/mixin/injection/callback/CallbackInfo;)V won't be passed a CallbackInfo as a result
[13:18:01] [Render thread/DEBUG] (FabricLoader/Mixin) Mixing BlockDustParticleMixin from fabric-particles-v1.client.mixins.json into net.minecraft.client.particle.BlockDustParticle
[13:18:01] [Render thread/DEBUG] (FabricLoader/Mixin) Mixing ParticleManagerAccessor$SimpleSpriteProviderAccessor from fabric-particles-v1.client.mixins.json into net.minecraft.client.particle.ParticleManager$SimpleSpriteProvider
[13:18:01] [ForkJoinPool.commonPool-worker-1/DEBUG] (FabricLoader/Mixin) Mixing features.classic.cpe_extension.MixinProtocolc0_30cpeToc0_28_30 from viafabricplus.mixins.json into net.raphimc.vialegacy.protocol.classic.c0_30cpetoc0_28_30.Protocolc0_30cpeToc0_28_30
[13:18:01] [ForkJoinPool.commonPool-worker-1/DEBUG] (FabricLoader/Mixin) viafabricplus.mixins.json:features.classic.cpe_extension.MixinProtocolc0_30cpeToc0_28_30 from mod viafabricplus->@Inject::extendPackets(Lorg/spongepowered/asm/mixin/injection/callback/CallbackInfo;)V doesn't use it's CallbackInfo
[13:18:01] [ForkJoinPool.commonPool-worker-1/DEBUG] (FabricLoader/Mixin) viafabricplus.mixins.json:features.classic.cpe_extension.MixinProtocolc0_30cpeToc0_28_30 from mod viafabricplus->@Inject::extendPackets(Lorg/spongepowered/asm/mixin/injection/callback/CallbackInfo;)V has 0 override(s) in child classes
[13:18:01] [ForkJoinPool.commonPool-worker-1/DEBUG] (FabricLoader/Mixin) viafabricplus.mixins.json:features.classic.cpe_extension.MixinProtocolc0_30cpeToc0_28_30 from mod viafabricplus->@Inject::extendPackets(Lorg/spongepowered/asm/mixin/injection/callback/CallbackInfo;)V won't be passed a CallbackInfo as a result
[13:18:01] [ForkJoinPool.commonPool-worker-1/DEBUG] (FabricLoader/Mixin) viafabricplus.mixins.json:features.classic.cpe_extension.MixinProtocolc0_30cpeToc0_28_30 from mod viafabricplus->@Inject::resetSnowing(Lorg/spongepowered/asm/mixin/injection/callback/CallbackInfo;)V doesn't use it's CallbackInfo
[13:18:01] [ForkJoinPool.commonPool-worker-1/DEBUG] (FabricLoader/Mixin) viafabricplus.mixins.json:features.classic.cpe_extension.MixinProtocolc0_30cpeToc0_28_30 from mod viafabricplus->@Inject::resetSnowing(Lorg/spongepowered/asm/mixin/injection/callback/CallbackInfo;)V has 0 override(s) in child classes
[13:18:01] [ForkJoinPool.commonPool-worker-1/DEBUG] (FabricLoader/Mixin) viafabricplus.mixins.json:features.classic.cpe_extension.MixinProtocolc0_30cpeToc0_28_30 from mod viafabricplus->@Inject::resetSnowing(Lorg/spongepowered/asm/mixin/injection/callback/CallbackInfo;)V won't be passed a CallbackInfo as a result
[13:18:01] [ForkJoinPool.commonPool-worker-1/DEBUG] (FabricLoader/Mixin) Generating mapped inner class net/raphimc/vialegacy/protocol/classic/c0_30cpetoc0_28_30/Protocolc0_30cpeToc0_28_30$Anonymous$883ce3f812954a548e8c496fa8f98e07 (originally com/viaversion/viafabricplus/injection/mixin/features/classic/cpe_extension/MixinProtocolc0_30cpeToc0_28_30$1)
[13:18:02] [ForkJoinPool.commonPool-worker-1/DEBUG] (io.netty.channel.MultithreadEventLoopGroup) -Dio.netty.eventLoopThreads: 8
[13:18:02] [Render thread/DEBUG] (FabricLoader/Mixin) Mixing features.bedrock.reach_around_raycast.MixinGameRenderer from viafabricplus.mixins.json into net.minecraft.client.render.GameRenderer
[13:18:02] [Render thread/DEBUG] (FabricLoader/Mixin) Mixing render.impl.render.GameRendererMixin from luxury.mixins.json into net.minecraft.client.render.GameRenderer
[13:18:02] [Render thread/DEBUG] (FabricLoader/Mixin) Mixing GameRendererMixin from fabric-screen-api-v1.mixins.json into net.minecraft.client.render.GameRenderer
[13:18:02] [Render thread/DEBUG] (FabricLoader/Mixin) luxury.mixins.json:render.impl.render.GameRendererMixin from mod luxury->@Inject::render3dHook(Lnet/minecraft/client/render/RenderTickCounter;Lorg/spongepowered/asm/mixin/injection/callback/CallbackInfo;)V doesn't use it's CallbackInfo
[13:18:02] [Render thread/DEBUG] (FabricLoader/Mixin) luxury.mixins.json:render.impl.render.GameRendererMixin from mod luxury->@Inject::render3dHook(Lnet/minecraft/client/render/RenderTickCounter;Lorg/spongepowered/asm/mixin/injection/callback/CallbackInfo;)V has 0 override(s) in child classes
[13:18:02] [Render thread/DEBUG] (FabricLoader/Mixin) luxury.mixins.json:render.impl.render.GameRendererMixin from mod luxury->@Inject::render3dHook(Lnet/minecraft/client/render/RenderTickCounter;Lorg/spongepowered/asm/mixin/injection/callback/CallbackInfo;)V won't be passed a CallbackInfo as a result
[13:18:02] [Render thread/DEBUG] (FabricLoader/Mixin) Mixing instant_sneaking.MixinCamera from viafabricplus-visuals.mixins.json into net.minecraft.client.render.Camera
[13:18:02] [Render thread/DEBUG] (FabricLoader/Mixin) viafabricplus-visuals.mixins.json:instant_sneaking.MixinCamera from mod viafabricplus-visuals->@Inject::sneakInstantly(Lorg/spongepowered/asm/mixin/injection/callback/CallbackInfo;)V does use it's CallbackInfo
[13:18:02] [ForkJoinPool.commonPool-worker-1/DEBUG] (io.netty.util.concurrent.GlobalEventExecutor) -Dio.netty.globalEventExecutor.quietPeriodSeconds: 1
[13:18:02] [Render thread/DEBUG] (FabricLoader/Mixin) Mixing KeyedResourceReloadListenerClientMixin from fabric-resource-loader-v0.client.mixins.json into net.minecraft.client.render.WorldRenderer
[13:18:02] [Render thread/DEBUG] (FabricLoader/Mixin) Mixing WorldRendererMixin from fabric-rendering-v1.mixins.json into net.minecraft.client.render.WorldRenderer
[13:18:02] [Render thread/DEBUG] (FabricLoader/Mixin) Renaming synthetic method lambda$beforeClouds$0()V to mdd4350b$fabric-rendering-v1$lambda$beforeClouds$0$0 in fabric-rendering-v1.mixins.json:WorldRendererMixin from mod fabric-rendering-v1
[13:18:02] [Render thread/DEBUG] (FabricLoader/Mixin) fabric-rendering-v1.mixins.json:WorldRendererMixin from mod fabric-rendering-v1->@Inject::beforeRender(Lnet/minecraft/client/util/ObjectAllocator;Lnet/minecraft/client/render/RenderTickCounter;ZLnet/minecraft/client/render/Camera;Lnet/minecraft/client/render/GameRenderer;Lorg/joml/Matrix4f;Lorg/joml/Matrix4f;Lorg/spongepowered/asm/mixin/injection/callback/CallbackInfo;)V doesn't use it's CallbackInfo
[13:18:02] [Render thread/DEBUG] (FabricLoader/Mixin) fabric-rendering-v1.mixins.json:WorldRendererMixin from mod fabric-rendering-v1->@Inject::beforeRender(Lnet/minecraft/client/util/ObjectAllocator;Lnet/minecraft/client/render/RenderTickCounter;ZLnet/minecraft/client/render/Camera;Lnet/minecraft/client/render/GameRenderer;Lorg/joml/Matrix4f;Lorg/joml/Matrix4f;Lorg/spongepowered/asm/mixin/injection/callback/CallbackInfo;)V has 0 override(s) in child classes
[13:18:02] [Render thread/DEBUG] (FabricLoader/Mixin) fabric-rendering-v1.mixins.json:WorldRendererMixin from mod fabric-rendering-v1->@Inject::beforeRender(Lnet/minecraft/client/util/ObjectAllocator;Lnet/minecraft/client/render/RenderTickCounter;ZLnet/minecraft/client/render/Camera;Lnet/minecraft/client/render/GameRenderer;Lorg/joml/Matrix4f;Lorg/joml/Matrix4f;Lorg/spongepowered/asm/mixin/injection/callback/CallbackInfo;)V won't be passed a CallbackInfo as a result
[13:18:02] [Render thread/DEBUG] (FabricLoader/Mixin) fabric-rendering-v1.mixins.json:WorldRendererMixin from mod fabric-rendering-v1->@Inject::afterTerrainSetup(Lnet/minecraft/client/render/Camera;Lnet/minecraft/client/render/Frustum;ZZLorg/spongepowered/asm/mixin/injection/callback/CallbackInfo;)V doesn't use it's CallbackInfo
[13:18:02] [Render thread/DEBUG] (FabricLoader/Mixin) fabric-rendering-v1.mixins.json:WorldRendererMixin from mod fabric-rendering-v1->@Inject::afterTerrainSetup(Lnet/minecraft/client/render/Camera;Lnet/minecraft/client/render/Frustum;ZZLorg/spongepowered/asm/mixin/injection/callback/CallbackInfo;)V has 0 override(s) in child classes
[13:18:02] [Render thread/DEBUG] (FabricLoader/Mixin) fabric-rendering-v1.mixins.json:WorldRendererMixin from mod fabric-rendering-v1->@Inject::afterTerrainSetup(Lnet/minecraft/client/render/Camera;Lnet/minecraft/client/render/Frustum;ZZLorg/spongepowered/asm/mixin/injection/callback/CallbackInfo;)V won't be passed a CallbackInfo as a result
[13:18:02] [Render thread/DEBUG] (FabricLoader/Mixin) fabric-rendering-v1.mixins.json:WorldRendererMixin from mod fabric-rendering-v1->@Inject::beforeTerrainSolid(Lorg/spongepowered/asm/mixin/injection/callback/CallbackInfo;)V doesn't use it's CallbackInfo
[13:18:02] [Render thread/DEBUG] (FabricLoader/Mixin) fabric-rendering-v1.mixins.json:WorldRendererMixin from mod fabric-rendering-v1->@Inject::beforeTerrainSolid(Lorg/spongepowered/asm/mixin/injection/callback/CallbackInfo;)V has 0 override(s) in child classes
[13:18:02] [Render thread/DEBUG] (FabricLoader/Mixin) fabric-rendering-v1.mixins.json:WorldRendererMixin from mod fabric-rendering-v1->@Inject::beforeTerrainSolid(Lorg/spongepowered/asm/mixin/injection/callback/CallbackInfo;)V won't be passed a CallbackInfo as a result
[13:18:02] [Render thread/DEBUG] (FabricLoader/Mixin) fabric-rendering-v1.mixins.json:WorldRendererMixin from mod fabric-rendering-v1->@Inject::afterTerrainSolid(Lorg/spongepowered/asm/mixin/injection/callback/CallbackInfo;)V doesn't use it's CallbackInfo
[13:18:02] [Render thread/DEBUG] (FabricLoader/Mixin) fabric-rendering-v1.mixins.json:WorldRendererMixin from mod fabric-rendering-v1->@Inject::afterTerrainSolid(Lorg/spongepowered/asm/mixin/injection/callback/CallbackInfo;)V has 0 override(s) in child classes
[13:18:02] [Render thread/DEBUG] (FabricLoader/Mixin) fabric-rendering-v1.mixins.json:WorldRendererMixin from mod fabric-rendering-v1->@Inject::afterTerrainSolid(Lorg/spongepowered/asm/mixin/injection/callback/CallbackInfo;)V won't be passed a CallbackInfo as a result
[13:18:02] [Render thread/DEBUG] (FabricLoader/Mixin) fabric-rendering-v1.mixins.json:WorldRendererMixin from mod fabric-rendering-v1->@Inject::afterEntities(Lorg/spongepowered/asm/mixin/injection/callback/CallbackInfo;)V doesn't use it's CallbackInfo
[13:18:02] [Render thread/DEBUG] (FabricLoader/Mixin) fabric-rendering-v1.mixins.json:WorldRendererMixin from mod fabric-rendering-v1->@Inject::afterEntities(Lorg/spongepowered/asm/mixin/injection/callback/CallbackInfo;)V has 0 override(s) in child classes
[13:18:02] [Render thread/DEBUG] (FabricLoader/Mixin) fabric-rendering-v1.mixins.json:WorldRendererMixin from mod fabric-rendering-v1->@Inject::afterEntities(Lorg/spongepowered/asm/mixin/injection/callback/CallbackInfo;)V won't be passed a CallbackInfo as a result
[13:18:02] [Render thread/DEBUG] (FabricLoader/Mixin) fabric-rendering-v1.mixins.json:WorldRendererMixin from mod fabric-rendering-v1->@Inject::beforeRenderOutline(Lnet/minecraft/client/render/Camera;Lnet/minecraft/client/render/VertexConsumerProvider$Immediate;Lnet/minecraft/client/util/math/MatrixStack;ZLorg/spongepowered/asm/mixin/injection/callback/CallbackInfo;)V doesn't use it's CallbackInfo
[13:18:02] [Render thread/DEBUG] (FabricLoader/Mixin) fabric-rendering-v1.mixins.json:WorldRendererMixin from mod fabric-rendering-v1->@Inject::beforeRenderOutline(Lnet/minecraft/client/render/Camera;Lnet/minecraft/client/render/VertexConsumerProvider$Immediate;Lnet/minecraft/client/util/math/MatrixStack;ZLorg/spongepowered/asm/mixin/injection/callback/CallbackInfo;)V has 0 override(s) in child classes
[13:18:02] [Render thread/DEBUG] (FabricLoader/Mixin) fabric-rendering-v1.mixins.json:WorldRendererMixin from mod fabric-rendering-v1->@Inject::beforeRenderOutline(Lnet/minecraft/client/render/Camera;Lnet/minecraft/client/render/VertexConsumerProvider$Immediate;Lnet/minecraft/client/util/math/MatrixStack;ZLorg/spongepowered/asm/mixin/injection/callback/CallbackInfo;)V won't be passed a CallbackInfo as a result
[13:18:02] [Render thread/DEBUG] (FabricLoader/Mixin) fabric-rendering-v1.mixins.json:WorldRendererMixin from mod fabric-rendering-v1->@Inject::onDrawBlockOutline(Lnet/minecraft/client/render/Camera;Lnet/minecraft/client/render/VertexConsumerProvider$Immediate;Lnet/minecraft/client/util/math/MatrixStack;ZLorg/spongepowered/asm/mixin/injection/callback/CallbackInfo;)V does use it's CallbackInfo
[13:18:02] [Render thread/DEBUG] (FabricLoader/Mixin) fabric-rendering-v1.mixins.json:WorldRendererMixin from mod fabric-rendering-v1->@Inject::beforeDebugRender(Lorg/spongepowered/asm/mixin/injection/callback/CallbackInfo;)V doesn't use it's CallbackInfo
[13:18:02] [Render thread/DEBUG] (FabricLoader/Mixin) fabric-rendering-v1.mixins.json:WorldRendererMixin from mod fabric-rendering-v1->@Inject::beforeDebugRender(Lorg/spongepowered/asm/mixin/injection/callback/CallbackInfo;)V has 0 override(s) in child classes
[13:18:02] [Render thread/DEBUG] (FabricLoader/Mixin) fabric-rendering-v1.mixins.json:WorldRendererMixin from mod fabric-rendering-v1->@Inject::beforeDebugRender(Lorg/spongepowered/asm/mixin/injection/callback/CallbackInfo;)V won't be passed a CallbackInfo as a result
[13:18:02] [Render thread/DEBUG] (FabricLoader/Mixin) fabric-rendering-v1.mixins.json:WorldRendererMixin from mod fabric-rendering-v1->@Inject::beforeClouds(Lorg/spongepowered/asm/mixin/injection/callback/CallbackInfo;)V doesn't use it's CallbackInfo
[13:18:02] [Render thread/DEBUG] (FabricLoader/Mixin) fabric-rendering-v1.mixins.json:WorldRendererMixin from mod fabric-rendering-v1->@Inject::beforeClouds(Lorg/spongepowered/asm/mixin/injection/callback/CallbackInfo;)V has 0 override(s) in child classes
[13:18:02] [Render thread/DEBUG] (FabricLoader/Mixin) fabric-rendering-v1.mixins.json:WorldRendererMixin from mod fabric-rendering-v1->@Inject::beforeClouds(Lorg/spongepowered/asm/mixin/injection/callback/CallbackInfo;)V won't be passed a CallbackInfo as a result
[13:18:02] [Render thread/DEBUG] (FabricLoader/Mixin) fabric-rendering-v1.mixins.json:WorldRendererMixin from mod fabric-rendering-v1->@Inject::onFinishWritingFramebuffer(Lorg/spongepowered/asm/mixin/injection/callback/CallbackInfo;)V doesn't use it's CallbackInfo
[13:18:02] [Render thread/DEBUG] (FabricLoader/Mixin) fabric-rendering-v1.mixins.json:WorldRendererMixin from mod fabric-rendering-v1->@Inject::onFinishWritingFramebuffer(Lorg/spongepowered/asm/mixin/injection/callback/CallbackInfo;)V has 0 override(s) in child classes
[13:18:02] [Render thread/DEBUG] (FabricLoader/Mixin) fabric-rendering-v1.mixins.json:WorldRendererMixin from mod fabric-rendering-v1->@Inject::onFinishWritingFramebuffer(Lorg/spongepowered/asm/mixin/injection/callback/CallbackInfo;)V won't be passed a CallbackInfo as a result
[13:18:02] [Render thread/DEBUG] (FabricLoader/Mixin) fabric-rendering-v1.mixins.json:WorldRendererMixin from mod fabric-rendering-v1->@Inject::afterRender(Lorg/spongepowered/asm/mixin/injection/callback/CallbackInfo;)V doesn't use it's CallbackInfo
[13:18:02] [Render thread/DEBUG] (FabricLoader/Mixin) fabric-rendering-v1.mixins.json:WorldRendererMixin from mod fabric-rendering-v1->@Inject::afterRender(Lorg/spongepowered/asm/mixin/injection/callback/CallbackInfo;)V has 0 override(s) in child classes
[13:18:02] [Render thread/DEBUG] (FabricLoader/Mixin) fabric-rendering-v1.mixins.json:WorldRendererMixin from mod fabric-rendering-v1->@Inject::afterRender(Lorg/spongepowered/asm/mixin/injection/callback/CallbackInfo;)V won't be passed a CallbackInfo as a result
[13:18:02] [Render thread/DEBUG] (FabricLoader/Mixin) fabric-rendering-v1.mixins.json:WorldRendererMixin from mod fabric-rendering-v1->@Inject::onReload(Lorg/spongepowered/asm/mixin/injection/callback/CallbackInfo;)V doesn't use it's CallbackInfo
[13:18:02] [Render thread/DEBUG] (FabricLoader/Mixin) fabric-rendering-v1.mixins.json:WorldRendererMixin from mod fabric-rendering-v1->@Inject::onReload(Lorg/spongepowered/asm/mixin/injection/callback/CallbackInfo;)V has 0 override(s) in child classes
[13:18:02] [Render thread/DEBUG] (FabricLoader/Mixin) fabric-rendering-v1.mixins.json:WorldRendererMixin from mod fabric-rendering-v1->@Inject::onReload(Lorg/spongepowered/asm/mixin/injection/callback/CallbackInfo;)V won't be passed a CallbackInfo as a result
[13:18:02] [Render thread/DEBUG] (FabricLoader/Mixin) fabric-rendering-v1.mixins.json:WorldRendererMixin from mod fabric-rendering-v1->@Inject::renderWeather(Lnet/minecraft/client/render/FrameGraphBuilder;Lnet/minecraft/util/math/Vec3d;FLnet/minecraft/client/render/Fog;Lorg/spongepowered/asm/mixin/injection/callback/CallbackInfo;)V does use it's CallbackInfo
[13:18:02] [Render thread/DEBUG] (FabricLoader/Mixin) fabric-rendering-v1.mixins.json:WorldRendererMixin from mod fabric-rendering-v1->@Inject::renderCloud(Lnet/minecraft/client/render/FrameGraphBuilder;Lorg/joml/Matrix4f;Lorg/joml/Matrix4f;Lnet/minecraft/client/option/CloudRenderMode;Lnet/minecraft/util/math/Vec3d;FIFLorg/spongepowered/asm/mixin/injection/callback/CallbackInfo;)V does use it's CallbackInfo
[13:18:02] [Render thread/DEBUG] (FabricLoader/Mixin) fabric-rendering-v1.mixins.json:WorldRendererMixin from mod fabric-rendering-v1->@Inject::renderSky(Lnet/minecraft/client/render/FrameGraphBuilder;Lnet/minecraft/client/render/Camera;FLnet/minecraft/client/render/Fog;Lorg/spongepowered/asm/mixin/injection/callback/CallbackInfo;)V does use it's CallbackInfo
[13:18:02] [ForkJoinPool.commonPool-worker-1/DEBUG] (io.netty.util.internal.InternalThreadLocalMap) -Dio.netty.threadLocalMap.stringBuilder.initialSize: 1024
[13:18:02] [ForkJoinPool.commonPool-worker-1/DEBUG] (io.netty.util.internal.InternalThreadLocalMap) -Dio.netty.threadLocalMap.stringBuilder.maxSize: 4096
[13:18:02] [Render thread/DEBUG] (com.mojang.blaze3d.systems.RenderSystem) Growing IndexBuffer: Old limit 0, new limit 9360.
[13:18:02] [Render thread/DEBUG] (com.mojang.blaze3d.systems.RenderSystem) Growing IndexBuffer: Old limit 0, new limit 20.
[13:18:02] [ForkJoinPool.commonPool-worker-1/DEBUG] (io.netty.channel.nio.NioEventLoop) -Dio.netty.noKeySetOptimization: false
[13:18:02] [ForkJoinPool.commonPool-worker-1/DEBUG] (io.netty.channel.nio.NioEventLoop) -Dio.netty.selectorAutoRebuildThreshold: 512
[13:18:02] [Render thread/DEBUG] (FabricLoader/Mixin) Mixing features.classic.cpe_extension.MixinWeatherRendering from viafabricplus.mixins.json into net.minecraft.client.render.WeatherRendering
[13:18:02] [Render thread/DEBUG] (FabricLoader/Mixin) viafabricplus.mixins.json:features.classic.cpe_extension.MixinWeatherRendering from mod viafabricplus->@Inject::forceSnow(Lnet/minecraft/world/World;Lnet/minecraft/util/math/BlockPos;Lorg/spongepowered/asm/mixin/injection/callback/CallbackInfoReturnable;)V does use it's CallbackInfoReturnable
[13:18:02] [Render thread/DEBUG] (FabricLoader/Mixin) Mixing LayeredDrawerAccessor from fabric-rendering-v1.mixins.json into net.minecraft.client.gui.LayeredDrawer
[13:18:02] [Render thread/DEBUG] (FabricLoader/Mixin) Mixing LayeredDrawerMixin from fabric-rendering-v1.mixins.json into net.minecraft.client.gui.LayeredDrawer
[13:18:02] [Render thread/DEBUG] (FabricLoader/Mixin) fabric-rendering-v1.mixins.json:LayeredDrawerMixin from mod fabric-rendering-v1->@Inject::wrapSubDrawer(Lnet/minecraft/client/gui/LayeredDrawer;Ljava/util/function/BooleanSupplier;Lorg/spongepowered/asm/mixin/injection/callback/CallbackInfoReturnable;)V does use it's CallbackInfoReturnable
[13:18:02] [Render thread/DEBUG] (FabricLoader/Mixin) Mixing base.integration.MixinDebugHud from viafabricplus.mixins.json into net.minecraft.client.gui.hud.DebugHud
[13:18:02] [Render thread/DEBUG] (FabricLoader/Mixin) Mixing DebugHudMixin from fabric-renderer-api-v1.debughud.mixins.json into net.minecraft.client.gui.hud.DebugHud
[13:18:02] [Render thread/DEBUG] (FabricLoader/Mixin) viafabricplus.mixins.json:base.integration.MixinDebugHud from mod viafabricplus->@Inject::addViaFabricPlusInformation(Lorg/spongepowered/asm/mixin/injection/callback/CallbackInfoReturnable;)V does use it's CallbackInfoReturnable
[13:18:02] [Render thread/DEBUG] (FabricLoader/Mixin) viafabricplus.mixins.json:base.integration.MixinDebugHud from mod viafabricplus->@Inject::addViaFabricPlusInformation(Lorg/spongepowered/asm/mixin/injection/callback/CallbackInfoReturnable;)V does use it's CallbackInfoReturnable
[13:18:02] [Render thread/DEBUG] (FabricLoader/Mixin) fabric-renderer-api-v1.debughud.mixins.json:DebugHudMixin from mod fabric-renderer-api-v1->@Inject::getLeftText(Lorg/spongepowered/asm/mixin/injection/callback/CallbackInfoReturnable;)V does use it's CallbackInfoReturnable
[13:18:02] [Render thread/DEBUG] (FabricLoader/Mixin) fabric-renderer-api-v1.debughud.mixins.json:DebugHudMixin from mod fabric-renderer-api-v1->@Inject::getLeftText(Lorg/spongepowered/asm/mixin/injection/callback/CallbackInfoReturnable;)V does use it's CallbackInfoReturnable
[13:18:02] [ForkJoinPool.commonPool-worker-1/DEBUG] (io.netty.util.internal.PlatformDependent) org.jctools-core.MpscChunkedArrayQueue: available
[13:18:02] [Render thread/DEBUG] (FabricLoader/Mixin) Mixing base.access.MixinMultiValueDebugSampleLogImpl from viafabricplus.mixins.json into net.minecraft.util.profiler.MultiValueDebugSampleLogImpl
[13:18:02] [Render thread/DEBUG] (FabricLoader/Mixin) Mixing r1_7_tab_list_style.MixinPlayerListHud from viafabricplus-visuals.mixins.json into net.minecraft.client.gui.hud.PlayerListHud
[13:18:02] [Render thread/DEBUG] (FabricLoader/Mixin) Renaming synthetic method lambda$viaFabricPlusVisuals$transpose$1(Lnet/minecraft/client/network/PlayerListEntry;)Z to mdd4350b$viafabricplus-visuals$lambda$viaFabricPlusVisuals$transpose$1$0 in viafabricplus-visuals.mixins.json:r1_7_tab_list_style.MixinPlayerListHud from mod viafabricplus-visuals
[13:18:02] [Render thread/DEBUG] (FabricLoader/Mixin) Renaming synthetic method lambda$static$0(Lnet/minecraft/client/network/PlayerListEntry;)I to mdd4350b$viafabricplus-visuals$lambda$static$0$1 in viafabricplus-visuals.mixins.json:r1_7_tab_list_style.MixinPlayerListHud from mod viafabricplus-visuals
[13:18:02] [Render thread/DEBUG] (FabricLoader/Mixin) viafabricplus-visuals.mixins.json:r1_7_tab_list_style.MixinPlayerListHud from mod viafabricplus-visuals->@Inject::collectPlayerEntries(Lorg/spongepowered/asm/mixin/injection/callback/CallbackInfoReturnable;)V does use it's CallbackInfoReturnable
[13:18:02] [Render thread/DEBUG] (FabricLoader/Mixin) Mixing features.skin_loading.MixinPlayerListEntry from viafabricplus.mixins.json into net.minecraft.client.network.PlayerListEntry
[13:18:02] [Render thread/DEBUG] (FabricLoader/Mixin) Renaming synthetic method lambda$fetchGameProfileProperties$0(Lcom/mojang/authlib/GameProfile;)Lcom/mojang/authlib/GameProfile; to mdd4350b$viafabricplus$lambda$fetchGameProfileProperties$0$0 in viafabricplus.mixins.json:features.skin_loading.MixinPlayerListEntry from mod viafabricplus
[13:18:02] [Render thread/DEBUG] (FabricLoader/Mixin) Mixing render.impl.render.PlayerInfoMixin from luxury.mixins.json into net.minecraft.client.network.PlayerListEntry
[13:18:02] [Render thread/DEBUG] (FabricLoader/Mixin) Renaming synthetic method lambda$textureSupplier$0(Lnet/minecraft/client/util/SkinTextures;)Lnet/minecraft/client/util/SkinTextures; to mdd4350b$luxury$lambda$textureSupplier$0$1 in luxury.mixins.json:render.impl.render.PlayerInfoMixin from mod luxury
[13:18:02] [Render thread/DEBUG] (FabricLoader/Mixin) Mixing r1_7_tab_list_style.MixinPlayerListEntry from viafabricplus-visuals.mixins.json into net.minecraft.client.network.PlayerListEntry
[13:18:02] [Render thread/DEBUG] (FabricLoader/Mixin) luxury.mixins.json:render.impl.render.PlayerInfoMixin from mod luxury->@Inject::textureSupplier(Lcom/mojang/authlib/GameProfile;Lorg/spongepowered/asm/mixin/injection/callback/CallbackInfoReturnable;)V does use it's CallbackInfoReturnable
[13:18:02] [Render thread/DEBUG] (FabricLoader/Mixin) Mixing features.item.negative_item_count.MixinDrawContext from viafabricplus.mixins.json into net.minecraft.client.gui.DrawContext
[13:18:02] [ForkJoinPool.commonPool-worker-1/DEBUG] (io.netty.channel.DefaultChannelId) -Dio.netty.processId: 25492 (auto-detected)
[13:18:02] [ForkJoinPool.commonPool-worker-1/DEBUG] (io.netty.util.NetUtil) -Djava.net.preferIPv4Stack: false
[13:18:02] [ForkJoinPool.commonPool-worker-1/DEBUG] (io.netty.util.NetUtil) -Djava.net.preferIPv6Addresses: false
[13:18:02] [ForkJoinPool.commonPool-worker-1/DEBUG] (io.netty.util.NetUtilInitializations) Loopback interface: lo (lo, 0:0:0:0:0:0:0:1%lo)
[13:18:02] [ForkJoinPool.commonPool-worker-1/DEBUG] (io.netty.util.NetUtil) /proc/sys/net/core/somaxconn: 4096
[13:18:02] [ForkJoinPool.commonPool-worker-1/DEBUG] (io.netty.channel.DefaultChannelId) -Dio.netty.machineId: 30:9c:23:ff:fe:b3:6b:c9 (auto-detected)
[13:18:02] [Render thread/DEBUG] (FabricLoader/Mixin) Mixing ResourceMixin from fabric-resource-loader-v0.mixins.json into net.minecraft.resource.Resource
[13:18:02] [ForkJoinPool.commonPool-worker-1/DEBUG] (io.netty.buffer.PooledByteBufAllocator) -Dio.netty.allocator.numHeapArenas: 8
[13:18:02] [ForkJoinPool.commonPool-worker-1/DEBUG] (io.netty.buffer.PooledByteBufAllocator) -Dio.netty.allocator.numDirectArenas: 8
[13:18:02] [ForkJoinPool.commonPool-worker-1/DEBUG] (io.netty.buffer.PooledByteBufAllocator) -Dio.netty.allocator.pageSize: 8192
[13:18:02] [ForkJoinPool.commonPool-worker-1/DEBUG] (io.netty.buffer.PooledByteBufAllocator) -Dio.netty.allocator.maxOrder: 9
[13:18:02] [ForkJoinPool.commonPool-worker-1/DEBUG] (io.netty.buffer.PooledByteBufAllocator) -Dio.netty.allocator.chunkSize: 4194304
[13:18:02] [ForkJoinPool.commonPool-worker-1/DEBUG] (io.netty.buffer.PooledByteBufAllocator) -Dio.netty.allocator.smallCacheSize: 256
[13:18:02] [ForkJoinPool.commonPool-worker-1/DEBUG] (io.netty.buffer.PooledByteBufAllocator) -Dio.netty.allocator.normalCacheSize: 64
[13:18:02] [ForkJoinPool.commonPool-worker-1/DEBUG] (io.netty.buffer.PooledByteBufAllocator) -Dio.netty.allocator.maxCachedBufferCapacity: 32768
[13:18:02] [ForkJoinPool.commonPool-worker-1/DEBUG] (io.netty.buffer.PooledByteBufAllocator) -Dio.netty.allocator.cacheTrimInterval: 8192
[13:18:02] [ForkJoinPool.commonPool-worker-1/DEBUG] (io.netty.buffer.PooledByteBufAllocator) -Dio.netty.allocator.cacheTrimIntervalMillis: 0
[13:18:02] [ForkJoinPool.commonPool-worker-1/DEBUG] (io.netty.buffer.PooledByteBufAllocator) -Dio.netty.allocator.useCacheForAllThreads: false
[13:18:02] [ForkJoinPool.commonPool-worker-1/DEBUG] (io.netty.buffer.PooledByteBufAllocator) -Dio.netty.allocator.maxCachedByteBuffersPerChunk: 1023
[13:18:02] [ForkJoinPool.commonPool-worker-1/DEBUG] (io.netty.buffer.PooledByteBufAllocator) -Dio.netty.allocator.disableCacheFinalizersForFastThreadLocalThreads: false
[13:18:02] [ForkJoinPool.commonPool-worker-1/DEBUG] (io.netty.buffer.ByteBufUtil) -Dio.netty.allocator.type: pooled
[13:18:02] [ForkJoinPool.commonPool-worker-1/DEBUG] (io.netty.buffer.ByteBufUtil) -Dio.netty.threadLocalDirectBufferSize: 0
[13:18:02] [ForkJoinPool.commonPool-worker-1/DEBUG] (io.netty.buffer.ByteBufUtil) -Dio.netty.maxThreadLocalCharBufferSize: 16384
[13:18:02] [ForkJoinPool.commonPool-worker-1/DEBUG] (io.netty.bootstrap.ChannelInitializerExtensions) -Dio.netty.bootstrap.extensions: null
[13:18:02] [ForkJoinPool.commonPool-worker-1/INFO] (ViaBedrock) Started resource pack HTTP server on http://127.0.0.1:38225/
[13:18:02] [Render thread/DEBUG] (FabricLoader/Mixin) Mixing MessageHandlerMixin from fabric-message-api-v1.client.mixins.json into net.minecraft.client.network.message.MessageHandler
[13:18:02] [Render thread/DEBUG] (FabricLoader/Mixin) fabric-message-api-v1.client.mixins.json:MessageHandlerMixin from mod fabric-message-api-v1->@Inject::fabric_onSignedChatMessage(Lnet/minecraft/network/message/MessageType$Parameters;Lnet/minecraft/network/message/SignedMessage;Lnet/minecraft/text/Text;Lcom/mojang/authlib/GameProfile;ZLjava/time/Instant;Lorg/spongepowered/asm/mixin/injection/callback/CallbackInfoReturnable;)V does use it's CallbackInfoReturnable
[13:18:02] [Render thread/DEBUG] (FabricLoader/Mixin) fabric-message-api-v1.client.mixins.json:MessageHandlerMixin from mod fabric-message-api-v1->@Inject::fabric_onFilteredSignedChatMessage(Lnet/minecraft/network/message/MessageType$Parameters;Lnet/minecraft/network/message/SignedMessage;Lnet/minecraft/text/Text;Lcom/mojang/authlib/GameProfile;ZLjava/time/Instant;Lorg/spongepowered/asm/mixin/injection/callback/CallbackInfoReturnable;)V does use it's CallbackInfoReturnable
[13:18:02] [Render thread/DEBUG] (FabricLoader/Mixin) fabric-message-api-v1.client.mixins.json:MessageHandlerMixin from mod fabric-message-api-v1->@Inject::fabric_onProfilelessChatMessage(Lnet/minecraft/network/message/MessageType$Parameters;Lnet/minecraft/text/Text;Ljava/time/Instant;Lorg/spongepowered/asm/mixin/injection/callback/CallbackInfoReturnable;)V does use it's CallbackInfoReturnable
[13:18:02] [Render thread/DEBUG] (FabricLoader/Mixin) fabric-message-api-v1.client.mixins.json:MessageHandlerMixin from mod fabric-message-api-v1->@Inject::fabric_allowGameMessage(Lnet/minecraft/text/Text;ZLorg/spongepowered/asm/mixin/injection/callback/CallbackInfo;)V does use it's CallbackInfo
[13:18:02] [Render thread/DEBUG] (FabricLoader/Mixin) Mixing base.ui.MixinMultiplayerScreen from viafabricplus.mixins.json into net.minecraft.client.gui.screen.multiplayer.MultiplayerScreen
[13:18:02] [Render thread/DEBUG] (FabricLoader/Mixin) Renaming synthetic method lambda$addProtocolSelectionButton$0(Lnet/minecraft/client/gui/widget/ButtonWidget;)V to mdd4350b$viafabricplus$lambda$addProtocolSelectionButton$0$0 in viafabricplus.mixins.json:base.ui.MixinMultiplayerScreen from mod viafabricplus
[13:18:02] [Render thread/DEBUG] (FabricLoader/Mixin) viafabricplus.mixins.json:base.ui.MixinMultiplayerScreen from mod viafabricplus->@Inject::addProtocolSelectionButton(Lorg/spongepowered/asm/mixin/injection/callback/CallbackInfo;)V doesn't use it's CallbackInfo
[13:18:02] [Render thread/DEBUG] (FabricLoader/Mixin) viafabricplus.mixins.json:base.ui.MixinMultiplayerScreen from mod viafabricplus->@Inject::addProtocolSelectionButton(Lorg/spongepowered/asm/mixin/injection/callback/CallbackInfo;)V has 0 override(s) in child classes
[13:18:02] [Render thread/DEBUG] (FabricLoader/Mixin) viafabricplus.mixins.json:base.ui.MixinMultiplayerScreen from mod viafabricplus->@Inject::addProtocolSelectionButton(Lorg/spongepowered/asm/mixin/injection/callback/CallbackInfo;)V won't be passed a CallbackInfo as a result
[13:18:02] [ForkJoinPool.commonPool-worker-1/DEBUG] (FabricLoader/Mixin) Mixing base.integration.bedrock.MixinJoinPackets from viafabricplus.mixins.json into net.raphimc.viabedrock.protocol.packet.JoinPackets
[13:18:02] [Render thread/DEBUG] (FabricLoader/Mixin) Mixing accessor.ConnectScreenAccessor from fabric-networking-api-v1.client.mixins.json into net.minecraft.client.gui.screen.multiplayer.ConnectScreen
[13:18:02] [Render thread/INFO] (net.minecraft.resource.ReloadableResourceManagerImpl) Reloading ResourceManager: vanilla, fabric, com_viaversion_viaaprilfools-common, com_viaversion_viabackwards-common, com_viaversion_viaversion-common, fabric-api, fabric-api-base, fabric-api-lookup-api-v1, fabric-biome-api-v1, fabric-block-api-v1, fabric-block-view-api-v2, fabric-blockrenderlayer-v1, fabric-client-gametest-api-v1, fabric-client-tags-api-v1, fabric-command-api-v1, fabric-command-api-v2, fabric-commands-v0, fabric-content-registries-v0, fabric-convention-tags-v1, fabric-convention-tags-v2, fabric-crash-report-info-v1, fabric-data-attachment-api-v1, fabric-data-generation-api-v1, fabric-dimensions-v1, fabric-entity-events-v1, fabric-events-interaction-v0, fabric-game-rule-api-v1, fabric-gametest-api-v1, fabric-item-api-v1, fabric-item-group-api-v1, fabric-key-binding-api-v1, fabric-keybindings-v0, fabric-lifecycle-events-v1, fabric-loot-api-v2, fabric-loot-api-v3, fabric-message-api-v1, fabric-model-loading-api-v1, fabric-networking-api-v1, fabric-object-builder-api-v1, fabric-particles-v1, fabric-recipe-api-v1, fabric-registry-sync-v0, fabric-renderer-api-v1, fabric-renderer-indigo, fabric-rendering-data-attachment-v1, fabric-rendering-fluids-v1, fabric-rendering-v1, fabric-resource-conditions-api-v1, fabric-resource-loader-v0, fabric-screen-api-v1, fabric-screen-handler-api-v1, fabric-sound-api-v1, fabric-tag-api-v1, fabric-transfer-api-v1, fabric-transitive-access-wideners-v1, fabricloader, ias, luxury, modmenu, net_raphimc_viabedrock, net_raphimc_vialegacy, placeholder-api, viafabricplus, viafabricplus-visuals, file/!§f     ᴛʜᴜɴᴅᴇʀ. ᴡʜɪᴛᴇ ᴠ3.3.zip
[13:18:02] [Render thread/DEBUG] (FabricLoader/Mixin) Mixing SimpleResourceReloadMixin from fabric-resource-loader-v0.mixins.json into net.minecraft.resource.SimpleResourceReload
[13:18:02] [Render thread/DEBUG] (FabricLoader/Mixin) fabric-resource-loader-v0.mixins.json:SimpleResourceReloadMixin from mod fabric-resource-loader-v0->@Inject::method_40087(Lnet/minecraft/resource/ResourceManager;Ljava/util/List;Ljava/util/concurrent/Executor;Ljava/util/concurrent/Executor;Ljava/util/concurrent/CompletableFuture;ZLorg/spongepowered/asm/mixin/injection/callback/CallbackInfoReturnable;)V doesn't use it's CallbackInfoReturnable
[13:18:02] [ForkJoinPool.commonPool-worker-1/INFO] (ViaVersion) ViaVersion detected lowest supported version by the proxy: c0.0.15a-1 (0)
[13:18:02] [ForkJoinPool.commonPool-worker-1/INFO] (ViaVersion) Highest supported version by the proxy: 1.21.5 (770)
[13:18:02] [ForkJoinPool.commonPool-worker-1/INFO] (com.mojang.authlib.yggdrasil.YggdrasilAuthenticationService) Environment: Environment[sessionHost=https://sessionserver.mojang.com, servicesHost=https://api.minecraftservices.com, name=PROD]
[13:18:02] [Yggdrasil Key Fetcher/DEBUG] (com.mojang.authlib.minecraft.client.MinecraftClient) Connecting to https://api.minecraftservices.com/publickeys
[13:18:02] [Render thread/DEBUG] (FabricLoader/Mixin) Mixing JsonUnbakedModelAccessor from fabric-model-loading-api-v1.mixins.json into net.minecraft.client.render.model.json.JsonUnbakedModel
[13:18:02] [Render thread/DEBUG] (FabricLoader/Mixin) Renaming @Accessor method fabric_getGson()Lcom/google/gson/Gson; to fabric_getGson$fabric-model-loading-api-v1_$md$d4350b$0 in fabric-model-loading-api-v1.mixins.json:JsonUnbakedModelAccessor from mod fabric-model-loading-api-v1
[13:18:02] [Render thread/DEBUG] (FabricLoader/Mixin) Mixing JsonUnbakedModelMixin from fabric-model-loading-api-v1.mixins.json into net.minecraft.client.render.model.json.JsonUnbakedModel
[13:18:03] [ForkJoinPool.commonPool-worker-2/DEBUG] (FabricLoader/Mixin) Mixing client.BakedModelMixin from fabric-renderer-api-v1.mixins.json into net.minecraft.client.render.model.BakedModel
[13:18:03] [Worker-Main-3/DEBUG] (FabricLoader/Mixin) Mixing features.limitation.max_chat_length.MixinStringHelper from viafabricplus.mixins.json into net.minecraft.util.StringHelper
[13:18:03] [Render thread/DEBUG] (FabricLoader/Mixin) Mixing ReferencedModelsCollectorMixin from fabric-model-loading-api-v1.mixins.json into net.minecraft.client.render.model.ReferencedModelsCollector
[13:18:03] [Render thread/DEBUG] (FabricLoader/Mixin) Renaming synthetic method lambda$onReturnInit$0(Lnet/minecraft/util/Identifier;)V to mdd4350b$fabric-model-loading-api-v1$lambda$onReturnInit$0$0 in fabric-model-loading-api-v1.mixins.json:ReferencedModelsCollectorMixin from mod fabric-model-loading-api-v1
[13:18:03] [Render thread/DEBUG] (FabricLoader/Mixin) fabric-model-loading-api-v1.mixins.json:ReferencedModelsCollectorMixin from mod fabric-model-loading-api-v1->@Inject::onReturnInit(Lorg/spongepowered/asm/mixin/injection/callback/CallbackInfo;)V doesn't use it's CallbackInfo
[13:18:03] [Render thread/DEBUG] (FabricLoader/Mixin) fabric-model-loading-api-v1.mixins.json:ReferencedModelsCollectorMixin from mod fabric-model-loading-api-v1->@Inject::onReturnInit(Lorg/spongepowered/asm/mixin/injection/callback/CallbackInfo;)V has 0 override(s) in child classes
[13:18:03] [Render thread/DEBUG] (FabricLoader/Mixin) fabric-model-loading-api-v1.mixins.json:ReferencedModelsCollectorMixin from mod fabric-model-loading-api-v1->@Inject::onReturnInit(Lorg/spongepowered/asm/mixin/injection/callback/CallbackInfo;)V won't be passed a CallbackInfo as a result
[13:18:03] [Worker-Main-1/INFO] (net.minecraft.client.font.UnihexFont) Found unifont_all_no_pua-16.0.01.hex, loading
[13:18:03] [Worker-Main-2/WARN] (net.minecraft.resource.ZipResourcePack) Invalid path in datapack: minecraft:sounds/fireworks/largeBlast_far1.ogg, ignoring
[13:18:03] [Worker-Main-3/DEBUG] (FabricLoader/Mixin) Mixing features.entity.r1_8_boat.MixinEntityModels from viafabricplus.mixins.json into net.minecraft.client.render.entity.model.EntityModels
[13:18:03] [Worker-Main-3/DEBUG] (FabricLoader/Mixin) Mixing EntityModelsMixin from fabric-rendering-v1.mixins.json into net.minecraft.client.render.entity.model.EntityModels
[13:18:03] [Worker-Main-3/DEBUG] (FabricLoader/Mixin) fabric-rendering-v1.mixins.json:EntityModelsMixin from mod fabric-rendering-v1->@Inject::registerExtraModelData(Lorg/spongepowered/asm/mixin/injection/callback/CallbackInfoReturnable;Lcom/google/common/collect/ImmutableMap$Builder;)V doesn't use it's CallbackInfoReturnable
[13:18:03] [Worker-Main-3/DEBUG] (FabricLoader/Mixin) Mixing classic.walking_animation.MixinBipedEntityModel from viafabricplus-visuals.mixins.json into net.minecraft.client.render.entity.model.BipedEntityModel
[13:18:03] [Worker-Main-3/DEBUG] (FabricLoader/Mixin) Mixing player_rotations.MixinBipedEntityModel from viafabricplus-visuals.mixins.json into net.minecraft.client.render.entity.model.BipedEntityModel
[13:18:03] [Worker-Main-3/DEBUG] (FabricLoader/Mixin) viafabricplus-visuals.mixins.json:classic.walking_animation.MixinBipedEntityModel from mod viafabricplus-visuals->@Inject::addOldWalkAnimation(Lnet/minecraft/client/render/entity/state/BipedEntityRenderState;Lorg/spongepowered/asm/mixin/injection/callback/CallbackInfo;)V doesn't use it's CallbackInfo
[13:18:03] [Worker-Main-3/DEBUG] (FabricLoader/Mixin) viafabricplus-visuals.mixins.json:classic.walking_animation.MixinBipedEntityModel from mod viafabricplus-visuals->@Inject::addOldWalkAnimation(Lnet/minecraft/client/render/entity/state/BipedEntityRenderState;Lorg/spongepowered/asm/mixin/injection/callback/CallbackInfo;)V has 0 override(s) in child classes
[13:18:03] [Worker-Main-3/DEBUG] (FabricLoader/Mixin) viafabricplus-visuals.mixins.json:classic.walking_animation.MixinBipedEntityModel from mod viafabricplus-visuals->@Inject::addOldWalkAnimation(Lnet/minecraft/client/render/entity/state/BipedEntityRenderState;Lorg/spongepowered/asm/mixin/injection/callback/CallbackInfo;)V won't be passed a CallbackInfo as a result
[13:18:03] [Worker-Main-3/DEBUG] (FabricLoader/Mixin) Mixing EntityModelLayersMixin from fabric-object-builder-v1.client.mixins.json into net.minecraft.client.render.entity.model.EntityModelLayers
[13:18:03] [Worker-Main-3/DEBUG] (FabricLoader/Mixin) Renaming synthetic method lambda$createHangingSign$0(Lnet/minecraft/client/render/block/entity/HangingSignBlockEntityRenderer$AttachmentType;Ljava/lang/String;)Ljava/lang/String; to mdd4350b$fabric-object-builder-api-v1$lambda$createHangingSign$0$0 in fabric-object-builder-v1.client.mixins.json:EntityModelLayersMixin from mod fabric-object-builder-api-v1
[13:18:03] [Worker-Main-3/DEBUG] (FabricLoader/Mixin) Mixing EntityModelLayersAccessor from fabric-rendering-v1.mixins.json into net.minecraft.client.render.entity.model.EntityModelLayers
[13:18:03] [Worker-Main-3/DEBUG] (FabricLoader/Mixin) Renaming @Accessor method getLayers()Ljava/util/Set; to getLayers$fabric-rendering-v1_$md$d4350b$1 in fabric-rendering-v1.mixins.json:EntityModelLayersAccessor from mod fabric-rendering-v1
[13:18:04] [Worker-Main-3/DEBUG] (FabricLoader/Mixin) fabric-object-builder-v1.client.mixins.json:EntityModelLayersMixin from mod fabric-object-builder-api-v1->@Inject::createStandingSign(Lnet/minecraft/block/WoodType;Lorg/spongepowered/asm/mixin/injection/callback/CallbackInfoReturnable;)V does use it's CallbackInfoReturnable
[13:18:04] [Worker-Main-3/DEBUG] (FabricLoader/Mixin) fabric-object-builder-v1.client.mixins.json:EntityModelLayersMixin from mod fabric-object-builder-api-v1->@Inject::createWallSign(Lnet/minecraft/block/WoodType;Lorg/spongepowered/asm/mixin/injection/callback/CallbackInfoReturnable;)V does use it's CallbackInfoReturnable
[13:18:04] [Worker-Main-3/DEBUG] (FabricLoader/Mixin) fabric-object-builder-v1.client.mixins.json:EntityModelLayersMixin from mod fabric-object-builder-api-v1->@Inject::createHangingSign(Lnet/minecraft/block/WoodType;Lnet/minecraft/client/render/block/entity/HangingSignBlockEntityRenderer$AttachmentType;Lorg/spongepowered/asm/mixin/injection/callback/CallbackInfoReturnable;)V does use it's CallbackInfoReturnable
[13:18:04] [Worker-Main-1/INFO] (net.minecraft.client.font.UnihexFont) Found unifont_jp_patch-16.0.01.hex, loading
[13:18:04] [Via-Mappingloader-11/DEBUG] (io.netty.buffer.AbstractByteBuf) -Dio.netty.buffer.checkAccessible: true
[13:18:04] [Via-Mappingloader-11/DEBUG] (io.netty.buffer.AbstractByteBuf) -Dio.netty.buffer.checkBounds: true
[13:18:04] [Via-Mappingloader-11/DEBUG] (io.netty.util.ResourceLeakDetectorFactory) Loaded default ResourceLeakDetector: io.netty.util.ResourceLeakDetector@1f7a078a
[13:18:05] [Worker-Main-1/DEBUG] (FabricLoader/Mixin) Mixing AtlasSourceManagerAccessor from fabric-rendering-v1.mixins.json into net.minecraft.client.texture.atlas.AtlasSourceManager
[13:18:05] [Worker-Main-1/DEBUG] (FabricLoader/Mixin) Renaming @Accessor method getSourceTypeById()Lcom/google/common/collect/BiMap; to getSourceTypeById$fabric-rendering-v1_$md$d4350b$0 in fabric-rendering-v1.mixins.json:AtlasSourceManagerAccessor from mod fabric-rendering-v1
[13:18:05] [Worker-Main-1/WARN] (net.minecraft.resource.ZipResourcePack) Invalid path in datapack: minecraft:textures/block/glass_pane_top_yellow---Copie.png, ignoring
[13:18:05] [Worker-Main-1/WARN] (net.minecraft.resource.ZipResourcePack) Invalid path in datapack: minecraft:textures/block/repeater_off copy.png, ignoring
[13:18:05] [Worker-Main-1/WARN] (net.minecraft.resource.ZipResourcePack) Invalid path in datapack: minecraft:textures/block/Thumbs.db, ignoring
[13:18:05] [Worker-Main-1/WARN] (net.minecraft.resource.ZipResourcePack) Invalid path in datapack: minecraft:textures/block/whiteStone.png, ignoring
[13:18:06] [Worker-Main-1/WARN] (net.minecraft.client.texture.SpriteContents) Unused frames in sprite minecraft:entity/conduit/wind: [22, 23, 24, 25, 26, 27, 28, 29, 30, 31]
[13:18:06] [Worker-Main-1/WARN] (net.minecraft.client.texture.SpriteContents) Unused frames in sprite minecraft:entity/conduit/wind_vertical: [22, 23, 24, 25, 26, 27, 28, 29, 30, 31]
[13:18:06] [Worker-Main-1/WARN] (net.minecraft.client.texture.SpriteContents) Unused frames in sprite minecraft:block/fire_layer_1: [15]
[13:18:06] [Worker-Main-1/WARN] (net.minecraft.client.texture.SpriteContents) Unused frames in sprite minecraft:block/fire_layer_0: [15]
[13:18:06] [Worker-Main-2/WARN] (net.minecraft.client.render.model.ReferencedModelsCollector) Missing block model: 'minecraft:builtin/entity'
[13:18:06] [Via Async Scheduler 0/INFO] (ViaVersion) Finished mapping loading, shutting down loader executor.
[13:18:07] [Worker-Main-2/DEBUG] (FabricLoader/Mixin) Mixing ModelBakerBakerImplMixin from fabric-model-loading-api-v1.mixins.json into net.minecraft.client.render.model.ModelBaker$BakerImpl
[13:18:07] [Worker-Main-2/DEBUG] (FabricLoader/Mixin) Mixing client.MultipartBakedModelMixin from fabric-renderer-api-v1.mixins.json into net.minecraft.client.render.model.MultipartBakedModel
[13:18:07] [Worker-Main-2/DEBUG] (FabricLoader/Mixin) Renaming synthetic method lambda$emitBlockQuads$0(Lnet/minecraft/util/math/random/Random;J)Lnet/minecraft/util/math/random/Random; to mdd4350b$fabric-renderer-api-v1$lambda$emitBlockQuads$0$0 in fabric-renderer-api-v1.mixins.json:client.MultipartBakedModelMixin from mod fabric-renderer-api-v1
[13:18:07] [Worker-Main-2/DEBUG] (FabricLoader/Mixin) fabric-renderer-api-v1.mixins.json:client.MultipartBakedModelMixin from mod fabric-renderer-api-v1->@Inject::onInit(Ljava/util/List;Lorg/spongepowered/asm/mixin/injection/callback/CallbackInfo;)V doesn't use it's CallbackInfo
[13:18:07] [Worker-Main-2/DEBUG] (FabricLoader/Mixin) fabric-renderer-api-v1.mixins.json:client.MultipartBakedModelMixin from mod fabric-renderer-api-v1->@Inject::onInit(Ljava/util/List;Lorg/spongepowered/asm/mixin/injection/callback/CallbackInfo;)V has 0 override(s) in child classes
[13:18:07] [Worker-Main-2/DEBUG] (FabricLoader/Mixin) fabric-renderer-api-v1.mixins.json:client.MultipartBakedModelMixin from mod fabric-renderer-api-v1->@Inject::onInit(Ljava/util/List;Lorg/spongepowered/asm/mixin/injection/callback/CallbackInfo;)V won't be passed a CallbackInfo as a result
[13:18:07] [Worker-Main-2/DEBUG] (FabricLoader/Mixin) Mixing WrapperBakedModelMixin from fabric-model-loading-api-v1.mixins.json into net.minecraft.client.render.model.WrapperBakedModel
[13:18:07] [Worker-Main-2/DEBUG] (FabricLoader/Mixin) Mixing client.WrapperBakedModelMixin from fabric-renderer-api-v1.mixins.json into net.minecraft.client.render.model.WrapperBakedModel
[13:18:07] [Worker-Main-2/DEBUG] (FabricLoader/Mixin) Mixing client.WeightedBakedModelMixin from fabric-renderer-api-v1.mixins.json into net.minecraft.client.render.model.WeightedBakedModel
[13:18:07] [Worker-Main-2/DEBUG] (FabricLoader/Mixin) Renaming synthetic method lambda$emitItemQuads$1(Ljava/util/function/Supplier;)Lnet/minecraft/util/math/random/Random; to mdd4350b$fabric-renderer-api-v1$lambda$emitItemQuads$1$0 in fabric-renderer-api-v1.mixins.json:client.WeightedBakedModelMixin from mod fabric-renderer-api-v1
[13:18:07] [Worker-Main-2/DEBUG] (FabricLoader/Mixin) Renaming synthetic method lambda$emitBlockQuads$0(Ljava/util/function/Supplier;)Lnet/minecraft/util/math/random/Random; to mdd4350b$fabric-renderer-api-v1$lambda$emitBlockQuads$0$1 in fabric-renderer-api-v1.mixins.json:client.WeightedBakedModelMixin from mod fabric-renderer-api-v1
[13:18:07] [Worker-Main-2/DEBUG] (FabricLoader/Mixin) fabric-renderer-api-v1.mixins.json:client.WeightedBakedModelMixin from mod fabric-renderer-api-v1->@Inject::onInit(Lnet/minecraft/util/collection/DataPool;Lorg/spongepowered/asm/mixin/injection/callback/CallbackInfo;)V doesn't use it's CallbackInfo
[13:18:07] [Worker-Main-2/DEBUG] (FabricLoader/Mixin) fabric-renderer-api-v1.mixins.json:client.WeightedBakedModelMixin from mod fabric-renderer-api-v1->@Inject::onInit(Lnet/minecraft/util/collection/DataPool;Lorg/spongepowered/asm/mixin/injection/callback/CallbackInfo;)V has 0 override(s) in child classes
[13:18:07] [Worker-Main-2/DEBUG] (FabricLoader/Mixin) fabric-renderer-api-v1.mixins.json:client.WeightedBakedModelMixin from mod fabric-renderer-api-v1->@Inject::onInit(Lnet/minecraft/util/collection/DataPool;Lorg/spongepowered/asm/mixin/injection/callback/CallbackInfo;)V won't be passed a CallbackInfo as a result
[13:18:08] [Worker-Main-2/DEBUG] (FabricLoader/Mixin) Mixing ModelBakerBakedModelsMixin from fabric-model-loading-api-v1.mixins.json into net.minecraft.client.render.model.ModelBaker$BakedModels
[13:18:09] [Render thread/INFO] (net.minecraft.client.sound.SoundEngine) OpenAL initialized on device VXE V1 Аналоговый стерео
[13:18:09] [Render thread/INFO] (net.minecraft.client.sound.SoundSystem) Sound engine started
[13:18:09] [Render thread/INFO] (net.minecraft.client.texture.SpriteAtlasTexture) Created: 512x8192x2 minecraft:textures/atlas/blocks.png-atlas
[13:18:09] [Render thread/INFO] (net.minecraft.client.texture.SpriteAtlasTexture) Created: 256x256x2 minecraft:textures/atlas/signs.png-atlas
[13:18:09] [Render thread/INFO] (net.minecraft.client.texture.SpriteAtlasTexture) Created: 512x512x2 minecraft:textures/atlas/banner_patterns.png-atlas
[13:18:09] [Render thread/INFO] (net.minecraft.client.texture.SpriteAtlasTexture) Created: 512x512x2 minecraft:textures/atlas/shield_patterns.png-atlas
[13:18:09] [Render thread/INFO] (net.minecraft.client.texture.SpriteAtlasTexture) Created: 2048x1024x2 minecraft:textures/atlas/armor_trims.png-atlas
[13:18:09] [Render thread/INFO] (net.minecraft.client.texture.SpriteAtlasTexture) Created: 256x256x2 minecraft:textures/atlas/chest.png-atlas
[13:18:09] [Render thread/INFO] (net.minecraft.client.texture.SpriteAtlasTexture) Created: 128x64x2 minecraft:textures/atlas/decorated_pot.png-atlas
[13:18:09] [Render thread/INFO] (net.minecraft.client.texture.SpriteAtlasTexture) Created: 512x256x2 minecraft:textures/atlas/beds.png-atlas
[13:18:09] [Render thread/INFO] (net.minecraft.client.texture.SpriteAtlasTexture) Created: 512x256x2 minecraft:textures/atlas/shulker_boxes.png-atlas
[13:18:09] [Render thread/INFO] (net.minecraft.client.texture.SpriteAtlasTexture) Created: 64x64x0 minecraft:textures/atlas/map_decorations.png-atlas
[13:18:09] [Render thread/DEBUG] (FabricLoader/Mixin) Mixing EntityRenderersMixin from fabric-rendering-v1.mixins.json into net.minecraft.client.render.entity.EntityRenderers
[13:18:09] [Render thread/DEBUG] (FabricLoader/Mixin) Renaming synthetic method lambda$onRegisterRenderers$0(Lnet/minecraft/entity/EntityType;Lnet/minecraft/client/render/entity/EntityRendererFactory;)V to mdd4350b$fabric-rendering-v1$lambda$onRegisterRenderers$0$0 in fabric-rendering-v1.mixins.json:EntityRenderersMixin from mod fabric-rendering-v1
[13:18:09] [Render thread/DEBUG] (FabricLoader/Mixin) fabric-rendering-v1.mixins.json:EntityRenderersMixin from mod fabric-rendering-v1->@Inject::onRegisterRenderers(Lorg/spongepowered/asm/mixin/injection/callback/CallbackInfo;)V doesn't use it's CallbackInfo
[13:18:09] [Render thread/DEBUG] (FabricLoader/Mixin) Mixing LivingEntityRendererAccessor from fabric-rendering-v1.mixins.json into net.minecraft.client.render.entity.LivingEntityRenderer
[13:18:09] [Render thread/DEBUG] (FabricLoader/Mixin) Mixing features.movement.constants.MixinPlayerEntityRenderer from viafabricplus.mixins.json into net.minecraft.client.render.entity.PlayerEntityRenderer
[13:18:09] [Render thread/DEBUG] (FabricLoader/Mixin) viafabricplus.mixins.json:features.movement.constants.MixinPlayerEntityRenderer from mod viafabricplus->@Inject::modifySleepingOffset(Lnet/minecraft/client/render/entity/state/PlayerEntityRenderState;Lorg/spongepowered/asm/mixin/injection/callback/CallbackInfoReturnable;)V does use it's CallbackInfoReturnable
[13:18:09] [Render thread/DEBUG] (FabricLoader/Mixin) viafabricplus.mixins.json:features.movement.constants.MixinPlayerEntityRenderer from mod viafabricplus->@Inject::modifySleepingOffset(Lnet/minecraft/client/render/entity/state/PlayerEntityRenderState;Lorg/spongepowered/asm/mixin/injection/callback/CallbackInfoReturnable;)V does use it's CallbackInfoReturnable
[13:18:09] [Render thread/DEBUG] (FabricLoader/Mixin) Mixing ArmorFeatureRendererMixin from fabric-rendering-v1.mixins.json into net.minecraft.client.render.entity.feature.ArmorFeatureRenderer
[13:18:09] [Render thread/DEBUG] (FabricLoader/Mixin) fabric-rendering-v1.mixins.json:ArmorFeatureRendererMixin from mod fabric-rendering-v1->@Inject::render(Lnet/minecraft/client/util/math/MatrixStack;Lnet/minecraft/client/render/VertexConsumerProvider;ILnet/minecraft/client/render/entity/state/BipedEntityRenderState;FFLorg/spongepowered/asm/mixin/injection/callback/CallbackInfo;)V doesn't use it's CallbackInfo
[13:18:09] [Render thread/DEBUG] (FabricLoader/Mixin) fabric-rendering-v1.mixins.json:ArmorFeatureRendererMixin from mod fabric-rendering-v1->@Inject::render(Lnet/minecraft/client/util/math/MatrixStack;Lnet/minecraft/client/render/VertexConsumerProvider;ILnet/minecraft/client/render/entity/state/BipedEntityRenderState;FFLorg/spongepowered/asm/mixin/injection/callback/CallbackInfo;)V has 0 override(s) in child classes
[13:18:09] [Render thread/DEBUG] (FabricLoader/Mixin) fabric-rendering-v1.mixins.json:ArmorFeatureRendererMixin from mod fabric-rendering-v1->@Inject::render(Lnet/minecraft/client/util/math/MatrixStack;Lnet/minecraft/client/render/VertexConsumerProvider;ILnet/minecraft/client/render/entity/state/BipedEntityRenderState;FFLorg/spongepowered/asm/mixin/injection/callback/CallbackInfo;)V won't be passed a CallbackInfo as a result
[13:18:09] [Render thread/DEBUG] (FabricLoader/Mixin) fabric-rendering-v1.mixins.json:ArmorFeatureRendererMixin from mod fabric-rendering-v1->@Inject::renderArmor(Lnet/minecraft/client/util/math/MatrixStack;Lnet/minecraft/client/render/VertexConsumerProvider;Lnet/minecraft/item/ItemStack;Lnet/minecraft/entity/EquipmentSlot;ILnet/minecraft/client/render/entity/model/BipedEntityModel;Lorg/spongepowered/asm/mixin/injection/callback/CallbackInfo;)V does use it's CallbackInfo
[13:18:09] [Render thread/DEBUG] (FabricLoader/Mixin) Mixing villager_profession.MixinVillagerClothingFeatureRenderer from viafabricplus-visuals.mixins.json into net.minecraft.client.render.entity.feature.VillagerClothingFeatureRenderer
[13:18:09] [Render thread/DEBUG] (FabricLoader/Mixin) Mixing CapeFeatureRendererMixin from fabric-rendering-v1.mixins.json into net.minecraft.client.render.entity.feature.CapeFeatureRenderer
[13:18:09] [Render thread/DEBUG] (FabricLoader/Mixin) Mixing BlockEntityRendererFactoriesMixin from fabric-rendering-v1.mixins.json into net.minecraft.client.render.block.entity.BlockEntityRendererFactories
[13:18:09] [Render thread/DEBUG] (FabricLoader/Mixin) Renaming synthetic method lambda$init$0(Lnet/minecraft/block/entity/BlockEntityType;Lnet/minecraft/client/render/block/entity/BlockEntityRendererFactory;)V to mdd4350b$fabric-rendering-v1$lambda$init$0$0 in fabric-rendering-v1.mixins.json:BlockEntityRendererFactoriesMixin from mod fabric-rendering-v1
[13:18:09] [Render thread/DEBUG] (FabricLoader/Mixin) fabric-rendering-v1.mixins.json:BlockEntityRendererFactoriesMixin from mod fabric-rendering-v1->@Inject::init(Lorg/spongepowered/asm/mixin/injection/callback/CallbackInfo;)V doesn't use it's CallbackInfo
[13:18:09] [Render thread/INFO] (net.minecraft.client.texture.SpriteAtlasTexture) Created: 2048x1024x0 minecraft:textures/atlas/particles.png-atlas
[13:18:09] [Render thread/INFO] (net.minecraft.client.texture.SpriteAtlasTexture) Created: 512x512x0 minecraft:textures/atlas/paintings.png-atlas
[13:18:09] [Render thread/INFO] (net.minecraft.client.texture.SpriteAtlasTexture) Created: 256x128x0 minecraft:textures/atlas/mob_effects.png-atlas
[13:18:09] [Render thread/INFO] (net.minecraft.client.texture.SpriteAtlasTexture) Created: 1024x512x0 minecraft:textures/atlas/gui.png-atlas
[13:18:11] [Render thread/DEBUG] (FabricLoader/Mixin) Mixing strike_through_offset.MixinTextRenderer_Drawer from viafabricplus-visuals.mixins.json into net.minecraft.client.font.TextRenderer$Drawer
[13:18:12] [Render thread/DEBUG] (FabricLoader/Mixin) Mixing features.april_fools_8bit_sound.MixinStaticSound from viafabricplus.mixins.json into net.minecraft.client.sound.StaticSound
[13:18:12] [Render thread/DEBUG] (FabricLoader/Mixin) viafabricplus.mixins.json:features.april_fools_8bit_sound.MixinStaticSound from mod viafabricplus->@Inject::modifyBuffer(Ljava/nio/ByteBuffer;Ljavax/sound/sampled/AudioFormat;Lorg/spongepowered/asm/mixin/injection/callback/CallbackInfo;)V doesn't use it's CallbackInfo
[13:18:12] [Render thread/DEBUG] (FabricLoader/Mixin) viafabricplus.mixins.json:features.april_fools_8bit_sound.MixinStaticSound from mod viafabricplus->@Inject::modifyBuffer(Ljava/nio/ByteBuffer;Ljavax/sound/sampled/AudioFormat;Lorg/spongepowered/asm/mixin/injection/callback/CallbackInfo;)V has 0 override(s) in child classes
[13:18:12] [Render thread/DEBUG] (FabricLoader/Mixin) viafabricplus.mixins.json:features.april_fools_8bit_sound.MixinStaticSound from mod viafabricplus->@Inject::modifyBuffer(Ljava/nio/ByteBuffer;Ljavax/sound/sampled/AudioFormat;Lorg/spongepowered/asm/mixin/injection/callback/CallbackInfo;)V won't be passed a CallbackInfo as a result
[13:18:12] [Render thread/DEBUG] (FabricLoader/Mixin) Mixing compat.classic4j.MixinTextFieldWidget from viafabricplus.mixins.json into net.minecraft.client.gui.widget.TextFieldWidget
[13:18:12] [IAS/DEBUG] (com.mojang.authlib.minecraft.client.MinecraftClient) Connecting to https://sessionserver.mojang.com/session/minecraft/profile/372403f948624dec8b142718d8922460?unsigned=true
[13:18:13] [IAS/DEBUG] (com.mojang.authlib.yggdrasil.YggdrasilMinecraftSessionService) Successfully fetched profile properties for com.mojang.authlib.GameProfile@58b00cd3[id=372403f9-4862-4dec-8b14-2718d8922460,name=Put1n,properties={textures=[Property[name=textures, value=ewogICJ0aW1lc3RhbXAiIDogMTc2MTMwMTA5MzA2NiwKICAicHJvZmlsZUlkIiA6ICIzNzI0MDNmOTQ4NjI0ZGVjOGIxNDI3MThkODkyMjQ2MCIsCiAgInByb2ZpbGVOYW1lIiA6ICJQdXQxbiIsCiAgInRleHR1cmVzIiA6IHsKICAgICJTS0lOIiA6IHsKICAgICAgInVybCIgOiAiaHR0cDovL3RleHR1cmVzLm1pbmVjcmFmdC5uZXQvdGV4dHVyZS9mZDZlZWQ1ZDVhMzlkNGUwNmI4NGU0OGU0NGNmYmE3ZDE4MTgyYWIwNzRhMDJkZTQyNGUzYjc5ZTBlMWFiZjMzIgogICAgfQogIH0KfQ==, signature=null]]}]
[13:18:14] [Render thread/INFO] (IAS/IASMinecraft) IAS: Received login request: LoginData{name='sasdaue1241235', uuid=2e0726a2-b53a-3174-8bc6-7f3967baf798, token=[TOKEN], online=false}
[13:18:14] [IAS/INFO] (IAS/IASMinecraft) IAS: Creating user...
[13:18:14] [Render thread/INFO] (IAS/IASMinecraft) IAS: Flushing user...
[13:18:14] [Render thread/INFO] (IAS/IASMinecraft) IAS: Flushed user.
[13:18:15] [Render thread/DEBUG] (FabricLoader/Mixin) Mixing base.ui.MixinDirectConnectScreen from viafabricplus.mixins.json into net.minecraft.client.gui.screen.multiplayer.DirectConnectScreen
[13:18:15] [Render thread/DEBUG] (FabricLoader/Mixin) Renaming synthetic method lambda$addProtocolSelectionButton$0(Lnet/minecraft/client/gui/widget/ButtonWidget;)V to mdd4350b$viafabricplus$lambda$addProtocolSelectionButton$0$0 in viafabricplus.mixins.json:base.ui.MixinDirectConnectScreen from mod viafabricplus
[13:18:15] [Render thread/DEBUG] (FabricLoader/Mixin) viafabricplus.mixins.json:base.ui.MixinDirectConnectScreen from mod viafabricplus->@Inject::addProtocolSelectionButton(Lorg/spongepowered/asm/mixin/injection/callback/CallbackInfo;)V doesn't use it's CallbackInfo
[13:18:15] [Render thread/DEBUG] (FabricLoader/Mixin) viafabricplus.mixins.json:base.ui.MixinDirectConnectScreen from mod viafabricplus->@Inject::addProtocolSelectionButton(Lorg/spongepowered/asm/mixin/injection/callback/CallbackInfo;)V has 0 override(s) in child classes
[13:18:15] [Render thread/DEBUG] (FabricLoader/Mixin) viafabricplus.mixins.json:base.ui.MixinDirectConnectScreen from mod viafabricplus->@Inject::addProtocolSelectionButton(Lorg/spongepowered/asm/mixin/injection/callback/CallbackInfo;)V won't be passed a CallbackInfo as a result
[13:18:15] [Render thread/DEBUG] (FabricLoader/Mixin) Mixing base.ui.MixinAddServerScreen from viafabricplus.mixins.json into net.minecraft.client.gui.screen.multiplayer.AddServerScreen
[13:18:15] [Render thread/DEBUG] (FabricLoader/Mixin) Renaming synthetic method lambda$addVersionSetterButton$0(Lcom/viaversion/viafabricplus/injection/access/base/IServerInfo;Lnet/minecraft/client/gui/widget/ButtonWidget;)V to mdd4350b$viafabricplus$lambda$addVersionSetterButton$0$0 in viafabricplus.mixins.json:base.ui.MixinAddServerScreen from mod viafabricplus
[13:18:15] [Render thread/DEBUG] (FabricLoader/Mixin) viafabricplus.mixins.json:base.ui.MixinAddServerScreen from mod viafabricplus->@Inject::addVersionSetterButton(Lorg/spongepowered/asm/mixin/injection/callback/CallbackInfo;)V doesn't use it's CallbackInfo
[13:18:15] [Render thread/DEBUG] (FabricLoader/Mixin) viafabricplus.mixins.json:base.ui.MixinAddServerScreen from mod viafabricplus->@Inject::addVersionSetterButton(Lorg/spongepowered/asm/mixin/injection/callback/CallbackInfo;)V has 0 override(s) in child classes
[13:18:15] [Render thread/DEBUG] (FabricLoader/Mixin) viafabricplus.mixins.json:base.ui.MixinAddServerScreen from mod viafabricplus->@Inject::addVersionSetterButton(Lorg/spongepowered/asm/mixin/injection/callback/CallbackInfo;)V won't be passed a CallbackInfo as a result
[13:18:15] [Render thread/DEBUG] (FabricLoader/Mixin) Mixing base.connection.MixinMultiplayerServerListPinger from viafabricplus.mixins.json into net.minecraft.client.network.MultiplayerServerListPinger
[13:18:15] [Render thread/DEBUG] (FabricLoader/Mixin) Mixing base.integration.bedrock.MixinMultiplayerServerListPinger from viafabricplus.mixins.json into net.minecraft.client.network.MultiplayerServerListPinger
[13:18:15] [Render thread/DEBUG] (FabricLoader/Mixin) Mixing features.networking.remove_legacy_pinger.MixinMultiplayerServerListPinger from viafabricplus.mixins.json into net.minecraft.client.network.MultiplayerServerListPinger
[13:18:15] [Render thread/DEBUG] (FabricLoader/Mixin) Mixing base.integration.MixinServerInfo from viafabricplus.mixins.json into net.minecraft.client.network.ServerInfo
[13:18:15] [Render thread/DEBUG] (FabricLoader/Mixin) viafabricplus.mixins.json:base.integration.MixinServerInfo from mod viafabricplus->@Inject::saveForcedVersion(Lorg/spongepowered/asm/mixin/injection/callback/CallbackInfoReturnable;)V doesn't use it's CallbackInfoReturnable
[13:18:15] [Render thread/DEBUG] (FabricLoader/Mixin) viafabricplus.mixins.json:base.integration.MixinServerInfo from mod viafabricplus->@Inject::saveForcedVersion(Lorg/spongepowered/asm/mixin/injection/callback/CallbackInfoReturnable;)V has 0 override(s) in child classes
[13:18:15] [Render thread/DEBUG] (FabricLoader/Mixin) viafabricplus.mixins.json:base.integration.MixinServerInfo from mod viafabricplus->@Inject::saveForcedVersion(Lorg/spongepowered/asm/mixin/injection/callback/CallbackInfoReturnable;)V won't be passed a CallbackInfoReturnable as a result
[13:18:15] [Render thread/DEBUG] (FabricLoader/Mixin) viafabricplus.mixins.json:base.integration.MixinServerInfo from mod viafabricplus->@Inject::loadForcedVersion(Lnet/minecraft/nbt/NbtCompound;Lorg/spongepowered/asm/mixin/injection/callback/CallbackInfoReturnable;)V doesn't use it's CallbackInfoReturnable
[13:18:15] [Render thread/DEBUG] (FabricLoader/Mixin) viafabricplus.mixins.json:base.integration.MixinServerInfo from mod viafabricplus->@Inject::syncForcedVersion(Lnet/minecraft/client/network/ServerInfo;Lorg/spongepowered/asm/mixin/injection/callback/CallbackInfo;)V doesn't use it's CallbackInfo
[13:18:15] [Render thread/DEBUG] (FabricLoader/Mixin) viafabricplus.mixins.json:base.integration.MixinServerInfo from mod viafabricplus->@Inject::syncForcedVersion(Lnet/minecraft/client/network/ServerInfo;Lorg/spongepowered/asm/mixin/injection/callback/CallbackInfo;)V has 0 override(s) in child classes
[13:18:15] [Render thread/DEBUG] (FabricLoader/Mixin) viafabricplus.mixins.json:base.integration.MixinServerInfo from mod viafabricplus->@Inject::syncForcedVersion(Lnet/minecraft/client/network/ServerInfo;Lorg/spongepowered/asm/mixin/injection/callback/CallbackInfo;)V won't be passed a CallbackInfo as a result
[13:18:15] [Render thread/DEBUG] (FabricLoader/Mixin) Mixing base.ui.MixinMultiplayerServerListWidget_ServerEntry from viafabricplus.mixins.json into net.minecraft.client.gui.screen.multiplayer.MultiplayerServerListWidget$ServerEntry
[13:18:15] [Render thread/DEBUG] (FabricLoader/Mixin) Mixing features.networking.disable_server_pinging.MixinMultiplayerServerListWidget_ServerEntry from viafabricplus.mixins.json into net.minecraft.client.gui.screen.multiplayer.MultiplayerServerListWidget$ServerEntry
[13:18:15] [Render thread/DEBUG] (FabricLoader/Mixin) Mixing AccessorGridWidget from mixins.modmenu.json into net.minecraft.client.gui.widget.GridWidget
[13:18:15] [Render thread/DEBUG] (FabricLoader/Mixin) mixins.modmenu.json:AccessorGridWidget from mod modmenu: Class version 65 required is higher than the class version supported by the current version of Mixin (JAVA_16 supports class version 60)
[13:18:15] [Server Pinger #0/DEBUG] (FabricLoader/Mixin) Mixing features.networking.srv_resolving.MixinServerAddress from viafabricplus.mixins.json into net.minecraft.client.network.ServerAddress
[13:18:15] [Server Pinger #0/DEBUG] (FabricLoader/Mixin) viafabricplus.mixins.json:features.networking.srv_resolving.MixinServerAddress from mod viafabricplus->@Inject::resolveSrv(Ljava/lang/String;Lorg/spongepowered/asm/mixin/injection/callback/CallbackInfoReturnable;)V does use it's CallbackInfoReturnable
[13:18:15] [Server Pinger #0/DEBUG] (FabricLoader/Mixin) viafabricplus.mixins.json:features.networking.srv_resolving.MixinServerAddress from mod viafabricplus->@Inject::resolveSrv(Ljava/lang/String;Lorg/spongepowered/asm/mixin/injection/callback/CallbackInfoReturnable;)V does use it's CallbackInfoReturnable
[13:18:15] [Server Pinger #0/DEBUG] (FabricLoader/Mixin) viafabricplus.mixins.json:features.networking.srv_resolving.MixinServerAddress from mod viafabricplus->@Inject::resolveSrv(Ljava/lang/String;Lorg/spongepowered/asm/mixin/injection/callback/CallbackInfoReturnable;)V does use it's CallbackInfoReturnable
[13:18:15] [Server Pinger #0/DEBUG] (FabricLoader/Mixin) viafabricplus.mixins.json:features.networking.srv_resolving.MixinServerAddress from mod viafabricplus->@Inject::resolveSrv(Ljava/lang/String;Lorg/spongepowered/asm/mixin/injection/callback/CallbackInfoReturnable;)V does use it's CallbackInfoReturnable
[13:18:15] [Server Pinger #1/DEBUG] (FabricLoader/Mixin) Mixing features.networking.srv_resolving.MixinAllowedAddressResolver from viafabricplus.mixins.json into net.minecraft.client.network.AllowedAddressResolver
[13:18:15] [Server Pinger #1/DEBUG] (FabricLoader/Mixin) viafabricplus.mixins.json:features.networking.srv_resolving.MixinAllowedAddressResolver from mod viafabricplus->@Inject::oldResolveBehaviour(Lnet/minecraft/client/network/ServerAddress;Lorg/spongepowered/asm/mixin/injection/callback/CallbackInfoReturnable;)V does use it's CallbackInfoReturnable
[13:18:15] [Server Pinger #1/DEBUG] (FabricLoader/Mixin) Mixing features.networking.srv_resolving.MixinRedirectResolver from viafabricplus.mixins.json into net.minecraft.client.network.RedirectResolver
[13:18:15] [Server Pinger #1/DEBUG] (FabricLoader/Mixin) viafabricplus.mixins.json:features.networking.srv_resolving.MixinRedirectResolver from mod viafabricplus->@Inject::disableSrvForPre1_3(Ljavax/naming/directory/DirContext;Lnet/minecraft/client/network/ServerAddress;Lorg/spongepowered/asm/mixin/injection/callback/CallbackInfoReturnable;)V does use it's CallbackInfoReturnable
[13:18:16] [Server Pinger #1/DEBUG] (FabricLoader/Mixin) Mixing features.networking.config_state.MixinNetworkStateTransitionHandler from viafabricplus.mixins.json into net.minecraft.network.handler.NetworkStateTransitionHandler
[13:18:16] [Server Pinger #1/DEBUG] (FabricLoader/Mixin) Mixing ingredient.EncoderHandlerMixin from fabric-recipe-api-v1.mixins.json into net.minecraft.network.handler.EncoderHandler
[13:18:16] [Server Pinger #1/DEBUG] (FabricLoader/Mixin) fabric-recipe-api-v1.mixins.json:ingredient.EncoderHandlerMixin from mod fabric-recipe-api-v1->@Inject::capturePacketEncoder(Lio/netty/channel/ChannelHandlerContext;Lnet/minecraft/network/packet/Packet;Lio/netty/buffer/ByteBuf;Lorg/spongepowered/asm/mixin/injection/callback/CallbackInfo;)V doesn't use it's CallbackInfo
[13:18:16] [Server Pinger #1/DEBUG] (FabricLoader/Mixin) fabric-recipe-api-v1.mixins.json:ingredient.EncoderHandlerMixin from mod fabric-recipe-api-v1->@Inject::capturePacketEncoder(Lio/netty/channel/ChannelHandlerContext;Lnet/minecraft/network/packet/Packet;Lio/netty/buffer/ByteBuf;Lorg/spongepowered/asm/mixin/injection/callback/CallbackInfo;)V has 0 override(s) in child classes
[13:18:16] [Server Pinger #1/DEBUG] (FabricLoader/Mixin) fabric-recipe-api-v1.mixins.json:ingredient.EncoderHandlerMixin from mod fabric-recipe-api-v1->@Inject::capturePacketEncoder(Lio/netty/channel/ChannelHandlerContext;Lnet/minecraft/network/packet/Packet;Lio/netty/buffer/ByteBuf;Lorg/spongepowered/asm/mixin/injection/callback/CallbackInfo;)V won't be passed a CallbackInfo as a result
[13:18:16] [Server Pinger #1/DEBUG] (FabricLoader/Mixin) fabric-recipe-api-v1.mixins.json:ingredient.EncoderHandlerMixin from mod fabric-recipe-api-v1->@Inject::releasePacketEncoder(Lio/netty/channel/ChannelHandlerContext;Lnet/minecraft/network/packet/Packet;Lio/netty/buffer/ByteBuf;Lorg/spongepowered/asm/mixin/injection/callback/CallbackInfo;)V doesn't use it's CallbackInfo
[13:18:16] [Server Pinger #1/DEBUG] (FabricLoader/Mixin) fabric-recipe-api-v1.mixins.json:ingredient.EncoderHandlerMixin from mod fabric-recipe-api-v1->@Inject::releasePacketEncoder(Lio/netty/channel/ChannelHandlerContext;Lnet/minecraft/network/packet/Packet;Lio/netty/buffer/ByteBuf;Lorg/spongepowered/asm/mixin/injection/callback/CallbackInfo;)V has 0 override(s) in child classes
[13:18:16] [Server Pinger #1/DEBUG] (FabricLoader/Mixin) fabric-recipe-api-v1.mixins.json:ingredient.EncoderHandlerMixin from mod fabric-recipe-api-v1->@Inject::releasePacketEncoder(Lio/netty/channel/ChannelHandlerContext;Lnet/minecraft/network/packet/Packet;Lio/netty/buffer/ByteBuf;Lorg/spongepowered/asm/mixin/injection/callback/CallbackInfo;)V won't be passed a CallbackInfo as a result
[13:18:16] [Server Pinger #1/DEBUG] (FabricLoader/Mixin) fabric-recipe-api-v1.mixins.json:ingredient.EncoderHandlerMixin from mod fabric-recipe-api-v1->@Inject::releasePacketEncoder(Lio/netty/channel/ChannelHandlerContext;Lnet/minecraft/network/packet/Packet;Lio/netty/buffer/ByteBuf;Lorg/spongepowered/asm/mixin/injection/callback/CallbackInfo;)V doesn't use it's CallbackInfo
[13:18:16] [Server Pinger #1/DEBUG] (FabricLoader/Mixin) fabric-recipe-api-v1.mixins.json:ingredient.EncoderHandlerMixin from mod fabric-recipe-api-v1->@Inject::releasePacketEncoder(Lio/netty/channel/ChannelHandlerContext;Lnet/minecraft/network/packet/Packet;Lio/netty/buffer/ByteBuf;Lorg/spongepowered/asm/mixin/injection/callback/CallbackInfo;)V has 0 override(s) in child classes
[13:18:16] [Server Pinger #1/DEBUG] (FabricLoader/Mixin) fabric-recipe-api-v1.mixins.json:ingredient.EncoderHandlerMixin from mod fabric-recipe-api-v1->@Inject::releasePacketEncoder(Lio/netty/channel/ChannelHandlerContext;Lnet/minecraft/network/packet/Packet;Lio/netty/buffer/ByteBuf;Lorg/spongepowered/asm/mixin/injection/callback/CallbackInfo;)V won't be passed a CallbackInfo as a result
[13:18:16] [Server Pinger #1/DEBUG] (FabricLoader/Mixin) Mixing PacketCodecDispatcherMixin from fabric-networking-api-v1.mixins.json into net.minecraft.network.handler.PacketCodecDispatcher
[13:18:16] [Server Pinger #1/DEBUG] (FabricLoader/Mixin) fabric-networking-api-v1.mixins.json:PacketCodecDispatcherMixin from mod fabric-networking-api-v1->@Inject::encode(Lio/netty/buffer/ByteBuf;Ljava/lang/Object;Lorg/spongepowered/asm/mixin/injection/callback/CallbackInfo;)V doesn't use it's CallbackInfo
[13:18:16] [Server Pinger #1/DEBUG] (FabricLoader/Mixin) fabric-networking-api-v1.mixins.json:PacketCodecDispatcherMixin from mod fabric-networking-api-v1->@Inject::encode(Lio/netty/buffer/ByteBuf;Ljava/lang/Object;Lorg/spongepowered/asm/mixin/injection/callback/CallbackInfo;)V has 0 override(s) in child classes
[13:18:16] [Server Pinger #1/DEBUG] (FabricLoader/Mixin) fabric-networking-api-v1.mixins.json:PacketCodecDispatcherMixin from mod fabric-networking-api-v1->@Inject::encode(Lio/netty/buffer/ByteBuf;Ljava/lang/Object;Lorg/spongepowered/asm/mixin/injection/callback/CallbackInfo;)V won't be passed a CallbackInfo as a result
[13:18:16] [Server Pinger #2/DEBUG] (io.netty.util.internal.NativeLibraryLoader) -Dio.netty.native.workdir: /tmp (io.netty.tmpdir)
[13:18:16] [Server Pinger #2/DEBUG] (io.netty.util.internal.NativeLibraryLoader) -Dio.netty.native.deleteLibAfterLoading: true
[13:18:16] [Server Pinger #2/DEBUG] (io.netty.util.internal.NativeLibraryLoader) -Dio.netty.native.tryPatchShadedId: true
[13:18:16] [Server Pinger #2/DEBUG] (io.netty.util.internal.NativeLibraryLoader) -Dio.netty.native.detectNativeLibraryDuplicates: true
[13:18:16] [Server Pinger #2/DEBUG] (io.netty.util.internal.NativeLibraryLoader) Successfully loaded the library /tmp/libnetty_transport_native_epoll_x86_6416593649813659008310.so
[13:18:16] [Server Pinger #2/DEBUG] (FabricLoader/Mixin) Mixing base.connection.MixinClientConnection_1 from viafabricplus.mixins.json into net.minecraft.network.ClientConnection$1
[13:18:16] [Server Pinger #2/DEBUG] (FabricLoader/Mixin) viafabricplus.mixins.json:base.connection.MixinClientConnection_1 from mod viafabricplus->@Inject::injectViaIntoPipeline(Lio/netty/channel/Channel;Lorg/spongepowered/asm/mixin/injection/callback/CallbackInfo;)V doesn't use it's CallbackInfo
[13:18:16] [Server Pinger #2/DEBUG] (FabricLoader/Mixin) viafabricplus.mixins.json:base.connection.MixinClientConnection_1 from mod viafabricplus->@Inject::injectViaIntoPipeline(Lio/netty/channel/Channel;Lorg/spongepowered/asm/mixin/injection/callback/CallbackInfo;)V has 0 override(s) in child classes
[13:18:16] [Server Pinger #2/DEBUG] (FabricLoader/Mixin) viafabricplus.mixins.json:base.connection.MixinClientConnection_1 from mod viafabricplus->@Inject::injectViaIntoPipeline(Lio/netty/channel/Channel;Lorg/spongepowered/asm/mixin/injection/callback/CallbackInfo;)V won't be passed a CallbackInfo as a result
[13:18:16] [Server Pinger #2/DEBUG] (FabricLoader/Mixin) Mixing base.integration.MixinMultiplayerServerListPinger_1 from viafabricplus.mixins.json into net.minecraft.client.network.MultiplayerServerListPinger$1
[13:18:16] [Server Pinger #2/DEBUG] (FabricLoader/Mixin) viafabricplus.mixins.json:base.integration.MixinMultiplayerServerListPinger_1 from mod viafabricplus->@Inject::trackTranslatingState(Lnet/minecraft/network/packet/s2c/query/QueryResponseS2CPacket;Lorg/spongepowered/asm/mixin/injection/callback/CallbackInfo;)V doesn't use it's CallbackInfo
[13:18:16] [Server Pinger #2/DEBUG] (FabricLoader/Mixin) viafabricplus.mixins.json:base.integration.MixinMultiplayerServerListPinger_1 from mod viafabricplus->@Inject::trackTranslatingState(Lnet/minecraft/network/packet/s2c/query/QueryResponseS2CPacket;Lorg/spongepowered/asm/mixin/injection/callback/CallbackInfo;)V has 0 override(s) in child classes
[13:18:16] [Server Pinger #2/DEBUG] (FabricLoader/Mixin) viafabricplus.mixins.json:base.integration.MixinMultiplayerServerListPinger_1 from mod viafabricplus->@Inject::trackTranslatingState(Lnet/minecraft/network/packet/s2c/query/QueryResponseS2CPacket;Lorg/spongepowered/asm/mixin/injection/callback/CallbackInfo;)V won't be passed a CallbackInfo as a result
[13:18:16] [Server Pinger #2/DEBUG] (FabricLoader/Mixin) viafabricplus.mixins.json:base.integration.MixinMultiplayerServerListPinger_1 from mod viafabricplus->@Inject::fixVersionComparison(Lorg/spongepowered/asm/mixin/injection/callback/CallbackInfo;)V doesn't use it's CallbackInfo
[13:18:16] [Server Pinger #2/DEBUG] (FabricLoader/Mixin) viafabricplus.mixins.json:base.integration.MixinMultiplayerServerListPinger_1 from mod viafabricplus->@Inject::fixVersionComparison(Lorg/spongepowered/asm/mixin/injection/callback/CallbackInfo;)V has 0 override(s) in child classes
[13:18:16] [Server Pinger #2/DEBUG] (FabricLoader/Mixin) viafabricplus.mixins.json:base.integration.MixinMultiplayerServerListPinger_1 from mod viafabricplus->@Inject::fixVersionComparison(Lorg/spongepowered/asm/mixin/injection/callback/CallbackInfo;)V won't be passed a CallbackInfo as a result
[13:18:16] [Server Pinger #0/DEBUG] (FabricLoader/Mixin) Mixing features.networking.config_state.MixinNetworkStateTransitions from viafabricplus.mixins.json into net.minecraft.network.handler.NetworkStateTransitions
[13:18:16] [Server Pinger #0/DEBUG] (io.netty.util.Recycler) -Dio.netty.recycler.maxCapacityPerThread: 4096
[13:18:16] [Server Pinger #0/DEBUG] (io.netty.util.Recycler) -Dio.netty.recycler.ratio: 8
[13:18:16] [Server Pinger #0/DEBUG] (io.netty.util.Recycler) -Dio.netty.recycler.chunkSize: 32
[13:18:16] [Server Pinger #0/DEBUG] (io.netty.util.Recycler) -Dio.netty.recycler.blocking: false
[13:18:16] [Server Pinger #0/DEBUG] (io.netty.util.Recycler) -Dio.netty.recycler.batchFastThreadLocalOnly: true
[13:18:16] [Netty Client IO #2/DEBUG] (FabricLoader/Mixin) Mixing VarIntsAccessor from fabric-data-attachment-api-v1.mixins.json into net.minecraft.network.encoding.VarInts
[13:18:16] [Netty Client IO #2/DEBUG] (FabricLoader/Mixin) Renaming @Accessor method getMaxByteSize()I to getMaxByteSize$fabric-data-attachment-api-v1_$md$d4350b$0 in fabric-data-attachment-api-v1.mixins.json:VarIntsAccessor from mod fabric-data-attachment-api-v1
[13:18:19] [Render thread/DEBUG] (FabricLoader/Mixin) Mixing TooltipComponentMixin from fabric-rendering-v1.mixins.json into net.minecraft.client.gui.tooltip.TooltipComponent
[13:18:19] [Render thread/DEBUG] (FabricLoader/Mixin) fabric-rendering-v1.mixins.json:TooltipComponentMixin from mod fabric-rendering-v1->@Inject::convertCustomTooltipData(Lnet/minecraft/item/tooltip/TooltipData;Lorg/spongepowered/asm/mixin/injection/callback/CallbackInfoReturnable;)V does use it's CallbackInfoReturnable
[13:18:20] [Render thread/DEBUG] (FabricLoader/Mixin) Mixing base.connection.MixinConnectScreen_1 from viafabricplus.mixins.json into net.minecraft.client.gui.screen.multiplayer.ConnectScreen$1
[13:18:20] [Render thread/DEBUG] (FabricLoader/Mixin) Mixing base.integration.bedrock.MixinConnectScreen_1 from viafabricplus.mixins.json into net.minecraft.client.gui.screen.multiplayer.ConnectScreen$1
[13:18:20] [Render thread/DEBUG] (FabricLoader/Mixin) Mixing base.ui.MixinConnectScreen_1 from viafabricplus.mixins.json into net.minecraft.client.gui.screen.multiplayer.ConnectScreen$1
[13:18:20] [Render thread/DEBUG] (FabricLoader/Mixin) Mixing features.networking.legacy_chat_signature.MixinConnectScreen_1 from viafabricplus.mixins.json into net.minecraft.client.gui.screen.multiplayer.ConnectScreen$1
[13:18:20] [Render thread/DEBUG] (FabricLoader/Mixin) Mixing features.networking.srv_resolving.MixinConnectScreen_1 from viafabricplus.mixins.json into net.minecraft.client.gui.screen.multiplayer.ConnectScreen$1
[13:18:20] [Render thread/DEBUG] (FabricLoader/Mixin) viafabricplus.mixins.json:base.integration.bedrock.MixinConnectScreen_1 from mod viafabricplus->@Inject::setupBedrockAccount(Lorg/spongepowered/asm/mixin/injection/callback/CallbackInfo;)V doesn't use it's CallbackInfo
[13:18:20] [Render thread/DEBUG] (FabricLoader/Mixin) viafabricplus.mixins.json:base.integration.bedrock.MixinConnectScreen_1 from mod viafabricplus->@Inject::setupBedrockAccount(Lorg/spongepowered/asm/mixin/injection/callback/CallbackInfo;)V has 0 override(s) in child classes
[13:18:20] [Render thread/DEBUG] (FabricLoader/Mixin) viafabricplus.mixins.json:base.integration.bedrock.MixinConnectScreen_1 from mod viafabricplus->@Inject::setupBedrockAccount(Lorg/spongepowered/asm/mixin/injection/callback/CallbackInfo;)V won't be passed a CallbackInfo as a result
[13:18:20] [Render thread/DEBUG] (FabricLoader/Mixin) viafabricplus.mixins.json:features.networking.legacy_chat_signature.MixinConnectScreen_1 from mod viafabricplus->@Inject::setupChatSessions(Lorg/spongepowered/asm/mixin/injection/callback/CallbackInfo;)V doesn't use it's CallbackInfo
[13:18:20] [Render thread/DEBUG] (FabricLoader/Mixin) viafabricplus.mixins.json:features.networking.legacy_chat_signature.MixinConnectScreen_1 from mod viafabricplus->@Inject::setupChatSessions(Lorg/spongepowered/asm/mixin/injection/callback/CallbackInfo;)V has 0 override(s) in child classes
[13:18:20] [Render thread/DEBUG] (FabricLoader/Mixin) viafabricplus.mixins.json:features.networking.legacy_chat_signature.MixinConnectScreen_1 from mod viafabricplus->@Inject::setupChatSessions(Lorg/spongepowered/asm/mixin/injection/callback/CallbackInfo;)V won't be passed a CallbackInfo as a result
[13:18:20] [Render thread/INFO] (net.minecraft.client.gui.screen.multiplayer.ConnectScreen) Connecting to mc.aresmine.ru, 25565
[13:18:20] [Server Connector #1/DEBUG] (FabricLoader/Mixin) Mixing LoginQueryResponseC2SPacketMixin from fabric-networking-api-v1.mixins.json into net.minecraft.network.packet.c2s.login.LoginQueryResponseC2SPacket
[13:18:20] [Server Connector #1/DEBUG] (FabricLoader/Mixin) fabric-networking-api-v1.mixins.json:LoginQueryResponseC2SPacketMixin from mod fabric-networking-api-v1->@Inject::readResponse(ILnet/minecraft/network/PacketByteBuf;Lorg/spongepowered/asm/mixin/injection/callback/CallbackInfoReturnable;)V does use it's CallbackInfoReturnable
[13:18:20] [Server Connector #1/DEBUG] (FabricLoader/Mixin) Mixing LoginQueryRequestS2CPacketMixin from fabric-networking-api-v1.mixins.json into net.minecraft.network.packet.s2c.login.LoginQueryRequestS2CPacket
[13:18:20] [Server Connector #1/DEBUG] (FabricLoader/Mixin) fabric-networking-api-v1.mixins.json:LoginQueryRequestS2CPacketMixin from mod fabric-networking-api-v1->@Inject::readPayload(Lnet/minecraft/util/Identifier;Lnet/minecraft/network/PacketByteBuf;Lorg/spongepowered/asm/mixin/injection/callback/CallbackInfoReturnable;)V does use it's CallbackInfoReturnable
[13:18:21] [Netty Epoll Client IO #0/DEBUG] (FabricLoader/Mixin) Mixing SelectKnownPacksC2SPacketMixin from fabric-resource-loader-v0.mixins.json into net.minecraft.network.packet.c2s.config.SelectKnownPacksC2SPacket
[13:18:21] [Netty Epoll Client IO #0/DEBUG] (FabricLoader/Mixin) Mixing CustomPayloadS2CPacketMixin from fabric-networking-api-v1.mixins.json into net.minecraft.network.packet.s2c.common.CustomPayloadS2CPacket
[13:18:21] [Netty Epoll Client IO #0/DEBUG] (FabricLoader/Mixin) Renaming synthetic method lambda$wrapConfigCodec$1(Lnet/minecraft/network/PacketByteBuf;Lnet/minecraft/util/Identifier;)Lnet/minecraft/network/packet/CustomPayload$Type; to mdd4350b$fabric-networking-api-v1$lambda$wrapConfigCodec$1$0 in fabric-networking-api-v1.mixins.json:CustomPayloadS2CPacketMixin from mod fabric-networking-api-v1
[13:18:21] [Netty Epoll Client IO #0/DEBUG] (FabricLoader/Mixin) Renaming synthetic method lambda$wrapPlayCodec$0(Lnet/minecraft/network/RegistryByteBuf;Lnet/minecraft/util/Identifier;)Lnet/minecraft/network/packet/CustomPayload$Type; to mdd4350b$fabric-networking-api-v1$lambda$wrapPlayCodec$0$1 in fabric-networking-api-v1.mixins.json:CustomPayloadS2CPacketMixin from mod fabric-networking-api-v1
[13:18:21] [Netty Epoll Client IO #0/DEBUG] (FabricLoader/Mixin) Mixing SerializableRegistriesMixin from fabric-registry-sync-v0.mixins.json into net.minecraft.registry.SerializableRegistries
[13:18:21] [Netty Epoll Client IO #0/DEBUG] (FabricLoader/Mixin) fabric-registry-sync-v0.mixins.json:SerializableRegistriesMixin from mod fabric-registry-sync-v0->@Inject::filterNonSyncedEntries(Lnet/minecraft/registry/DynamicRegistryManager$Entry;Lorg/spongepowered/asm/mixin/injection/callback/CallbackInfoReturnable;)V does use it's CallbackInfoReturnable
[13:18:21] [Netty Epoll Client IO #0/DEBUG] (FabricLoader/Mixin) fabric-registry-sync-v0.mixins.json:SerializableRegistriesMixin from mod fabric-registry-sync-v0->@Inject::filterNonSyncedEntriesAgain(Ljava/util/Set;Lnet/minecraft/registry/RegistryLoader$Entry;Lcom/mojang/serialization/DynamicOps;Ljava/util/function/BiConsumer;Lnet/minecraft/registry/Registry;Lorg/spongepowered/asm/mixin/injection/callback/CallbackInfo;)V does use it's CallbackInfo
[13:18:21] [Netty Epoll Client IO #0/DEBUG] (FabricLoader/Mixin) Mixing ClientRegistriesMixin from fabric-registry-sync-v0.client.mixins.json into net.minecraft.client.network.ClientRegistries
[13:18:21] [Netty Epoll Client IO #0/DEBUG] (FabricLoader/Mixin) Renaming synthetic method lambda$skipEmptyRegistries$0(Ljava/util/Map;Lnet/minecraft/registry/RegistryLoader$Entry;)Z to mdd4350b$fabric-registry-sync-v0$lambda$skipEmptyRegistries$0$0 in fabric-registry-sync-v0.client.mixins.json:ClientRegistriesMixin from mod fabric-registry-sync-v0
[13:18:21] [Render thread/DEBUG] (FabricLoader/Mixin) Mixing ClientRegistriesDynamicRegistriesAccessor from fabric-registry-sync-v0.client.mixins.json into net.minecraft.client.network.ClientRegistries$DynamicRegistries
[13:18:21] [Render thread/DEBUG] (FabricLoader/Mixin) Mixing RegistryLoaderMixin from fabric-registry-sync-v0.mixins.json into net.minecraft.registry.RegistryLoader
[13:18:21] [Render thread/DEBUG] (FabricLoader/Mixin) Renaming synthetic method lambda$static$0()Ljava/lang/Boolean; to mdd4350b$fabric-registry-sync-v0$lambda$static$0$0 in fabric-registry-sync-v0.mixins.json:RegistryLoaderMixin from mod fabric-registry-sync-v0
[13:18:21] [Render thread/DEBUG] (FabricLoader/Mixin) Mixing RegistryLoaderMixin from fabric-resource-conditions-api-v1.mixins.json into net.minecraft.registry.RegistryLoader
[13:18:21] [Render thread/DEBUG] (FabricLoader/Mixin) Mixing RegistryLoaderMixin from fabric-item-api-v1.mixins.json into net.minecraft.registry.RegistryLoader
[13:18:21] [Render thread/DEBUG] (FabricLoader/Mixin) fabric-registry-sync-v0.mixins.json:RegistryLoaderMixin from mod fabric-registry-sync-v0->@Inject::beforeLoad(Ljava/lang/Object;Ljava/util/List;Ljava/util/List;Lorg/spongepowered/asm/mixin/injection/callback/CallbackInfoReturnable;)V doesn't use it's CallbackInfoReturnable
[13:18:21] [Render thread/DEBUG] (FabricLoader/Mixin) fabric-resource-conditions-api-v1.mixins.json:RegistryLoaderMixin from mod fabric-resource-conditions-api-v1->@Inject::captureRegistries(Lnet/minecraft/resource/ResourceManager;Lnet/minecraft/registry/RegistryOps$RegistryInfoGetter;Lnet/minecraft/registry/MutableRegistry;Lcom/mojang/serialization/Decoder;Ljava/util/Map;Lorg/spongepowered/asm/mixin/injection/callback/CallbackInfo;)V doesn't use it's CallbackInfo
[13:18:21] [Render thread/DEBUG] (FabricLoader/Mixin) fabric-resource-conditions-api-v1.mixins.json:RegistryLoaderMixin from mod fabric-resource-conditions-api-v1->@Inject::releaseRegistries(Lnet/minecraft/resource/ResourceManager;Lnet/minecraft/registry/RegistryOps$RegistryInfoGetter;Lnet/minecraft/registry/MutableRegistry;Lcom/mojang/serialization/Decoder;Ljava/util/Map;Lorg/spongepowered/asm/mixin/injection/callback/CallbackInfo;)V doesn't use it's CallbackInfo
[13:18:21] [Render thread/DEBUG] (FabricLoader/Mixin) fabric-resource-conditions-api-v1.mixins.json:RegistryLoaderMixin from mod fabric-resource-conditions-api-v1->@Inject::checkResourceCondition(Lnet/minecraft/registry/MutableRegistry;Lcom/mojang/serialization/Decoder;Lnet/minecraft/registry/RegistryOps;Lnet/minecraft/registry/RegistryKey;Lnet/minecraft/resource/Resource;Lnet/minecraft/registry/entry/RegistryEntryInfo;Lorg/spongepowered/asm/mixin/injection/callback/CallbackInfo;)V does use it's CallbackInfo
[13:18:21] [Render thread/DEBUG] (FabricLoader/Mixin) Mixing SimpleRegistry2Mixin from fabric-tag-api-v1.mixins.json into net.minecraft.registry.SimpleRegistry$2
[13:18:21] [Render thread/DEBUG] (FabricLoader/Mixin) Mixing SimpleRegistry3Mixin from fabric-tag-api-v1.mixins.json into net.minecraft.registry.SimpleRegistry$3
[13:18:21] [Render thread/DEBUG] (FabricLoader/Mixin) fabric-tag-api-v1.mixins.json:SimpleRegistry3Mixin from mod fabric-tag-api-v1->@Inject::applyTagAliases(Lorg/spongepowered/asm/mixin/injection/callback/CallbackInfo;)V doesn't use it's CallbackInfo
[13:18:21] [Render thread/DEBUG] (FabricLoader/Mixin) fabric-tag-api-v1.mixins.json:SimpleRegistry3Mixin from mod fabric-tag-api-v1->@Inject::applyTagAliases(Lorg/spongepowered/asm/mixin/injection/callback/CallbackInfo;)V has 0 override(s) in child classes
[13:18:21] [Render thread/DEBUG] (FabricLoader/Mixin) fabric-tag-api-v1.mixins.json:SimpleRegistry3Mixin from mod fabric-tag-api-v1->@Inject::applyTagAliases(Lorg/spongepowered/asm/mixin/injection/callback/CallbackInfo;)V won't be passed a CallbackInfo as a result
[13:18:22] [Render thread/DEBUG] (FabricLoader/Mixin) Mixing features.limitation.max_chat_length.MixinChatMessageC2SPacket from viafabricplus.mixins.json into net.minecraft.network.packet.c2s.play.ChatMessageC2SPacket
[13:18:22] [Render thread/DEBUG] (FabricLoader/Mixin) Mixing features.networking.player_abilities.MixinUpdatePlayerAbilitiesC2SPacket from viafabricplus.mixins.json into net.minecraft.network.packet.c2s.play.UpdatePlayerAbilitiesC2SPacket
[13:18:22] [Render thread/DEBUG] (FabricLoader/Mixin) viafabricplus.mixins.json:features.networking.player_abilities.MixinUpdatePlayerAbilitiesC2SPacket from mod viafabricplus->@Inject::capturePlayerAbilities(Lnet/minecraft/entity/player/PlayerAbilities;Lorg/spongepowered/asm/mixin/injection/callback/CallbackInfo;)V doesn't use it's CallbackInfo
[13:18:22] [Render thread/DEBUG] (FabricLoader/Mixin) viafabricplus.mixins.json:features.networking.player_abilities.MixinUpdatePlayerAbilitiesC2SPacket from mod viafabricplus->@Inject::capturePlayerAbilities(Lnet/minecraft/entity/player/PlayerAbilities;Lorg/spongepowered/asm/mixin/injection/callback/CallbackInfo;)V has 0 override(s) in child classes
[13:18:22] [Render thread/DEBUG] (FabricLoader/Mixin) viafabricplus.mixins.json:features.networking.player_abilities.MixinUpdatePlayerAbilitiesC2SPacket from mod viafabricplus->@Inject::capturePlayerAbilities(Lnet/minecraft/entity/player/PlayerAbilities;Lorg/spongepowered/asm/mixin/injection/callback/CallbackInfo;)V won't be passed a CallbackInfo as a result
[13:18:22] [Render thread/DEBUG] (FabricLoader/Mixin) Mixing features.entity.pose.MixinOtherClientPlayerEntity from viafabricplus.mixins.json into net.minecraft.client.network.OtherClientPlayerEntity
[13:18:22] [Render thread/DEBUG] (FabricLoader/Mixin) viafabricplus.mixins.json:features.entity.pose.MixinOtherClientPlayerEntity from mod viafabricplus->@Inject::onUpdatePose(Lorg/spongepowered/asm/mixin/injection/callback/CallbackInfo;)V doesn't use it's CallbackInfo
[13:18:22] [Render thread/DEBUG] (FabricLoader/Mixin) viafabricplus.mixins.json:features.entity.pose.MixinOtherClientPlayerEntity from mod viafabricplus->@Inject::onUpdatePose(Lorg/spongepowered/asm/mixin/injection/callback/CallbackInfo;)V has 0 override(s) in child classes
[13:18:22] [Render thread/DEBUG] (FabricLoader/Mixin) viafabricplus.mixins.json:features.entity.pose.MixinOtherClientPlayerEntity from mod viafabricplus->@Inject::onUpdatePose(Lorg/spongepowered/asm/mixin/injection/callback/CallbackInfo;)V won't be passed a CallbackInfo as a result
[13:18:22] [Render thread/DEBUG] (FabricLoader/Mixin) Mixing features.bedrock.remove_dummy_player_suggestions.MixinClientCommandSource from viafabricplus.mixins.json into net.minecraft.client.network.ClientCommandSource
[13:18:22] [Render thread/DEBUG] (FabricLoader/Mixin) Mixing ClientCommandSourceMixin from fabric-command-api-v2.client.mixins.json into net.minecraft.client.network.ClientCommandSource
[13:18:22] [Render thread/DEBUG] (FabricLoader/Mixin) viafabricplus.mixins.json:features.bedrock.remove_dummy_player_suggestions.MixinClientCommandSource from mod viafabricplus->@Inject::returnChatSuggestions(Lorg/spongepowered/asm/mixin/injection/callback/CallbackInfoReturnable;)V does use it's CallbackInfoReturnable
[13:18:22] [Render thread/DEBUG] (FabricLoader/Mixin) viafabricplus.mixins.json:features.bedrock.remove_dummy_player_suggestions.MixinClientCommandSource from mod viafabricplus->@Inject::returnChatSuggestions(Lorg/spongepowered/asm/mixin/injection/callback/CallbackInfoReturnable;)V does use it's CallbackInfoReturnable
[13:18:22] [Render thread/DEBUG] (FabricLoader/Mixin) Mixing BrewingRecipeRegistryBuilderMixin from fabric-content-registries-v0.mixins.json into net.minecraft.recipe.BrewingRecipeRegistry$Builder
[13:18:22] [Render thread/DEBUG] (FabricLoader/Mixin) fabric-content-registries-v0.mixins.json:BrewingRecipeRegistryBuilderMixin from mod fabric-content-registries-v0->@Inject::build(Lorg/spongepowered/asm/mixin/injection/callback/CallbackInfoReturnable;)V doesn't use it's CallbackInfoReturnable
[13:18:22] [Render thread/DEBUG] (FabricLoader/Mixin) fabric-content-registries-v0.mixins.json:BrewingRecipeRegistryBuilderMixin from mod fabric-content-registries-v0->@Inject::build(Lorg/spongepowered/asm/mixin/injection/callback/CallbackInfoReturnable;)V has 0 override(s) in child classes
[13:18:22] [Render thread/DEBUG] (FabricLoader/Mixin) fabric-content-registries-v0.mixins.json:BrewingRecipeRegistryBuilderMixin from mod fabric-content-registries-v0->@Inject::build(Lorg/spongepowered/asm/mixin/injection/callback/CallbackInfoReturnable;)V won't be passed a CallbackInfoReturnable as a result
[13:18:22] [Render thread/DEBUG] (FabricLoader/Mixin) Mixing FuelRegistryMixin from fabric-content-registries-v0.mixins.json into net.minecraft.item.FuelRegistry
[13:18:22] [Render thread/DEBUG] (FabricLoader/Mixin) Mixing features.interaction.container_clicking.MixinClientPlayerInteractionManager from viafabricplus.mixins.json into net.minecraft.client.network.ClientPlayerInteractionManager
[13:18:22] [Render thread/DEBUG] (FabricLoader/Mixin) Mixing features.interaction.r1_18_2_block_ack_emulation.MixinClientPlayerInteractionManager from viafabricplus.mixins.json into net.minecraft.client.network.ClientPlayerInteractionManager
[13:18:22] [Render thread/DEBUG] (FabricLoader/Mixin) Mixing features.interaction.replace_block_item_use_logic.MixinClientPlayerInteractionManager from viafabricplus.mixins.json into net.minecraft.client.network.ClientPlayerInteractionManager
[13:18:22] [Render thread/DEBUG] (FabricLoader/Mixin) Renaming synthetic method lambda$eitherSuccessOrPass$0(Lnet/minecraft/entity/player/PlayerEntity;Lnet/minecraft/util/Hand;)Lnet/minecraft/item/ItemStack; to mdd4350b$viafabricplus$lambda$eitherSuccessOrPass$0$0 in viafabricplus.mixins.json:features.interaction.replace_block_item_use_logic.MixinClientPlayerInteractionManager from mod viafabricplus
[13:18:22] [Render thread/DEBUG] (FabricLoader/Mixin) Mixing ClientPlayerInteractionManagerMixin from fabric-item-api-v1.client.mixins.json into net.minecraft.client.network.ClientPlayerInteractionManager
[13:18:22] [Render thread/DEBUG] (FabricLoader/Mixin) Mixing ClientPlayerInteractionManagerMixin from fabric-events-interaction-v0.client.mixins.json into net.minecraft.client.network.ClientPlayerInteractionManager
[13:18:22] [Render thread/DEBUG] (FabricLoader/Mixin) Renaming synthetic method lambda$interactItem$2(Lnet/minecraft/util/Hand;Lnet/minecraft/entity/player/PlayerEntity;I)Lnet/minecraft/network/packet/Packet; to mdd4350b$fabric-events-interaction-v0$lambda$interactItem$2$1 in fabric-events-interaction-v0.client.mixins.json:ClientPlayerInteractionManagerMixin from mod fabric-events-interaction-v0
[13:18:22] [Render thread/DEBUG] (FabricLoader/Mixin) Renaming synthetic method lambda$interactBlock$1(Lnet/minecraft/util/Hand;Lnet/minecraft/util/hit/BlockHitResult;I)Lnet/minecraft/network/packet/Packet; to mdd4350b$fabric-events-interaction-v0$lambda$interactBlock$1$2 in fabric-events-interaction-v0.client.mixins.json:ClientPlayerInteractionManagerMixin from mod fabric-events-interaction-v0
[13:18:22] [Render thread/DEBUG] (FabricLoader/Mixin) Renaming synthetic method lambda$fabric_fireAttackBlockCallback$0(Lnet/minecraft/util/math/BlockPos;Lnet/minecraft/util/math/Direction;I)Lnet/minecraft/network/packet/Packet; to mdd4350b$fabric-events-interaction-v0$lambda$fabric_fireAttackBlockCallback$0$3 in fabric-events-interaction-v0.client.mixins.json:ClientPlayerInteractionManagerMixin from mod fabric-events-interaction-v0
[13:18:22] [Render thread/DEBUG] (FabricLoader/Mixin) Mixing hud_element_changes.MixinClientPlayerInteractionManager from viafabricplus-visuals.mixins.json into net.minecraft.client.network.ClientPlayerInteractionManager
[13:18:22] [Render thread/DEBUG] (FabricLoader/Mixin) viafabricplus.mixins.json:features.interaction.container_clicking.MixinClientPlayerInteractionManager from mod viafabricplus->@Inject::removeClickActions(IIILnet/minecraft/screen/slot/SlotActionType;Lnet/minecraft/entity/player/PlayerEntity;Lorg/spongepowered/asm/mixin/injection/callback/CallbackInfo;)V does use it's CallbackInfo
[13:18:22] [Render thread/DEBUG] (FabricLoader/Mixin) viafabricplus.mixins.json:features.interaction.r1_18_2_block_ack_emulation.MixinClientPlayerInteractionManager from mod viafabricplus->@Inject::trackPlayerAction(Lnet/minecraft/client/world/ClientWorld;Lnet/minecraft/client/network/SequencedPacketCreator;Lorg/spongepowered/asm/mixin/injection/callback/CallbackInfo;)V doesn't use it's CallbackInfo
[13:18:22] [Render thread/DEBUG] (FabricLoader/Mixin) viafabricplus.mixins.json:features.interaction.r1_18_2_block_ack_emulation.MixinClientPlayerInteractionManager from mod viafabricplus->@Inject::trackPlayerAction(Lnet/minecraft/client/world/ClientWorld;Lnet/minecraft/client/network/SequencedPacketCreator;Lorg/spongepowered/asm/mixin/injection/callback/CallbackInfo;)V has 0 override(s) in child classes
[13:18:22] [Render thread/DEBUG] (FabricLoader/Mixin) viafabricplus.mixins.json:features.interaction.r1_18_2_block_ack_emulation.MixinClientPlayerInteractionManager from mod viafabricplus->@Inject::trackPlayerAction(Lnet/minecraft/client/world/ClientWorld;Lnet/minecraft/client/network/SequencedPacketCreator;Lorg/spongepowered/asm/mixin/injection/callback/CallbackInfo;)V won't be passed a CallbackInfo as a result
[13:18:22] [Render thread/DEBUG] (FabricLoader/Mixin) viafabricplus.mixins.json:features.interaction.replace_block_item_use_logic.MixinClientPlayerInteractionManager from mod viafabricplus->@Inject::sendPlayerPosPacket(Lnet/minecraft/entity/player/PlayerEntity;Lnet/minecraft/util/Hand;Lorg/spongepowered/asm/mixin/injection/callback/CallbackInfoReturnable;)V doesn't use it's CallbackInfoReturnable
[13:18:22] [Render thread/DEBUG] (FabricLoader/Mixin) viafabricplus.mixins.json:features.interaction.replace_block_item_use_logic.MixinClientPlayerInteractionManager from mod viafabricplus->@Inject::sendPlayerPosPacket(Lnet/minecraft/entity/player/PlayerEntity;Lnet/minecraft/util/Hand;Lorg/spongepowered/asm/mixin/injection/callback/CallbackInfoReturnable;)V has 0 override(s) in child classes
[13:18:22] [Render thread/DEBUG] (FabricLoader/Mixin) viafabricplus.mixins.json:features.interaction.replace_block_item_use_logic.MixinClientPlayerInteractionManager from mod viafabricplus->@Inject::sendPlayerPosPacket(Lnet/minecraft/entity/player/PlayerEntity;Lnet/minecraft/util/Hand;Lorg/spongepowered/asm/mixin/injection/callback/CallbackInfoReturnable;)V won't be passed a CallbackInfoReturnable as a result
[13:18:22] [Render thread/DEBUG] (FabricLoader/Mixin) viafabricplus.mixins.json:features.interaction.replace_block_item_use_logic.MixinClientPlayerInteractionManager from mod viafabricplus->@Inject::changeCalculation(Lorg/spongepowered/asm/mixin/injection/callback/CallbackInfoReturnable;)V does use it's CallbackInfoReturnable
[13:18:22] [Render thread/DEBUG] (FabricLoader/Mixin) viafabricplus.mixins.json:features.interaction.replace_block_item_use_logic.MixinClientPlayerInteractionManager from mod viafabricplus->@Inject::resetBlockBreaking(Lnet/minecraft/util/math/BlockPos;Lorg/spongepowered/asm/mixin/injection/callback/CallbackInfoReturnable;)V doesn't use it's CallbackInfoReturnable
[13:18:22] [Render thread/DEBUG] (FabricLoader/Mixin) viafabricplus.mixins.json:features.interaction.replace_block_item_use_logic.MixinClientPlayerInteractionManager from mod viafabricplus->@Inject::resetBlockBreaking(Lnet/minecraft/util/math/BlockPos;Lorg/spongepowered/asm/mixin/injection/callback/CallbackInfoReturnable;)V has 0 override(s) in child classes
[13:18:22] [Render thread/DEBUG] (FabricLoader/Mixin) viafabricplus.mixins.json:features.interaction.replace_block_item_use_logic.MixinClientPlayerInteractionManager from mod viafabricplus->@Inject::resetBlockBreaking(Lnet/minecraft/util/math/BlockPos;Lorg/spongepowered/asm/mixin/injection/callback/CallbackInfoReturnable;)V won't be passed a CallbackInfoReturnable as a result
[13:18:22] [Render thread/DEBUG] (FabricLoader/Mixin) viafabricplus.mixins.json:features.interaction.replace_block_item_use_logic.MixinClientPlayerInteractionManager from mod viafabricplus->@Inject::interactBlock1_12_2(Lnet/minecraft/client/network/ClientPlayerEntity;Lnet/minecraft/util/Hand;Lnet/minecraft/util/hit/BlockHitResult;Lorg/spongepowered/asm/mixin/injection/callback/CallbackInfoReturnable;)V doesn't use it's CallbackInfoReturnable
[13:18:22] [Render thread/DEBUG] (FabricLoader/Mixin) viafabricplus.mixins.json:features.interaction.replace_block_item_use_logic.MixinClientPlayerInteractionManager from mod viafabricplus->@Inject::interactBlock1_12_2(Lnet/minecraft/client/network/ClientPlayerEntity;Lnet/minecraft/util/Hand;Lnet/minecraft/util/hit/BlockHitResult;Lorg/spongepowered/asm/mixin/injection/callback/CallbackInfoReturnable;)V has 0 override(s) in child classes
[13:18:22] [Render thread/DEBUG] (FabricLoader/Mixin) viafabricplus.mixins.json:features.interaction.replace_block_item_use_logic.MixinClientPlayerInteractionManager from mod viafabricplus->@Inject::interactBlock1_12_2(Lnet/minecraft/client/network/ClientPlayerEntity;Lnet/minecraft/util/Hand;Lnet/minecraft/util/hit/BlockHitResult;Lorg/spongepowered/asm/mixin/injection/callback/CallbackInfoReturnable;)V won't be passed a CallbackInfoReturnable as a result
[13:18:22] [Render thread/DEBUG] (FabricLoader/Mixin) viafabricplus.mixins.json:features.interaction.replace_block_item_use_logic.MixinClientPlayerInteractionManager from mod viafabricplus->@Inject::cancelOffHandItemInteract(Lnet/minecraft/entity/player/PlayerEntity;Lnet/minecraft/util/Hand;Lorg/spongepowered/asm/mixin/injection/callback/CallbackInfoReturnable;)V does use it's CallbackInfoReturnable
[13:18:22] [Render thread/DEBUG] (FabricLoader/Mixin) viafabricplus.mixins.json:features.interaction.replace_block_item_use_logic.MixinClientPlayerInteractionManager from mod viafabricplus->@Inject::cancelOffHandBlockPlace(Lnet/minecraft/client/network/ClientPlayerEntity;Lnet/minecraft/util/Hand;Lnet/minecraft/util/hit/BlockHitResult;Lorg/spongepowered/asm/mixin/injection/callback/CallbackInfoReturnable;)V does use it's CallbackInfoReturnable
[13:18:22] [Render thread/DEBUG] (FabricLoader/Mixin) viafabricplus.mixins.json:features.interaction.replace_block_item_use_logic.MixinClientPlayerInteractionManager from mod viafabricplus->@Inject::trackLastUsedItem(Lnet/minecraft/util/Hand;Lnet/minecraft/entity/player/PlayerEntity;Lorg/apache/commons/lang3/mutable/MutableObject;ILorg/spongepowered/asm/mixin/injection/callback/CallbackInfoReturnable;)V doesn't use it's CallbackInfoReturnable
[13:18:22] [Render thread/DEBUG] (FabricLoader/Mixin) viafabricplus.mixins.json:features.interaction.replace_block_item_use_logic.MixinClientPlayerInteractionManager from mod viafabricplus->@Inject::trackLastUsedItem(Lnet/minecraft/util/Hand;Lnet/minecraft/entity/player/PlayerEntity;Lorg/apache/commons/lang3/mutable/MutableObject;ILorg/spongepowered/asm/mixin/injection/callback/CallbackInfoReturnable;)V has 0 override(s) in child classes
[13:18:22] [Render thread/DEBUG] (FabricLoader/Mixin) viafabricplus.mixins.json:features.interaction.replace_block_item_use_logic.MixinClientPlayerInteractionManager from mod viafabricplus->@Inject::trackLastUsedItem(Lnet/minecraft/util/Hand;Lnet/minecraft/entity/player/PlayerEntity;Lorg/apache/commons/lang3/mutable/MutableObject;ILorg/spongepowered/asm/mixin/injection/callback/CallbackInfoReturnable;)V won't be passed a CallbackInfoReturnable as a result
[13:18:22] [Render thread/DEBUG] (FabricLoader/Mixin) fabric-events-interaction-v0.client.mixins.json:ClientPlayerInteractionManagerMixin from mod fabric-events-interaction-v0->@Inject::attackBlock(Lnet/minecraft/util/math/BlockPos;Lnet/minecraft/util/math/Direction;Lorg/spongepowered/asm/mixin/injection/callback/CallbackInfoReturnable;)V does use it's CallbackInfoReturnable
[13:18:22] [Render thread/DEBUG] (FabricLoader/Mixin) fabric-events-interaction-v0.client.mixins.json:ClientPlayerInteractionManagerMixin from mod fabric-events-interaction-v0->@Inject::method_2902(Lnet/minecraft/util/math/BlockPos;Lnet/minecraft/util/math/Direction;Lorg/spongepowered/asm/mixin/injection/callback/CallbackInfoReturnable;)V does use it's CallbackInfoReturnable
[13:18:22] [Render thread/DEBUG] (FabricLoader/Mixin) fabric-events-interaction-v0.client.mixins.json:ClientPlayerInteractionManagerMixin from mod fabric-events-interaction-v0->@Inject::fabric$onBlockBroken(Lnet/minecraft/util/math/BlockPos;Lorg/spongepowered/asm/mixin/injection/callback/CallbackInfoReturnable;Lnet/minecraft/world/World;Lnet/minecraft/block/BlockState;)V doesn't use it's CallbackInfoReturnable
[13:18:22] [Render thread/DEBUG] (FabricLoader/Mixin) fabric-events-interaction-v0.client.mixins.json:ClientPlayerInteractionManagerMixin from mod fabric-events-interaction-v0->@Inject::fabric$onBlockBroken(Lnet/minecraft/util/math/BlockPos;Lorg/spongepowered/asm/mixin/injection/callback/CallbackInfoReturnable;Lnet/minecraft/world/World;Lnet/minecraft/block/BlockState;)V has 0 override(s) in child classes
[13:18:22] [Render thread/DEBUG] (FabricLoader/Mixin) fabric-events-interaction-v0.client.mixins.json:ClientPlayerInteractionManagerMixin from mod fabric-events-interaction-v0->@Inject::fabric$onBlockBroken(Lnet/minecraft/util/math/BlockPos;Lorg/spongepowered/asm/mixin/injection/callback/CallbackInfoReturnable;Lnet/minecraft/world/World;Lnet/minecraft/block/BlockState;)V won't be passed a CallbackInfoReturnable as a result
[13:18:22] [Render thread/DEBUG] (FabricLoader/Mixin) fabric-events-interaction-v0.client.mixins.json:ClientPlayerInteractionManagerMixin from mod fabric-events-interaction-v0->@Inject::interactBlock(Lnet/minecraft/client/network/ClientPlayerEntity;Lnet/minecraft/util/Hand;Lnet/minecraft/util/hit/BlockHitResult;Lorg/spongepowered/asm/mixin/injection/callback/CallbackInfoReturnable;)V does use it's CallbackInfoReturnable
[13:18:22] [Render thread/DEBUG] (FabricLoader/Mixin) fabric-events-interaction-v0.client.mixins.json:ClientPlayerInteractionManagerMixin from mod fabric-events-interaction-v0->@Inject::interactItem(Lnet/minecraft/entity/player/PlayerEntity;Lnet/minecraft/util/Hand;Lorg/spongepowered/asm/mixin/injection/callback/CallbackInfoReturnable;)V does use it's CallbackInfoReturnable
[13:18:22] [Render thread/DEBUG] (FabricLoader/Mixin) fabric-events-interaction-v0.client.mixins.json:ClientPlayerInteractionManagerMixin from mod fabric-events-interaction-v0->@Inject::attackEntity(Lnet/minecraft/entity/player/PlayerEntity;Lnet/minecraft/entity/Entity;Lorg/spongepowered/asm/mixin/injection/callback/CallbackInfo;)V does use it's CallbackInfo
[13:18:22] [Render thread/DEBUG] (FabricLoader/Mixin) viafabricplus-visuals.mixins.json:hud_element_changes.MixinClientPlayerInteractionManager from mod viafabricplus-visuals->@Inject::removeExperienceBar(Lorg/spongepowered/asm/mixin/injection/callback/CallbackInfoReturnable;)V does use it's CallbackInfoReturnable
[13:18:22] [Render thread/DEBUG] (FabricLoader/Mixin) Mixing ClientChunkManagerMixin from fabric-lifecycle-events-v1.client.mixins.json into net.minecraft.client.world.ClientChunkManager
[13:18:22] [Netty Epoll Client IO #0/DEBUG] (ClientPlayNetworkAddon for sasdaue1241235) Handling inbound packet from channel with name "minecraft:brand"
[13:18:22] [Render thread/DEBUG] (FabricLoader/Mixin) fabric-lifecycle-events-v1.client.mixins.json:ClientChunkManagerMixin from mod fabric-lifecycle-events-v1->@Inject::onChunkLoad(IILnet/minecraft/network/PacketByteBuf;Lnet/minecraft/nbt/NbtCompound;Ljava/util/function/Consumer;Lorg/spongepowered/asm/mixin/injection/callback/CallbackInfoReturnable;)V does use it's CallbackInfoReturnable
[13:18:22] [Render thread/DEBUG] (FabricLoader/Mixin) fabric-lifecycle-events-v1.client.mixins.json:ClientChunkManagerMixin from mod fabric-lifecycle-events-v1->@Inject::onChunkUnload(IILnet/minecraft/network/PacketByteBuf;Lnet/minecraft/nbt/NbtCompound;Ljava/util/function/Consumer;Lorg/spongepowered/asm/mixin/injection/callback/CallbackInfoReturnable;ILnet/minecraft/world/chunk/WorldChunk;Lnet/minecraft/util/math/ChunkPos;)V doesn't use it's CallbackInfoReturnable
[13:18:22] [Render thread/DEBUG] (FabricLoader/Mixin) fabric-lifecycle-events-v1.client.mixins.json:ClientChunkManagerMixin from mod fabric-lifecycle-events-v1->@Inject::onChunkUnload(IILnet/minecraft/network/PacketByteBuf;Lnet/minecraft/nbt/NbtCompound;Ljava/util/function/Consumer;Lorg/spongepowered/asm/mixin/injection/callback/CallbackInfoReturnable;ILnet/minecraft/world/chunk/WorldChunk;Lnet/minecraft/util/math/ChunkPos;)V has 0 override(s) in child classes
[13:18:22] [Render thread/DEBUG] (FabricLoader/Mixin) fabric-lifecycle-events-v1.client.mixins.json:ClientChunkManagerMixin from mod fabric-lifecycle-events-v1->@Inject::onChunkUnload(IILnet/minecraft/network/PacketByteBuf;Lnet/minecraft/nbt/NbtCompound;Ljava/util/function/Consumer;Lorg/spongepowered/asm/mixin/injection/callback/CallbackInfoReturnable;ILnet/minecraft/world/chunk/WorldChunk;Lnet/minecraft/util/math/ChunkPos;)V won't be passed a CallbackInfoReturnable as a result
[13:18:22] [Render thread/DEBUG] (FabricLoader/Mixin) fabric-lifecycle-events-v1.client.mixins.json:ClientChunkManagerMixin from mod fabric-lifecycle-events-v1->@Inject::onChunkUnload(Lnet/minecraft/util/math/ChunkPos;Lorg/spongepowered/asm/mixin/injection/callback/CallbackInfo;ILnet/minecraft/world/chunk/WorldChunk;)V doesn't use it's CallbackInfo
[13:18:22] [Render thread/DEBUG] (FabricLoader/Mixin) fabric-lifecycle-events-v1.client.mixins.json:ClientChunkManagerMixin from mod fabric-lifecycle-events-v1->@Inject::onChunkUnload(Lnet/minecraft/util/math/ChunkPos;Lorg/spongepowered/asm/mixin/injection/callback/CallbackInfo;ILnet/minecraft/world/chunk/WorldChunk;)V has 0 override(s) in child classes
[13:18:22] [Render thread/DEBUG] (FabricLoader/Mixin) fabric-lifecycle-events-v1.client.mixins.json:ClientChunkManagerMixin from mod fabric-lifecycle-events-v1->@Inject::onChunkUnload(Lnet/minecraft/util/math/ChunkPos;Lorg/spongepowered/asm/mixin/injection/callback/CallbackInfo;ILnet/minecraft/world/chunk/WorldChunk;)V won't be passed a CallbackInfo as a result
[13:18:22] [Render thread/DEBUG] (FabricLoader/Mixin) fabric-lifecycle-events-v1.client.mixins.json:ClientChunkManagerMixin from mod fabric-lifecycle-events-v1->@Inject::onUpdateLoadDistance(ILorg/spongepowered/asm/mixin/injection/callback/CallbackInfo;IILnet/minecraft/client/world/ClientChunkManager$ClientChunkMap;ILnet/minecraft/world/chunk/WorldChunk;Lnet/minecraft/util/math/ChunkPos;)V doesn't use it's CallbackInfo
[13:18:22] [Render thread/DEBUG] (FabricLoader/Mixin) fabric-lifecycle-events-v1.client.mixins.json:ClientChunkManagerMixin from mod fabric-lifecycle-events-v1->@Inject::onUpdateLoadDistance(ILorg/spongepowered/asm/mixin/injection/callback/CallbackInfo;IILnet/minecraft/client/world/ClientChunkManager$ClientChunkMap;ILnet/minecraft/world/chunk/WorldChunk;Lnet/minecraft/util/math/ChunkPos;)V has 0 override(s) in child classes
[13:18:22] [Render thread/DEBUG] (FabricLoader/Mixin) fabric-lifecycle-events-v1.client.mixins.json:ClientChunkManagerMixin from mod fabric-lifecycle-events-v1->@Inject::onUpdateLoadDistance(ILorg/spongepowered/asm/mixin/injection/callback/CallbackInfo;IILnet/minecraft/client/world/ClientChunkManager$ClientChunkMap;ILnet/minecraft/world/chunk/WorldChunk;Lnet/minecraft/util/math/ChunkPos;)V won't be passed a CallbackInfo as a result
[13:18:22] [Netty Epoll Client IO #0/DEBUG] (ClientPlayNetworkAddon for sasdaue1241235) Handling inbound packet from channel with name "minecraft:brand"
[13:18:22] [Render thread/DEBUG] (FabricLoader/Mixin) Mixing ClientWorldClientEntityHandlerMixin from fabric-lifecycle-events-v1.client.mixins.json into net.minecraft.client.world.ClientWorld$ClientEntityHandler
[13:18:22] [Render thread/DEBUG] (FabricLoader/Mixin) fabric-lifecycle-events-v1.client.mixins.json:ClientWorldClientEntityHandlerMixin from mod fabric-lifecycle-events-v1->@Inject::invokeLoadEntity(Lnet/minecraft/entity/Entity;Lorg/spongepowered/asm/mixin/injection/callback/CallbackInfo;)V doesn't use it's CallbackInfo
[13:18:22] [Render thread/DEBUG] (FabricLoader/Mixin) fabric-lifecycle-events-v1.client.mixins.json:ClientWorldClientEntityHandlerMixin from mod fabric-lifecycle-events-v1->@Inject::invokeUnloadEntity(Lnet/minecraft/entity/Entity;Lorg/spongepowered/asm/mixin/injection/callback/CallbackInfo;)V doesn't use it's CallbackInfo
[13:18:22] [Render thread/DEBUG] (FabricLoader/Mixin) Mixing features.entity.allow_duplicated_uuid.MixinEntityIndex from viafabricplus.mixins.json into net.minecraft.world.entity.EntityIndex
[13:18:22] [Render thread/DEBUG] (FabricLoader/Mixin) viafabricplus.mixins.json:features.entity.allow_duplicated_uuid.MixinEntityIndex from mod viafabricplus->@Inject::returnRealSize(Lorg/spongepowered/asm/mixin/injection/callback/CallbackInfoReturnable;)V does use it's CallbackInfoReturnable
[13:18:22] [Render thread/DEBUG] (FabricLoader/Mixin) Mixing ChunkSectionMixin from fabric-block-api-v1.mixins.json into net.minecraft.world.chunk.ChunkSection
[13:18:22] [Render thread/DEBUG] (FabricLoader/Mixin) Mixing DimensionEffectsAccessor from fabric-rendering-v1.mixins.json into net.minecraft.client.render.DimensionEffects
[13:18:22] [Render thread/DEBUG] (FabricLoader/Mixin) Renaming @Accessor method getIdentifierMap()Lit/unimi/dsi/fastutil/objects/Object2ObjectMap; to getIdentifierMap$fabric-rendering-v1_$md$d4350b$0 in fabric-rendering-v1.mixins.json:DimensionEffectsAccessor from mod fabric-rendering-v1
[13:18:22] [Render thread/DEBUG] (FabricLoader/Mixin) Mixing SectionBuilderMixin from fabric-renderer-indigo.mixins.json into net.minecraft.client.render.chunk.SectionBuilder
[13:18:22] [Render thread/DEBUG] (FabricLoader/Mixin) Renaming synthetic method lambda$hookBuild$0(Ljava/util/Map;Lnet/minecraft/client/render/chunk/BlockBufferAllocatorStorage;Lnet/minecraft/client/render/RenderLayer;)Lnet/minecraft/client/render/BufferBuilder; to mdd4350b$fabric-renderer-indigo$lambda$hookBuild$0$0 in fabric-renderer-indigo.mixins.json:SectionBuilderMixin from mod fabric-renderer-indigo
[13:18:22] [Render thread/DEBUG] (FabricLoader/Mixin) fabric-renderer-indigo.mixins.json:SectionBuilderMixin from mod fabric-renderer-indigo->@Inject::hookBuild(Lnet/minecraft/util/math/ChunkSectionPos;Lnet/minecraft/client/render/chunk/ChunkRendererRegion;Lcom/mojang/blaze3d/systems/VertexSorter;Lnet/minecraft/client/render/chunk/BlockBufferAllocatorStorage;Lorg/spongepowered/asm/mixin/injection/callback/CallbackInfoReturnable;)V doesn't use it's CallbackInfoReturnable
[13:18:22] [Render thread/DEBUG] (FabricLoader/Mixin) fabric-renderer-indigo.mixins.json:SectionBuilderMixin from mod fabric-renderer-indigo->@Inject::hookBuild(Lnet/minecraft/util/math/ChunkSectionPos;Lnet/minecraft/client/render/chunk/ChunkRendererRegion;Lcom/mojang/blaze3d/systems/VertexSorter;Lnet/minecraft/client/render/chunk/BlockBufferAllocatorStorage;Lorg/spongepowered/asm/mixin/injection/callback/CallbackInfoReturnable;)V has 0 override(s) in child classes
[13:18:22] [Render thread/DEBUG] (FabricLoader/Mixin) fabric-renderer-indigo.mixins.json:SectionBuilderMixin from mod fabric-renderer-indigo->@Inject::hookBuild(Lnet/minecraft/util/math/ChunkSectionPos;Lnet/minecraft/client/render/chunk/ChunkRendererRegion;Lcom/mojang/blaze3d/systems/VertexSorter;Lnet/minecraft/client/render/chunk/BlockBufferAllocatorStorage;Lorg/spongepowered/asm/mixin/injection/callback/CallbackInfoReturnable;)V won't be passed a CallbackInfoReturnable as a result
[13:18:22] [Render thread/DEBUG] (FabricLoader/Mixin) fabric-renderer-indigo.mixins.json:SectionBuilderMixin from mod fabric-renderer-indigo->@Inject::hookBuildReturn(Lnet/minecraft/util/math/ChunkSectionPos;Lnet/minecraft/client/render/chunk/ChunkRendererRegion;Lcom/mojang/blaze3d/systems/VertexSorter;Lnet/minecraft/client/render/chunk/BlockBufferAllocatorStorage;Lorg/spongepowered/asm/mixin/injection/callback/CallbackInfoReturnable;)V doesn't use it's CallbackInfoReturnable
[13:18:22] [Render thread/DEBUG] (FabricLoader/Mixin) fabric-renderer-indigo.mixins.json:SectionBuilderMixin from mod fabric-renderer-indigo->@Inject::hookBuildReturn(Lnet/minecraft/util/math/ChunkSectionPos;Lnet/minecraft/client/render/chunk/ChunkRendererRegion;Lcom/mojang/blaze3d/systems/VertexSorter;Lnet/minecraft/client/render/chunk/BlockBufferAllocatorStorage;Lorg/spongepowered/asm/mixin/injection/callback/CallbackInfoReturnable;)V has 0 override(s) in child classes
[13:18:22] [Render thread/DEBUG] (FabricLoader/Mixin) fabric-renderer-indigo.mixins.json:SectionBuilderMixin from mod fabric-renderer-indigo->@Inject::hookBuildReturn(Lnet/minecraft/util/math/ChunkSectionPos;Lnet/minecraft/client/render/chunk/ChunkRendererRegion;Lcom/mojang/blaze3d/systems/VertexSorter;Lnet/minecraft/client/render/chunk/BlockBufferAllocatorStorage;Lorg/spongepowered/asm/mixin/injection/callback/CallbackInfoReturnable;)V won't be passed a CallbackInfoReturnable as a result
[13:18:22] [Render thread/DEBUG] (FabricLoader/Mixin) Mixing RenderLayersMixin from fabric-blockrenderlayer-v1.mixins.json into net.minecraft.client.render.RenderLayers
[13:18:22] [Render thread/DEBUG] (FabricLoader/Mixin) fabric-blockrenderlayer-v1.mixins.json:RenderLayersMixin from mod fabric-blockrenderlayer-v1->@Inject::onInitialize(Lorg/spongepowered/asm/mixin/injection/callback/CallbackInfo;)V doesn't use it's CallbackInfo
[13:18:22] [Render thread/DEBUG] (FabricLoader/Mixin) Mixing features.border_chunk_rendering.MixinBuiltChunk from viafabricplus.mixins.json into net.minecraft.client.render.chunk.ChunkBuilder$BuiltChunk
[13:18:22] [Render thread/DEBUG] (FabricLoader/Mixin) viafabricplus.mixins.json:features.border_chunk_rendering.MixinBuiltChunk from mod viafabricplus->@Inject::modifyRenderCondition(Lorg/spongepowered/asm/mixin/injection/callback/CallbackInfoReturnable;)V does use it's CallbackInfoReturnable
[13:18:22] [Render thread/DEBUG] (FabricLoader/Mixin) Mixing HangingSignEditScreenMixin from fabric-object-builder-v1.client.mixins.json into net.minecraft.client.gui.screen.ingame.HangingSignEditScreen
[13:18:22] [Render thread/DEBUG] (FabricLoader/Mixin) Renaming synthetic method lambda$init$0(Ljava/lang/String;)Ljava/lang/String; to mdd4350b$fabric-object-builder-api-v1$lambda$init$0$0 in fabric-object-builder-v1.client.mixins.json:HangingSignEditScreenMixin from mod fabric-object-builder-api-v1
[13:18:22] [Render thread/DEBUG] (FabricLoader/Mixin) Mixing features.sign_editor_reach.MixinAbstractSignEditScreen from viafabricplus.mixins.json into net.minecraft.client.gui.screen.ingame.AbstractSignEditScreen
[13:18:22] [Render thread/DEBUG] (FabricLoader/Mixin) viafabricplus.mixins.json:features.sign_editor_reach.MixinAbstractSignEditScreen from mod viafabricplus->@Inject::dontCloseTooFarAwaySigns(Lorg/spongepowered/asm/mixin/injection/callback/CallbackInfoReturnable;)V does use it's CallbackInfoReturnable
[13:18:22] [Render thread/DEBUG] (FabricLoader/Mixin) Mixing features.legacy_tab_completion.MixinAbstractCommandBlockScreen from viafabricplus.mixins.json into net.minecraft.client.gui.screen.ingame.AbstractCommandBlockScreen
[13:18:22] [Render thread/DEBUG] (FabricLoader/Mixin) Mixing features.remove_newer_screen_features.MixinCommandBlockScreen from viafabricplus.mixins.json into net.minecraft.client.gui.screen.ingame.CommandBlockScreen
[13:18:22] [Render thread/DEBUG] (FabricLoader/Mixin) viafabricplus.mixins.json:features.remove_newer_screen_features.MixinCommandBlockScreen from mod viafabricplus->@Inject::removeWidgets(Lorg/spongepowered/asm/mixin/injection/callback/CallbackInfo;)V doesn't use it's CallbackInfo
[13:18:22] [Render thread/DEBUG] (FabricLoader/Mixin) viafabricplus.mixins.json:features.remove_newer_screen_features.MixinCommandBlockScreen from mod viafabricplus->@Inject::removeWidgets(Lorg/spongepowered/asm/mixin/injection/callback/CallbackInfo;)V has 0 override(s) in child classes
[13:18:22] [Render thread/DEBUG] (FabricLoader/Mixin) viafabricplus.mixins.json:features.remove_newer_screen_features.MixinCommandBlockScreen from mod viafabricplus->@Inject::removeWidgets(Lorg/spongepowered/asm/mixin/injection/callback/CallbackInfo;)V won't be passed a CallbackInfo as a result
[13:18:22] [Render thread/DEBUG] (FabricLoader/Mixin) Mixing features.remove_newer_screen_features.MixinJigsawBlockScreen from viafabricplus.mixins.json into net.minecraft.client.gui.screen.ingame.JigsawBlockScreen
[13:18:22] [Render thread/DEBUG] (FabricLoader/Mixin) viafabricplus.mixins.json:features.remove_newer_screen_features.MixinJigsawBlockScreen from mod viafabricplus->@Inject::disableWidgets(Lorg/spongepowered/asm/mixin/injection/callback/CallbackInfo;)V doesn't use it's CallbackInfo
[13:18:22] [Render thread/DEBUG] (FabricLoader/Mixin) viafabricplus.mixins.json:features.remove_newer_screen_features.MixinJigsawBlockScreen from mod viafabricplus->@Inject::disableWidgets(Lorg/spongepowered/asm/mixin/injection/callback/CallbackInfo;)V has 0 override(s) in child classes
[13:18:22] [Render thread/DEBUG] (FabricLoader/Mixin) viafabricplus.mixins.json:features.remove_newer_screen_features.MixinJigsawBlockScreen from mod viafabricplus->@Inject::disableWidgets(Lorg/spongepowered/asm/mixin/injection/callback/CallbackInfo;)V won't be passed a CallbackInfo as a result
[13:18:22] [Render thread/DEBUG] (FabricLoader/Mixin) viafabricplus.mixins.json:features.remove_newer_screen_features.MixinJigsawBlockScreen from mod viafabricplus->@Inject::copyText(Lnet/minecraft/client/gui/DrawContext;IIFLorg/spongepowered/asm/mixin/injection/callback/CallbackInfo;)V doesn't use it's CallbackInfo
[13:18:22] [Render thread/DEBUG] (FabricLoader/Mixin) viafabricplus.mixins.json:features.remove_newer_screen_features.MixinJigsawBlockScreen from mod viafabricplus->@Inject::copyText(Lnet/minecraft/client/gui/DrawContext;IIFLorg/spongepowered/asm/mixin/injection/callback/CallbackInfo;)V has 0 override(s) in child classes
[13:18:22] [Render thread/DEBUG] (FabricLoader/Mixin) viafabricplus.mixins.json:features.remove_newer_screen_features.MixinJigsawBlockScreen from mod viafabricplus->@Inject::copyText(Lnet/minecraft/client/gui/DrawContext;IIFLorg/spongepowered/asm/mixin/injection/callback/CallbackInfo;)V won't be passed a CallbackInfo as a result
[13:18:22] [Render thread/DEBUG] (FabricLoader/Mixin) Mixing features.limitation.book_edit.MixinBookEditScreen from viafabricplus.mixins.json into net.minecraft.client.gui.screen.ingame.BookEditScreen
[13:18:22] [Render thread/DEBUG] (FabricLoader/Mixin) Mixing features.interaction.cooldown.MixinItemCooldownManager from viafabricplus.mixins.json into net.minecraft.entity.player.ItemCooldownManager
[13:18:22] [Render thread/DEBUG] (FabricLoader/Mixin) viafabricplus.mixins.json:features.interaction.cooldown.MixinItemCooldownManager from mod viafabricplus->@Inject::dontSetCooldown(Lorg/spongepowered/asm/mixin/injection/callback/CallbackInfo;)V does use it's CallbackInfo
[13:18:22] [Render thread/DEBUG] (ClientPlayNetworkAddon for sasdaue1241235) Handling inbound packet from channel with name "minecraft:brand"
[13:18:22] [Render thread/DEBUG] (ClientPlayNetworkAddon for sasdaue1241235) Handling inbound packet from channel with name "minecraft:brand"
[13:18:23] [Render thread/DEBUG] (FabricLoader/Mixin) Mixing ChunkRendererRegionBuilderMixin from fabric-block-view-api-v2.client.mixins.json into net.minecraft.client.render.chunk.ChunkRendererRegionBuilder
[13:18:23] [Render thread/DEBUG] (FabricLoader/Mixin) fabric-block-view-api-v2.client.mixins.json:ChunkRendererRegionBuilderMixin from mod fabric-block-view-api-v2->@Inject::copyDataForChunk(Lnet/minecraft/world/World;Lnet/minecraft/util/math/ChunkSectionPos;Lorg/spongepowered/asm/mixin/injection/callback/CallbackInfoReturnable;)V doesn't use it's CallbackInfoReturnable
[13:18:23] [Render thread/DEBUG] (FabricLoader/Mixin) fabric-block-view-api-v2.client.mixins.json:ChunkRendererRegionBuilderMixin from mod fabric-block-view-api-v2->@Inject::copyDataForChunk(Lnet/minecraft/world/World;Lnet/minecraft/util/math/ChunkSectionPos;Lorg/spongepowered/asm/mixin/injection/callback/CallbackInfoReturnable;)V has 0 override(s) in child classes
[13:18:23] [Render thread/DEBUG] (FabricLoader/Mixin) fabric-block-view-api-v2.client.mixins.json:ChunkRendererRegionBuilderMixin from mod fabric-block-view-api-v2->@Inject::copyDataForChunk(Lnet/minecraft/world/World;Lnet/minecraft/util/math/ChunkSectionPos;Lorg/spongepowered/asm/mixin/injection/callback/CallbackInfoReturnable;)V won't be passed a CallbackInfoReturnable as a result
[13:18:23] [Render thread/DEBUG] (FabricLoader/Mixin) fabric-block-view-api-v2.client.mixins.json:ChunkRendererRegionBuilderMixin from mod fabric-block-view-api-v2->@Inject::createDataMap(Lnet/minecraft/world/World;Lnet/minecraft/util/math/ChunkSectionPos;Lorg/spongepowered/asm/mixin/injection/callback/CallbackInfoReturnable;)V does use it's CallbackInfoReturnable
[13:18:23] [Render thread/DEBUG] (FabricLoader/Mixin) Mixing ChunkRendererRegionMixin from fabric-rendering-data-attachment-v1.client.mixins.json into net.minecraft.client.render.chunk.ChunkRendererRegion
[13:18:23] [Render thread/DEBUG] (FabricLoader/Mixin) Mixing ChunkRendererRegionMixin from fabric-renderer-indigo.mixins.json into net.minecraft.client.render.chunk.ChunkRendererRegion
[13:18:23] [Render thread/DEBUG] (FabricLoader/Mixin) Mixing ChunkRendererRegionMixin from fabric-block-view-api-v2.client.mixins.json into net.minecraft.client.render.chunk.ChunkRendererRegion
[13:18:23] [Render thread/DEBUG] (FabricLoader/Mixin) Mixing EnchantmentHelperMixin from fabric-item-api-v1.mixins.json into net.minecraft.enchantment.EnchantmentHelper
[13:18:23] [Download-1/INFO] (net.minecraft.util.NetworkUtils) Returning cached file since actual hash matches requested
[13:18:23] [Render thread/DEBUG] (net.fabricmc.fabric.impl.resource.loader.ModResourcePackUtil) [Fabric] Starting internal pack sorting with: [vanilla, fabric, com_viaversion_viaaprilfools-common, com_viaversion_viabackwards-common, com_viaversion_viaversion-common, fabric-api, fabric-api-base, fabric-api-lookup-api-v1, fabric-biome-api-v1, fabric-block-api-v1, fabric-block-view-api-v2, fabric-blockrenderlayer-v1, fabric-client-gametest-api-v1, fabric-client-tags-api-v1, fabric-command-api-v1, fabric-command-api-v2, fabric-commands-v0, fabric-content-registries-v0, fabric-convention-tags-v1, fabric-convention-tags-v2, fabric-crash-report-info-v1, fabric-data-attachment-api-v1, fabric-data-generation-api-v1, fabric-dimensions-v1, fabric-entity-events-v1, fabric-events-interaction-v0, fabric-game-rule-api-v1, fabric-gametest-api-v1, fabric-item-api-v1, fabric-item-group-api-v1, fabric-key-binding-api-v1, fabric-keybindings-v0, fabric-lifecycle-events-v1, fabric-loot-api-v2, fabric-loot-api-v3, fabric-message-api-v1, fabric-model-loading-api-v1, fabric-networking-api-v1, fabric-object-builder-api-v1, fabric-particles-v1, fabric-recipe-api-v1, fabric-registry-sync-v0, fabric-renderer-api-v1, fabric-renderer-indigo, fabric-rendering-data-attachment-v1, fabric-rendering-fluids-v1, fabric-rendering-v1, fabric-resource-conditions-api-v1, fabric-resource-loader-v0, fabric-screen-api-v1, fabric-screen-handler-api-v1, fabric-sound-api-v1, fabric-tag-api-v1, fabric-transfer-api-v1, fabric-transitive-access-wideners-v1, fabricloader, ias, luxury, modmenu, net_raphimc_viabedrock, net_raphimc_vialegacy, placeholder-api, viafabricplus, viafabricplus-visuals, file/!§f     ᴛʜᴜɴᴅᴇʀ. ᴡʜɪᴛᴇ ᴠ3.3.zip, fabric-item-group-api-v1_programmer_art, modmenu_high_contrast, modmenu_programmer_art, server/00000000/bd7abf45-dad9-31eb-b86a-5b73b305a821]
[13:18:23] [Render thread/DEBUG] (net.fabricmc.fabric.impl.resource.loader.ModResourcePackUtil) [Fabric] Removed all internal packs, result: [vanilla, fabric, file/!§f     ᴛʜᴜɴᴅᴇʀ. ᴡʜɪᴛᴇ ᴠ3.3.zip, server/00000000/bd7abf45-dad9-31eb-b86a-5b73b305a821]
[13:18:23] [Render thread/DEBUG] (net.fabricmc.fabric.impl.resource.loader.ModResourcePackUtil) [Fabric] cur @ fabric, auto-enabled com_viaversion_viaaprilfools-common, currently enabled: [vanilla, fabric, com_viaversion_viaaprilfools-common]
[13:18:23] [Render thread/DEBUG] (net.fabricmc.fabric.impl.resource.loader.ModResourcePackUtil) [Fabric] cur @ fabric, auto-enabled com_viaversion_viabackwards-common, currently enabled: [vanilla, fabric, com_viaversion_viaaprilfools-common, com_viaversion_viabackwards-common]
[13:18:23] [Render thread/DEBUG] (net.fabricmc.fabric.impl.resource.loader.ModResourcePackUtil) [Fabric] cur @ fabric, auto-enabled com_viaversion_viaversion-common, currently enabled: [vanilla, fabric, com_viaversion_viaaprilfools-common, com_viaversion_viabackwards-common, com_viaversion_viaversion-common]
[13:18:23] [Render thread/DEBUG] (net.fabricmc.fabric.impl.resource.loader.ModResourcePackUtil) [Fabric] cur @ fabric, auto-enabled fabric-api, currently enabled: [vanilla, fabric, com_viaversion_viaaprilfools-common, com_viaversion_viabackwards-common, com_viaversion_viaversion-common, fabric-api]
[13:18:23] [Render thread/DEBUG] (net.fabricmc.fabric.impl.resource.loader.ModResourcePackUtil) [Fabric] cur @ fabric, auto-enabled fabric-api-base, currently enabled: [vanilla, fabric, com_viaversion_viaaprilfools-common, com_viaversion_viabackwards-common, com_viaversion_viaversion-common, fabric-api, fabric-api-base]
[13:18:23] [Render thread/DEBUG] (net.fabricmc.fabric.impl.resource.loader.ModResourcePackUtil) [Fabric] cur @ fabric, auto-enabled fabric-api-lookup-api-v1, currently enabled: [vanilla, fabric, com_viaversion_viaaprilfools-common, com_viaversion_viabackwards-common, com_viaversion_viaversion-common, fabric-api, fabric-api-base, fabric-api-lookup-api-v1]
[13:18:23] [Render thread/DEBUG] (net.fabricmc.fabric.impl.resource.loader.ModResourcePackUtil) [Fabric] cur @ fabric, auto-enabled fabric-biome-api-v1, currently enabled: [vanilla, fabric, com_viaversion_viaaprilfools-common, com_viaversion_viabackwards-common, com_viaversion_viaversion-common, fabric-api, fabric-api-base, fabric-api-lookup-api-v1, fabric-biome-api-v1]
[13:18:23] [Render thread/DEBUG] (net.fabricmc.fabric.impl.resource.loader.ModResourcePackUtil) [Fabric] cur @ fabric, auto-enabled fabric-block-api-v1, currently enabled: [vanilla, fabric, com_viaversion_viaaprilfools-common, com_viaversion_viabackwards-common, com_viaversion_viaversion-common, fabric-api, fabric-api-base, fabric-api-lookup-api-v1, fabric-biome-api-v1, fabric-block-api-v1]
[13:18:23] [Render thread/DEBUG] (net.fabricmc.fabric.impl.resource.loader.ModResourcePackUtil) [Fabric] cur @ fabric, auto-enabled fabric-block-view-api-v2, currently enabled: [vanilla, fabric, com_viaversion_viaaprilfools-common, com_viaversion_viabackwards-common, com_viaversion_viaversion-common, fabric-api, fabric-api-base, fabric-api-lookup-api-v1, fabric-biome-api-v1, fabric-block-api-v1, fabric-block-view-api-v2]
[13:18:23] [Render thread/DEBUG] (net.fabricmc.fabric.impl.resource.loader.ModResourcePackUtil) [Fabric] cur @ fabric, auto-enabled fabric-blockrenderlayer-v1, currently enabled: [vanilla, fabric, com_viaversion_viaaprilfools-common, com_viaversion_viabackwards-common, com_viaversion_viaversion-common, fabric-api, fabric-api-base, fabric-api-lookup-api-v1, fabric-biome-api-v1, fabric-block-api-v1, fabric-block-view-api-v2, fabric-blockrenderlayer-v1]
[13:18:23] [Render thread/DEBUG] (net.fabricmc.fabric.impl.resource.loader.ModResourcePackUtil) [Fabric] cur @ fabric, auto-enabled fabric-client-gametest-api-v1, currently enabled: [vanilla, fabric, com_viaversion_viaaprilfools-common, com_viaversion_viabackwards-common, com_viaversion_viaversion-common, fabric-api, fabric-api-base, fabric-api-lookup-api-v1, fabric-biome-api-v1, fabric-block-api-v1, fabric-block-view-api-v2, fabric-blockrenderlayer-v1, fabric-client-gametest-api-v1]
[13:18:23] [Render thread/DEBUG] (net.fabricmc.fabric.impl.resource.loader.ModResourcePackUtil) [Fabric] cur @ fabric, auto-enabled fabric-client-tags-api-v1, currently enabled: [vanilla, fabric, com_viaversion_viaaprilfools-common, com_viaversion_viabackwards-common, com_viaversion_viaversion-common, fabric-api, fabric-api-base, fabric-api-lookup-api-v1, fabric-biome-api-v1, fabric-block-api-v1, fabric-block-view-api-v2, fabric-blockrenderlayer-v1, fabric-client-gametest-api-v1, fabric-client-tags-api-v1]
[13:18:23] [Render thread/DEBUG] (net.fabricmc.fabric.impl.resource.loader.ModResourcePackUtil) [Fabric] cur @ fabric, auto-enabled fabric-command-api-v1, currently enabled: [vanilla, fabric, com_viaversion_viaaprilfools-common, com_viaversion_viabackwards-common, com_viaversion_viaversion-common, fabric-api, fabric-api-base, fabric-api-lookup-api-v1, fabric-biome-api-v1, fabric-block-api-v1, fabric-block-view-api-v2, fabric-blockrenderlayer-v1, fabric-client-gametest-api-v1, fabric-client-tags-api-v1, fabric-command-api-v1]
[13:18:23] [Render thread/DEBUG] (net.fabricmc.fabric.impl.resource.loader.ModResourcePackUtil) [Fabric] cur @ fabric, auto-enabled fabric-command-api-v2, currently enabled: [vanilla, fabric, com_viaversion_viaaprilfools-common, com_viaversion_viabackwards-common, com_viaversion_viaversion-common, fabric-api, fabric-api-base, fabric-api-lookup-api-v1, fabric-biome-api-v1, fabric-block-api-v1, fabric-block-view-api-v2, fabric-blockrenderlayer-v1, fabric-client-gametest-api-v1, fabric-client-tags-api-v1, fabric-command-api-v1, fabric-command-api-v2]
[13:18:23] [Render thread/DEBUG] (net.fabricmc.fabric.impl.resource.loader.ModResourcePackUtil) [Fabric] cur @ fabric, auto-enabled fabric-commands-v0, currently enabled: [vanilla, fabric, com_viaversion_viaaprilfools-common, com_viaversion_viabackwards-common, com_viaversion_viaversion-common, fabric-api, fabric-api-base, fabric-api-lookup-api-v1, fabric-biome-api-v1, fabric-block-api-v1, fabric-block-view-api-v2, fabric-blockrenderlayer-v1, fabric-client-gametest-api-v1, fabric-client-tags-api-v1, fabric-command-api-v1, fabric-command-api-v2, fabric-commands-v0]
[13:18:23] [Render thread/DEBUG] (net.fabricmc.fabric.impl.resource.loader.ModResourcePackUtil) [Fabric] cur @ fabric, auto-enabled fabric-content-registries-v0, currently enabled: [vanilla, fabric, com_viaversion_viaaprilfools-common, com_viaversion_viabackwards-common, com_viaversion_viaversion-common, fabric-api, fabric-api-base, fabric-api-lookup-api-v1, fabric-biome-api-v1, fabric-block-api-v1, fabric-block-view-api-v2, fabric-blockrenderlayer-v1, fabric-client-gametest-api-v1, fabric-client-tags-api-v1, fabric-command-api-v1, fabric-command-api-v2, fabric-commands-v0, fabric-content-registries-v0]
[13:18:23] [Render thread/DEBUG] (net.fabricmc.fabric.impl.resource.loader.ModResourcePackUtil) [Fabric] cur @ fabric, auto-enabled fabric-convention-tags-v1, currently enabled: [vanilla, fabric, com_viaversion_viaaprilfools-common, com_viaversion_viabackwards-common, com_viaversion_viaversion-common, fabric-api, fabric-api-base, fabric-api-lookup-api-v1, fabric-biome-api-v1, fabric-block-api-v1, fabric-block-view-api-v2, fabric-blockrenderlayer-v1, fabric-client-gametest-api-v1, fabric-client-tags-api-v1, fabric-command-api-v1, fabric-command-api-v2, fabric-commands-v0, fabric-content-registries-v0, fabric-convention-tags-v1]
[13:18:23] [Render thread/DEBUG] (net.fabricmc.fabric.impl.resource.loader.ModResourcePackUtil) [Fabric] cur @ fabric, auto-enabled fabric-convention-tags-v2, currently enabled: [vanilla, fabric, com_viaversion_viaaprilfools-common, com_viaversion_viabackwards-common, com_viaversion_viaversion-common, fabric-api, fabric-api-base, fabric-api-lookup-api-v1, fabric-biome-api-v1, fabric-block-api-v1, fabric-block-view-api-v2, fabric-blockrenderlayer-v1, fabric-client-gametest-api-v1, fabric-client-tags-api-v1, fabric-command-api-v1, fabric-command-api-v2, fabric-commands-v0, fabric-content-registries-v0, fabric-convention-tags-v1, fabric-convention-tags-v2]
[13:18:23] [Render thread/DEBUG] (net.fabricmc.fabric.impl.resource.loader.ModResourcePackUtil) [Fabric] cur @ fabric, auto-enabled fabric-crash-report-info-v1, currently enabled: [vanilla, fabric, com_viaversion_viaaprilfools-common, com_viaversion_viabackwards-common, com_viaversion_viaversion-common, fabric-api, fabric-api-base, fabric-api-lookup-api-v1, fabric-biome-api-v1, fabric-block-api-v1, fabric-block-view-api-v2, fabric-blockrenderlayer-v1, fabric-client-gametest-api-v1, fabric-client-tags-api-v1, fabric-command-api-v1, fabric-command-api-v2, fabric-commands-v0, fabric-content-registries-v0, fabric-convention-tags-v1, fabric-convention-tags-v2, fabric-crash-report-info-v1]
[13:18:23] [Render thread/DEBUG] (net.fabricmc.fabric.impl.resource.loader.ModResourcePackUtil) [Fabric] cur @ fabric, auto-enabled fabric-data-attachment-api-v1, currently enabled: [vanilla, fabric, com_viaversion_viaaprilfools-common, com_viaversion_viabackwards-common, com_viaversion_viaversion-common, fabric-api, fabric-api-base, fabric-api-lookup-api-v1, fabric-biome-api-v1, fabric-block-api-v1, fabric-block-view-api-v2, fabric-blockrenderlayer-v1, fabric-client-gametest-api-v1, fabric-client-tags-api-v1, fabric-command-api-v1, fabric-command-api-v2, fabric-commands-v0, fabric-content-registries-v0, fabric-convention-tags-v1, fabric-convention-tags-v2, fabric-crash-report-info-v1, fabric-data-attachment-api-v1]
[13:18:23] [Render thread/DEBUG] (net.fabricmc.fabric.impl.resource.loader.ModResourcePackUtil) [Fabric] cur @ fabric, auto-enabled fabric-data-generation-api-v1, currently enabled: [vanilla, fabric, com_viaversion_viaaprilfools-common, com_viaversion_viabackwards-common, com_viaversion_viaversion-common, fabric-api, fabric-api-base, fabric-api-lookup-api-v1, fabric-biome-api-v1, fabric-block-api-v1, fabric-block-view-api-v2, fabric-blockrenderlayer-v1, fabric-client-gametest-api-v1, fabric-client-tags-api-v1, fabric-command-api-v1, fabric-command-api-v2, fabric-commands-v0, fabric-content-registries-v0, fabric-convention-tags-v1, fabric-convention-tags-v2, fabric-crash-report-info-v1, fabric-data-attachment-api-v1, fabric-data-generation-api-v1]
[13:18:23] [Render thread/DEBUG] (net.fabricmc.fabric.impl.resource.loader.ModResourcePackUtil) [Fabric] cur @ fabric, auto-enabled fabric-dimensions-v1, currently enabled: [vanilla, fabric, com_viaversion_viaaprilfools-common, com_viaversion_viabackwards-common, com_viaversion_viaversion-common, fabric-api, fabric-api-base, fabric-api-lookup-api-v1, fabric-biome-api-v1, fabric-block-api-v1, fabric-block-view-api-v2, fabric-blockrenderlayer-v1, fabric-client-gametest-api-v1, fabric-client-tags-api-v1, fabric-command-api-v1, fabric-command-api-v2, fabric-commands-v0, fabric-content-registries-v0, fabric-convention-tags-v1, fabric-convention-tags-v2, fabric-crash-report-info-v1, fabric-data-attachment-api-v1, fabric-data-generation-api-v1, fabric-dimensions-v1]
[13:18:23] [Render thread/DEBUG] (net.fabricmc.fabric.impl.resource.loader.ModResourcePackUtil) [Fabric] cur @ fabric, auto-enabled fabric-entity-events-v1, currently enabled: [vanilla, fabric, com_viaversion_viaaprilfools-common, com_viaversion_viabackwards-common, com_viaversion_viaversion-common, fabric-api, fabric-api-base, fabric-api-lookup-api-v1, fabric-biome-api-v1, fabric-block-api-v1, fabric-block-view-api-v2, fabric-blockrenderlayer-v1, fabric-client-gametest-api-v1, fabric-client-tags-api-v1, fabric-command-api-v1, fabric-command-api-v2, fabric-commands-v0, fabric-content-registries-v0, fabric-convention-tags-v1, fabric-convention-tags-v2, fabric-crash-report-info-v1, fabric-data-attachment-api-v1, fabric-data-generation-api-v1, fabric-dimensions-v1, fabric-entity-events-v1]
[13:18:23] [Render thread/DEBUG] (net.fabricmc.fabric.impl.resource.loader.ModResourcePackUtil) [Fabric] cur @ fabric, auto-enabled fabric-events-interaction-v0, currently enabled: [vanilla, fabric, com_viaversion_viaaprilfools-common, com_viaversion_viabackwards-common, com_viaversion_viaversion-common, fabric-api, fabric-api-base, fabric-api-lookup-api-v1, fabric-biome-api-v1, fabric-block-api-v1, fabric-block-view-api-v2, fabric-blockrenderlayer-v1, fabric-client-gametest-api-v1, fabric-client-tags-api-v1, fabric-command-api-v1, fabric-command-api-v2, fabric-commands-v0, fabric-content-registries-v0, fabric-convention-tags-v1, fabric-convention-tags-v2, fabric-crash-report-info-v1, fabric-data-attachment-api-v1, fabric-data-generation-api-v1, fabric-dimensions-v1, fabric-entity-events-v1, fabric-events-interaction-v0]
[13:18:23] [Render thread/DEBUG] (net.fabricmc.fabric.impl.resource.loader.ModResourcePackUtil) [Fabric] cur @ fabric, auto-enabled fabric-game-rule-api-v1, currently enabled: [vanilla, fabric, com_viaversion_viaaprilfools-common, com_viaversion_viabackwards-common, com_viaversion_viaversion-common, fabric-api, fabric-api-base, fabric-api-lookup-api-v1, fabric-biome-api-v1, fabric-block-api-v1, fabric-block-view-api-v2, fabric-blockrenderlayer-v1, fabric-client-gametest-api-v1, fabric-client-tags-api-v1, fabric-command-api-v1, fabric-command-api-v2, fabric-commands-v0, fabric-content-registries-v0, fabric-convention-tags-v1, fabric-convention-tags-v2, fabric-crash-report-info-v1, fabric-data-attachment-api-v1, fabric-data-generation-api-v1, fabric-dimensions-v1, fabric-entity-events-v1, fabric-events-interaction-v0, fabric-game-rule-api-v1]
[13:18:23] [Render thread/DEBUG] (net.fabricmc.fabric.impl.resource.loader.ModResourcePackUtil) [Fabric] cur @ fabric, auto-enabled fabric-gametest-api-v1, currently enabled: [vanilla, fabric, com_viaversion_viaaprilfools-common, com_viaversion_viabackwards-common, com_viaversion_viaversion-common, fabric-api, fabric-api-base, fabric-api-lookup-api-v1, fabric-biome-api-v1, fabric-block-api-v1, fabric-block-view-api-v2, fabric-blockrenderlayer-v1, fabric-client-gametest-api-v1, fabric-client-tags-api-v1, fabric-command-api-v1, fabric-command-api-v2, fabric-commands-v0, fabric-content-registries-v0, fabric-convention-tags-v1, fabric-convention-tags-v2, fabric-crash-report-info-v1, fabric-data-attachment-api-v1, fabric-data-generation-api-v1, fabric-dimensions-v1, fabric-entity-events-v1, fabric-events-interaction-v0, fabric-game-rule-api-v1, fabric-gametest-api-v1]
[13:18:23] [Render thread/DEBUG] (net.fabricmc.fabric.impl.resource.loader.ModResourcePackUtil) [Fabric] cur @ fabric, auto-enabled fabric-item-api-v1, currently enabled: [vanilla, fabric, com_viaversion_viaaprilfools-common, com_viaversion_viabackwards-common, com_viaversion_viaversion-common, fabric-api, fabric-api-base, fabric-api-lookup-api-v1, fabric-biome-api-v1, fabric-block-api-v1, fabric-block-view-api-v2, fabric-blockrenderlayer-v1, fabric-client-gametest-api-v1, fabric-client-tags-api-v1, fabric-command-api-v1, fabric-command-api-v2, fabric-commands-v0, fabric-content-registries-v0, fabric-convention-tags-v1, fabric-convention-tags-v2, fabric-crash-report-info-v1, fabric-data-attachment-api-v1, fabric-data-generation-api-v1, fabric-dimensions-v1, fabric-entity-events-v1, fabric-events-interaction-v0, fabric-game-rule-api-v1, fabric-gametest-api-v1, fabric-item-api-v1]
[13:18:23] [Render thread/DEBUG] (net.fabricmc.fabric.impl.resource.loader.ModResourcePackUtil) [Fabric] cur @ fabric, auto-enabled fabric-item-group-api-v1, currently enabled: [vanilla, fabric, com_viaversion_viaaprilfools-common, com_viaversion_viabackwards-common, com_viaversion_viaversion-common, fabric-api, fabric-api-base, fabric-api-lookup-api-v1, fabric-biome-api-v1, fabric-block-api-v1, fabric-block-view-api-v2, fabric-blockrenderlayer-v1, fabric-client-gametest-api-v1, fabric-client-tags-api-v1, fabric-command-api-v1, fabric-command-api-v2, fabric-commands-v0, fabric-content-registries-v0, fabric-convention-tags-v1, fabric-convention-tags-v2, fabric-crash-report-info-v1, fabric-data-attachment-api-v1, fabric-data-generation-api-v1, fabric-dimensions-v1, fabric-entity-events-v1, fabric-events-interaction-v0, fabric-game-rule-api-v1, fabric-gametest-api-v1, fabric-item-api-v1, fabric-item-group-api-v1]
[13:18:23] [Render thread/DEBUG] (net.fabricmc.fabric.impl.resource.loader.ModResourcePackUtil) [Fabric] cur @ fabric, auto-enabled fabric-key-binding-api-v1, currently enabled: [vanilla, fabric, com_viaversion_viaaprilfools-common, com_viaversion_viabackwards-common, com_viaversion_viaversion-common, fabric-api, fabric-api-base, fabric-api-lookup-api-v1, fabric-biome-api-v1, fabric-block-api-v1, fabric-block-view-api-v2, fabric-blockrenderlayer-v1, fabric-client-gametest-api-v1, fabric-client-tags-api-v1, fabric-command-api-v1, fabric-command-api-v2, fabric-commands-v0, fabric-content-registries-v0, fabric-convention-tags-v1, fabric-convention-tags-v2, fabric-crash-report-info-v1, fabric-data-attachment-api-v1, fabric-data-generation-api-v1, fabric-dimensions-v1, fabric-entity-events-v1, fabric-events-interaction-v0, fabric-game-rule-api-v1, fabric-gametest-api-v1, fabric-item-api-v1, fabric-item-group-api-v1, fabric-key-binding-api-v1]
[13:18:23] [Render thread/DEBUG] (net.fabricmc.fabric.impl.resource.loader.ModResourcePackUtil) [Fabric] cur @ fabric, auto-enabled fabric-keybindings-v0, currently enabled: [vanilla, fabric, com_viaversion_viaaprilfools-common, com_viaversion_viabackwards-common, com_viaversion_viaversion-common, fabric-api, fabric-api-base, fabric-api-lookup-api-v1, fabric-biome-api-v1, fabric-block-api-v1, fabric-block-view-api-v2, fabric-blockrenderlayer-v1, fabric-client-gametest-api-v1, fabric-client-tags-api-v1, fabric-command-api-v1, fabric-command-api-v2, fabric-commands-v0, fabric-content-registries-v0, fabric-convention-tags-v1, fabric-convention-tags-v2, fabric-crash-report-info-v1, fabric-data-attachment-api-v1, fabric-data-generation-api-v1, fabric-dimensions-v1, fabric-entity-events-v1, fabric-events-interaction-v0, fabric-game-rule-api-v1, fabric-gametest-api-v1, fabric-item-api-v1, fabric-item-group-api-v1, fabric-key-binding-api-v1, fabric-keybindings-v0]
[13:18:23] [Render thread/DEBUG] (net.fabricmc.fabric.impl.resource.loader.ModResourcePackUtil) [Fabric] cur @ fabric, auto-enabled fabric-lifecycle-events-v1, currently enabled: [vanilla, fabric, com_viaversion_viaaprilfools-common, com_viaversion_viabackwards-common, com_viaversion_viaversion-common, fabric-api, fabric-api-base, fabric-api-lookup-api-v1, fabric-biome-api-v1, fabric-block-api-v1, fabric-block-view-api-v2, fabric-blockrenderlayer-v1, fabric-client-gametest-api-v1, fabric-client-tags-api-v1, fabric-command-api-v1, fabric-command-api-v2, fabric-commands-v0, fabric-content-registries-v0, fabric-convention-tags-v1, fabric-convention-tags-v2, fabric-crash-report-info-v1, fabric-data-attachment-api-v1, fabric-data-generation-api-v1, fabric-dimensions-v1, fabric-entity-events-v1, fabric-events-interaction-v0, fabric-game-rule-api-v1, fabric-gametest-api-v1, fabric-item-api-v1, fabric-item-group-api-v1, fabric-key-binding-api-v1, fabric-keybindings-v0, fabric-lifecycle-events-v1]
[13:18:23] [Render thread/DEBUG] (net.fabricmc.fabric.impl.resource.loader.ModResourcePackUtil) [Fabric] cur @ fabric, auto-enabled fabric-loot-api-v2, currently enabled: [vanilla, fabric, com_viaversion_viaaprilfools-common, com_viaversion_viabackwards-common, com_viaversion_viaversion-common, fabric-api, fabric-api-base, fabric-api-lookup-api-v1, fabric-biome-api-v1, fabric-block-api-v1, fabric-block-view-api-v2, fabric-blockrenderlayer-v1, fabric-client-gametest-api-v1, fabric-client-tags-api-v1, fabric-command-api-v1, fabric-command-api-v2, fabric-commands-v0, fabric-content-registries-v0, fabric-convention-tags-v1, fabric-convention-tags-v2, fabric-crash-report-info-v1, fabric-data-attachment-api-v1, fabric-data-generation-api-v1, fabric-dimensions-v1, fabric-entity-events-v1, fabric-events-interaction-v0, fabric-game-rule-api-v1, fabric-gametest-api-v1, fabric-item-api-v1, fabric-item-group-api-v1, fabric-key-binding-api-v1, fabric-keybindings-v0, fabric-lifecycle-events-v1, fabric-loot-api-v2]
[13:18:23] [Render thread/DEBUG] (net.fabricmc.fabric.impl.resource.loader.ModResourcePackUtil) [Fabric] cur @ fabric, auto-enabled fabric-loot-api-v3, currently enabled: [vanilla, fabric, com_viaversion_viaaprilfools-common, com_viaversion_viabackwards-common, com_viaversion_viaversion-common, fabric-api, fabric-api-base, fabric-api-lookup-api-v1, fabric-biome-api-v1, fabric-block-api-v1, fabric-block-view-api-v2, fabric-blockrenderlayer-v1, fabric-client-gametest-api-v1, fabric-client-tags-api-v1, fabric-command-api-v1, fabric-command-api-v2, fabric-commands-v0, fabric-content-registries-v0, fabric-convention-tags-v1, fabric-convention-tags-v2, fabric-crash-report-info-v1, fabric-data-attachment-api-v1, fabric-data-generation-api-v1, fabric-dimensions-v1, fabric-entity-events-v1, fabric-events-interaction-v0, fabric-game-rule-api-v1, fabric-gametest-api-v1, fabric-item-api-v1, fabric-item-group-api-v1, fabric-key-binding-api-v1, fabric-keybindings-v0, fabric-lifecycle-events-v1, fabric-loot-api-v2, fabric-loot-api-v3]
[13:18:23] [Render thread/DEBUG] (net.fabricmc.fabric.impl.resource.loader.ModResourcePackUtil) [Fabric] cur @ fabric, auto-enabled fabric-message-api-v1, currently enabled: [vanilla, fabric, com_viaversion_viaaprilfools-common, com_viaversion_viabackwards-common, com_viaversion_viaversion-common, fabric-api, fabric-api-base, fabric-api-lookup-api-v1, fabric-biome-api-v1, fabric-block-api-v1, fabric-block-view-api-v2, fabric-blockrenderlayer-v1, fabric-client-gametest-api-v1, fabric-client-tags-api-v1, fabric-command-api-v1, fabric-command-api-v2, fabric-commands-v0, fabric-content-registries-v0, fabric-convention-tags-v1, fabric-convention-tags-v2, fabric-crash-report-info-v1, fabric-data-attachment-api-v1, fabric-data-generation-api-v1, fabric-dimensions-v1, fabric-entity-events-v1, fabric-events-interaction-v0, fabric-game-rule-api-v1, fabric-gametest-api-v1, fabric-item-api-v1, fabric-item-group-api-v1, fabric-key-binding-api-v1, fabric-keybindings-v0, fabric-lifecycle-events-v1, fabric-loot-api-v2, fabric-loot-api-v3, fabric-message-api-v1]
[13:18:23] [Render thread/DEBUG] (net.fabricmc.fabric.impl.resource.loader.ModResourcePackUtil) [Fabric] cur @ fabric, auto-enabled fabric-model-loading-api-v1, currently enabled: [vanilla, fabric, com_viaversion_viaaprilfools-common, com_viaversion_viabackwards-common, com_viaversion_viaversion-common, fabric-api, fabric-api-base, fabric-api-lookup-api-v1, fabric-biome-api-v1, fabric-block-api-v1, fabric-block-view-api-v2, fabric-blockrenderlayer-v1, fabric-client-gametest-api-v1, fabric-client-tags-api-v1, fabric-command-api-v1, fabric-command-api-v2, fabric-commands-v0, fabric-content-registries-v0, fabric-convention-tags-v1, fabric-convention-tags-v2, fabric-crash-report-info-v1, fabric-data-attachment-api-v1, fabric-data-generation-api-v1, fabric-dimensions-v1, fabric-entity-events-v1, fabric-events-interaction-v0, fabric-game-rule-api-v1, fabric-gametest-api-v1, fabric-item-api-v1, fabric-item-group-api-v1, fabric-key-binding-api-v1, fabric-keybindings-v0, fabric-lifecycle-events-v1, fabric-loot-api-v2, fabric-loot-api-v3, fabric-message-api-v1, fabric-model-loading-api-v1]
[13:18:23] [Render thread/DEBUG] (net.fabricmc.fabric.impl.resource.loader.ModResourcePackUtil) [Fabric] cur @ fabric, auto-enabled fabric-networking-api-v1, currently enabled: [vanilla, fabric, com_viaversion_viaaprilfools-common, com_viaversion_viabackwards-common, com_viaversion_viaversion-common, fabric-api, fabric-api-base, fabric-api-lookup-api-v1, fabric-biome-api-v1, fabric-block-api-v1, fabric-block-view-api-v2, fabric-blockrenderlayer-v1, fabric-client-gametest-api-v1, fabric-client-tags-api-v1, fabric-command-api-v1, fabric-command-api-v2, fabric-commands-v0, fabric-content-registries-v0, fabric-convention-tags-v1, fabric-convention-tags-v2, fabric-crash-report-info-v1, fabric-data-attachment-api-v1, fabric-data-generation-api-v1, fabric-dimensions-v1, fabric-entity-events-v1, fabric-events-interaction-v0, fabric-game-rule-api-v1, fabric-gametest-api-v1, fabric-item-api-v1, fabric-item-group-api-v1, fabric-key-binding-api-v1, fabric-keybindings-v0, fabric-lifecycle-events-v1, fabric-loot-api-v2, fabric-loot-api-v3, fabric-message-api-v1, fabric-model-loading-api-v1, fabric-networking-api-v1]
[13:18:23] [Render thread/DEBUG] (net.fabricmc.fabric.impl.resource.loader.ModResourcePackUtil) [Fabric] cur @ fabric, auto-enabled fabric-object-builder-api-v1, currently enabled: [vanilla, fabric, com_viaversion_viaaprilfools-common, com_viaversion_viabackwards-common, com_viaversion_viaversion-common, fabric-api, fabric-api-base, fabric-api-lookup-api-v1, fabric-biome-api-v1, fabric-block-api-v1, fabric-block-view-api-v2, fabric-blockrenderlayer-v1, fabric-client-gametest-api-v1, fabric-client-tags-api-v1, fabric-command-api-v1, fabric-command-api-v2, fabric-commands-v0, fabric-content-registries-v0, fabric-convention-tags-v1, fabric-convention-tags-v2, fabric-crash-report-info-v1, fabric-data-attachment-api-v1, fabric-data-generation-api-v1, fabric-dimensions-v1, fabric-entity-events-v1, fabric-events-interaction-v0, fabric-game-rule-api-v1, fabric-gametest-api-v1, fabric-item-api-v1, fabric-item-group-api-v1, fabric-key-binding-api-v1, fabric-keybindings-v0, fabric-lifecycle-events-v1, fabric-loot-api-v2, fabric-loot-api-v3, fabric-message-api-v1, fabric-model-loading-api-v1, fabric-networking-api-v1, fabric-object-builder-api-v1]
[13:18:23] [Render thread/DEBUG] (net.fabricmc.fabric.impl.resource.loader.ModResourcePackUtil) [Fabric] cur @ fabric, auto-enabled fabric-particles-v1, currently enabled: [vanilla, fabric, com_viaversion_viaaprilfools-common, com_viaversion_viabackwards-common, com_viaversion_viaversion-common, fabric-api, fabric-api-base, fabric-api-lookup-api-v1, fabric-biome-api-v1, fabric-block-api-v1, fabric-block-view-api-v2, fabric-blockrenderlayer-v1, fabric-client-gametest-api-v1, fabric-client-tags-api-v1, fabric-command-api-v1, fabric-command-api-v2, fabric-commands-v0, fabric-content-registries-v0, fabric-convention-tags-v1, fabric-convention-tags-v2, fabric-crash-report-info-v1, fabric-data-attachment-api-v1, fabric-data-generation-api-v1, fabric-dimensions-v1, fabric-entity-events-v1, fabric-events-interaction-v0, fabric-game-rule-api-v1, fabric-gametest-api-v1, fabric-item-api-v1, fabric-item-group-api-v1, fabric-key-binding-api-v1, fabric-keybindings-v0, fabric-lifecycle-events-v1, fabric-loot-api-v2, fabric-loot-api-v3, fabric-message-api-v1, fabric-model-loading-api-v1, fabric-networking-api-v1, fabric-object-builder-api-v1, fabric-particles-v1]
[13:18:23] [Render thread/DEBUG] (net.fabricmc.fabric.impl.resource.loader.ModResourcePackUtil) [Fabric] cur @ fabric, auto-enabled fabric-recipe-api-v1, currently enabled: [vanilla, fabric, com_viaversion_viaaprilfools-common, com_viaversion_viabackwards-common, com_viaversion_viaversion-common, fabric-api, fabric-api-base, fabric-api-lookup-api-v1, fabric-biome-api-v1, fabric-block-api-v1, fabric-block-view-api-v2, fabric-blockrenderlayer-v1, fabric-client-gametest-api-v1, fabric-client-tags-api-v1, fabric-command-api-v1, fabric-command-api-v2, fabric-commands-v0, fabric-content-registries-v0, fabric-convention-tags-v1, fabric-convention-tags-v2, fabric-crash-report-info-v1, fabric-data-attachment-api-v1, fabric-data-generation-api-v1, fabric-dimensions-v1, fabric-entity-events-v1, fabric-events-interaction-v0, fabric-game-rule-api-v1, fabric-gametest-api-v1, fabric-item-api-v1, fabric-item-group-api-v1, fabric-key-binding-api-v1, fabric-keybindings-v0, fabric-lifecycle-events-v1, fabric-loot-api-v2, fabric-loot-api-v3, fabric-message-api-v1, fabric-model-loading-api-v1, fabric-networking-api-v1, fabric-object-builder-api-v1, fabric-particles-v1, fabric-recipe-api-v1]
[13:18:23] [Render thread/DEBUG] (net.fabricmc.fabric.impl.resource.loader.ModResourcePackUtil) [Fabric] cur @ fabric, auto-enabled fabric-registry-sync-v0, currently enabled: [vanilla, fabric, com_viaversion_viaaprilfools-common, com_viaversion_viabackwards-common, com_viaversion_viaversion-common, fabric-api, fabric-api-base, fabric-api-lookup-api-v1, fabric-biome-api-v1, fabric-block-api-v1, fabric-block-view-api-v2, fabric-blockrenderlayer-v1, fabric-client-gametest-api-v1, fabric-client-tags-api-v1, fabric-command-api-v1, fabric-command-api-v2, fabric-commands-v0, fabric-content-registries-v0, fabric-convention-tags-v1, fabric-convention-tags-v2, fabric-crash-report-info-v1, fabric-data-attachment-api-v1, fabric-data-generation-api-v1, fabric-dimensions-v1, fabric-entity-events-v1, fabric-events-interaction-v0, fabric-game-rule-api-v1, fabric-gametest-api-v1, fabric-item-api-v1, fabric-item-group-api-v1, fabric-key-binding-api-v1, fabric-keybindings-v0, fabric-lifecycle-events-v1, fabric-loot-api-v2, fabric-loot-api-v3, fabric-message-api-v1, fabric-model-loading-api-v1, fabric-networking-api-v1, fabric-object-builder-api-v1, fabric-particles-v1, fabric-recipe-api-v1, fabric-registry-sync-v0]
[13:18:23] [Render thread/DEBUG] (net.fabricmc.fabric.impl.resource.loader.ModResourcePackUtil) [Fabric] cur @ fabric, auto-enabled fabric-renderer-api-v1, currently enabled: [vanilla, fabric, com_viaversion_viaaprilfools-common, com_viaversion_viabackwards-common, com_viaversion_viaversion-common, fabric-api, fabric-api-base, fabric-api-lookup-api-v1, fabric-biome-api-v1, fabric-block-api-v1, fabric-block-view-api-v2, fabric-blockrenderlayer-v1, fabric-client-gametest-api-v1, fabric-client-tags-api-v1, fabric-command-api-v1, fabric-command-api-v2, fabric-commands-v0, fabric-content-registries-v0, fabric-convention-tags-v1, fabric-convention-tags-v2, fabric-crash-report-info-v1, fabric-data-attachment-api-v1, fabric-data-generation-api-v1, fabric-dimensions-v1, fabric-entity-events-v1, fabric-events-interaction-v0, fabric-game-rule-api-v1, fabric-gametest-api-v1, fabric-item-api-v1, fabric-item-group-api-v1, fabric-key-binding-api-v1, fabric-keybindings-v0, fabric-lifecycle-events-v1, fabric-loot-api-v2, fabric-loot-api-v3, fabric-message-api-v1, fabric-model-loading-api-v1, fabric-networking-api-v1, fabric-object-builder-api-v1, fabric-particles-v1, fabric-recipe-api-v1, fabric-registry-sync-v0, fabric-renderer-api-v1]
[13:18:23] [Render thread/DEBUG] (net.fabricmc.fabric.impl.resource.loader.ModResourcePackUtil) [Fabric] cur @ fabric, auto-enabled fabric-renderer-indigo, currently enabled: [vanilla, fabric, com_viaversion_viaaprilfools-common, com_viaversion_viabackwards-common, com_viaversion_viaversion-common, fabric-api, fabric-api-base, fabric-api-lookup-api-v1, fabric-biome-api-v1, fabric-block-api-v1, fabric-block-view-api-v2, fabric-blockrenderlayer-v1, fabric-client-gametest-api-v1, fabric-client-tags-api-v1, fabric-command-api-v1, fabric-command-api-v2, fabric-commands-v0, fabric-content-registries-v0, fabric-convention-tags-v1, fabric-convention-tags-v2, fabric-crash-report-info-v1, fabric-data-attachment-api-v1, fabric-data-generation-api-v1, fabric-dimensions-v1, fabric-entity-events-v1, fabric-events-interaction-v0, fabric-game-rule-api-v1, fabric-gametest-api-v1, fabric-item-api-v1, fabric-item-group-api-v1, fabric-key-binding-api-v1, fabric-keybindings-v0, fabric-lifecycle-events-v1, fabric-loot-api-v2, fabric-loot-api-v3, fabric-message-api-v1, fabric-model-loading-api-v1, fabric-networking-api-v1, fabric-object-builder-api-v1, fabric-particles-v1, fabric-recipe-api-v1, fabric-registry-sync-v0, fabric-renderer-api-v1, fabric-renderer-indigo]
[13:18:23] [Render thread/DEBUG] (net.fabricmc.fabric.impl.resource.loader.ModResourcePackUtil) [Fabric] cur @ fabric, auto-enabled fabric-rendering-data-attachment-v1, currently enabled: [vanilla, fabric, com_viaversion_viaaprilfools-common, com_viaversion_viabackwards-common, com_viaversion_viaversion-common, fabric-api, fabric-api-base, fabric-api-lookup-api-v1, fabric-biome-api-v1, fabric-block-api-v1, fabric-block-view-api-v2, fabric-blockrenderlayer-v1, fabric-client-gametest-api-v1, fabric-client-tags-api-v1, fabric-command-api-v1, fabric-command-api-v2, fabric-commands-v0, fabric-content-registries-v0, fabric-convention-tags-v1, fabric-convention-tags-v2, fabric-crash-report-info-v1, fabric-data-attachment-api-v1, fabric-data-generation-api-v1, fabric-dimensions-v1, fabric-entity-events-v1, fabric-events-interaction-v0, fabric-game-rule-api-v1, fabric-gametest-api-v1, fabric-item-api-v1, fabric-item-group-api-v1, fabric-key-binding-api-v1, fabric-keybindings-v0, fabric-lifecycle-events-v1, fabric-loot-api-v2, fabric-loot-api-v3, fabric-message-api-v1, fabric-model-loading-api-v1, fabric-networking-api-v1, fabric-object-builder-api-v1, fabric-particles-v1, fabric-recipe-api-v1, fabric-registry-sync-v0, fabric-renderer-api-v1, fabric-renderer-indigo, fabric-rendering-data-attachment-v1]
[13:18:23] [Render thread/DEBUG] (net.fabricmc.fabric.impl.resource.loader.ModResourcePackUtil) [Fabric] cur @ fabric, auto-enabled fabric-rendering-fluids-v1, currently enabled: [vanilla, fabric, com_viaversion_viaaprilfools-common, com_viaversion_viabackwards-common, com_viaversion_viaversion-common, fabric-api, fabric-api-base, fabric-api-lookup-api-v1, fabric-biome-api-v1, fabric-block-api-v1, fabric-block-view-api-v2, fabric-blockrenderlayer-v1, fabric-client-gametest-api-v1, fabric-client-tags-api-v1, fabric-command-api-v1, fabric-command-api-v2, fabric-commands-v0, fabric-content-registries-v0, fabric-convention-tags-v1, fabric-convention-tags-v2, fabric-crash-report-info-v1, fabric-data-attachment-api-v1, fabric-data-generation-api-v1, fabric-dimensions-v1, fabric-entity-events-v1, fabric-events-interaction-v0, fabric-game-rule-api-v1, fabric-gametest-api-v1, fabric-item-api-v1, fabric-item-group-api-v1, fabric-key-binding-api-v1, fabric-keybindings-v0, fabric-lifecycle-events-v1, fabric-loot-api-v2, fabric-loot-api-v3, fabric-message-api-v1, fabric-model-loading-api-v1, fabric-networking-api-v1, fabric-object-builder-api-v1, fabric-particles-v1, fabric-recipe-api-v1, fabric-registry-sync-v0, fabric-renderer-api-v1, fabric-renderer-indigo, fabric-rendering-data-attachment-v1, fabric-rendering-fluids-v1]
[13:18:23] [Render thread/DEBUG] (net.fabricmc.fabric.impl.resource.loader.ModResourcePackUtil) [Fabric] cur @ fabric, auto-enabled fabric-rendering-v1, currently enabled: [vanilla, fabric, com_viaversion_viaaprilfools-common, com_viaversion_viabackwards-common, com_viaversion_viaversion-common, fabric-api, fabric-api-base, fabric-api-lookup-api-v1, fabric-biome-api-v1, fabric-block-api-v1, fabric-block-view-api-v2, fabric-blockrenderlayer-v1, fabric-client-gametest-api-v1, fabric-client-tags-api-v1, fabric-command-api-v1, fabric-command-api-v2, fabric-commands-v0, fabric-content-registries-v0, fabric-convention-tags-v1, fabric-convention-tags-v2, fabric-crash-report-info-v1, fabric-data-attachment-api-v1, fabric-data-generation-api-v1, fabric-dimensions-v1, fabric-entity-events-v1, fabric-events-interaction-v0, fabric-game-rule-api-v1, fabric-gametest-api-v1, fabric-item-api-v1, fabric-item-group-api-v1, fabric-key-binding-api-v1, fabric-keybindings-v0, fabric-lifecycle-events-v1, fabric-loot-api-v2, fabric-loot-api-v3, fabric-message-api-v1, fabric-model-loading-api-v1, fabric-networking-api-v1, fabric-object-builder-api-v1, fabric-particles-v1, fabric-recipe-api-v1, fabric-registry-sync-v0, fabric-renderer-api-v1, fabric-renderer-indigo, fabric-rendering-data-attachment-v1, fabric-rendering-fluids-v1, fabric-rendering-v1]
[13:18:23] [Render thread/DEBUG] (net.fabricmc.fabric.impl.resource.loader.ModResourcePackUtil) [Fabric] cur @ fabric, auto-enabled fabric-resource-conditions-api-v1, currently enabled: [vanilla, fabric, com_viaversion_viaaprilfools-common, com_viaversion_viabackwards-common, com_viaversion_viaversion-common, fabric-api, fabric-api-base, fabric-api-lookup-api-v1, fabric-biome-api-v1, fabric-block-api-v1, fabric-block-view-api-v2, fabric-blockrenderlayer-v1, fabric-client-gametest-api-v1, fabric-client-tags-api-v1, fabric-command-api-v1, fabric-command-api-v2, fabric-commands-v0, fabric-content-registries-v0, fabric-convention-tags-v1, fabric-convention-tags-v2, fabric-crash-report-info-v1, fabric-data-attachment-api-v1, fabric-data-generation-api-v1, fabric-dimensions-v1, fabric-entity-events-v1, fabric-events-interaction-v0, fabric-game-rule-api-v1, fabric-gametest-api-v1, fabric-item-api-v1, fabric-item-group-api-v1, fabric-key-binding-api-v1, fabric-keybindings-v0, fabric-lifecycle-events-v1, fabric-loot-api-v2, fabric-loot-api-v3, fabric-message-api-v1, fabric-model-loading-api-v1, fabric-networking-api-v1, fabric-object-builder-api-v1, fabric-particles-v1, fabric-recipe-api-v1, fabric-registry-sync-v0, fabric-renderer-api-v1, fabric-renderer-indigo, fabric-rendering-data-attachment-v1, fabric-rendering-fluids-v1, fabric-rendering-v1, fabric-resource-conditions-api-v1]
[13:18:23] [Render thread/DEBUG] (net.fabricmc.fabric.impl.resource.loader.ModResourcePackUtil) [Fabric] cur @ fabric, auto-enabled fabric-resource-loader-v0, currently enabled: [vanilla, fabric, com_viaversion_viaaprilfools-common, com_viaversion_viabackwards-common, com_viaversion_viaversion-common, fabric-api, fabric-api-base, fabric-api-lookup-api-v1, fabric-biome-api-v1, fabric-block-api-v1, fabric-block-view-api-v2, fabric-blockrenderlayer-v1, fabric-client-gametest-api-v1, fabric-client-tags-api-v1, fabric-command-api-v1, fabric-command-api-v2, fabric-commands-v0, fabric-content-registries-v0, fabric-convention-tags-v1, fabric-convention-tags-v2, fabric-crash-report-info-v1, fabric-data-attachment-api-v1, fabric-data-generation-api-v1, fabric-dimensions-v1, fabric-entity-events-v1, fabric-events-interaction-v0, fabric-game-rule-api-v1, fabric-gametest-api-v1, fabric-item-api-v1, fabric-item-group-api-v1, fabric-key-binding-api-v1, fabric-keybindings-v0, fabric-lifecycle-events-v1, fabric-loot-api-v2, fabric-loot-api-v3, fabric-message-api-v1, fabric-model-loading-api-v1, fabric-networking-api-v1, fabric-object-builder-api-v1, fabric-particles-v1, fabric-recipe-api-v1, fabric-registry-sync-v0, fabric-renderer-api-v1, fabric-renderer-indigo, fabric-rendering-data-attachment-v1, fabric-rendering-fluids-v1, fabric-rendering-v1, fabric-resource-conditions-api-v1, fabric-resource-loader-v0]
[13:18:23] [Render thread/DEBUG] (net.fabricmc.fabric.impl.resource.loader.ModResourcePackUtil) [Fabric] cur @ fabric, auto-enabled fabric-screen-api-v1, currently enabled: [vanilla, fabric, com_viaversion_viaaprilfools-common, com_viaversion_viabackwards-common, com_viaversion_viaversion-common, fabric-api, fabric-api-base, fabric-api-lookup-api-v1, fabric-biome-api-v1, fabric-block-api-v1, fabric-block-view-api-v2, fabric-blockrenderlayer-v1, fabric-client-gametest-api-v1, fabric-client-tags-api-v1, fabric-command-api-v1, fabric-command-api-v2, fabric-commands-v0, fabric-content-registries-v0, fabric-convention-tags-v1, fabric-convention-tags-v2, fabric-crash-report-info-v1, fabric-data-attachment-api-v1, fabric-data-generation-api-v1, fabric-dimensions-v1, fabric-entity-events-v1, fabric-events-interaction-v0, fabric-game-rule-api-v1, fabric-gametest-api-v1, fabric-item-api-v1, fabric-item-group-api-v1, fabric-key-binding-api-v1, fabric-keybindings-v0, fabric-lifecycle-events-v1, fabric-loot-api-v2, fabric-loot-api-v3, fabric-message-api-v1, fabric-model-loading-api-v1, fabric-networking-api-v1, fabric-object-builder-api-v1, fabric-particles-v1, fabric-recipe-api-v1, fabric-registry-sync-v0, fabric-renderer-api-v1, fabric-renderer-indigo, fabric-rendering-data-attachment-v1, fabric-rendering-fluids-v1, fabric-rendering-v1, fabric-resource-conditions-api-v1, fabric-resource-loader-v0, fabric-screen-api-v1]
[13:18:23] [Render thread/DEBUG] (net.fabricmc.fabric.impl.resource.loader.ModResourcePackUtil) [Fabric] cur @ fabric, auto-enabled fabric-screen-handler-api-v1, currently enabled: [vanilla, fabric, com_viaversion_viaaprilfools-common, com_viaversion_viabackwards-common, com_viaversion_viaversion-common, fabric-api, fabric-api-base, fabric-api-lookup-api-v1, fabric-biome-api-v1, fabric-block-api-v1, fabric-block-view-api-v2, fabric-blockrenderlayer-v1, fabric-client-gametest-api-v1, fabric-client-tags-api-v1, fabric-command-api-v1, fabric-command-api-v2, fabric-commands-v0, fabric-content-registries-v0, fabric-convention-tags-v1, fabric-convention-tags-v2, fabric-crash-report-info-v1, fabric-data-attachment-api-v1, fabric-data-generation-api-v1, fabric-dimensions-v1, fabric-entity-events-v1, fabric-events-interaction-v0, fabric-game-rule-api-v1, fabric-gametest-api-v1, fabric-item-api-v1, fabric-item-group-api-v1, fabric-key-binding-api-v1, fabric-keybindings-v0, fabric-lifecycle-events-v1, fabric-loot-api-v2, fabric-loot-api-v3, fabric-message-api-v1, fabric-model-loading-api-v1, fabric-networking-api-v1, fabric-object-builder-api-v1, fabric-particles-v1, fabric-recipe-api-v1, fabric-registry-sync-v0, fabric-renderer-api-v1, fabric-renderer-indigo, fabric-rendering-data-attachment-v1, fabric-rendering-fluids-v1, fabric-rendering-v1, fabric-resource-conditions-api-v1, fabric-resource-loader-v0, fabric-screen-api-v1, fabric-screen-handler-api-v1]
[13:18:23] [Render thread/DEBUG] (net.fabricmc.fabric.impl.resource.loader.ModResourcePackUtil) [Fabric] cur @ fabric, auto-enabled fabric-sound-api-v1, currently enabled: [vanilla, fabric, com_viaversion_viaaprilfools-common, com_viaversion_viabackwards-common, com_viaversion_viaversion-common, fabric-api, fabric-api-base, fabric-api-lookup-api-v1, fabric-biome-api-v1, fabric-block-api-v1, fabric-block-view-api-v2, fabric-blockrenderlayer-v1, fabric-client-gametest-api-v1, fabric-client-tags-api-v1, fabric-command-api-v1, fabric-command-api-v2, fabric-commands-v0, fabric-content-registries-v0, fabric-convention-tags-v1, fabric-convention-tags-v2, fabric-crash-report-info-v1, fabric-data-attachment-api-v1, fabric-data-generation-api-v1, fabric-dimensions-v1, fabric-entity-events-v1, fabric-events-interaction-v0, fabric-game-rule-api-v1, fabric-gametest-api-v1, fabric-item-api-v1, fabric-item-group-api-v1, fabric-key-binding-api-v1, fabric-keybindings-v0, fabric-lifecycle-events-v1, fabric-loot-api-v2, fabric-loot-api-v3, fabric-message-api-v1, fabric-model-loading-api-v1, fabric-networking-api-v1, fabric-object-builder-api-v1, fabric-particles-v1, fabric-recipe-api-v1, fabric-registry-sync-v0, fabric-renderer-api-v1, fabric-renderer-indigo, fabric-rendering-data-attachment-v1, fabric-rendering-fluids-v1, fabric-rendering-v1, fabric-resource-conditions-api-v1, fabric-resource-loader-v0, fabric-screen-api-v1, fabric-screen-handler-api-v1, fabric-sound-api-v1]
[13:18:23] [Render thread/DEBUG] (net.fabricmc.fabric.impl.resource.loader.ModResourcePackUtil) [Fabric] cur @ fabric, auto-enabled fabric-tag-api-v1, currently enabled: [vanilla, fabric, com_viaversion_viaaprilfools-common, com_viaversion_viabackwards-common, com_viaversion_viaversion-common, fabric-api, fabric-api-base, fabric-api-lookup-api-v1, fabric-biome-api-v1, fabric-block-api-v1, fabric-block-view-api-v2, fabric-blockrenderlayer-v1, fabric-client-gametest-api-v1, fabric-client-tags-api-v1, fabric-command-api-v1, fabric-command-api-v2, fabric-commands-v0, fabric-content-registries-v0, fabric-convention-tags-v1, fabric-convention-tags-v2, fabric-crash-report-info-v1, fabric-data-attachment-api-v1, fabric-data-generation-api-v1, fabric-dimensions-v1, fabric-entity-events-v1, fabric-events-interaction-v0, fabric-game-rule-api-v1, fabric-gametest-api-v1, fabric-item-api-v1, fabric-item-group-api-v1, fabric-key-binding-api-v1, fabric-keybindings-v0, fabric-lifecycle-events-v1, fabric-loot-api-v2, fabric-loot-api-v3, fabric-message-api-v1, fabric-model-loading-api-v1, fabric-networking-api-v1, fabric-object-builder-api-v1, fabric-particles-v1, fabric-recipe-api-v1, fabric-registry-sync-v0, fabric-renderer-api-v1, fabric-renderer-indigo, fabric-rendering-data-attachment-v1, fabric-rendering-fluids-v1, fabric-rendering-v1, fabric-resource-conditions-api-v1, fabric-resource-loader-v0, fabric-screen-api-v1, fabric-screen-handler-api-v1, fabric-sound-api-v1, fabric-tag-api-v1]
[13:18:23] [Render thread/DEBUG] (net.fabricmc.fabric.impl.resource.loader.ModResourcePackUtil) [Fabric] cur @ fabric, auto-enabled fabric-transfer-api-v1, currently enabled: [vanilla, fabric, com_viaversion_viaaprilfools-common, com_viaversion_viabackwards-common, com_viaversion_viaversion-common, fabric-api, fabric-api-base, fabric-api-lookup-api-v1, fabric-biome-api-v1, fabric-block-api-v1, fabric-block-view-api-v2, fabric-blockrenderlayer-v1, fabric-client-gametest-api-v1, fabric-client-tags-api-v1, fabric-command-api-v1, fabric-command-api-v2, fabric-commands-v0, fabric-content-registries-v0, fabric-convention-tags-v1, fabric-convention-tags-v2, fabric-crash-report-info-v1, fabric-data-attachment-api-v1, fabric-data-generation-api-v1, fabric-dimensions-v1, fabric-entity-events-v1, fabric-events-interaction-v0, fabric-game-rule-api-v1, fabric-gametest-api-v1, fabric-item-api-v1, fabric-item-group-api-v1, fabric-key-binding-api-v1, fabric-keybindings-v0, fabric-lifecycle-events-v1, fabric-loot-api-v2, fabric-loot-api-v3, fabric-message-api-v1, fabric-model-loading-api-v1, fabric-networking-api-v1, fabric-object-builder-api-v1, fabric-particles-v1, fabric-recipe-api-v1, fabric-registry-sync-v0, fabric-renderer-api-v1, fabric-renderer-indigo, fabric-rendering-data-attachment-v1, fabric-rendering-fluids-v1, fabric-rendering-v1, fabric-resource-conditions-api-v1, fabric-resource-loader-v0, fabric-screen-api-v1, fabric-screen-handler-api-v1, fabric-sound-api-v1, fabric-tag-api-v1, fabric-transfer-api-v1]
[13:18:23] [Render thread/DEBUG] (net.fabricmc.fabric.impl.resource.loader.ModResourcePackUtil) [Fabric] cur @ fabric, auto-enabled fabric-transitive-access-wideners-v1, currently enabled: [vanilla, fabric, com_viaversion_viaaprilfools-common, com_viaversion_viabackwards-common, com_viaversion_viaversion-common, fabric-api, fabric-api-base, fabric-api-lookup-api-v1, fabric-biome-api-v1, fabric-block-api-v1, fabric-block-view-api-v2, fabric-blockrenderlayer-v1, fabric-client-gametest-api-v1, fabric-client-tags-api-v1, fabric-command-api-v1, fabric-command-api-v2, fabric-commands-v0, fabric-content-registries-v0, fabric-convention-tags-v1, fabric-convention-tags-v2, fabric-crash-report-info-v1, fabric-data-attachment-api-v1, fabric-data-generation-api-v1, fabric-dimensions-v1, fabric-entity-events-v1, fabric-events-interaction-v0, fabric-game-rule-api-v1, fabric-gametest-api-v1, fabric-item-api-v1, fabric-item-group-api-v1, fabric-key-binding-api-v1, fabric-keybindings-v0, fabric-lifecycle-events-v1, fabric-loot-api-v2, fabric-loot-api-v3, fabric-message-api-v1, fabric-model-loading-api-v1, fabric-networking-api-v1, fabric-object-builder-api-v1, fabric-particles-v1, fabric-recipe-api-v1, fabric-registry-sync-v0, fabric-renderer-api-v1, fabric-renderer-indigo, fabric-rendering-data-attachment-v1, fabric-rendering-fluids-v1, fabric-rendering-v1, fabric-resource-conditions-api-v1, fabric-resource-loader-v0, fabric-screen-api-v1, fabric-screen-handler-api-v1, fabric-sound-api-v1, fabric-tag-api-v1, fabric-transfer-api-v1, fabric-transitive-access-wideners-v1]
[13:18:23] [Render thread/DEBUG] (net.fabricmc.fabric.impl.resource.loader.ModResourcePackUtil) [Fabric] cur @ fabric, auto-enabled fabricloader, currently enabled: [vanilla, fabric, com_viaversion_viaaprilfools-common, com_viaversion_viabackwards-common, com_viaversion_viaversion-common, fabric-api, fabric-api-base, fabric-api-lookup-api-v1, fabric-biome-api-v1, fabric-block-api-v1, fabric-block-view-api-v2, fabric-blockrenderlayer-v1, fabric-client-gametest-api-v1, fabric-client-tags-api-v1, fabric-command-api-v1, fabric-command-api-v2, fabric-commands-v0, fabric-content-registries-v0, fabric-convention-tags-v1, fabric-convention-tags-v2, fabric-crash-report-info-v1, fabric-data-attachment-api-v1, fabric-data-generation-api-v1, fabric-dimensions-v1, fabric-entity-events-v1, fabric-events-interaction-v0, fabric-game-rule-api-v1, fabric-gametest-api-v1, fabric-item-api-v1, fabric-item-group-api-v1, fabric-key-binding-api-v1, fabric-keybindings-v0, fabric-lifecycle-events-v1, fabric-loot-api-v2, fabric-loot-api-v3, fabric-message-api-v1, fabric-model-loading-api-v1, fabric-networking-api-v1, fabric-object-builder-api-v1, fabric-particles-v1, fabric-recipe-api-v1, fabric-registry-sync-v0, fabric-renderer-api-v1, fabric-renderer-indigo, fabric-rendering-data-attachment-v1, fabric-rendering-fluids-v1, fabric-rendering-v1, fabric-resource-conditions-api-v1, fabric-resource-loader-v0, fabric-screen-api-v1, fabric-screen-handler-api-v1, fabric-sound-api-v1, fabric-tag-api-v1, fabric-transfer-api-v1, fabric-transitive-access-wideners-v1, fabricloader]
[13:18:23] [Render thread/DEBUG] (net.fabricmc.fabric.impl.resource.loader.ModResourcePackUtil) [Fabric] cur @ fabric, auto-enabled ias, currently enabled: [vanilla, fabric, com_viaversion_viaaprilfools-common, com_viaversion_viabackwards-common, com_viaversion_viaversion-common, fabric-api, fabric-api-base, fabric-api-lookup-api-v1, fabric-biome-api-v1, fabric-block-api-v1, fabric-block-view-api-v2, fabric-blockrenderlayer-v1, fabric-client-gametest-api-v1, fabric-client-tags-api-v1, fabric-command-api-v1, fabric-command-api-v2, fabric-commands-v0, fabric-content-registries-v0, fabric-convention-tags-v1, fabric-convention-tags-v2, fabric-crash-report-info-v1, fabric-data-attachment-api-v1, fabric-data-generation-api-v1, fabric-dimensions-v1, fabric-entity-events-v1, fabric-events-interaction-v0, fabric-game-rule-api-v1, fabric-gametest-api-v1, fabric-item-api-v1, fabric-item-group-api-v1, fabric-key-binding-api-v1, fabric-keybindings-v0, fabric-lifecycle-events-v1, fabric-loot-api-v2, fabric-loot-api-v3, fabric-message-api-v1, fabric-model-loading-api-v1, fabric-networking-api-v1, fabric-object-builder-api-v1, fabric-particles-v1, fabric-recipe-api-v1, fabric-registry-sync-v0, fabric-renderer-api-v1, fabric-renderer-indigo, fabric-rendering-data-attachment-v1, fabric-rendering-fluids-v1, fabric-rendering-v1, fabric-resource-conditions-api-v1, fabric-resource-loader-v0, fabric-screen-api-v1, fabric-screen-handler-api-v1, fabric-sound-api-v1, fabric-tag-api-v1, fabric-transfer-api-v1, fabric-transitive-access-wideners-v1, fabricloader, ias]
[13:18:23] [Render thread/DEBUG] (net.fabricmc.fabric.impl.resource.loader.ModResourcePackUtil) [Fabric] cur @ fabric, auto-enabled luxury, currently enabled: [vanilla, fabric, com_viaversion_viaaprilfools-common, com_viaversion_viabackwards-common, com_viaversion_viaversion-common, fabric-api, fabric-api-base, fabric-api-lookup-api-v1, fabric-biome-api-v1, fabric-block-api-v1, fabric-block-view-api-v2, fabric-blockrenderlayer-v1, fabric-client-gametest-api-v1, fabric-client-tags-api-v1, fabric-command-api-v1, fabric-command-api-v2, fabric-commands-v0, fabric-content-registries-v0, fabric-convention-tags-v1, fabric-convention-tags-v2, fabric-crash-report-info-v1, fabric-data-attachment-api-v1, fabric-data-generation-api-v1, fabric-dimensions-v1, fabric-entity-events-v1, fabric-events-interaction-v0, fabric-game-rule-api-v1, fabric-gametest-api-v1, fabric-item-api-v1, fabric-item-group-api-v1, fabric-key-binding-api-v1, fabric-keybindings-v0, fabric-lifecycle-events-v1, fabric-loot-api-v2, fabric-loot-api-v3, fabric-message-api-v1, fabric-model-loading-api-v1, fabric-networking-api-v1, fabric-object-builder-api-v1, fabric-particles-v1, fabric-recipe-api-v1, fabric-registry-sync-v0, fabric-renderer-api-v1, fabric-renderer-indigo, fabric-rendering-data-attachment-v1, fabric-rendering-fluids-v1, fabric-rendering-v1, fabric-resource-conditions-api-v1, fabric-resource-loader-v0, fabric-screen-api-v1, fabric-screen-handler-api-v1, fabric-sound-api-v1, fabric-tag-api-v1, fabric-transfer-api-v1, fabric-transitive-access-wideners-v1, fabricloader, ias, luxury]
[13:18:23] [Render thread/DEBUG] (net.fabricmc.fabric.impl.resource.loader.ModResourcePackUtil) [Fabric] cur @ fabric, auto-enabled modmenu, currently enabled: [vanilla, fabric, com_viaversion_viaaprilfools-common, com_viaversion_viabackwards-common, com_viaversion_viaversion-common, fabric-api, fabric-api-base, fabric-api-lookup-api-v1, fabric-biome-api-v1, fabric-block-api-v1, fabric-block-view-api-v2, fabric-blockrenderlayer-v1, fabric-client-gametest-api-v1, fabric-client-tags-api-v1, fabric-command-api-v1, fabric-command-api-v2, fabric-commands-v0, fabric-content-registries-v0, fabric-convention-tags-v1, fabric-convention-tags-v2, fabric-crash-report-info-v1, fabric-data-attachment-api-v1, fabric-data-generation-api-v1, fabric-dimensions-v1, fabric-entity-events-v1, fabric-events-interaction-v0, fabric-game-rule-api-v1, fabric-gametest-api-v1, fabric-item-api-v1, fabric-item-group-api-v1, fabric-key-binding-api-v1, fabric-keybindings-v0, fabric-lifecycle-events-v1, fabric-loot-api-v2, fabric-loot-api-v3, fabric-message-api-v1, fabric-model-loading-api-v1, fabric-networking-api-v1, fabric-object-builder-api-v1, fabric-particles-v1, fabric-recipe-api-v1, fabric-registry-sync-v0, fabric-renderer-api-v1, fabric-renderer-indigo, fabric-rendering-data-attachment-v1, fabric-rendering-fluids-v1, fabric-rendering-v1, fabric-resource-conditions-api-v1, fabric-resource-loader-v0, fabric-screen-api-v1, fabric-screen-handler-api-v1, fabric-sound-api-v1, fabric-tag-api-v1, fabric-transfer-api-v1, fabric-transitive-access-wideners-v1, fabricloader, ias, luxury, modmenu]
[13:18:23] [Render thread/DEBUG] (net.fabricmc.fabric.impl.resource.loader.ModResourcePackUtil) [Fabric] cur @ fabric, auto-enabled net_raphimc_viabedrock, currently enabled: [vanilla, fabric, com_viaversion_viaaprilfools-common, com_viaversion_viabackwards-common, com_viaversion_viaversion-common, fabric-api, fabric-api-base, fabric-api-lookup-api-v1, fabric-biome-api-v1, fabric-block-api-v1, fabric-block-view-api-v2, fabric-blockrenderlayer-v1, fabric-client-gametest-api-v1, fabric-client-tags-api-v1, fabric-command-api-v1, fabric-command-api-v2, fabric-commands-v0, fabric-content-registries-v0, fabric-convention-tags-v1, fabric-convention-tags-v2, fabric-crash-report-info-v1, fabric-data-attachment-api-v1, fabric-data-generation-api-v1, fabric-dimensions-v1, fabric-entity-events-v1, fabric-events-interaction-v0, fabric-game-rule-api-v1, fabric-gametest-api-v1, fabric-item-api-v1, fabric-item-group-api-v1, fabric-key-binding-api-v1, fabric-keybindings-v0, fabric-lifecycle-events-v1, fabric-loot-api-v2, fabric-loot-api-v3, fabric-message-api-v1, fabric-model-loading-api-v1, fabric-networking-api-v1, fabric-object-builder-api-v1, fabric-particles-v1, fabric-recipe-api-v1, fabric-registry-sync-v0, fabric-renderer-api-v1, fabric-renderer-indigo, fabric-rendering-data-attachment-v1, fabric-rendering-fluids-v1, fabric-rendering-v1, fabric-resource-conditions-api-v1, fabric-resource-loader-v0, fabric-screen-api-v1, fabric-screen-handler-api-v1, fabric-sound-api-v1, fabric-tag-api-v1, fabric-transfer-api-v1, fabric-transitive-access-wideners-v1, fabricloader, ias, luxury, modmenu, net_raphimc_viabedrock]
[13:18:23] [Render thread/DEBUG] (net.fabricmc.fabric.impl.resource.loader.ModResourcePackUtil) [Fabric] cur @ fabric, auto-enabled net_raphimc_vialegacy, currently enabled: [vanilla, fabric, com_viaversion_viaaprilfools-common, com_viaversion_viabackwards-common, com_viaversion_viaversion-common, fabric-api, fabric-api-base, fabric-api-lookup-api-v1, fabric-biome-api-v1, fabric-block-api-v1, fabric-block-view-api-v2, fabric-blockrenderlayer-v1, fabric-client-gametest-api-v1, fabric-client-tags-api-v1, fabric-command-api-v1, fabric-command-api-v2, fabric-commands-v0, fabric-content-registries-v0, fabric-convention-tags-v1, fabric-convention-tags-v2, fabric-crash-report-info-v1, fabric-data-attachment-api-v1, fabric-data-generation-api-v1, fabric-dimensions-v1, fabric-entity-events-v1, fabric-events-interaction-v0, fabric-game-rule-api-v1, fabric-gametest-api-v1, fabric-item-api-v1, fabric-item-group-api-v1, fabric-key-binding-api-v1, fabric-keybindings-v0, fabric-lifecycle-events-v1, fabric-loot-api-v2, fabric-loot-api-v3, fabric-message-api-v1, fabric-model-loading-api-v1, fabric-networking-api-v1, fabric-object-builder-api-v1, fabric-particles-v1, fabric-recipe-api-v1, fabric-registry-sync-v0, fabric-renderer-api-v1, fabric-renderer-indigo, fabric-rendering-data-attachment-v1, fabric-rendering-fluids-v1, fabric-rendering-v1, fabric-resource-conditions-api-v1, fabric-resource-loader-v0, fabric-screen-api-v1, fabric-screen-handler-api-v1, fabric-sound-api-v1, fabric-tag-api-v1, fabric-transfer-api-v1, fabric-transitive-access-wideners-v1, fabricloader, ias, luxury, modmenu, net_raphimc_viabedrock, net_raphimc_vialegacy]
[13:18:23] [Render thread/DEBUG] (net.fabricmc.fabric.impl.resource.loader.ModResourcePackUtil) [Fabric] cur @ fabric, auto-enabled placeholder-api, currently enabled: [vanilla, fabric, com_viaversion_viaaprilfools-common, com_viaversion_viabackwards-common, com_viaversion_viaversion-common, fabric-api, fabric-api-base, fabric-api-lookup-api-v1, fabric-biome-api-v1, fabric-block-api-v1, fabric-block-view-api-v2, fabric-blockrenderlayer-v1, fabric-client-gametest-api-v1, fabric-client-tags-api-v1, fabric-command-api-v1, fabric-command-api-v2, fabric-commands-v0, fabric-content-registries-v0, fabric-convention-tags-v1, fabric-convention-tags-v2, fabric-crash-report-info-v1, fabric-data-attachment-api-v1, fabric-data-generation-api-v1, fabric-dimensions-v1, fabric-entity-events-v1, fabric-events-interaction-v0, fabric-game-rule-api-v1, fabric-gametest-api-v1, fabric-item-api-v1, fabric-item-group-api-v1, fabric-key-binding-api-v1, fabric-keybindings-v0, fabric-lifecycle-events-v1, fabric-loot-api-v2, fabric-loot-api-v3, fabric-message-api-v1, fabric-model-loading-api-v1, fabric-networking-api-v1, fabric-object-builder-api-v1, fabric-particles-v1, fabric-recipe-api-v1, fabric-registry-sync-v0, fabric-renderer-api-v1, fabric-renderer-indigo, fabric-rendering-data-attachment-v1, fabric-rendering-fluids-v1, fabric-rendering-v1, fabric-resource-conditions-api-v1, fabric-resource-loader-v0, fabric-screen-api-v1, fabric-screen-handler-api-v1, fabric-sound-api-v1, fabric-tag-api-v1, fabric-transfer-api-v1, fabric-transitive-access-wideners-v1, fabricloader, ias, luxury, modmenu, net_raphimc_viabedrock, net_raphimc_vialegacy, placeholder-api]
[13:18:23] [Render thread/DEBUG] (net.fabricmc.fabric.impl.resource.loader.ModResourcePackUtil) [Fabric] cur @ fabric, auto-enabled viafabricplus, currently enabled: [vanilla, fabric, com_viaversion_viaaprilfools-common, com_viaversion_viabackwards-common, com_viaversion_viaversion-common, fabric-api, fabric-api-base, fabric-api-lookup-api-v1, fabric-biome-api-v1, fabric-block-api-v1, fabric-block-view-api-v2, fabric-blockrenderlayer-v1, fabric-client-gametest-api-v1, fabric-client-tags-api-v1, fabric-command-api-v1, fabric-command-api-v2, fabric-commands-v0, fabric-content-registries-v0, fabric-convention-tags-v1, fabric-convention-tags-v2, fabric-crash-report-info-v1, fabric-data-attachment-api-v1, fabric-data-generation-api-v1, fabric-dimensions-v1, fabric-entity-events-v1, fabric-events-interaction-v0, fabric-game-rule-api-v1, fabric-gametest-api-v1, fabric-item-api-v1, fabric-item-group-api-v1, fabric-key-binding-api-v1, fabric-keybindings-v0, fabric-lifecycle-events-v1, fabric-loot-api-v2, fabric-loot-api-v3, fabric-message-api-v1, fabric-model-loading-api-v1, fabric-networking-api-v1, fabric-object-builder-api-v1, fabric-particles-v1, fabric-recipe-api-v1, fabric-registry-sync-v0, fabric-renderer-api-v1, fabric-renderer-indigo, fabric-rendering-data-attachment-v1, fabric-rendering-fluids-v1, fabric-rendering-v1, fabric-resource-conditions-api-v1, fabric-resource-loader-v0, fabric-screen-api-v1, fabric-screen-handler-api-v1, fabric-sound-api-v1, fabric-tag-api-v1, fabric-transfer-api-v1, fabric-transitive-access-wideners-v1, fabricloader, ias, luxury, modmenu, net_raphimc_viabedrock, net_raphimc_vialegacy, placeholder-api, viafabricplus]
[13:18:23] [Render thread/DEBUG] (net.fabricmc.fabric.impl.resource.loader.ModResourcePackUtil) [Fabric] cur @ fabric, auto-enabled viafabricplus-visuals, currently enabled: [vanilla, fabric, com_viaversion_viaaprilfools-common, com_viaversion_viabackwards-common, com_viaversion_viaversion-common, fabric-api, fabric-api-base, fabric-api-lookup-api-v1, fabric-biome-api-v1, fabric-block-api-v1, fabric-block-view-api-v2, fabric-blockrenderlayer-v1, fabric-client-gametest-api-v1, fabric-client-tags-api-v1, fabric-command-api-v1, fabric-command-api-v2, fabric-commands-v0, fabric-content-registries-v0, fabric-convention-tags-v1, fabric-convention-tags-v2, fabric-crash-report-info-v1, fabric-data-attachment-api-v1, fabric-data-generation-api-v1, fabric-dimensions-v1, fabric-entity-events-v1, fabric-events-interaction-v0, fabric-game-rule-api-v1, fabric-gametest-api-v1, fabric-item-api-v1, fabric-item-group-api-v1, fabric-key-binding-api-v1, fabric-keybindings-v0, fabric-lifecycle-events-v1, fabric-loot-api-v2, fabric-loot-api-v3, fabric-message-api-v1, fabric-model-loading-api-v1, fabric-networking-api-v1, fabric-object-builder-api-v1, fabric-particles-v1, fabric-recipe-api-v1, fabric-registry-sync-v0, fabric-renderer-api-v1, fabric-renderer-indigo, fabric-rendering-data-attachment-v1, fabric-rendering-fluids-v1, fabric-rendering-v1, fabric-resource-conditions-api-v1, fabric-resource-loader-v0, fabric-screen-api-v1, fabric-screen-handler-api-v1, fabric-sound-api-v1, fabric-tag-api-v1, fabric-transfer-api-v1, fabric-transitive-access-wideners-v1, fabricloader, ias, luxury, modmenu, net_raphimc_viabedrock, net_raphimc_vialegacy, placeholder-api, viafabricplus, viafabricplus-visuals]
[13:18:23] [Render thread/DEBUG] (net.fabricmc.fabric.impl.resource.loader.ModResourcePackUtil) [Fabric] Final sorting result: [vanilla, fabric, com_viaversion_viaaprilfools-common, com_viaversion_viabackwards-common, com_viaversion_viaversion-common, fabric-api, fabric-api-base, fabric-api-lookup-api-v1, fabric-biome-api-v1, fabric-block-api-v1, fabric-block-view-api-v2, fabric-blockrenderlayer-v1, fabric-client-gametest-api-v1, fabric-client-tags-api-v1, fabric-command-api-v1, fabric-command-api-v2, fabric-commands-v0, fabric-content-registries-v0, fabric-convention-tags-v1, fabric-convention-tags-v2, fabric-crash-report-info-v1, fabric-data-attachment-api-v1, fabric-data-generation-api-v1, fabric-dimensions-v1, fabric-entity-events-v1, fabric-events-interaction-v0, fabric-game-rule-api-v1, fabric-gametest-api-v1, fabric-item-api-v1, fabric-item-group-api-v1, fabric-key-binding-api-v1, fabric-keybindings-v0, fabric-lifecycle-events-v1, fabric-loot-api-v2, fabric-loot-api-v3, fabric-message-api-v1, fabric-model-loading-api-v1, fabric-networking-api-v1, fabric-object-builder-api-v1, fabric-particles-v1, fabric-recipe-api-v1, fabric-registry-sync-v0, fabric-renderer-api-v1, fabric-renderer-indigo, fabric-rendering-data-attachment-v1, fabric-rendering-fluids-v1, fabric-rendering-v1, fabric-resource-conditions-api-v1, fabric-resource-loader-v0, fabric-screen-api-v1, fabric-screen-handler-api-v1, fabric-sound-api-v1, fabric-tag-api-v1, fabric-transfer-api-v1, fabric-transitive-access-wideners-v1, fabricloader, ias, luxury, modmenu, net_raphimc_viabedrock, net_raphimc_vialegacy, placeholder-api, viafabricplus, viafabricplus-visuals, file/!§f     ᴛʜᴜɴᴅᴇʀ. ᴡʜɪᴛᴇ ᴠ3.3.zip, server/00000000/bd7abf45-dad9-31eb-b86a-5b73b305a821]
[13:18:23] [Render thread/INFO] (net.minecraft.resource.ReloadableResourceManagerImpl) Reloading ResourceManager: vanilla, fabric, com_viaversion_viaaprilfools-common, com_viaversion_viabackwards-common, com_viaversion_viaversion-common, fabric-api, fabric-api-base, fabric-api-lookup-api-v1, fabric-biome-api-v1, fabric-block-api-v1, fabric-block-view-api-v2, fabric-blockrenderlayer-v1, fabric-client-gametest-api-v1, fabric-client-tags-api-v1, fabric-command-api-v1, fabric-command-api-v2, fabric-commands-v0, fabric-content-registries-v0, fabric-convention-tags-v1, fabric-convention-tags-v2, fabric-crash-report-info-v1, fabric-data-attachment-api-v1, fabric-data-generation-api-v1, fabric-dimensions-v1, fabric-entity-events-v1, fabric-events-interaction-v0, fabric-game-rule-api-v1, fabric-gametest-api-v1, fabric-item-api-v1, fabric-item-group-api-v1, fabric-key-binding-api-v1, fabric-keybindings-v0, fabric-lifecycle-events-v1, fabric-loot-api-v2, fabric-loot-api-v3, fabric-message-api-v1, fabric-model-loading-api-v1, fabric-networking-api-v1, fabric-object-builder-api-v1, fabric-particles-v1, fabric-recipe-api-v1, fabric-registry-sync-v0, fabric-renderer-api-v1, fabric-renderer-indigo, fabric-rendering-data-attachment-v1, fabric-rendering-fluids-v1, fabric-rendering-v1, fabric-resource-conditions-api-v1, fabric-resource-loader-v0, fabric-screen-api-v1, fabric-screen-handler-api-v1, fabric-sound-api-v1, fabric-tag-api-v1, fabric-transfer-api-v1, fabric-transitive-access-wideners-v1, fabricloader, ias, luxury, modmenu, net_raphimc_viabedrock, net_raphimc_vialegacy, placeholder-api, viafabricplus, viafabricplus-visuals, file/!§f     ᴛʜᴜɴᴅᴇʀ. ᴡʜɪᴛᴇ ᴠ3.3.zip, server/00000000/bd7abf45-dad9-31eb-b86a-5b73b305a821
[13:18:23] [Render thread/DEBUG] (com.mojang.blaze3d.systems.RenderSystem) Growing IndexBuffer: Old limit 9360, new limit 28680.
[13:18:23] [Worker-Main-2/WARN] (net.minecraft.resource.ZipResourcePack) Invalid path in datapack: minecraft:sounds/fireworks/largeBlast_far1.ogg, ignoring
[13:18:24] [Worker-Main-1/INFO] (net.minecraft.client.font.UnihexFont) Found unifont_all_no_pua-16.0.01.hex, loading
[13:18:24] [Worker-Main-1/INFO] (net.minecraft.client.font.UnihexFont) Found unifont_jp_patch-16.0.01.hex, loading
[13:18:25] [Worker-Main-2/WARN] (net.minecraft.resource.ZipResourcePack) Invalid path in datapack: minecraft:textures/block/glass_pane_top_yellow---Copie.png, ignoring
[13:18:25] [Worker-Main-2/WARN] (net.minecraft.resource.ZipResourcePack) Invalid path in datapack: minecraft:textures/block/repeater_off copy.png, ignoring
[13:18:25] [Worker-Main-2/WARN] (net.minecraft.resource.ZipResourcePack) Invalid path in datapack: minecraft:textures/block/Thumbs.db, ignoring
[13:18:25] [Worker-Main-2/WARN] (net.minecraft.resource.ZipResourcePack) Invalid path in datapack: minecraft:textures/block/whiteStone.png, ignoring
[13:18:25] [Worker-Main-2/WARN] (net.minecraft.client.texture.SpriteContents) Unused frames in sprite minecraft:entity/conduit/wind: [22, 23, 24, 25, 26, 27, 28, 29, 30, 31]
[13:18:25] [Worker-Main-3/WARN] (net.minecraft.client.render.model.ReferencedModelsCollector) Missing block model: 'minecraft:builtin/entity'
[13:18:25] [Worker-Main-2/WARN] (net.minecraft.client.texture.SpriteContents) Unused frames in sprite minecraft:entity/conduit/wind_vertical: [22, 23, 24, 25, 26, 27, 28, 29, 30, 31]
[13:18:25] [Worker-Main-2/WARN] (net.minecraft.client.texture.SpriteContents) Unused frames in sprite minecraft:block/fire_layer_1: [15]
[13:18:25] [Worker-Main-2/WARN] (net.minecraft.client.texture.SpriteContents) Unused frames in sprite minecraft:block/fire_layer_0: [15]
[13:18:26] [Render thread/INFO] (net.minecraft.client.sound.SoundEngine) OpenAL initialized on device VXE V1 Аналоговый стерео
[13:18:26] [Render thread/INFO] (net.minecraft.client.sound.SoundSystem) Sound engine started
[13:18:27] [Render thread/INFO] (net.minecraft.client.texture.SpriteAtlasTexture) Created: 512x8192x2 minecraft:textures/atlas/blocks.png-atlas
[13:18:27] [Render thread/INFO] (net.minecraft.client.texture.SpriteAtlasTexture) Created: 256x256x2 minecraft:textures/atlas/signs.png-atlas
[13:18:27] [Render thread/INFO] (net.minecraft.client.texture.SpriteAtlasTexture) Created: 512x512x2 minecraft:textures/atlas/banner_patterns.png-atlas
[13:18:27] [Render thread/INFO] (net.minecraft.client.texture.SpriteAtlasTexture) Created: 512x512x2 minecraft:textures/atlas/shield_patterns.png-atlas
[13:18:27] [Render thread/INFO] (net.minecraft.client.texture.SpriteAtlasTexture) Created: 2048x1024x2 minecraft:textures/atlas/armor_trims.png-atlas
[13:18:27] [Render thread/INFO] (net.minecraft.client.texture.SpriteAtlasTexture) Created: 256x256x2 minecraft:textures/atlas/chest.png-atlas
[13:18:27] [Render thread/INFO] (net.minecraft.client.texture.SpriteAtlasTexture) Created: 128x64x2 minecraft:textures/atlas/decorated_pot.png-atlas
[13:18:27] [Render thread/INFO] (net.minecraft.client.texture.SpriteAtlasTexture) Created: 512x256x2 minecraft:textures/atlas/beds.png-atlas
[13:18:27] [Render thread/INFO] (net.minecraft.client.texture.SpriteAtlasTexture) Created: 512x256x2 minecraft:textures/atlas/shulker_boxes.png-atlas
[13:18:27] [Render thread/INFO] (net.minecraft.client.texture.SpriteAtlasTexture) Created: 64x64x0 minecraft:textures/atlas/map_decorations.png-atlas
[13:18:27] [Render thread/INFO] (net.minecraft.client.texture.SpriteAtlasTexture) Created: 2048x1024x0 minecraft:textures/atlas/particles.png-atlas
[13:18:27] [Render thread/INFO] (net.minecraft.client.texture.SpriteAtlasTexture) Created: 512x512x0 minecraft:textures/atlas/paintings.png-atlas
[13:18:27] [Render thread/INFO] (net.minecraft.client.texture.SpriteAtlasTexture) Created: 256x128x0 minecraft:textures/atlas/mob_effects.png-atlas
[13:18:27] [Render thread/INFO] (net.minecraft.client.texture.SpriteAtlasTexture) Created: 1024x512x0 minecraft:textures/atlas/gui.png-atlas
[13:18:28] [Render thread/INFO] (net.minecraft.util.logging.LoggerPrintStream) [STDOUT]: Trying to load shader: luxury:core/rectangle
[13:18:28] [Render thread/INFO] (net.minecraft.util.logging.LoggerPrintStream) [STDOUT]: Shader key created successfully
[13:18:38] [Render thread/WARN] (net.minecraft.client.texture.TextureManager) Missing resource luxury:images/gif/736f8af249d0499a829b4150935eb0fc5oazoi7rhm7dedmx-0.png referenced from luxury:images/gif/736f8af249d0499a829b4150935eb0fc5oazoi7rhm7dedmx-0.png
[13:18:39] [Render thread/WARN] (net.minecraft.client.texture.TextureManager) Missing resource luxury:images/gif/736f8af249d0499a829b4150935eb0fc5oazoi7rhm7dedmx-1.png referenced from luxury:images/gif/736f8af249d0499a829b4150935eb0fc5oazoi7rhm7dedmx-1.png
[13:18:39] [Render thread/WARN] (net.minecraft.client.texture.TextureManager) Missing resource luxury:images/gif/736f8af249d0499a829b4150935eb0fc5oazoi7rhm7dedmx-2.png referenced from luxury:images/gif/736f8af249d0499a829b4150935eb0fc5oazoi7rhm7dedmx-2.png
[13:18:39] [Render thread/WARN] (net.minecraft.client.texture.TextureManager) Missing resource luxury:images/gif/736f8af249d0499a829b4150935eb0fc5oazoi7rhm7dedmx-3.png referenced from luxury:images/gif/736f8af249d0499a829b4150935eb0fc5oazoi7rhm7dedmx-3.png
[13:18:39] [Render thread/WARN] (net.minecraft.client.texture.TextureManager) Missing resource luxury:images/gif/736f8af249d0499a829b4150935eb0fc5oazoi7rhm7dedmx-4.png referenced from luxury:images/gif/736f8af249d0499a829b4150935eb0fc5oazoi7rhm7dedmx-4.png
[13:18:39] [Render thread/WARN] (net.minecraft.client.texture.TextureManager) Missing resource luxury:images/gif/736f8af249d0499a829b4150935eb0fc5oazoi7rhm7dedmx-5.png referenced from luxury:images/gif/736f8af249d0499a829b4150935eb0fc5oazoi7rhm7dedmx-5.png
[13:18:39] [Render thread/WARN] (net.minecraft.client.texture.TextureManager) Missing resource luxury:images/gif/736f8af249d0499a829b4150935eb0fc5oazoi7rhm7dedmx-6.png referenced from luxury:images/gif/736f8af249d0499a829b4150935eb0fc5oazoi7rhm7dedmx-6.png
[13:18:39] [Render thread/WARN] (net.minecraft.client.texture.TextureManager) Missing resource luxury:images/gif/736f8af249d0499a829b4150935eb0fc5oazoi7rhm7dedmx-7.png referenced from luxury:images/gif/736f8af249d0499a829b4150935eb0fc5oazoi7rhm7dedmx-7.png
[13:18:39] [Render thread/WARN] (net.minecraft.client.texture.TextureManager) Missing resource luxury:images/gif/736f8af249d0499a829b4150935eb0fc5oazoi7rhm7dedmx-8.png referenced from luxury:images/gif/736f8af249d0499a829b4150935eb0fc5oazoi7rhm7dedmx-8.png
[13:18:39] [Render thread/WARN] (net.minecraft.client.texture.TextureManager) Missing resource luxury:images/gif/736f8af249d0499a829b4150935eb0fc5oazoi7rhm7dedmx-9.png referenced from luxury:images/gif/736f8af249d0499a829b4150935eb0fc5oazoi7rhm7dedmx-9.png
[13:18:39] [Render thread/WARN] (net.minecraft.client.texture.TextureManager) Missing resource luxury:images/gif/736f8af249d0499a829b4150935eb0fc5oazoi7rhm7dedmx-10.png referenced from luxury:images/gif/736f8af249d0499a829b4150935eb0fc5oazoi7rhm7dedmx-10.png
[13:18:39] [Render thread/WARN] (net.minecraft.client.texture.TextureManager) Missing resource luxury:images/gif/736f8af249d0499a829b4150935eb0fc5oazoi7rhm7dedmx-11.png referenced from luxury:images/gif/736f8af249d0499a829b4150935eb0fc5oazoi7rhm7dedmx-11.png
[13:18:39] [Render thread/WARN] (net.minecraft.client.texture.TextureManager) Missing resource luxury:images/gif/736f8af249d0499a829b4150935eb0fc5oazoi7rhm7dedmx-12.png referenced from luxury:images/gif/736f8af249d0499a829b4150935eb0fc5oazoi7rhm7dedmx-12.png
[13:18:39] [Render thread/WARN] (net.minecraft.client.texture.TextureManager) Missing resource luxury:images/gif/736f8af249d0499a829b4150935eb0fc5oazoi7rhm7dedmx-13.png referenced from luxury:images/gif/736f8af249d0499a829b4150935eb0fc5oazoi7rhm7dedmx-13.png
[13:18:39] [Render thread/WARN] (net.minecraft.client.texture.TextureManager) Missing resource luxury:images/gif/736f8af249d0499a829b4150935eb0fc5oazoi7rhm7dedmx-14.png referenced from luxury:images/gif/736f8af249d0499a829b4150935eb0fc5oazoi7rhm7dedmx-14.png
[13:18:39] [Render thread/WARN] (net.minecraft.client.texture.TextureManager) Missing resource luxury:images/gif/736f8af249d0499a829b4150935eb0fc5oazoi7rhm7dedmx-15.png referenced from luxury:images/gif/736f8af249d0499a829b4150935eb0fc5oazoi7rhm7dedmx-15.png
[13:18:39] [Render thread/WARN] (net.minecraft.client.texture.TextureManager) Missing resource luxury:images/gif/736f8af249d0499a829b4150935eb0fc5oazoi7rhm7dedmx-16.png referenced from luxury:images/gif/736f8af249d0499a829b4150935eb0fc5oazoi7rhm7dedmx-16.png
[13:18:39] [Render thread/WARN] (net.minecraft.client.texture.TextureManager) Missing resource luxury:images/gif/736f8af249d0499a829b4150935eb0fc5oazoi7rhm7dedmx-17.png referenced from luxury:images/gif/736f8af249d0499a829b4150935eb0fc5oazoi7rhm7dedmx-17.png
[13:18:39] [Render thread/WARN] (net.minecraft.client.texture.TextureManager) Missing resource luxury:images/gif/736f8af249d0499a829b4150935eb0fc5oazoi7rhm7dedmx-18.png referenced from luxury:images/gif/736f8af249d0499a829b4150935eb0fc5oazoi7rhm7dedmx-18.png
[13:18:39] [Render thread/WARN] (net.minecraft.client.texture.TextureManager) Missing resource luxury:images/gif/736f8af249d0499a829b4150935eb0fc5oazoi7rhm7dedmx-19.png referenced from luxury:images/gif/736f8af249d0499a829b4150935eb0fc5oazoi7rhm7dedmx-19.png
[13:18:39] [Render thread/WARN] (net.minecraft.client.texture.TextureManager) Missing resource luxury:images/gif/736f8af249d0499a829b4150935eb0fc5oazoi7rhm7dedmx-20.png referenced from luxury:images/gif/736f8af249d0499a829b4150935eb0fc5oazoi7rhm7dedmx-20.png
[13:18:39] [Render thread/WARN] (net.minecraft.client.texture.TextureManager) Missing resource luxury:images/gif/736f8af249d0499a829b4150935eb0fc5oazoi7rhm7dedmx-21.png referenced from luxury:images/gif/736f8af249d0499a829b4150935eb0fc5oazoi7rhm7dedmx-21.png
[13:18:39] [Render thread/WARN] (net.minecraft.client.texture.TextureManager) Missing resource luxury:images/gif/736f8af249d0499a829b4150935eb0fc5oazoi7rhm7dedmx-22.png referenced from luxury:images/gif/736f8af249d0499a829b4150935eb0fc5oazoi7rhm7dedmx-22.png
[13:18:39] [Render thread/WARN] (net.minecraft.client.texture.TextureManager) Missing resource luxury:images/gif/736f8af249d0499a829b4150935eb0fc5oazoi7rhm7dedmx-23.png referenced from luxury:images/gif/736f8af249d0499a829b4150935eb0fc5oazoi7rhm7dedmx-23.png
[13:18:39] [Render thread/WARN] (net.minecraft.client.texture.TextureManager) Missing resource luxury:images/gif/736f8af249d0499a829b4150935eb0fc5oazoi7rhm7dedmx-24.png referenced from luxury:images/gif/736f8af249d0499a829b4150935eb0fc5oazoi7rhm7dedmx-24.png
[13:18:39] [Render thread/WARN] (net.minecraft.client.texture.TextureManager) Missing resource luxury:images/gif/736f8af249d0499a829b4150935eb0fc5oazoi7rhm7dedmx-25.png referenced from luxury:images/gif/736f8af249d0499a829b4150935eb0fc5oazoi7rhm7dedmx-25.png
[13:18:39] [Render thread/WARN] (net.minecraft.client.texture.TextureManager) Missing resource luxury:images/gif/736f8af249d0499a829b4150935eb0fc5oazoi7rhm7dedmx-26.png referenced from luxury:images/gif/736f8af249d0499a829b4150935eb0fc5oazoi7rhm7dedmx-26.png
[13:18:39] [Render thread/WARN] (net.minecraft.client.texture.TextureManager) Missing resource luxury:images/gif/736f8af249d0499a829b4150935eb0fc5oazoi7rhm7dedmx-27.png referenced from luxury:images/gif/736f8af249d0499a829b4150935eb0fc5oazoi7rhm7dedmx-27.png
[13:18:39] [Render thread/WARN] (net.minecraft.client.texture.TextureManager) Missing resource luxury:images/gif/736f8af249d0499a829b4150935eb0fc5oazoi7rhm7dedmx-28.png referenced from luxury:images/gif/736f8af249d0499a829b4150935eb0fc5oazoi7rhm7dedmx-28.png
[13:18:39] [Render thread/WARN] (net.minecraft.client.texture.TextureManager) Missing resource luxury:images/gif/736f8af249d0499a829b4150935eb0fc5oazoi7rhm7dedmx-29.png referenced from luxury:images/gif/736f8af249d0499a829b4150935eb0fc5oazoi7rhm7dedmx-29.png
[13:18:39] [Render thread/WARN] (net.minecraft.client.texture.TextureManager) Missing resource luxury:images/gif/736f8af249d0499a829b4150935eb0fc5oazoi7rhm7dedmx-30.png referenced from luxury:images/gif/736f8af249d0499a829b4150935eb0fc5oazoi7rhm7dedmx-30.png
[13:18:39] [Render thread/WARN] (net.minecraft.client.texture.TextureManager) Missing resource luxury:images/gif/736f8af249d0499a829b4150935eb0fc5oazoi7rhm7dedmx-31.png referenced from luxury:images/gif/736f8af249d0499a829b4150935eb0fc5oazoi7rhm7dedmx-31.png
[13:18:39] [Render thread/WARN] (net.minecraft.client.texture.TextureManager) Missing resource luxury:images/gif/736f8af249d0499a829b4150935eb0fc5oazoi7rhm7dedmx-32.png referenced from luxury:images/gif/736f8af249d0499a829b4150935eb0fc5oazoi7rhm7dedmx-32.png
[13:18:39] [Render thread/WARN] (net.minecraft.client.texture.TextureManager) Missing resource luxury:images/gif/736f8af249d0499a829b4150935eb0fc5oazoi7rhm7dedmx-33.png referenced from luxury:images/gif/736f8af249d0499a829b4150935eb0fc5oazoi7rhm7dedmx-33.png
[13:18:39] [Render thread/WARN] (net.minecraft.client.texture.TextureManager) Missing resource luxury:images/gif/736f8af249d0499a829b4150935eb0fc5oazoi7rhm7dedmx-34.png referenced from luxury:images/gif/736f8af249d0499a829b4150935eb0fc5oazoi7rhm7dedmx-34.png
[13:18:39] [Render thread/WARN] (net.minecraft.client.texture.TextureManager) Missing resource luxury:images/gif/736f8af249d0499a829b4150935eb0fc5oazoi7rhm7dedmx-35.png referenced from luxury:images/gif/736f8af249d0499a829b4150935eb0fc5oazoi7rhm7dedmx-35.png
[13:18:39] [Render thread/WARN] (net.minecraft.client.texture.TextureManager) Missing resource luxury:images/gif/736f8af249d0499a829b4150935eb0fc5oazoi7rhm7dedmx-36.png referenced from luxury:images/gif/736f8af249d0499a829b4150935eb0fc5oazoi7rhm7dedmx-36.png
[13:18:39] [Render thread/WARN] (net.minecraft.client.texture.TextureManager) Missing resource luxury:images/gif/736f8af249d0499a829b4150935eb0fc5oazoi7rhm7dedmx-37.png referenced from luxury:images/gif/736f8af249d0499a829b4150935eb0fc5oazoi7rhm7dedmx-37.png
[13:18:39] [Render thread/WARN] (net.minecraft.client.texture.TextureManager) Missing resource luxury:images/gif/736f8af249d0499a829b4150935eb0fc5oazoi7rhm7dedmx-38.png referenced from luxury:images/gif/736f8af249d0499a829b4150935eb0fc5oazoi7rhm7dedmx-38.png
[13:18:39] [Render thread/WARN] (net.minecraft.client.texture.TextureManager) Missing resource luxury:images/gif/736f8af249d0499a829b4150935eb0fc5oazoi7rhm7dedmx-39.png referenced from luxury:images/gif/736f8af249d0499a829b4150935eb0fc5oazoi7rhm7dedmx-39.png
[13:18:39] [Render thread/WARN] (net.minecraft.client.texture.TextureManager) Missing resource luxury:images/gif/736f8af249d0499a829b4150935eb0fc5oazoi7rhm7dedmx-40.png referenced from luxury:images/gif/736f8af249d0499a829b4150935eb0fc5oazoi7rhm7dedmx-40.png
[13:18:39] [Render thread/WARN] (net.minecraft.client.texture.TextureManager) Missing resource luxury:images/gif/736f8af249d0499a829b4150935eb0fc5oazoi7rhm7dedmx-41.png referenced from luxury:images/gif/736f8af249d0499a829b4150935eb0fc5oazoi7rhm7dedmx-41.png
[13:18:39] [Render thread/WARN] (net.minecraft.client.texture.TextureManager) Missing resource luxury:images/gif/736f8af249d0499a829b4150935eb0fc5oazoi7rhm7dedmx-42.png referenced from luxury:images/gif/736f8af249d0499a829b4150935eb0fc5oazoi7rhm7dedmx-42.png
[13:18:39] [Render thread/WARN] (net.minecraft.client.texture.TextureManager) Missing resource luxury:images/gif/736f8af249d0499a829b4150935eb0fc5oazoi7rhm7dedmx-43.png referenced from luxury:images/gif/736f8af249d0499a829b4150935eb0fc5oazoi7rhm7dedmx-43.png
[13:18:39] [Render thread/WARN] (net.minecraft.client.texture.TextureManager) Missing resource luxury:images/gif/736f8af249d0499a829b4150935eb0fc5oazoi7rhm7dedmx-44.png referenced from luxury:images/gif/736f8af249d0499a829b4150935eb0fc5oazoi7rhm7dedmx-44.png
[13:18:39] [Render thread/WARN] (net.minecraft.client.texture.TextureManager) Missing resource luxury:images/gif/736f8af249d0499a829b4150935eb0fc5oazoi7rhm7dedmx-45.png referenced from luxury:images/gif/736f8af249d0499a829b4150935eb0fc5oazoi7rhm7dedmx-45.png
[13:18:39] [Render thread/WARN] (net.minecraft.client.texture.TextureManager) Missing resource luxury:images/gif/736f8af249d0499a829b4150935eb0fc5oazoi7rhm7dedmx-46.png referenced from luxury:images/gif/736f8af249d0499a829b4150935eb0fc5oazoi7rhm7dedmx-46.png
[13:18:39] [Render thread/WARN] (net.minecraft.client.texture.TextureManager) Missing resource luxury:images/gif/736f8af249d0499a829b4150935eb0fc5oazoi7rhm7dedmx-47.png referenced from luxury:images/gif/736f8af249d0499a829b4150935eb0fc5oazoi7rhm7dedmx-47.png
[13:18:39] [Render thread/WARN] (net.minecraft.client.texture.TextureManager) Missing resource luxury:images/gif/736f8af249d0499a829b4150935eb0fc5oazoi7rhm7dedmx-48.png referenced from luxury:images/gif/736f8af249d0499a829b4150935eb0fc5oazoi7rhm7dedmx-48.png
[13:18:39] [Render thread/WARN] (net.minecraft.client.texture.TextureManager) Missing resource luxury:images/gif/736f8af249d0499a829b4150935eb0fc5oazoi7rhm7dedmx-49.png referenced from luxury:images/gif/736f8af249d0499a829b4150935eb0fc5oazoi7rhm7dedmx-49.png
[13:18:39] [Render thread/WARN] (net.minecraft.client.texture.TextureManager) Missing resource luxury:images/gif/736f8af249d0499a829b4150935eb0fc5oazoi7rhm7dedmx-50.png referenced from luxury:images/gif/736f8af249d0499a829b4150935eb0fc5oazoi7rhm7dedmx-50.png
[13:18:39] [Render thread/WARN] (net.minecraft.client.texture.TextureManager) Missing resource luxury:images/gif/736f8af249d0499a829b4150935eb0fc5oazoi7rhm7dedmx-51.png referenced from luxury:images/gif/736f8af249d0499a829b4150935eb0fc5oazoi7rhm7dedmx-51.png
[13:18:39] [Render thread/WARN] (net.minecraft.client.texture.TextureManager) Missing resource luxury:images/gif/736f8af249d0499a829b4150935eb0fc5oazoi7rhm7dedmx-52.png referenced from luxury:images/gif/736f8af249d0499a829b4150935eb0fc5oazoi7rhm7dedmx-52.png
[13:18:39] [Render thread/WARN] (net.minecraft.client.texture.TextureManager) Missing resource luxury:images/gif/736f8af249d0499a829b4150935eb0fc5oazoi7rhm7dedmx-53.png referenced from luxury:images/gif/736f8af249d0499a829b4150935eb0fc5oazoi7rhm7dedmx-53.png
[13:18:40] [Render thread/WARN] (net.minecraft.client.texture.TextureManager) Missing resource luxury:images/gif/736f8af249d0499a829b4150935eb0fc5oazoi7rhm7dedmx-54.png referenced from luxury:images/gif/736f8af249d0499a829b4150935eb0fc5oazoi7rhm7dedmx-54.png
[13:18:40] [Render thread/WARN] (net.minecraft.client.texture.TextureManager) Missing resource luxury:images/gif/736f8af249d0499a829b4150935eb0fc5oazoi7rhm7dedmx-55.png referenced from luxury:images/gif/736f8af249d0499a829b4150935eb0fc5oazoi7rhm7dedmx-55.png
[13:18:40] [Render thread/WARN] (net.minecraft.client.texture.TextureManager) Missing resource luxury:images/gif/736f8af249d0499a829b4150935eb0fc5oazoi7rhm7dedmx-56.png referenced from luxury:images/gif/736f8af249d0499a829b4150935eb0fc5oazoi7rhm7dedmx-56.png
[13:18:40] [Render thread/WARN] (net.minecraft.client.texture.TextureManager) Missing resource luxury:images/gif/736f8af249d0499a829b4150935eb0fc5oazoi7rhm7dedmx-57.png referenced from luxury:images/gif/736f8af249d0499a829b4150935eb0fc5oazoi7rhm7dedmx-57.png
[13:18:40] [Render thread/WARN] (net.minecraft.client.texture.TextureManager) Missing resource luxury:images/gif/736f8af249d0499a829b4150935eb0fc5oazoi7rhm7dedmx-58.png referenced from luxury:images/gif/736f8af249d0499a829b4150935eb0fc5oazoi7rhm7dedmx-58.png
[13:18:40] [Render thread/WARN] (net.minecraft.client.texture.TextureManager) Missing resource luxury:images/gif/736f8af249d0499a829b4150935eb0fc5oazoi7rhm7dedmx-59.png referenced from luxury:images/gif/736f8af249d0499a829b4150935eb0fc5oazoi7rhm7dedmx-59.png
[13:18:40] [Render thread/WARN] (net.minecraft.client.texture.TextureManager) Missing resource luxury:images/gif/736f8af249d0499a829b4150935eb0fc5oazoi7rhm7dedmx-60.png referenced from luxury:images/gif/736f8af249d0499a829b4150935eb0fc5oazoi7rhm7dedmx-60.png
[13:18:40] [Render thread/WARN] (net.minecraft.client.texture.TextureManager) Missing resource luxury:images/gif/736f8af249d0499a829b4150935eb0fc5oazoi7rhm7dedmx-61.png referenced from luxury:images/gif/736f8af249d0499a829b4150935eb0fc5oazoi7rhm7dedmx-61.png
[13:18:40] [Render thread/WARN] (net.minecraft.client.texture.TextureManager) Missing resource luxury:images/gif/736f8af249d0499a829b4150935eb0fc5oazoi7rhm7dedmx-62.png referenced from luxury:images/gif/736f8af249d0499a829b4150935eb0fc5oazoi7rhm7dedmx-62.png
[13:18:40] [Render thread/WARN] (net.minecraft.client.texture.TextureManager) Missing resource luxury:images/gif/736f8af249d0499a829b4150935eb0fc5oazoi7rhm7dedmx-63.png referenced from luxury:images/gif/736f8af249d0499a829b4150935eb0fc5oazoi7rhm7dedmx-63.png
[13:18:40] [Render thread/WARN] (net.minecraft.client.texture.TextureManager) Missing resource luxury:images/gif/736f8af249d0499a829b4150935eb0fc5oazoi7rhm7dedmx-64.png referenced from luxury:images/gif/736f8af249d0499a829b4150935eb0fc5oazoi7rhm7dedmx-64.png
[13:18:40] [Render thread/WARN] (net.minecraft.client.texture.TextureManager) Missing resource luxury:images/gif/736f8af249d0499a829b4150935eb0fc5oazoi7rhm7dedmx-65.png referenced from luxury:images/gif/736f8af249d0499a829b4150935eb0fc5oazoi7rhm7dedmx-65.png
[13:18:40] [Render thread/WARN] (net.minecraft.client.texture.TextureManager) Missing resource luxury:images/gif/736f8af249d0499a829b4150935eb0fc5oazoi7rhm7dedmx-66.png referenced from luxury:images/gif/736f8af249d0499a829b4150935eb0fc5oazoi7rhm7dedmx-66.png
[13:18:40] [Render thread/WARN] (net.minecraft.client.texture.TextureManager) Missing resource luxury:images/gif/736f8af249d0499a829b4150935eb0fc5oazoi7rhm7dedmx-67.png referenced from luxury:images/gif/736f8af249d0499a829b4150935eb0fc5oazoi7rhm7dedmx-67.png
[13:18:40] [Render thread/WARN] (net.minecraft.client.texture.TextureManager) Missing resource luxury:images/gif/736f8af249d0499a829b4150935eb0fc5oazoi7rhm7dedmx-68.png referenced from luxury:images/gif/736f8af249d0499a829b4150935eb0fc5oazoi7rhm7dedmx-68.png
[13:18:40] [Render thread/WARN] (net.minecraft.client.texture.TextureManager) Missing resource luxury:images/gif/736f8af249d0499a829b4150935eb0fc5oazoi7rhm7dedmx-69.png referenced from luxury:images/gif/736f8af249d0499a829b4150935eb0fc5oazoi7rhm7dedmx-69.png
[13:18:40] [Render thread/WARN] (net.minecraft.client.texture.TextureManager) Missing resource luxury:images/gif/736f8af249d0499a829b4150935eb0fc5oazoi7rhm7dedmx-70.png referenced from luxury:images/gif/736f8af249d0499a829b4150935eb0fc5oazoi7rhm7dedmx-70.png
[13:18:40] [Render thread/WARN] (net.minecraft.client.texture.TextureManager) Missing resource luxury:images/gif/736f8af249d0499a829b4150935eb0fc5oazoi7rhm7dedmx-71.png referenced from luxury:images/gif/736f8af249d0499a829b4150935eb0fc5oazoi7rhm7dedmx-71.png
[13:18:40] [Render thread/WARN] (net.minecraft.client.texture.TextureManager) Missing resource luxury:images/gif/736f8af249d0499a829b4150935eb0fc5oazoi7rhm7dedmx-72.png referenced from luxury:images/gif/736f8af249d0499a829b4150935eb0fc5oazoi7rhm7dedmx-72.png
[13:18:40] [Render thread/WARN] (net.minecraft.client.texture.TextureManager) Missing resource luxury:images/gif/736f8af249d0499a829b4150935eb0fc5oazoi7rhm7dedmx-73.png referenced from luxury:images/gif/736f8af249d0499a829b4150935eb0fc5oazoi7rhm7dedmx-73.png
[13:18:40] [Render thread/WARN] (net.minecraft.client.texture.TextureManager) Missing resource luxury:images/gif/736f8af249d0499a829b4150935eb0fc5oazoi7rhm7dedmx-74.png referenced from luxury:images/gif/736f8af249d0499a829b4150935eb0fc5oazoi7rhm7dedmx-74.png
[13:18:40] [Render thread/WARN] (net.minecraft.client.texture.TextureManager) Missing resource luxury:images/gif/736f8af249d0499a829b4150935eb0fc5oazoi7rhm7dedmx-75.png referenced from luxury:images/gif/736f8af249d0499a829b4150935eb0fc5oazoi7rhm7dedmx-75.png
[13:18:40] [Render thread/WARN] (net.minecraft.client.texture.TextureManager) Missing resource luxury:images/gif/736f8af249d0499a829b4150935eb0fc5oazoi7rhm7dedmx-76.png referenced from luxury:images/gif/736f8af249d0499a829b4150935eb0fc5oazoi7rhm7dedmx-76.png
[13:18:40] [Render thread/WARN] (net.minecraft.client.texture.TextureManager) Missing resource luxury:images/gif/736f8af249d0499a829b4150935eb0fc5oazoi7rhm7dedmx-77.png referenced from luxury:images/gif/736f8af249d0499a829b4150935eb0fc5oazoi7rhm7dedmx-77.png
[13:18:40] [Render thread/WARN] (net.minecraft.client.texture.TextureManager) Missing resource luxury:images/gif/736f8af249d0499a829b4150935eb0fc5oazoi7rhm7dedmx-78.png referenced from luxury:images/gif/736f8af249d0499a829b4150935eb0fc5oazoi7rhm7dedmx-78.png
[13:18:40] [Render thread/WARN] (net.minecraft.client.texture.TextureManager) Missing resource luxury:images/gif/736f8af249d0499a829b4150935eb0fc5oazoi7rhm7dedmx-79.png referenced from luxury:images/gif/736f8af249d0499a829b4150935eb0fc5oazoi7rhm7dedmx-79.png
[13:18:40] [Render thread/WARN] (net.minecraft.client.texture.TextureManager) Missing resource luxury:images/gif/736f8af249d0499a829b4150935eb0fc5oazoi7rhm7dedmx-80.png referenced from luxury:images/gif/736f8af249d0499a829b4150935eb0fc5oazoi7rhm7dedmx-80.png
[13:18:40] [Render thread/WARN] (net.minecraft.client.texture.TextureManager) Missing resource luxury:images/gif/736f8af249d0499a829b4150935eb0fc5oazoi7rhm7dedmx-81.png referenced from luxury:images/gif/736f8af249d0499a829b4150935eb0fc5oazoi7rhm7dedmx-81.png
[13:18:40] [Render thread/WARN] (net.minecraft.client.texture.TextureManager) Missing resource luxury:images/gif/736f8af249d0499a829b4150935eb0fc5oazoi7rhm7dedmx-82.png referenced from luxury:images/gif/736f8af249d0499a829b4150935eb0fc5oazoi7rhm7dedmx-82.png
[13:18:40] [Render thread/WARN] (net.minecraft.client.texture.TextureManager) Missing resource luxury:images/gif/736f8af249d0499a829b4150935eb0fc5oazoi7rhm7dedmx-83.png referenced from luxury:images/gif/736f8af249d0499a829b4150935eb0fc5oazoi7rhm7dedmx-83.png
[13:18:40] [Render thread/WARN] (net.minecraft.client.texture.TextureManager) Missing resource luxury:images/gif/736f8af249d0499a829b4150935eb0fc5oazoi7rhm7dedmx-84.png referenced from luxury:images/gif/736f8af249d0499a829b4150935eb0fc5oazoi7rhm7dedmx-84.png
[13:18:40] [Render thread/WARN] (net.minecraft.client.texture.TextureManager) Missing resource luxury:images/gif/736f8af249d0499a829b4150935eb0fc5oazoi7rhm7dedmx-85.png referenced from luxury:images/gif/736f8af249d0499a829b4150935eb0fc5oazoi7rhm7dedmx-85.png
[13:18:40] [Render thread/WARN] (net.minecraft.client.texture.TextureManager) Missing resource luxury:images/gif/736f8af249d0499a829b4150935eb0fc5oazoi7rhm7dedmx-86.png referenced from luxury:images/gif/736f8af249d0499a829b4150935eb0fc5oazoi7rhm7dedmx-86.png
[13:18:40] [Render thread/WARN] (net.minecraft.client.texture.TextureManager) Missing resource luxury:images/gif/736f8af249d0499a829b4150935eb0fc5oazoi7rhm7dedmx-87.png referenced from luxury:images/gif/736f8af249d0499a829b4150935eb0fc5oazoi7rhm7dedmx-87.png
[13:18:40] [Render thread/WARN] (net.minecraft.client.texture.TextureManager) Missing resource luxury:images/gif/736f8af249d0499a829b4150935eb0fc5oazoi7rhm7dedmx-88.png referenced from luxury:images/gif/736f8af249d0499a829b4150935eb0fc5oazoi7rhm7dedmx-88.png
[13:18:40] [Render thread/WARN] (net.minecraft.client.texture.TextureManager) Missing resource luxury:images/gif/736f8af249d0499a829b4150935eb0fc5oazoi7rhm7dedmx-89.png referenced from luxury:images/gif/736f8af249d0499a829b4150935eb0fc5oazoi7rhm7dedmx-89.png
[13:18:40] [Render thread/WARN] (net.minecraft.client.texture.TextureManager) Missing resource luxury:images/gif/736f8af249d0499a829b4150935eb0fc5oazoi7rhm7dedmx-90.png referenced from luxury:images/gif/736f8af249d0499a829b4150935eb0fc5oazoi7rhm7dedmx-90.png
[13:18:40] [Render thread/WARN] (net.minecraft.client.texture.TextureManager) Missing resource luxury:images/gif/736f8af249d0499a829b4150935eb0fc5oazoi7rhm7dedmx-91.png referenced from luxury:images/gif/736f8af249d0499a829b4150935eb0fc5oazoi7rhm7dedmx-91.png
[13:18:40] [Render thread/WARN] (net.minecraft.client.texture.TextureManager) Missing resource luxury:images/gif/736f8af249d0499a829b4150935eb0fc5oazoi7rhm7dedmx-92.png referenced from luxury:images/gif/736f8af249d0499a829b4150935eb0fc5oazoi7rhm7dedmx-92.png
[13:18:40] [Render thread/WARN] (net.minecraft.client.texture.TextureManager) Missing resource luxury:images/gif/736f8af249d0499a829b4150935eb0fc5oazoi7rhm7dedmx-93.png referenced from luxury:images/gif/736f8af249d0499a829b4150935eb0fc5oazoi7rhm7dedmx-93.png
[13:18:40] [Render thread/WARN] (net.minecraft.client.texture.TextureManager) Missing resource luxury:images/gif/736f8af249d0499a829b4150935eb0fc5oazoi7rhm7dedmx-94.png referenced from luxury:images/gif/736f8af249d0499a829b4150935eb0fc5oazoi7rhm7dedmx-94.png
[13:18:40] [Render thread/WARN] (net.minecraft.client.texture.TextureManager) Missing resource luxury:images/gif/736f8af249d0499a829b4150935eb0fc5oazoi7rhm7dedmx-95.png referenced from luxury:images/gif/736f8af249d0499a829b4150935eb0fc5oazoi7rhm7dedmx-95.png
[13:18:40] [Render thread/WARN] (net.minecraft.client.texture.TextureManager) Missing resource luxury:images/gif/736f8af249d0499a829b4150935eb0fc5oazoi7rhm7dedmx-96.png referenced from luxury:images/gif/736f8af249d0499a829b4150935eb0fc5oazoi7rhm7dedmx-96.png
[13:18:40] [Render thread/WARN] (net.minecraft.client.texture.TextureManager) Missing resource luxury:images/gif/736f8af249d0499a829b4150935eb0fc5oazoi7rhm7dedmx-97.png referenced from luxury:images/gif/736f8af249d0499a829b4150935eb0fc5oazoi7rhm7dedmx-97.png
[13:18:40] [Render thread/WARN] (net.minecraft.client.texture.TextureManager) Missing resource luxury:images/gif/736f8af249d0499a829b4150935eb0fc5oazoi7rhm7dedmx-98.png referenced from luxury:images/gif/736f8af249d0499a829b4150935eb0fc5oazoi7rhm7dedmx-98.png
[13:18:40] [Render thread/WARN] (net.minecraft.client.texture.TextureManager) Missing resource luxury:images/gif/736f8af249d0499a829b4150935eb0fc5oazoi7rhm7dedmx-99.png referenced from luxury:images/gif/736f8af249d0499a829b4150935eb0fc5oazoi7rhm7dedmx-99.png
[13:18:40] [Render thread/WARN] (net.minecraft.client.texture.TextureManager) Missing resource luxury:images/gif/736f8af249d0499a829b4150935eb0fc5oazoi7rhm7dedmx-100.png referenced from luxury:images/gif/736f8af249d0499a829b4150935eb0fc5oazoi7rhm7dedmx-100.png
[13:18:40] [Render thread/WARN] (net.minecraft.client.texture.TextureManager) Missing resource luxury:images/gif/736f8af249d0499a829b4150935eb0fc5oazoi7rhm7dedmx-101.png referenced from luxury:images/gif/736f8af249d0499a829b4150935eb0fc5oazoi7rhm7dedmx-101.png
[13:18:40] [Render thread/WARN] (net.minecraft.client.texture.TextureManager) Missing resource luxury:images/gif/736f8af249d0499a829b4150935eb0fc5oazoi7rhm7dedmx-102.png referenced from luxury:images/gif/736f8af249d0499a829b4150935eb0fc5oazoi7rhm7dedmx-102.png
[13:18:40] [Render thread/WARN] (net.minecraft.client.texture.TextureManager) Missing resource luxury:images/gif/736f8af249d0499a829b4150935eb0fc5oazoi7rhm7dedmx-103.png referenced from luxury:images/gif/736f8af249d0499a829b4150935eb0fc5oazoi7rhm7dedmx-103.png
[13:18:40] [Render thread/WARN] (net.minecraft.client.texture.TextureManager) Missing resource luxury:images/gif/736f8af249d0499a829b4150935eb0fc5oazoi7rhm7dedmx-104.png referenced from luxury:images/gif/736f8af249d0499a829b4150935eb0fc5oazoi7rhm7dedmx-104.png
[13:18:40] [Render thread/WARN] (net.minecraft.client.texture.TextureManager) Missing resource luxury:images/gif/736f8af249d0499a829b4150935eb0fc5oazoi7rhm7dedmx-105.png referenced from luxury:images/gif/736f8af249d0499a829b4150935eb0fc5oazoi7rhm7dedmx-105.png
[13:18:40] [Render thread/WARN] (net.minecraft.client.texture.TextureManager) Missing resource luxury:images/gif/736f8af249d0499a829b4150935eb0fc5oazoi7rhm7dedmx-106.png referenced from luxury:images/gif/736f8af249d0499a829b4150935eb0fc5oazoi7rhm7dedmx-106.png
[13:18:40] [Render thread/WARN] (net.minecraft.client.texture.TextureManager) Missing resource luxury:images/gif/736f8af249d0499a829b4150935eb0fc5oazoi7rhm7dedmx-107.png referenced from luxury:images/gif/736f8af249d0499a829b4150935eb0fc5oazoi7rhm7dedmx-107.png
[13:18:40] [Render thread/WARN] (net.minecraft.client.texture.TextureManager) Missing resource luxury:images/gif/736f8af249d0499a829b4150935eb0fc5oazoi7rhm7dedmx-108.png referenced from luxury:images/gif/736f8af249d0499a829b4150935eb0fc5oazoi7rhm7dedmx-108.png
[13:18:41] [Render thread/WARN] (net.minecraft.client.texture.TextureManager) Missing resource luxury:images/gif/736f8af249d0499a829b4150935eb0fc5oazoi7rhm7dedmx-109.png referenced from luxury:images/gif/736f8af249d0499a829b4150935eb0fc5oazoi7rhm7dedmx-109.png
[13:18:41] [Render thread/WARN] (net.minecraft.client.texture.TextureManager) Missing resource luxury:images/gif/736f8af249d0499a829b4150935eb0fc5oazoi7rhm7dedmx-110.png referenced from luxury:images/gif/736f8af249d0499a829b4150935eb0fc5oazoi7rhm7dedmx-110.png
[13:18:41] [Render thread/WARN] (net.minecraft.client.texture.TextureManager) Missing resource luxury:images/gif/736f8af249d0499a829b4150935eb0fc5oazoi7rhm7dedmx-111.png referenced from luxury:images/gif/736f8af249d0499a829b4150935eb0fc5oazoi7rhm7dedmx-111.png
[13:18:41] [Render thread/WARN] (net.minecraft.client.texture.TextureManager) Missing resource luxury:images/gif/736f8af249d0499a829b4150935eb0fc5oazoi7rhm7dedmx-112.png referenced from luxury:images/gif/736f8af249d0499a829b4150935eb0fc5oazoi7rhm7dedmx-112.png
[13:18:41] [Render thread/WARN] (net.minecraft.client.texture.TextureManager) Missing resource luxury:images/gif/736f8af249d0499a829b4150935eb0fc5oazoi7rhm7dedmx-113.png referenced from luxury:images/gif/736f8af249d0499a829b4150935eb0fc5oazoi7rhm7dedmx-113.png
[13:18:41] [Render thread/WARN] (net.minecraft.client.texture.TextureManager) Missing resource luxury:images/gif/736f8af249d0499a829b4150935eb0fc5oazoi7rhm7dedmx-114.png referenced from luxury:images/gif/736f8af249d0499a829b4150935eb0fc5oazoi7rhm7dedmx-114.png
[13:18:41] [Render thread/WARN] (net.minecraft.client.texture.TextureManager) Missing resource luxury:images/gif/736f8af249d0499a829b4150935eb0fc5oazoi7rhm7dedmx-115.png referenced from luxury:images/gif/736f8af249d0499a829b4150935eb0fc5oazoi7rhm7dedmx-115.png
[13:18:41] [Render thread/WARN] (net.minecraft.client.texture.TextureManager) Missing resource luxury:images/gif/736f8af249d0499a829b4150935eb0fc5oazoi7rhm7dedmx-116.png referenced from luxury:images/gif/736f8af249d0499a829b4150935eb0fc5oazoi7rhm7dedmx-116.png
[13:18:41] [Render thread/WARN] (net.minecraft.client.texture.TextureManager) Missing resource luxury:images/gif/736f8af249d0499a829b4150935eb0fc5oazoi7rhm7dedmx-117.png referenced from luxury:images/gif/736f8af249d0499a829b4150935eb0fc5oazoi7rhm7dedmx-117.png
[13:18:41] [Render thread/WARN] (net.minecraft.client.texture.TextureManager) Missing resource luxury:images/gif/736f8af249d0499a829b4150935eb0fc5oazoi7rhm7dedmx-118.png referenced from luxury:images/gif/736f8af249d0499a829b4150935eb0fc5oazoi7rhm7dedmx-118.png
[13:18:41] [Render thread/WARN] (net.minecraft.client.texture.TextureManager) Missing resource luxury:images/gif/736f8af249d0499a829b4150935eb0fc5oazoi7rhm7dedmx-119.png referenced from luxury:images/gif/736f8af249d0499a829b4150935eb0fc5oazoi7rhm7dedmx-119.png
[13:18:41] [Render thread/WARN] (net.minecraft.client.texture.TextureManager) Missing resource luxury:images/gif/736f8af249d0499a829b4150935eb0fc5oazoi7rhm7dedmx-120.png referenced from luxury:images/gif/736f8af249d0499a829b4150935eb0fc5oazoi7rhm7dedmx-120.png
[13:18:41] [Render thread/WARN] (net.minecraft.client.texture.TextureManager) Missing resource luxury:images/gif/736f8af249d0499a829b4150935eb0fc5oazoi7rhm7dedmx-121.png referenced from luxury:images/gif/736f8af249d0499a829b4150935eb0fc5oazoi7rhm7dedmx-121.png
[13:18:41] [Render thread/WARN] (net.minecraft.client.texture.TextureManager) Missing resource luxury:images/gif/736f8af249d0499a829b4150935eb0fc5oazoi7rhm7dedmx-122.png referenced from luxury:images/gif/736f8af249d0499a829b4150935eb0fc5oazoi7rhm7dedmx-122.png
[13:18:41] [Render thread/WARN] (net.minecraft.client.texture.TextureManager) Missing resource luxury:images/gif/736f8af249d0499a829b4150935eb0fc5oazoi7rhm7dedmx-123.png referenced from luxury:images/gif/736f8af249d0499a829b4150935eb0fc5oazoi7rhm7dedmx-123.png
[13:18:41] [Render thread/WARN] (net.minecraft.client.texture.TextureManager) Missing resource luxury:images/gif/736f8af249d0499a829b4150935eb0fc5oazoi7rhm7dedmx-124.png referenced from luxury:images/gif/736f8af249d0499a829b4150935eb0fc5oazoi7rhm7dedmx-124.png
[13:18:41] [Render thread/WARN] (net.minecraft.client.texture.TextureManager) Missing resource luxury:images/gif/736f8af249d0499a829b4150935eb0fc5oazoi7rhm7dedmx-125.png referenced from luxury:images/gif/736f8af249d0499a829b4150935eb0fc5oazoi7rhm7dedmx-125.png
[13:18:41] [Render thread/WARN] (net.minecraft.client.texture.TextureManager) Missing resource luxury:images/gif/736f8af249d0499a829b4150935eb0fc5oazoi7rhm7dedmx-126.png referenced from luxury:images/gif/736f8af249d0499a829b4150935eb0fc5oazoi7rhm7dedmx-126.png
[13:18:41] [Render thread/WARN] (net.minecraft.client.texture.TextureManager) Missing resource luxury:images/gif/736f8af249d0499a829b4150935eb0fc5oazoi7rhm7dedmx-127.png referenced from luxury:images/gif/736f8af249d0499a829b4150935eb0fc5oazoi7rhm7dedmx-127.png
[13:18:41] [Render thread/WARN] (net.minecraft.client.texture.TextureManager) Missing resource luxury:images/gif/736f8af249d0499a829b4150935eb0fc5oazoi7rhm7dedmx-128.png referenced from luxury:images/gif/736f8af249d0499a829b4150935eb0fc5oazoi7rhm7dedmx-128.png
[13:18:41] [Render thread/WARN] (net.minecraft.client.texture.TextureManager) Missing resource luxury:images/gif/736f8af249d0499a829b4150935eb0fc5oazoi7rhm7dedmx-129.png referenced from luxury:images/gif/736f8af249d0499a829b4150935eb0fc5oazoi7rhm7dedmx-129.png
[13:18:41] [Render thread/WARN] (net.minecraft.client.texture.TextureManager) Missing resource luxury:images/gif/736f8af249d0499a829b4150935eb0fc5oazoi7rhm7dedmx-130.png referenced from luxury:images/gif/736f8af249d0499a829b4150935eb0fc5oazoi7rhm7dedmx-130.png
[13:18:41] [Render thread/WARN] (net.minecraft.client.texture.TextureManager) Missing resource luxury:images/gif/736f8af249d0499a829b4150935eb0fc5oazoi7rhm7dedmx-131.png referenced from luxury:images/gif/736f8af249d0499a829b4150935eb0fc5oazoi7rhm7dedmx-131.png
[13:18:41] [Render thread/WARN] (net.minecraft.client.texture.TextureManager) Missing resource luxury:images/gif/736f8af249d0499a829b4150935eb0fc5oazoi7rhm7dedmx-132.png referenced from luxury:images/gif/736f8af249d0499a829b4150935eb0fc5oazoi7rhm7dedmx-132.png
[13:18:41] [Render thread/WARN] (net.minecraft.client.texture.TextureManager) Missing resource luxury:images/gif/736f8af249d0499a829b4150935eb0fc5oazoi7rhm7dedmx-133.png referenced from luxury:images/gif/736f8af249d0499a829b4150935eb0fc5oazoi7rhm7dedmx-133.png
[13:18:41] [Render thread/WARN] (net.minecraft.client.texture.TextureManager) Missing resource luxury:images/gif/736f8af249d0499a829b4150935eb0fc5oazoi7rhm7dedmx-134.png referenced from luxury:images/gif/736f8af249d0499a829b4150935eb0fc5oazoi7rhm7dedmx-134.png
[13:18:41] [Render thread/WARN] (net.minecraft.client.texture.TextureManager) Missing resource luxury:images/gif/736f8af249d0499a829b4150935eb0fc5oazoi7rhm7dedmx-135.png referenced from luxury:images/gif/736f8af249d0499a829b4150935eb0fc5oazoi7rhm7dedmx-135.png
[13:18:41] [Render thread/WARN] (net.minecraft.client.texture.TextureManager) Missing resource luxury:images/gif/736f8af249d0499a829b4150935eb0fc5oazoi7rhm7dedmx-136.png referenced from luxury:images/gif/736f8af249d0499a829b4150935eb0fc5oazoi7rhm7dedmx-136.png
[13:18:41] [Render thread/WARN] (net.minecraft.client.texture.TextureManager) Missing resource luxury:images/gif/736f8af249d0499a829b4150935eb0fc5oazoi7rhm7dedmx-137.png referenced from luxury:images/gif/736f8af249d0499a829b4150935eb0fc5oazoi7rhm7dedmx-137.png
[13:18:41] [Render thread/WARN] (net.minecraft.client.texture.TextureManager) Missing resource luxury:images/gif/736f8af249d0499a829b4150935eb0fc5oazoi7rhm7dedmx-138.png referenced from luxury:images/gif/736f8af249d0499a829b4150935eb0fc5oazoi7rhm7dedmx-138.png
[13:18:41] [Render thread/WARN] (net.minecraft.client.texture.TextureManager) Missing resource luxury:images/gif/736f8af249d0499a829b4150935eb0fc5oazoi7rhm7dedmx-139.png referenced from luxury:images/gif/736f8af249d0499a829b4150935eb0fc5oazoi7rhm7dedmx-139.png
[13:18:41] [Render thread/WARN] (net.minecraft.client.texture.TextureManager) Missing resource luxury:images/gif/736f8af249d0499a829b4150935eb0fc5oazoi7rhm7dedmx-140.png referenced from luxury:images/gif/736f8af249d0499a829b4150935eb0fc5oazoi7rhm7dedmx-140.png
[13:18:41] [Render thread/WARN] (net.minecraft.client.texture.TextureManager) Missing resource luxury:images/gif/736f8af249d0499a829b4150935eb0fc5oazoi7rhm7dedmx-141.png referenced from luxury:images/gif/736f8af249d0499a829b4150935eb0fc5oazoi7rhm7dedmx-141.png
[13:18:41] [Render thread/WARN] (net.minecraft.client.texture.TextureManager) Missing resource luxury:images/gif/736f8af249d0499a829b4150935eb0fc5oazoi7rhm7dedmx-142.png referenced from luxury:images/gif/736f8af249d0499a829b4150935eb0fc5oazoi7rhm7dedmx-142.png
[13:18:41] [Render thread/WARN] (net.minecraft.client.texture.TextureManager) Missing resource luxury:images/gif/736f8af249d0499a829b4150935eb0fc5oazoi7rhm7dedmx-143.png referenced from luxury:images/gif/736f8af249d0499a829b4150935eb0fc5oazoi7rhm7dedmx-143.png
[13:18:41] [Render thread/WARN] (net.minecraft.client.texture.TextureManager) Missing resource luxury:images/gif/736f8af249d0499a829b4150935eb0fc5oazoi7rhm7dedmx-144.png referenced from luxury:images/gif/736f8af249d0499a829b4150935eb0fc5oazoi7rhm7dedmx-144.png
[13:18:41] [Render thread/WARN] (net.minecraft.client.texture.TextureManager) Missing resource luxury:images/gif/736f8af249d0499a829b4150935eb0fc5oazoi7rhm7dedmx-145.png referenced from luxury:images/gif/736f8af249d0499a829b4150935eb0fc5oazoi7rhm7dedmx-145.png
[13:18:41] [Render thread/WARN] (net.minecraft.client.texture.TextureManager) Missing resource luxury:images/gif/736f8af249d0499a829b4150935eb0fc5oazoi7rhm7dedmx-146.png referenced from luxury:images/gif/736f8af249d0499a829b4150935eb0fc5oazoi7rhm7dedmx-146.png
[13:18:41] [Render thread/WARN] (net.minecraft.client.texture.TextureManager) Missing resource luxury:images/gif/736f8af249d0499a829b4150935eb0fc5oazoi7rhm7dedmx-147.png referenced from luxury:images/gif/736f8af249d0499a829b4150935eb0fc5oazoi7rhm7dedmx-147.png
[13:18:41] [Render thread/WARN] (net.minecraft.client.texture.TextureManager) Missing resource luxury:images/gif/736f8af249d0499a829b4150935eb0fc5oazoi7rhm7dedmx-148.png referenced from luxury:images/gif/736f8af249d0499a829b4150935eb0fc5oazoi7rhm7dedmx-148.png
[13:18:41] [Render thread/WARN] (net.minecraft.client.texture.TextureManager) Missing resource luxury:images/gif/736f8af249d0499a829b4150935eb0fc5oazoi7rhm7dedmx-149.png referenced from luxury:images/gif/736f8af249d0499a829b4150935eb0fc5oazoi7rhm7dedmx-149.png
[13:18:41] [Render thread/WARN] (net.minecraft.client.texture.TextureManager) Missing resource luxury:images/gif/736f8af249d0499a829b4150935eb0fc5oazoi7rhm7dedmx-150.png referenced from luxury:images/gif/736f8af249d0499a829b4150935eb0fc5oazoi7rhm7dedmx-150.png
[13:18:41] [Render thread/WARN] (net.minecraft.client.texture.TextureManager) Missing resource luxury:images/gif/736f8af249d0499a829b4150935eb0fc5oazoi7rhm7dedmx-151.png referenced from luxury:images/gif/736f8af249d0499a829b4150935eb0fc5oazoi7rhm7dedmx-151.png
[13:18:41] [Render thread/WARN] (net.minecraft.client.texture.TextureManager) Missing resource luxury:images/gif/736f8af249d0499a829b4150935eb0fc5oazoi7rhm7dedmx-152.png referenced from luxury:images/gif/736f8af249d0499a829b4150935eb0fc5oazoi7rhm7dedmx-152.png
[13:18:41] [Render thread/WARN] (net.minecraft.client.texture.TextureManager) Missing resource luxury:images/gif/736f8af249d0499a829b4150935eb0fc5oazoi7rhm7dedmx-153.png referenced from luxury:images/gif/736f8af249d0499a829b4150935eb0fc5oazoi7rhm7dedmx-153.png
[13:18:41] [Render thread/WARN] (net.minecraft.client.texture.TextureManager) Missing resource luxury:images/gif/736f8af249d0499a829b4150935eb0fc5oazoi7rhm7dedmx-154.png referenced from luxury:images/gif/736f8af249d0499a829b4150935eb0fc5oazoi7rhm7dedmx-154.png
[13:18:41] [Render thread/WARN] (net.minecraft.client.texture.TextureManager) Missing resource luxury:images/gif/736f8af249d0499a829b4150935eb0fc5oazoi7rhm7dedmx-155.png referenced from luxury:images/gif/736f8af249d0499a829b4150935eb0fc5oazoi7rhm7dedmx-155.png
[13:18:41] [Render thread/WARN] (net.minecraft.client.texture.TextureManager) Missing resource luxury:images/gif/736f8af249d0499a829b4150935eb0fc5oazoi7rhm7dedmx-156.png referenced from luxury:images/gif/736f8af249d0499a829b4150935eb0fc5oazoi7rhm7dedmx-156.png
[13:18:41] [Render thread/WARN] (net.minecraft.client.texture.TextureManager) Missing resource luxury:images/gif/736f8af249d0499a829b4150935eb0fc5oazoi7rhm7dedmx-157.png referenced from luxury:images/gif/736f8af249d0499a829b4150935eb0fc5oazoi7rhm7dedmx-157.png
[13:18:41] [Render thread/WARN] (net.minecraft.client.texture.TextureManager) Missing resource luxury:images/gif/736f8af249d0499a829b4150935eb0fc5oazoi7rhm7dedmx-158.png referenced from luxury:images/gif/736f8af249d0499a829b4150935eb0fc5oazoi7rhm7dedmx-158.png
[13:18:41] [Render thread/WARN] (net.minecraft.client.texture.TextureManager) Missing resource luxury:images/gif/736f8af249d0499a829b4150935eb0fc5oazoi7rhm7dedmx-159.png referenced from luxury:images/gif/736f8af249d0499a829b4150935eb0fc5oazoi7rhm7dedmx-159.png
[13:18:41] [Render thread/WARN] (net.minecraft.client.texture.TextureManager) Missing resource luxury:images/gif/736f8af249d0499a829b4150935eb0fc5oazoi7rhm7dedmx-160.png referenced from luxury:images/gif/736f8af249d0499a829b4150935eb0fc5oazoi7rhm7dedmx-160.png
[13:18:41] [Render thread/WARN] (net.minecraft.client.texture.TextureManager) Missing resource luxury:images/gif/736f8af249d0499a829b4150935eb0fc5oazoi7rhm7dedmx-161.png referenced from luxury:images/gif/736f8af249d0499a829b4150935eb0fc5oazoi7rhm7dedmx-161.png
[13:18:41] [Render thread/WARN] (net.minecraft.client.texture.TextureManager) Missing resource luxury:images/gif/736f8af249d0499a829b4150935eb0fc5oazoi7rhm7dedmx-162.png referenced from luxury:images/gif/736f8af249d0499a829b4150935eb0fc5oazoi7rhm7dedmx-162.png
[13:18:41] [Render thread/WARN] (net.minecraft.client.texture.TextureManager) Missing resource luxury:images/gif/736f8af249d0499a829b4150935eb0fc5oazoi7rhm7dedmx-163.png referenced from luxury:images/gif/736f8af249d0499a829b4150935eb0fc5oazoi7rhm7dedmx-163.png
[13:18:42] [Render thread/WARN] (net.minecraft.client.texture.TextureManager) Missing resource luxury:images/gif/736f8af249d0499a829b4150935eb0fc5oazoi7rhm7dedmx-164.png referenced from luxury:images/gif/736f8af249d0499a829b4150935eb0fc5oazoi7rhm7dedmx-164.png
[13:18:42] [Render thread/WARN] (net.minecraft.client.texture.TextureManager) Missing resource luxury:images/gif/736f8af249d0499a829b4150935eb0fc5oazoi7rhm7dedmx-165.png referenced from luxury:images/gif/736f8af249d0499a829b4150935eb0fc5oazoi7rhm7dedmx-165.png
[13:18:42] [Render thread/WARN] (net.minecraft.client.texture.TextureManager) Missing resource luxury:images/gif/736f8af249d0499a829b4150935eb0fc5oazoi7rhm7dedmx-166.png referenced from luxury:images/gif/736f8af249d0499a829b4150935eb0fc5oazoi7rhm7dedmx-166.png
[13:18:42] [Render thread/WARN] (net.minecraft.client.texture.TextureManager) Missing resource luxury:images/gif/736f8af249d0499a829b4150935eb0fc5oazoi7rhm7dedmx-167.png referenced from luxury:images/gif/736f8af249d0499a829b4150935eb0fc5oazoi7rhm7dedmx-167.png
[13:18:42] [Render thread/WARN] (net.minecraft.client.texture.TextureManager) Missing resource luxury:images/gif/736f8af249d0499a829b4150935eb0fc5oazoi7rhm7dedmx-168.png referenced from luxury:images/gif/736f8af249d0499a829b4150935eb0fc5oazoi7rhm7dedmx-168.png
[13:18:42] [Render thread/WARN] (net.minecraft.client.texture.TextureManager) Missing resource luxury:images/gif/736f8af249d0499a829b4150935eb0fc5oazoi7rhm7dedmx-169.png referenced from luxury:images/gif/736f8af249d0499a829b4150935eb0fc5oazoi7rhm7dedmx-169.png
[13:18:42] [Render thread/WARN] (net.minecraft.client.texture.TextureManager) Missing resource luxury:images/gif/736f8af249d0499a829b4150935eb0fc5oazoi7rhm7dedmx-170.png referenced from luxury:images/gif/736f8af249d0499a829b4150935eb0fc5oazoi7rhm7dedmx-170.png
[13:18:42] [Render thread/WARN] (net.minecraft.client.texture.TextureManager) Missing resource luxury:images/gif/736f8af249d0499a829b4150935eb0fc5oazoi7rhm7dedmx-171.png referenced from luxury:images/gif/736f8af249d0499a829b4150935eb0fc5oazoi7rhm7dedmx-171.png
[13:18:42] [Render thread/WARN] (net.minecraft.client.texture.TextureManager) Missing resource luxury:images/gif/736f8af249d0499a829b4150935eb0fc5oazoi7rhm7dedmx-172.png referenced from luxury:images/gif/736f8af249d0499a829b4150935eb0fc5oazoi7rhm7dedmx-172.png
[13:18:42] [Render thread/WARN] (net.minecraft.client.texture.TextureManager) Missing resource luxury:images/gif/736f8af249d0499a829b4150935eb0fc5oazoi7rhm7dedmx-173.png referenced from luxury:images/gif/736f8af249d0499a829b4150935eb0fc5oazoi7rhm7dedmx-173.png
[13:18:42] [Render thread/WARN] (net.minecraft.client.texture.TextureManager) Missing resource luxury:images/gif/736f8af249d0499a829b4150935eb0fc5oazoi7rhm7dedmx-174.png referenced from luxury:images/gif/736f8af249d0499a829b4150935eb0fc5oazoi7rhm7dedmx-174.png
[13:18:42] [Render thread/WARN] (net.minecraft.client.texture.TextureManager) Missing resource luxury:images/gif/736f8af249d0499a829b4150935eb0fc5oazoi7rhm7dedmx-175.png referenced from luxury:images/gif/736f8af249d0499a829b4150935eb0fc5oazoi7rhm7dedmx-175.png
[13:18:42] [Render thread/WARN] (net.minecraft.client.texture.TextureManager) Missing resource luxury:images/gif/736f8af249d0499a829b4150935eb0fc5oazoi7rhm7dedmx-176.png referenced from luxury:images/gif/736f8af249d0499a829b4150935eb0fc5oazoi7rhm7dedmx-176.png
[13:18:42] [Render thread/WARN] (net.minecraft.client.texture.TextureManager) Missing resource luxury:images/gif/736f8af249d0499a829b4150935eb0fc5oazoi7rhm7dedmx-177.png referenced from luxury:images/gif/736f8af249d0499a829b4150935eb0fc5oazoi7rhm7dedmx-177.png
[13:18:42] [Render thread/WARN] (net.minecraft.client.texture.TextureManager) Missing resource luxury:images/gif/736f8af249d0499a829b4150935eb0fc5oazoi7rhm7dedmx-178.png referenced from luxury:images/gif/736f8af249d0499a829b4150935eb0fc5oazoi7rhm7dedmx-178.png
[13:18:42] [Render thread/WARN] (net.minecraft.client.texture.TextureManager) Missing resource luxury:images/gif/736f8af249d0499a829b4150935eb0fc5oazoi7rhm7dedmx-179.png referenced from luxury:images/gif/736f8af249d0499a829b4150935eb0fc5oazoi7rhm7dedmx-179.png
[13:18:42] [Render thread/WARN] (net.minecraft.client.texture.TextureManager) Missing resource luxury:images/gif/736f8af249d0499a829b4150935eb0fc5oazoi7rhm7dedmx-180.png referenced from luxury:images/gif/736f8af249d0499a829b4150935eb0fc5oazoi7rhm7dedmx-180.png
[13:18:42] [Render thread/WARN] (net.minecraft.client.texture.TextureManager) Missing resource luxury:images/gif/736f8af249d0499a829b4150935eb0fc5oazoi7rhm7dedmx-181.png referenced from luxury:images/gif/736f8af249d0499a829b4150935eb0fc5oazoi7rhm7dedmx-181.png
[13:18:42] [Render thread/WARN] (net.minecraft.client.texture.TextureManager) Missing resource luxury:images/gif/736f8af249d0499a829b4150935eb0fc5oazoi7rhm7dedmx-182.png referenced from luxury:images/gif/736f8af249d0499a829b4150935eb0fc5oazoi7rhm7dedmx-182.png
[13:18:42] [Render thread/WARN] (net.minecraft.client.texture.TextureManager) Missing resource luxury:images/gif/736f8af249d0499a829b4150935eb0fc5oazoi7rhm7dedmx-183.png referenced from luxury:images/gif/736f8af249d0499a829b4150935eb0fc5oazoi7rhm7dedmx-183.png
[13:18:42] [Render thread/WARN] (net.minecraft.client.texture.TextureManager) Missing resource luxury:images/gif/736f8af249d0499a829b4150935eb0fc5oazoi7rhm7dedmx-184.png referenced from luxury:images/gif/736f8af249d0499a829b4150935eb0fc5oazoi7rhm7dedmx-184.png
[13:18:42] [Render thread/WARN] (net.minecraft.client.texture.TextureManager) Missing resource luxury:images/gif/736f8af249d0499a829b4150935eb0fc5oazoi7rhm7dedmx-185.png referenced from luxury:images/gif/736f8af249d0499a829b4150935eb0fc5oazoi7rhm7dedmx-185.png
[13:18:42] [Render thread/WARN] (net.minecraft.client.texture.TextureManager) Missing resource luxury:images/gif/736f8af249d0499a829b4150935eb0fc5oazoi7rhm7dedmx-186.png referenced from luxury:images/gif/736f8af249d0499a829b4150935eb0fc5oazoi7rhm7dedmx-186.png
[13:18:42] [Render thread/WARN] (net.minecraft.client.texture.TextureManager) Missing resource luxury:images/gif/736f8af249d0499a829b4150935eb0fc5oazoi7rhm7dedmx-187.png referenced from luxury:images/gif/736f8af249d0499a829b4150935eb0fc5oazoi7rhm7dedmx-187.png
[13:18:42] [Render thread/WARN] (net.minecraft.client.texture.TextureManager) Missing resource luxury:images/gif/736f8af249d0499a829b4150935eb0fc5oazoi7rhm7dedmx-188.png referenced from luxury:images/gif/736f8af249d0499a829b4150935eb0fc5oazoi7rhm7dedmx-188.png
[13:18:42] [Render thread/WARN] (net.minecraft.client.texture.TextureManager) Missing resource luxury:images/gif/736f8af249d0499a829b4150935eb0fc5oazoi7rhm7dedmx-189.png referenced from luxury:images/gif/736f8af249d0499a829b4150935eb0fc5oazoi7rhm7dedmx-189.png
[13:18:42] [Render thread/WARN] (net.minecraft.client.texture.TextureManager) Missing resource luxury:images/gif/736f8af249d0499a829b4150935eb0fc5oazoi7rhm7dedmx-190.png referenced from luxury:images/gif/736f8af249d0499a829b4150935eb0fc5oazoi7rhm7dedmx-190.png
[13:18:42] [Render thread/WARN] (net.minecraft.client.texture.TextureManager) Missing resource luxury:images/gif/736f8af249d0499a829b4150935eb0fc5oazoi7rhm7dedmx-191.png referenced from luxury:images/gif/736f8af249d0499a829b4150935eb0fc5oazoi7rhm7dedmx-191.png
[13:18:42] [Render thread/WARN] (net.minecraft.client.texture.TextureManager) Missing resource luxury:images/gif/736f8af249d0499a829b4150935eb0fc5oazoi7rhm7dedmx-192.png referenced from luxury:images/gif/736f8af249d0499a829b4150935eb0fc5oazoi7rhm7dedmx-192.png
[13:18:42] [Render thread/WARN] (net.minecraft.client.texture.TextureManager) Missing resource luxury:images/gif/736f8af249d0499a829b4150935eb0fc5oazoi7rhm7dedmx-193.png referenced from luxury:images/gif/736f8af249d0499a829b4150935eb0fc5oazoi7rhm7dedmx-193.png
[13:18:42] [Render thread/WARN] (net.minecraft.client.texture.TextureManager) Missing resource luxury:images/gif/736f8af249d0499a829b4150935eb0fc5oazoi7rhm7dedmx-194.png referenced from luxury:images/gif/736f8af249d0499a829b4150935eb0fc5oazoi7rhm7dedmx-194.png
[13:18:42] [Render thread/WARN] (net.minecraft.client.texture.TextureManager) Missing resource luxury:images/gif/736f8af249d0499a829b4150935eb0fc5oazoi7rhm7dedmx-195.png referenced from luxury:images/gif/736f8af249d0499a829b4150935eb0fc5oazoi7rhm7dedmx-195.png
[13:18:42] [Render thread/WARN] (net.minecraft.client.texture.TextureManager) Missing resource luxury:images/gif/736f8af249d0499a829b4150935eb0fc5oazoi7rhm7dedmx-196.png referenced from luxury:images/gif/736f8af249d0499a829b4150935eb0fc5oazoi7rhm7dedmx-196.png
[13:18:42] [Render thread/WARN] (net.minecraft.client.texture.TextureManager) Missing resource luxury:images/gif/736f8af249d0499a829b4150935eb0fc5oazoi7rhm7dedmx-197.png referenced from luxury:images/gif/736f8af249d0499a829b4150935eb0fc5oazoi7rhm7dedmx-197.png
[13:18:42] [Render thread/WARN] (net.minecraft.client.texture.TextureManager) Missing resource luxury:images/gif/736f8af249d0499a829b4150935eb0fc5oazoi7rhm7dedmx-198.png referenced from luxury:images/gif/736f8af249d0499a829b4150935eb0fc5oazoi7rhm7dedmx-198.png
[13:18:42] [Render thread/WARN] (net.minecraft.client.texture.TextureManager) Missing resource luxury:images/gif/736f8af249d0499a829b4150935eb0fc5oazoi7rhm7dedmx-199.png referenced from luxury:images/gif/736f8af249d0499a829b4150935eb0fc5oazoi7rhm7dedmx-199.png
[13:18:42] [Render thread/WARN] (net.minecraft.client.texture.TextureManager) Missing resource luxury:images/gif/736f8af249d0499a829b4150935eb0fc5oazoi7rhm7dedmx-200.png referenced from luxury:images/gif/736f8af249d0499a829b4150935eb0fc5oazoi7rhm7dedmx-200.png
[13:18:42] [Render thread/WARN] (net.minecraft.client.texture.TextureManager) Missing resource luxury:images/gif/736f8af249d0499a829b4150935eb0fc5oazoi7rhm7dedmx-201.png referenced from luxury:images/gif/736f8af249d0499a829b4150935eb0fc5oazoi7rhm7dedmx-201.png
[13:18:42] [Render thread/WARN] (net.minecraft.client.texture.TextureManager) Missing resource luxury:images/gif/736f8af249d0499a829b4150935eb0fc5oazoi7rhm7dedmx-202.png referenced from luxury:images/gif/736f8af249d0499a829b4150935eb0fc5oazoi7rhm7dedmx-202.png
[13:18:42] [Render thread/WARN] (net.minecraft.client.texture.TextureManager) Missing resource luxury:images/gif/736f8af249d0499a829b4150935eb0fc5oazoi7rhm7dedmx-203.png referenced from luxury:images/gif/736f8af249d0499a829b4150935eb0fc5oazoi7rhm7dedmx-203.png
[13:18:42] [Render thread/WARN] (net.minecraft.client.texture.TextureManager) Missing resource luxury:images/gif/736f8af249d0499a829b4150935eb0fc5oazoi7rhm7dedmx-204.png referenced from luxury:images/gif/736f8af249d0499a829b4150935eb0fc5oazoi7rhm7dedmx-204.png
[13:18:42] [Render thread/WARN] (net.minecraft.client.texture.TextureManager) Missing resource luxury:images/gif/736f8af249d0499a829b4150935eb0fc5oazoi7rhm7dedmx-205.png referenced from luxury:images/gif/736f8af249d0499a829b4150935eb0fc5oazoi7rhm7dedmx-205.png
[13:18:42] [Render thread/WARN] (net.minecraft.client.texture.TextureManager) Missing resource luxury:images/gif/736f8af249d0499a829b4150935eb0fc5oazoi7rhm7dedmx-206.png referenced from luxury:images/gif/736f8af249d0499a829b4150935eb0fc5oazoi7rhm7dedmx-206.png
[13:18:42] [Render thread/WARN] (net.minecraft.client.texture.TextureManager) Missing resource luxury:images/gif/736f8af249d0499a829b4150935eb0fc5oazoi7rhm7dedmx-207.png referenced from luxury:images/gif/736f8af249d0499a829b4150935eb0fc5oazoi7rhm7dedmx-207.png
[13:18:42] [Render thread/WARN] (net.minecraft.client.texture.TextureManager) Missing resource luxury:images/gif/736f8af249d0499a829b4150935eb0fc5oazoi7rhm7dedmx-208.png referenced from luxury:images/gif/736f8af249d0499a829b4150935eb0fc5oazoi7rhm7dedmx-208.png
[13:18:42] [Render thread/WARN] (net.minecraft.client.texture.TextureManager) Missing resource luxury:images/gif/736f8af249d0499a829b4150935eb0fc5oazoi7rhm7dedmx-209.png referenced from luxury:images/gif/736f8af249d0499a829b4150935eb0fc5oazoi7rhm7dedmx-209.png
[13:18:42] [Render thread/WARN] (net.minecraft.client.texture.TextureManager) Missing resource luxury:images/gif/736f8af249d0499a829b4150935eb0fc5oazoi7rhm7dedmx-210.png referenced from luxury:images/gif/736f8af249d0499a829b4150935eb0fc5oazoi7rhm7dedmx-210.png
[13:18:42] [Render thread/WARN] (net.minecraft.client.texture.TextureManager) Missing resource luxury:images/gif/736f8af249d0499a829b4150935eb0fc5oazoi7rhm7dedmx-211.png referenced from luxury:images/gif/736f8af249d0499a829b4150935eb0fc5oazoi7rhm7dedmx-211.png
[13:18:42] [Render thread/WARN] (net.minecraft.client.texture.TextureManager) Missing resource luxury:images/gif/736f8af249d0499a829b4150935eb0fc5oazoi7rhm7dedmx-212.png referenced from luxury:images/gif/736f8af249d0499a829b4150935eb0fc5oazoi7rhm7dedmx-212.png
[13:18:42] [Render thread/WARN] (net.minecraft.client.texture.TextureManager) Missing resource luxury:images/gif/736f8af249d0499a829b4150935eb0fc5oazoi7rhm7dedmx-213.png referenced from luxury:images/gif/736f8af249d0499a829b4150935eb0fc5oazoi7rhm7dedmx-213.png
[13:18:42] [Render thread/WARN] (net.minecraft.client.texture.TextureManager) Missing resource luxury:images/gif/736f8af249d0499a829b4150935eb0fc5oazoi7rhm7dedmx-214.png referenced from luxury:images/gif/736f8af249d0499a829b4150935eb0fc5oazoi7rhm7dedmx-214.png
[13:18:42] [Render thread/WARN] (net.minecraft.client.texture.TextureManager) Missing resource luxury:images/gif/736f8af249d0499a829b4150935eb0fc5oazoi7rhm7dedmx-215.png referenced from luxury:images/gif/736f8af249d0499a829b4150935eb0fc5oazoi7rhm7dedmx-215.png
[13:18:42] [Render thread/WARN] (net.minecraft.client.texture.TextureManager) Missing resource luxury:images/gif/736f8af249d0499a829b4150935eb0fc5oazoi7rhm7dedmx-216.png referenced from luxury:images/gif/736f8af249d0499a829b4150935eb0fc5oazoi7rhm7dedmx-216.png
[13:18:42] [Render thread/WARN] (net.minecraft.client.texture.TextureManager) Missing resource luxury:images/gif/736f8af249d0499a829b4150935eb0fc5oazoi7rhm7dedmx-217.png referenced from luxury:images/gif/736f8af249d0499a829b4150935eb0fc5oazoi7rhm7dedmx-217.png
[13:18:43] [Render thread/WARN] (net.minecraft.client.texture.TextureManager) Missing resource luxury:images/gif/736f8af249d0499a829b4150935eb0fc5oazoi7rhm7dedmx-218.png referenced from luxury:images/gif/736f8af249d0499a829b4150935eb0fc5oazoi7rhm7dedmx-218.png
[13:18:43] [Render thread/WARN] (net.minecraft.client.texture.TextureManager) Missing resource luxury:images/gif/736f8af249d0499a829b4150935eb0fc5oazoi7rhm7dedmx-219.png referenced from luxury:images/gif/736f8af249d0499a829b4150935eb0fc5oazoi7rhm7dedmx-219.png
[13:18:43] [Render thread/WARN] (net.minecraft.client.texture.TextureManager) Missing resource luxury:images/gif/736f8af249d0499a829b4150935eb0fc5oazoi7rhm7dedmx-220.png referenced from luxury:images/gif/736f8af249d0499a829b4150935eb0fc5oazoi7rhm7dedmx-220.png
[13:18:43] [Render thread/WARN] (net.minecraft.client.texture.TextureManager) Missing resource luxury:images/gif/736f8af249d0499a829b4150935eb0fc5oazoi7rhm7dedmx-221.png referenced from luxury:images/gif/736f8af249d0499a829b4150935eb0fc5oazoi7rhm7dedmx-221.png
[13:18:43] [Render thread/WARN] (net.minecraft.client.texture.TextureManager) Missing resource luxury:images/gif/736f8af249d0499a829b4150935eb0fc5oazoi7rhm7dedmx-222.png referenced from luxury:images/gif/736f8af249d0499a829b4150935eb0fc5oazoi7rhm7dedmx-222.png
[13:18:43] [Render thread/WARN] (net.minecraft.client.texture.TextureManager) Missing resource luxury:images/gif/736f8af249d0499a829b4150935eb0fc5oazoi7rhm7dedmx-223.png referenced from luxury:images/gif/736f8af249d0499a829b4150935eb0fc5oazoi7rhm7dedmx-223.png
[13:18:43] [Render thread/WARN] (net.minecraft.client.texture.TextureManager) Missing resource luxury:images/gif/736f8af249d0499a829b4150935eb0fc5oazoi7rhm7dedmx-224.png referenced from luxury:images/gif/736f8af249d0499a829b4150935eb0fc5oazoi7rhm7dedmx-224.png
[13:18:43] [Render thread/WARN] (net.minecraft.client.texture.TextureManager) Missing resource luxury:images/gif/736f8af249d0499a829b4150935eb0fc5oazoi7rhm7dedmx-225.png referenced from luxury:images/gif/736f8af249d0499a829b4150935eb0fc5oazoi7rhm7dedmx-225.png
[13:18:43] [Render thread/WARN] (net.minecraft.client.texture.TextureManager) Missing resource luxury:images/gif/736f8af249d0499a829b4150935eb0fc5oazoi7rhm7dedmx-226.png referenced from luxury:images/gif/736f8af249d0499a829b4150935eb0fc5oazoi7rhm7dedmx-226.png
[13:18:43] [Render thread/WARN] (net.minecraft.client.texture.TextureManager) Missing resource luxury:images/gif/736f8af249d0499a829b4150935eb0fc5oazoi7rhm7dedmx-227.png referenced from luxury:images/gif/736f8af249d0499a829b4150935eb0fc5oazoi7rhm7dedmx-227.png
[13:18:43] [Render thread/WARN] (net.minecraft.client.texture.TextureManager) Missing resource luxury:images/gif/736f8af249d0499a829b4150935eb0fc5oazoi7rhm7dedmx-228.png referenced from luxury:images/gif/736f8af249d0499a829b4150935eb0fc5oazoi7rhm7dedmx-228.png
[13:18:43] [Render thread/WARN] (net.minecraft.client.texture.TextureManager) Missing resource luxury:images/gif/736f8af249d0499a829b4150935eb0fc5oazoi7rhm7dedmx-229.png referenced from luxury:images/gif/736f8af249d0499a829b4150935eb0fc5oazoi7rhm7dedmx-229.png
[13:18:43] [Render thread/WARN] (net.minecraft.client.texture.TextureManager) Missing resource luxury:images/gif/736f8af249d0499a829b4150935eb0fc5oazoi7rhm7dedmx-230.png referenced from luxury:images/gif/736f8af249d0499a829b4150935eb0fc5oazoi7rhm7dedmx-230.png
[13:18:43] [Render thread/WARN] (net.minecraft.client.texture.TextureManager) Missing resource luxury:images/gif/736f8af249d0499a829b4150935eb0fc5oazoi7rhm7dedmx-231.png referenced from luxury:images/gif/736f8af249d0499a829b4150935eb0fc5oazoi7rhm7dedmx-231.png
[13:18:43] [Render thread/WARN] (net.minecraft.client.texture.TextureManager) Missing resource luxury:images/gif/736f8af249d0499a829b4150935eb0fc5oazoi7rhm7dedmx-232.png referenced from luxury:images/gif/736f8af249d0499a829b4150935eb0fc5oazoi7rhm7dedmx-232.png
[13:18:43] [Render thread/WARN] (net.minecraft.client.texture.TextureManager) Missing resource luxury:images/gif/736f8af249d0499a829b4150935eb0fc5oazoi7rhm7dedmx-233.png referenced from luxury:images/gif/736f8af249d0499a829b4150935eb0fc5oazoi7rhm7dedmx-233.png
[13:18:43] [Render thread/WARN] (net.minecraft.client.texture.TextureManager) Missing resource luxury:images/gif/736f8af249d0499a829b4150935eb0fc5oazoi7rhm7dedmx-234.png referenced from luxury:images/gif/736f8af249d0499a829b4150935eb0fc5oazoi7rhm7dedmx-234.png
[13:18:43] [Render thread/WARN] (net.minecraft.client.texture.TextureManager) Missing resource luxury:images/gif/736f8af249d0499a829b4150935eb0fc5oazoi7rhm7dedmx-235.png referenced from luxury:images/gif/736f8af249d0499a829b4150935eb0fc5oazoi7rhm7dedmx-235.png
[13:18:43] [Render thread/WARN] (net.minecraft.client.texture.TextureManager) Missing resource luxury:images/gif/736f8af249d0499a829b4150935eb0fc5oazoi7rhm7dedmx-236.png referenced from luxury:images/gif/736f8af249d0499a829b4150935eb0fc5oazoi7rhm7dedmx-236.png
[13:18:43] [Render thread/WARN] (net.minecraft.client.texture.TextureManager) Missing resource luxury:images/gif/736f8af249d0499a829b4150935eb0fc5oazoi7rhm7dedmx-237.png referenced from luxury:images/gif/736f8af249d0499a829b4150935eb0fc5oazoi7rhm7dedmx-237.png
[13:18:43] [Render thread/WARN] (net.minecraft.client.texture.TextureManager) Missing resource luxury:images/gif/736f8af249d0499a829b4150935eb0fc5oazoi7rhm7dedmx-238.png referenced from luxury:images/gif/736f8af249d0499a829b4150935eb0fc5oazoi7rhm7dedmx-238.png
[13:18:43] [Render thread/WARN] (net.minecraft.client.texture.TextureManager) Missing resource luxury:images/gif/736f8af249d0499a829b4150935eb0fc5oazoi7rhm7dedmx-239.png referenced from luxury:images/gif/736f8af249d0499a829b4150935eb0fc5oazoi7rhm7dedmx-239.png
[13:18:43] [Render thread/WARN] (net.minecraft.client.texture.TextureManager) Missing resource luxury:images/gif/736f8af249d0499a829b4150935eb0fc5oazoi7rhm7dedmx-240.png referenced from luxury:images/gif/736f8af249d0499a829b4150935eb0fc5oazoi7rhm7dedmx-240.png
[13:18:43] [Render thread/WARN] (net.minecraft.client.texture.TextureManager) Missing resource luxury:images/gif/736f8af249d0499a829b4150935eb0fc5oazoi7rhm7dedmx-241.png referenced from luxury:images/gif/736f8af249d0499a829b4150935eb0fc5oazoi7rhm7dedmx-241.png
[13:18:43] [Render thread/WARN] (net.minecraft.client.texture.TextureManager) Missing resource luxury:images/gif/736f8af249d0499a829b4150935eb0fc5oazoi7rhm7dedmx-242.png referenced from luxury:images/gif/736f8af249d0499a829b4150935eb0fc5oazoi7rhm7dedmx-242.png
[13:18:43] [Render thread/WARN] (net.minecraft.client.texture.TextureManager) Missing resource luxury:images/gif/736f8af249d0499a829b4150935eb0fc5oazoi7rhm7dedmx-243.png referenced from luxury:images/gif/736f8af249d0499a829b4150935eb0fc5oazoi7rhm7dedmx-243.png
[13:18:43] [Render thread/WARN] (net.minecraft.client.texture.TextureManager) Missing resource luxury:images/gif/736f8af249d0499a829b4150935eb0fc5oazoi7rhm7dedmx-244.png referenced from luxury:images/gif/736f8af249d0499a829b4150935eb0fc5oazoi7rhm7dedmx-244.png
[13:18:43] [Render thread/WARN] (net.minecraft.client.texture.TextureManager) Missing resource luxury:images/gif/736f8af249d0499a829b4150935eb0fc5oazoi7rhm7dedmx-245.png referenced from luxury:images/gif/736f8af249d0499a829b4150935eb0fc5oazoi7rhm7dedmx-245.png
[13:18:43] [Render thread/WARN] (net.minecraft.client.texture.TextureManager) Missing resource luxury:images/gif/736f8af249d0499a829b4150935eb0fc5oazoi7rhm7dedmx-246.png referenced from luxury:images/gif/736f8af249d0499a829b4150935eb0fc5oazoi7rhm7dedmx-246.png
[13:18:43] [Render thread/WARN] (net.minecraft.client.texture.TextureManager) Missing resource luxury:images/gif/736f8af249d0499a829b4150935eb0fc5oazoi7rhm7dedmx-247.png referenced from luxury:images/gif/736f8af249d0499a829b4150935eb0fc5oazoi7rhm7dedmx-247.png
[13:18:43] [Render thread/WARN] (net.minecraft.client.texture.TextureManager) Missing resource luxury:images/gif/736f8af249d0499a829b4150935eb0fc5oazoi7rhm7dedmx-248.png referenced from luxury:images/gif/736f8af249d0499a829b4150935eb0fc5oazoi7rhm7dedmx-248.png
[13:19:17] [Render thread/INFO] (net.minecraft.client.gui.hud.ChatHud) [System] [CHAT] F Происходит подключение к duels
[13:19:17] [Netty Epoll Client IO #0/DEBUG] (ClientPlayNetworkAddon for sasdaue1241235) Handling inbound packet from channel with name "minecraft:brand"
[13:19:17] [Render thread/DEBUG] (ClientPlayNetworkAddon for sasdaue1241235) Handling inbound packet from channel with name "minecraft:brand"
[13:19:17] [Render thread/DEBUG] (FabricLoader/Mixin) Mixing ClientDataPackManagerMixin from fabric-resource-loader-v0.client.mixins.json into net.minecraft.client.resource.ClientDataPackManager
[13:19:17] [Render thread/DEBUG] (net.fabricmc.fabric.impl.resource.loader.ModResourcePackUtil) [Fabric] Starting internal pack sorting with: []
[13:19:17] [Render thread/DEBUG] (net.fabricmc.fabric.impl.resource.loader.ModResourcePackUtil) [Fabric] Removed all internal packs, result: []
[13:19:17] [Render thread/DEBUG] (net.fabricmc.fabric.impl.resource.loader.ModResourcePackUtil) [Fabric] Final sorting result: []
[13:19:17] [Render thread/DEBUG] (net.fabricmc.fabric.impl.resource.loader.ModResourcePackUtil) [Fabric] Starting internal pack sorting with: []
[13:19:17] [Render thread/DEBUG] (net.fabricmc.fabric.impl.resource.loader.ModResourcePackUtil) [Fabric] Removed all internal packs, result: []
[13:19:17] [Render thread/DEBUG] (net.fabricmc.fabric.impl.resource.loader.ModResourcePackUtil) [Fabric] Final sorting result: []
[13:19:18] [Netty Epoll Client IO #0/DEBUG] (ClientPlayNetworkAddon for sasdaue1241235) Handling inbound packet from channel with name "minecraft:register"
[13:19:18] [Render thread/WARN] (net.minecraft.scoreboard.Scoreboard) Requested creation of existing team 'Zsasdau812'
[13:19:18] [Render thread/DEBUG] (FabricLoader/Mixin) Mixing CreativeInventoryScreenMixin from fabric-item-group-api-v1.client.mixins.json into net.minecraft.client.gui.screen.ingame.CreativeInventoryScreen
[13:19:18] [Render thread/DEBUG] (FabricLoader/Mixin) Renaming synthetic method lambda$getItemGroupsOnPage$3(Lnet/minecraft/item/ItemGroup;Lnet/minecraft/item/ItemGroup;)I to mdd4350b$fabric-item-group-api-v1$lambda$getItemGroupsOnPage$3$0 in fabric-item-group-api-v1.client.mixins.json:CreativeInventoryScreenMixin from mod fabric-item-group-api-v1
[13:19:18] [Render thread/DEBUG] (FabricLoader/Mixin) Renaming synthetic method lambda$getItemGroupsOnPage$2(ILnet/minecraft/item/ItemGroup;)Z to mdd4350b$fabric-item-group-api-v1$lambda$getItemGroupsOnPage$2$1 in fabric-item-group-api-v1.client.mixins.json:CreativeInventoryScreenMixin from mod fabric-item-group-api-v1
[13:19:18] [Render thread/DEBUG] (FabricLoader/Mixin) Renaming synthetic method lambda$hasGroupForPage$1(ILnet/minecraft/item/ItemGroup;)Z to mdd4350b$fabric-item-group-api-v1$lambda$hasGroupForPage$1$2 in fabric-item-group-api-v1.client.mixins.json:CreativeInventoryScreenMixin from mod fabric-item-group-api-v1
[13:19:18] [Render thread/DEBUG] (FabricLoader/Mixin) Renaming synthetic method lambda$updateSelection$0(Lnet/minecraft/item/ItemGroup;Lnet/minecraft/item/ItemGroup;)I to mdd4350b$fabric-item-group-api-v1$lambda$updateSelection$0$3 in fabric-item-group-api-v1.client.mixins.json:CreativeInventoryScreenMixin from mod fabric-item-group-api-v1
[13:19:18] [Render thread/DEBUG] (FabricLoader/Mixin) Mixing classic.creative_menu.MixinCreativeInventoryScreen from viafabricplus-visuals.mixins.json into net.minecraft.client.gui.screen.ingame.CreativeInventoryScreen
[13:19:18] [Render thread/DEBUG] (FabricLoader/Mixin) fabric-item-group-api-v1.client.mixins.json:CreativeInventoryScreenMixin from mod fabric-item-group-api-v1->@Inject::init(Lorg/spongepowered/asm/mixin/injection/callback/CallbackInfo;)V doesn't use it's CallbackInfo
[13:19:18] [Render thread/DEBUG] (FabricLoader/Mixin) fabric-item-group-api-v1.client.mixins.json:CreativeInventoryScreenMixin from mod fabric-item-group-api-v1->@Inject::init(Lorg/spongepowered/asm/mixin/injection/callback/CallbackInfo;)V has 0 override(s) in child classes
[13:19:18] [Render thread/DEBUG] (FabricLoader/Mixin) fabric-item-group-api-v1.client.mixins.json:CreativeInventoryScreenMixin from mod fabric-item-group-api-v1->@Inject::init(Lorg/spongepowered/asm/mixin/injection/callback/CallbackInfo;)V won't be passed a CallbackInfo as a result
[13:19:18] [Render thread/DEBUG] (FabricLoader/Mixin) fabric-item-group-api-v1.client.mixins.json:CreativeInventoryScreenMixin from mod fabric-item-group-api-v1->@Inject::setSelectedTab(Lnet/minecraft/item/ItemGroup;Lorg/spongepowered/asm/mixin/injection/callback/CallbackInfo;)V does use it's CallbackInfo
[13:19:18] [Render thread/DEBUG] (FabricLoader/Mixin) fabric-item-group-api-v1.client.mixins.json:CreativeInventoryScreenMixin from mod fabric-item-group-api-v1->@Inject::renderTabTooltipIfHovered(Lnet/minecraft/client/gui/DrawContext;Lnet/minecraft/item/ItemGroup;IILorg/spongepowered/asm/mixin/injection/callback/CallbackInfoReturnable;)V does use it's CallbackInfoReturnable
[13:19:18] [Render thread/DEBUG] (FabricLoader/Mixin) fabric-item-group-api-v1.client.mixins.json:CreativeInventoryScreenMixin from mod fabric-item-group-api-v1->@Inject::isClickInTab(Lnet/minecraft/item/ItemGroup;DDLorg/spongepowered/asm/mixin/injection/callback/CallbackInfoReturnable;)V does use it's CallbackInfoReturnable
[13:19:18] [Render thread/DEBUG] (FabricLoader/Mixin) fabric-item-group-api-v1.client.mixins.json:CreativeInventoryScreenMixin from mod fabric-item-group-api-v1->@Inject::renderTabIcon(Lnet/minecraft/client/gui/DrawContext;Lnet/minecraft/item/ItemGroup;Lorg/spongepowered/asm/mixin/injection/callback/CallbackInfo;)V does use it's CallbackInfo
[13:19:18] [Render thread/DEBUG] (FabricLoader/Mixin) fabric-item-group-api-v1.client.mixins.json:CreativeInventoryScreenMixin from mod fabric-item-group-api-v1->@Inject::keyPressed(IIILorg/spongepowered/asm/mixin/injection/callback/CallbackInfoReturnable;)V does use it's CallbackInfoReturnable
[13:19:18] [Render thread/DEBUG] (FabricLoader/Mixin) viafabricplus-visuals.mixins.json:classic.creative_menu.MixinCreativeInventoryScreen from mod viafabricplus-visuals->@Inject::replaceCreativeMenu(Lorg/spongepowered/asm/mixin/injection/callback/CallbackInfo;)V doesn't use it's CallbackInfo
[13:19:18] [Render thread/DEBUG] (FabricLoader/Mixin) viafabricplus-visuals.mixins.json:classic.creative_menu.MixinCreativeInventoryScreen from mod viafabricplus-visuals->@Inject::replaceCreativeMenu(Lorg/spongepowered/asm/mixin/injection/callback/CallbackInfo;)V has 0 override(s) in child classes
[13:19:18] [Render thread/DEBUG] (FabricLoader/Mixin) viafabricplus-visuals.mixins.json:classic.creative_menu.MixinCreativeInventoryScreen from mod viafabricplus-visuals->@Inject::replaceCreativeMenu(Lorg/spongepowered/asm/mixin/injection/callback/CallbackInfo;)V won't be passed a CallbackInfo as a result
[13:19:18] [Render thread/INFO] (net.minecraft.advancement.AdvancementManager) Loaded 2 advancements
[13:19:18] [Render thread/INFO] (net.minecraft.advancement.AdvancementManager) Loaded 6 advancements
[13:19:23] [Render thread/INFO] (net.minecraft.client.gui.hud.ChatHud) [System] [CHAT] \nZ Дуэль начинается!\nZ Набор - Обычный\nY Карта - Хвойный лес\n
[13:19:23] [Render thread/INFO] (net.minecraft.advancement.AdvancementManager) Loaded 11 advancements
[13:19:25] [Render thread/DEBUG] (com.mojang.blaze3d.systems.RenderSystem) Growing IndexBuffer: Old limit 0, new limit 144.
[13:19:27] [Render thread/DEBUG] (FabricLoader/Mixin) Mixing GameOptionsWriteVisitorMixin from fabric-resource-loader-v0.client.mixins.json into net.minecraft.client.option.GameOptions$3
[13:19:33] [Render thread/INFO] (net.minecraft.advancement.AdvancementManager) Loaded 32 advancements
[13:19:45] [Render thread/INFO] (net.minecraft.client.gui.hud.ChatHud) [Not Secure] [CHAT] K a Minotawr_pvp C оу бесконечные смертоноски
[13:20:05] [Render thread/DEBUG] (FabricLoader/Mixin) Mixing features.legacy_tab_completion.MixinChatInputSuggestor from viafabricplus.mixins.json into net.minecraft.client.gui.screen.ChatInputSuggestor
[13:20:05] [Render thread/DEBUG] (FabricLoader/Mixin) viafabricplus.mixins.json:features.legacy_tab_completion.MixinChatInputSuggestor from mod viafabricplus->@Inject::disableTextFieldColors(Ljava/lang/String;ILorg/spongepowered/asm/mixin/injection/callback/CallbackInfoReturnable;)V does use it's CallbackInfoReturnable
[13:20:05] [Render thread/DEBUG] (FabricLoader/Mixin) viafabricplus.mixins.json:features.legacy_tab_completion.MixinChatInputSuggestor from mod viafabricplus->@Inject::handle1_12_2KeyPressed(IIILorg/spongepowered/asm/mixin/injection/callback/CallbackInfoReturnable;)V does use it's CallbackInfoReturnable
[13:20:05] [Render thread/DEBUG] (FabricLoader/Mixin) viafabricplus.mixins.json:features.legacy_tab_completion.MixinChatInputSuggestor from mod viafabricplus->@Inject::clearMessages(Lnet/minecraft/client/gui/DrawContext;IILorg/spongepowered/asm/mixin/injection/callback/CallbackInfo;)V doesn't use it's CallbackInfo
[13:20:05] [Render thread/DEBUG] (FabricLoader/Mixin) viafabricplus.mixins.json:features.legacy_tab_completion.MixinChatInputSuggestor from mod viafabricplus->@Inject::clearMessages(Lnet/minecraft/client/gui/DrawContext;IILorg/spongepowered/asm/mixin/injection/callback/CallbackInfo;)V has 0 override(s) in child classes
[13:20:05] [Render thread/DEBUG] (FabricLoader/Mixin) viafabricplus.mixins.json:features.legacy_tab_completion.MixinChatInputSuggestor from mod viafabricplus->@Inject::clearMessages(Lnet/minecraft/client/gui/DrawContext;IILorg/spongepowered/asm/mixin/injection/callback/CallbackInfo;)V won't be passed a CallbackInfo as a result
[13:20:28] [Render thread/INFO] (net.minecraft.client.gui.hud.ChatHud) [System] [CHAT] F Дуэль закончится через 19м
[13:20:29] [Render thread/INFO] (net.minecraft.client.gui.hud.ChatHud) [System] [CHAT]  e\n         Phagor_sq забанил zxc_qqq_tebe навсегда:\n         1.11 - читы\n
[13:20:31] [Render thread/INFO] (net.minecraft.client.gui.hud.ChatHud) [System] [CHAT] \nZ Статистика дуэли:\nZ sasdaue1241235 - ⚔1\nZ \nZ Длительность дуэли: 1м 7с\nZ Урона нанесено: 127.26\nZ \nZ Всего ударов: 58\nZ Из них критов: 46\nZ \nZ Попаданий из лука: 0\nY Предметов использовано: 9\n
[13:20:39] [Render thread/INFO] (net.minecraft.client.gui.hud.ChatHud) [System] [CHAT] \nZ Дуэль начинается!\nZ Набор - Обычный\nY Карта - Ад\n
[13:20:51] [Render thread/INFO] (net.minecraft.client.gui.hud.ChatHud) [Not Secure] [CHAT] K a Meow_kilka C gg
[13:20:57] [Render thread/INFO] (net.minecraft.client.gui.hud.ChatHud) [System] [CHAT] \nZ Статистика дуэли:\nZ sasdaue1241235 - ⚔1\nZ \nZ Длительность дуэли: 18с\nZ Урона нанесено: 29.58\nZ \nZ Всего ударов: 10\nZ Из них критов: 8\nZ \nZ Попаданий из лука: 0\nY Предметов использовано: 1\n
[13:21:28] [Render thread/INFO] (net.minecraft.client.gui.hud.ChatHud) [System] [CHAT] C\n              Наш боевой пропуск\n              Предоставляет уникальные награды\n              И открывает новые возможности!\n              Подробнее: /bp\n\n
[13:21:46] [Render thread/DEBUG] (FabricLoader/Mixin) Mixing LandPathNodeMakerMixin from fabric-content-registries-v0.mixins.json into net.minecraft.entity.ai.pathing.LandPathNodeMaker
[13:21:47] [Render thread/DEBUG] (FabricLoader/Mixin) fabric-content-registries-v0.mixins.json:LandPathNodeMakerMixin from mod fabric-content-registries-v0->@Inject::getCommonNodeType(Lnet/minecraft/world/BlockView;Lnet/minecraft/util/math/BlockPos;Lorg/spongepowered/asm/mixin/injection/callback/CallbackInfoReturnable;)V does use it's CallbackInfoReturnable
[13:21:53] [Render thread/INFO] (net.minecraft.client.gui.hud.ChatHud) [Not Secure] [CHAT] K a fawwwwww C ИДЕМ ПВП НА МЕЧАХ ЕЗ
[13:21:55] [Render thread/INFO] (net.minecraft.client.gui.hud.ChatHud) [Not Secure] [CHAT] K a Minotawr_pvp C за что мне софта дали
[13:21:57] [Render thread/INFO] (net.minecraft.client.gui.hud.ChatHud) [System] [CHAT]  e\n         Phagor_sq забанил temniylord навсегда:\n         1.11 - читы\n
[13:22:07] [Render thread/INFO] (net.minecraft.client.gui.hud.ChatHud) [Not Secure] [CHAT] K a fawwwwww C ИДЕМ ПВП НА МЕЧАХ ЕЗ
[13:22:13] [Render thread/INFO] (net.minecraft.client.gui.hud.ChatHud) [System] [CHAT] F\n              Лучшая косметика\n              На любой вкус и цвет\n              Доступна для всех!\n              Подробнее: /cosm\n\n
[13:22:21] [Render thread/INFO] (net.minecraft.client.gui.hud.ChatHud) [Not Secure] [CHAT] I a GaLaXyS С§r C go krisi
[13:22:23] [Render thread/INFO] (net.minecraft.client.gui.hud.ChatHud) [Not Secure] [CHAT] I a GaLaXyS С§r C net
[13:22:58] [Render thread/INFO] (net.minecraft.client.gui.hud.ChatHud) [System] [CHAT] L\n              Будьте в курсе всех новостей\n              Подпишитесь на наши соцсети!\n              Группа ВК: vk.ru/aresmine\n              Канал ТГ: t.me/aresmine\n\n
[13:23:19] [Render thread/INFO] (net.minecraft.client.gui.hud.ChatHud) [Not Secure] [CHAT] I a GarganowF V§r C OV228OV можешь нормальное пвп
[13:23:28] [Render thread/INFO] (net.minecraft.client.gui.hud.ChatHud) [Not Secure] [CHAT] K a fawwwwww C я твою маму ебал животное сын бляди идем на мечах пвп без лука 0
[13:23:43] [Render thread/INFO] (net.minecraft.client.gui.hud.ChatHud) [System] [CHAT] A\n              Приобретая наш донат\n              Вы получаете лучшие наборы\n              И много возможностей!\n              Подробнее: /donate\n\n
[13:24:07] [Render thread/INFO] (net.minecraft.client.gui.hud.ChatHud) [Not Secure] [CHAT] I a GaLaXyS С§r C YT_PasHa
[13:24:25] [Render thread/INFO] (net.minecraft.client.gui.hud.ChatHud) [Not Secure] [CHAT] K a Meow_kilka C gg
[13:24:26] [Render thread/INFO] (net.minecraft.client.gui.hud.ChatHud) [Not Secure] [CHAT] K a GaLaXyS С§r C  скемто войсе сидиш?
[13:24:27] [Render thread/INFO] (net.minecraft.client.gui.hud.ChatHud) [Not Secure] [CHAT] K a fawwwwww C езка матть ебал
[13:24:28] [Render thread/INFO] (net.minecraft.client.gui.hud.ChatHud) [System] [CHAT] D\n              Помогите сделать сервер лучше\n              Сообщайте нам о багах\n              И получайте ценные награды!\n              Подробнее: vk.ru/aresmine\n\n
[13:24:33] [Render thread/INFO] (net.minecraft.client.gui.hud.ChatHud) [Not Secure] [CHAT] K a pvpmasterney C интересненько,когда добавлят новые дуэли
[13:24:38] [Render thread/INFO] (net.minecraft.client.gui.hud.ChatHud) [Not Secure] [CHAT] K a GaLaXyS С§r C  скемто войсе сидиш? YT_PasHa
[13:24:40] [Render thread/INFO] (net.minecraft.client.gui.hud.ChatHud) [Not Secure] [CHAT] K a pvpmasterney C А то хочется нового чего-то
[13:24:48] [Render thread/INFO] (net.minecraft.client.gui.hud.ChatHud) [Not Secure] [CHAT] K a GarganowF V§r C тот самый пашенка
[13:25:08] [Render thread/INFO] (net.minecraft.client.gui.hud.ChatHud) [System] [CHAT]  e\n         Itispropojav заблокирован системой\n         По подозрению в читерстве\n
[13:25:13] [Render thread/INFO] (net.minecraft.client.gui.hud.ChatHud) [System] [CHAT] K\n              Обезопасьте свой аккаунт\n              От злоумышленников!\n              Привязка ВК: vk.ru/aresmine\n              Привязка ТГ: t.me/AresMineRobot\n\n
[13:25:31] [Render thread/INFO] (net.minecraft.client.gui.hud.ChatHud) [Not Secure] [CHAT] K a Meow_kilka C gg
[13:25:34] [Render thread/INFO] (net.minecraft.client.gui.hud.ChatHud) [System] [CHAT]  e\n         Phagor_sq забанил solo_playert1 навсегда:\n         1.11 - читы\n
[13:25:58] [Render thread/INFO] (net.minecraft.client.gui.hud.ChatHud) [System] [CHAT] C\n              Наш боевой пропуск\n              Предоставляет уникальные награды\n              И открывает новые возможности!\n              Подробнее: /bp\n\n
[13:26:38] [Render thread/INFO] (net.minecraft.client.gui.hud.ChatHud) [System] [CHAT]  e\n         Phagor_sq забанил SuperArhitektor навсегда:\n         1.11 - читы\n
[13:26:42] [Render thread/INFO] (net.minecraft.client.gui.hud.ChatHud) [Not Secure] [CHAT] K a fawwwwww C иди сбда аблан
[13:26:43] [Render thread/INFO] (net.minecraft.client.gui.hud.ChatHud) [System] [CHAT] F\n              Лучшая косметика\n              На любой вкус и цвет\n              Доступна для всех!\n              Подробнее: /cosm\n\n
[13:27:17] [Render thread/INFO] (net.minecraft.client.sound.SoundSystem) Audio device was lost!
