[09:42:48] [main/INFO] (FabricLoader/GameProvider) Loading Minecraft 1.21.4 with Fabric Loader 0.16.10
[09:42:49] [ForkJoinPool-1-worker-1/WARN] (FabricLoader/Metadata) Mod luxury uses the version 0.6 Beta which isn't compatible with Loader's extended semantic version format (Could not parse version number component '6 Beta'!), SemVer is recommended for reliably evaluating dependencies and prioritizing newer version
[09:42:49] [ForkJoinPool-1-worker-4/WARN] (FabricLoader/Metadata) Mod org_cloudburstmc_netty_netty-transport-raknet uses the version 1.0.0.CR3-SNAPSHOT which isn't compatible with Loader's extended semantic version format (Could not parse version number component 'CR3'!), SemVer is recommended for reliably evaluating dependencies and prioritizing newer version
[09:42:49] [ForkJoinPool-1-worker-4/WARN] (FabricLoader/Metadata) Mod com_github_oryxel_cubeconverter uses the version 916cadb12a which isn't compatible with Loader's extended semantic version format (Could not parse version number component '916cadb12a'!), SemVer is recommended for reliably evaluating dependencies and prioritizing newer version
[09:42:51] [main/INFO] (FabricLoader) Loading 85 mods:
	- fabric-api 0.119.4+1.21.4
	- fabric-api-base 0.4.54+b47eab6b04
	- fabric-api-lookup-api-v1 1.6.86+b1caf1e904
	- fabric-biome-api-v1 15.0.6+b1c29d8e04
	- fabric-block-api-v1 1.0.31+7feeb73304
	- fabric-block-view-api-v2 1.0.20+9c49cc8c04
	- fabric-blockrenderlayer-v1 2.0.8+7feeb73304
	- fabric-client-gametest-api-v1 4.1.1+6816ccd404
	- fabric-client-tags-api-v1 1.1.29+20ea1e2304
	- fabric-command-api-v1 1.2.62+f71b366f04
	- fabric-command-api-v2 2.2.41+e496eb1504
	- fabric-commands-v0 0.2.79+df3654b304
	- fabric-content-registries-v0 9.1.19+25d1a67604
	- fabric-convention-tags-v1 2.1.20+7f945d5b04
	- fabric-convention-tags-v2 2.14.1+aebda09404
	- fabric-crash-report-info-v1 0.3.6+7feeb73304
	- fabric-data-attachment-api-v1 1.6.2+e99da0f704
	- fabric-data-generation-api-v1 22.3.1+0f4e5f5504
	- fabric-dimensions-v1 4.0.10+7feeb73304
	- fabric-entity-events-v1 2.0.15+62245bef04
	- fabric-events-interaction-v0 4.0.4+a4eebcf004
	- fabric-game-rule-api-v1 1.0.63+7d48d43904
	- fabric-gametest-api-v1 2.0.26+7feeb73304
	- fabric-item-api-v1 11.4.0+189dd6fe04
	- fabric-item-group-api-v1 4.2.2+fcb9601404
	- fabric-key-binding-api-v1 1.0.57+7d48d43904
	- fabric-keybindings-v0 0.2.55+df3654b304
	- fabric-lifecycle-events-v1 2.5.4+bf2a60eb04
	- fabric-loot-api-v2 3.0.38+3f89f5a504
	- fabric-loot-api-v3 1.0.26+203e6b2304
	- fabric-message-api-v1 6.0.26+238a33c004
	- fabric-model-loading-api-v1 4.3.0+ae23723504
	- fabric-networking-api-v1 4.4.0+db5e668204
	- fabric-object-builder-api-v1 18.0.14+38b0d59804
	- fabric-particles-v1 4.0.14+7feeb73304
	- fabric-recipe-api-v1 8.1.1+640e77ae04
	- fabric-registry-sync-v0 6.1.11+4a9c1ece04
	- fabric-renderer-api-v1 5.0.3+50f0feb204
	- fabric-renderer-indigo 2.0.3+50f0feb204
	- fabric-rendering-data-attachment-v1 0.3.58+73761d2e04
	- fabric-rendering-fluids-v1 3.1.19+7feeb73304
	- fabric-rendering-v1 10.2.1+0d31b09f04
	- fabric-resource-conditions-api-v1 5.0.13+203e6b2304
	- fabric-resource-loader-v0 3.1.1+360374ac04
	- fabric-screen-api-v1 2.0.38+7feeb73304
	- fabric-screen-handler-api-v1 1.3.118+7feeb73304
	- fabric-sound-api-v1 1.0.32+7feeb73304
	- fabric-tag-api-v1 1.0.7+7d48d43904
	- fabric-transfer-api-v1 5.4.9+efa825c904
	- fabric-transitive-access-wideners-v1 6.3.2+56e78b9b04
	- fabricloader 0.16.10
	- ias 9.0.4
	- java 21
	- luxury 0.6 Beta
	- minecraft 1.21.4
	- mixinextras 0.4.1
	- modmenu 13.0.3
	   \-- placeholder-api 2.5.1+1.21.3
	- viafabricplus 4.0.5-BACKPORT
	   |-- com_github_oryxel_cubeconverter 916cadb12a
	   |-- com_google_code_findbugs_jsr305 3.0.2
	   |-- com_vdurmont_semver4j 3.1.0
	   |-- com_viaversion_viaaprilfools-common 4.0.2-20250426.140810-22
	   |-- com_viaversion_viabackwards-common 5.3.3-20250426.185209-1
	   |-- com_viaversion_vialoader 4.0.3-20250426.141011-6
	   |-- com_viaversion_viaversion-common 5.3.3-20250426.143637-8
	   |-- de_florianmichael_classic4j 2.1.1-SNAPSHOT
	   |-- io_jsonwebtoken_jjwt-api 0.12.6
	   |-- io_jsonwebtoken_jjwt-gson 0.12.6
	   |-- io_jsonwebtoken_jjwt-impl 0.12.6
	   |-- io_netty_netty-codec-http 4.2.0
	   |-- net_jodah_expiringmap 0.5.10
	   |-- net_lenni0451_commons_httpclient 1.6.0
	   |-- net_lenni0451_mcstructs-bedrock_forms 2.0.0
	   |-- net_lenni0451_mcstructs-bedrock_text 2.0.0
	   |-- net_lenni0451_reflect 1.4.0
	   |-- net_raphimc_minecraftauth 4.1.1
	   |-- net_raphimc_viabedrock 0.0.16-20250404.165607-5
	   |-- net_raphimc_vialegacy 3.0.10-20250426.140714-8
	   |-- org_cloudburstmc_netty_netty-transport-raknet 1.0.0.CR3-SNAPSHOT
	   |-- org_lz4_lz4-pure-java 1.8.0
	   |-- team_unnamed_mocha 3.0.1
	   |-- viafabricplus-api 4.0.5-BACKPORT
	   |-- viafabricplus-api-legacy 4.0.5-BACKPORT
	   \-- viafabricplus-visuals 4.0.5-BACKPORT
[09:43:27] [main/INFO] (FabricLoader/Mixin) SpongePowered MIXIN Subsystem Version=0.8.7 Source=file:/C:/Users/Admin/.gradle/caches/modules-2/files-2.1/net.fabricmc/sponge-mixin/0.15.4+mixin.0.8.7/6a12aacc794f1078458433116e9ed42c1cc98096/sponge-mixin-0.15.4+mixin.0.8.7.jar Service=Knot/Fabric Env=CLIENT
[09:43:27] [main/INFO] (FabricLoader/Mixin) Loaded Fabric development mappings for mixin remapper!
[09:43:27] [main/INFO] (FabricLoader/Mixin) Compatibility level set to JAVA_21
[09:43:32] [main/INFO] (FabricLoader/MixinExtras|Service) Initializing MixinExtras via com.llamalad7.mixinextras.service.MixinExtrasServiceImpl(version=0.4.1).
[09:43:56] [Datafixer Bootstrap/INFO] (Minecraft) 243 Datafixer optimizations took 17695 milliseconds
[09:44:01] [Render thread/INFO] (Minecraft) Environment: Environment[sessionHost=https://sessionserver.mojang.com, servicesHost=https://api.minecraftservices.com, name=PROD]
[09:44:01] [Render thread/INFO] (Minecraft) Setting user: Player932
[09:44:02] [Via-Mappingloader-0/INFO] (ViaVersion) Loading block connection mappings ...
[09:44:02] [Render thread/INFO] (Mod Menu/Update Checker) Checking mod updates...
[09:44:03] [Via-Mappingloader-0/INFO] (ViaVersion) Using FastUtil Long2ObjectOpenHashMap for block connections
[09:44:03] [Render thread/INFO] (IAS/IASMinecraft) IAS: Booting up... (version: 9.0.4, loader: Fabric, loader version: 0.16.10, game version: 1.21.4)
[09:44:03] [Render thread/INFO] (IAS) IAS: Initializing IAS...
[09:44:03] [Render thread/INFO] (IAS) IAS: IAS has been loaded.
[09:44:03] [Render thread/INFO] (Indigo) [Indigo] Registering Indigo renderer!
[09:44:04] [ModMenu/Update Checker/Fabric Loader/INFO] (Mod Menu/Update Checker) Update available for 'fabricloader@0.16.10'
[09:44:04] [ForkJoinPool.commonPool-worker-1/INFO] (ViaBackwards) Loading translations...
[09:44:04] [ForkJoinPool.commonPool-worker-1/INFO] (ViaBackwards) Registering protocols...
[09:44:05] [Render thread/INFO] (Minecraft) Backend library: LWJGL version 3.3.3-snapshot
[09:44:07] [ForkJoinPool.commonPool-worker-1/INFO] (ViaBedrock) Started resource pack HTTP server on http://127.0.0.1:53925/
[09:44:08] [ForkJoinPool.commonPool-worker-1/INFO] (ViaVersion) ViaVersion detected lowest supported version by the proxy: c0.0.15a-1 (0)
[09:44:08] [ForkJoinPool.commonPool-worker-1/INFO] (ViaVersion) Highest supported version by the proxy: 1.21.5 (770)
[09:44:08] [ForkJoinPool.commonPool-worker-1/INFO] (Minecraft) Environment: Environment[sessionHost=https://sessionserver.mojang.com, servicesHost=https://api.minecraftservices.com, name=PROD]
[09:44:11] [Render thread/INFO] (Minecraft) Reloading ResourceManager: vanilla, fabric, com_viaversion_viaaprilfools-common, com_viaversion_viabackwards-common, com_viaversion_viaversion-common, fabric-api, fabric-api-base, fabric-api-lookup-api-v1, fabric-biome-api-v1, fabric-block-api-v1, fabric-block-view-api-v2, fabric-blockrenderlayer-v1, fabric-client-gametest-api-v1, fabric-client-tags-api-v1, fabric-command-api-v1, fabric-command-api-v2, fabric-commands-v0, fabric-content-registries-v0, fabric-convention-tags-v1, fabric-convention-tags-v2, fabric-crash-report-info-v1, fabric-data-attachment-api-v1, fabric-data-generation-api-v1, fabric-dimensions-v1, fabric-entity-events-v1, fabric-events-interaction-v0, fabric-game-rule-api-v1, fabric-gametest-api-v1, fabric-item-api-v1, fabric-item-group-api-v1, fabric-key-binding-api-v1, fabric-keybindings-v0, fabric-lifecycle-events-v1, fabric-loot-api-v2, fabric-loot-api-v3, fabric-message-api-v1, fabric-model-loading-api-v1, fabric-networking-api-v1, fabric-object-builder-api-v1, fabric-particles-v1, fabric-recipe-api-v1, fabric-registry-sync-v0, fabric-renderer-api-v1, fabric-renderer-indigo, fabric-rendering-data-attachment-v1, fabric-rendering-fluids-v1, fabric-rendering-v1, fabric-resource-conditions-api-v1, fabric-resource-loader-v0, fabric-screen-api-v1, fabric-screen-handler-api-v1, fabric-sound-api-v1, fabric-tag-api-v1, fabric-transfer-api-v1, fabric-transitive-access-wideners-v1, fabricloader, ias, luxury, modmenu, net_raphimc_viabedrock, net_raphimc_vialegacy, placeholder-api, viafabricplus, viafabricplus-visuals, file/!§f     ᴛʜᴜɴᴅᴇʀ. ᴡʜɪᴛᴇ ᴠ3.3.zip
[09:44:11] [Via Async Scheduler 0/INFO] (ViaVersion) Finished mapping loading, shutting down loader executor.
[09:44:12] [Worker-Main-1/WARN] (Minecraft) Invalid path in datapack: minecraft:sounds/fireworks/largeBlast_far1.ogg, ignoring
[09:44:12] [Worker-Main-2/INFO] (Minecraft) Found unifont_all_no_pua-16.0.01.hex, loading
[09:44:13] [Worker-Main-2/INFO] (Minecraft) Found unifont_jp_patch-16.0.01.hex, loading
[09:44:15] [Worker-Main-3/WARN] (Minecraft) Invalid path in datapack: minecraft:textures/block/glass_pane_top_yellow---Copie.png, ignoring
[09:44:15] [Worker-Main-3/WARN] (Minecraft) Invalid path in datapack: minecraft:textures/block/repeater_off copy.png, ignoring
[09:44:15] [Worker-Main-3/WARN] (Minecraft) Invalid path in datapack: minecraft:textures/block/Thumbs.db, ignoring
[09:44:15] [Worker-Main-3/WARN] (Minecraft) Invalid path in datapack: minecraft:textures/block/whiteStone.png, ignoring
[09:44:15] [Worker-Main-3/WARN] (Minecraft) Unused frames in sprite minecraft:entity/conduit/wind: [22, 23, 24, 25, 26, 27, 28, 29, 30, 31]
[09:44:15] [Worker-Main-3/WARN] (Minecraft) Unused frames in sprite minecraft:entity/conduit/wind_vertical: [22, 23, 24, 25, 26, 27, 28, 29, 30, 31]
[09:44:15] [Worker-Main-3/WARN] (Minecraft) Unused frames in sprite minecraft:block/fire_layer_1: [15]
[09:44:15] [Worker-Main-3/WARN] (Minecraft) Unused frames in sprite minecraft:block/fire_layer_0: [15]
[09:44:16] [Worker-Main-2/WARN] (Minecraft) Missing block model: 'minecraft:builtin/entity'
[09:44:17] [Render thread/INFO] (Minecraft) OpenAL initialized on device OpenAL Soft on Speakers (VXE V1)
[09:44:17] [Render thread/INFO] (Minecraft) Sound engine started
[09:44:18] [Render thread/INFO] (Minecraft) Created: 512x8192x2 minecraft:textures/atlas/blocks.png-atlas
[09:44:18] [Render thread/INFO] (Minecraft) Created: 256x256x2 minecraft:textures/atlas/signs.png-atlas
[09:44:18] [Render thread/INFO] (Minecraft) Created: 512x512x2 minecraft:textures/atlas/banner_patterns.png-atlas
[09:44:18] [Render thread/INFO] (Minecraft) Created: 512x512x2 minecraft:textures/atlas/shield_patterns.png-atlas
[09:44:18] [Render thread/INFO] (Minecraft) Created: 2048x1024x2 minecraft:textures/atlas/armor_trims.png-atlas
[09:44:18] [Render thread/INFO] (Minecraft) Created: 128x64x2 minecraft:textures/atlas/decorated_pot.png-atlas
[09:44:18] [Render thread/INFO] (Minecraft) Created: 256x256x2 minecraft:textures/atlas/chest.png-atlas
[09:44:18] [Render thread/INFO] (Minecraft) Created: 512x256x2 minecraft:textures/atlas/beds.png-atlas
[09:44:18] [Render thread/INFO] (Minecraft) Created: 512x256x2 minecraft:textures/atlas/shulker_boxes.png-atlas
[09:44:18] [Render thread/INFO] (Minecraft) Created: 64x64x0 minecraft:textures/atlas/map_decorations.png-atlas
[09:44:18] [Render thread/INFO] (Minecraft) Created: 2048x1024x0 minecraft:textures/atlas/particles.png-atlas
[09:44:18] [Render thread/INFO] (Minecraft) Created: 512x512x0 minecraft:textures/atlas/paintings.png-atlas
[09:44:18] [Render thread/INFO] (Minecraft) Created: 256x128x0 minecraft:textures/atlas/mob_effects.png-atlas
[09:44:18] [Render thread/INFO] (Minecraft) Created: 1024x512x0 minecraft:textures/atlas/gui.png-atlas
[09:44:55] [Render thread/INFO] (IAS/IASMinecraft) IAS: Received login request: LoginData{name='douks4325wshd', uuid=ea91fe25-435e-35b9-84bb-130c728e077f, token=[TOKEN], online=false}
[09:44:55] [IAS/INFO] (IAS/IASMinecraft) IAS: Creating user...
[09:44:55] [Render thread/INFO] (IAS/IASMinecraft) IAS: Flushing user...
[09:44:55] [Render thread/INFO] (IAS/IASMinecraft) IAS: Flushed user.
[09:44:55] [Render thread/INFO] (IAS/IASMinecraft) IAS: Received login request: LoginData{name='Zenafakss', uuid=1b1ae73f-f407-375f-a7b6-1676fc6c8ef2, token=[TOKEN], online=false}
[09:44:55] [IAS/INFO] (IAS/IASMinecraft) IAS: Creating user...
[09:44:55] [Render thread/INFO] (IAS/IASMinecraft) IAS: Flushing user...
[09:44:55] [Render thread/INFO] (IAS/IASMinecraft) IAS: Flushed user.
[09:44:56] [Render thread/INFO] (IAS/IASMinecraft) IAS: Received login request: LoginData{name='Zench1k', uuid=476a7923-46ac-3068-a425-fb0e7ee9a94c, token=[TOKEN], online=false}
[09:44:56] [IAS/INFO] (IAS/IASMinecraft) IAS: Creating user...
[09:44:56] [Render thread/INFO] (IAS/IASMinecraft) IAS: Flushing user...
[09:44:56] [Render thread/INFO] (IAS/IASMinecraft) IAS: Flushed user.
[09:44:57] [Render thread/INFO] (IAS/IASMinecraft) IAS: Received login request: LoginData{name='sasdaue1241235', uuid=2e0726a2-b53a-3174-8bc6-7f3967baf798, token=[TOKEN], online=false}
[09:44:57] [IAS/INFO] (IAS/IASMinecraft) IAS: Creating user...
[09:44:57] [Render thread/INFO] (IAS/IASMinecraft) IAS: Flushing user...
[09:44:57] [Render thread/INFO] (IAS/IASMinecraft) IAS: Flushed user.
[09:45:07] [Render thread/INFO] (Minecraft) Loaded 1370 recipes
[09:45:07] [Render thread/INFO] (Minecraft) Loaded 1481 advancements
[09:45:07] [Render thread/INFO] (BiomeModificationImpl) Applied 0 biome modifications to 0 of 65 new biomes in 3.057 ms
[09:45:07] [Server thread/INFO] (Minecraft) Starting integrated minecraft server version 1.21.4
[09:45:07] [Server thread/INFO] (Minecraft) Generating keypair
[09:45:08] [Server thread/INFO] (Minecraft) Preparing start region for dimension minecraft:overworld
[09:45:12] [Render thread/INFO] (Minecraft) §lПодготовка области возрождения: 0%
[09:45:12] [Render thread/INFO] (Minecraft) §lПодготовка области возрождения: 0%
[09:45:12] [Render thread/INFO] (Minecraft) §lПодготовка области возрождения: 0%
[09:45:12] [Render thread/INFO] (Minecraft) §lПодготовка области возрождения: 0%
[09:45:12] [Render thread/INFO] (Minecraft) §lПодготовка области возрождения: 0%
[09:45:12] [Render thread/INFO] (Minecraft) §lПодготовка области возрождения: 0%
[09:45:12] [Render thread/INFO] (Minecraft) §lПодготовка области возрождения: 0%
[09:45:12] [Render thread/INFO] (Minecraft) §lПодготовка области возрождения: 0%
[09:45:12] [Render thread/INFO] (Minecraft) §lПодготовка области возрождения: 0%
[09:45:12] [Render thread/INFO] (Minecraft) §lПодготовка области возрождения: 0%
[09:45:13] [Render thread/INFO] (Minecraft) Time elapsed: 4904 ms
[09:45:13] [Server thread/INFO] (Minecraft) Changing view distance to 5, from 10
[09:45:13] [Server thread/INFO] (Minecraft) Changing simulation distance to 5, from 0
[09:45:15] [Server thread/INFO] (Minecraft) sasdaue1241235[local:E:ff98c514] logged in with entity id 27 at (313.26252689182763, 66.0, 511.36296643956723)
[09:45:16] [Server thread/INFO] (Minecraft) §lsasdaue1241235 присоединился к игре
[09:45:18] [Render thread/INFO] (Minecraft) Loaded 112 advancements
[09:45:19] [Server thread/WARN] (Minecraft) Can't keep up! Is the server overloaded? Running 2041ms or 40 ticks behind
[09:46:40] [Server thread/INFO] (Minecraft) Saving and pausing game...
[09:46:40] [Server thread/INFO] (Minecraft) Saving chunks for level 'ServerLevel[Новый мир]'/minecraft:overworld
[09:46:40] [Server thread/INFO] (Minecraft) Saving chunks for level 'ServerLevel[Новый мир]'/minecraft:the_nether
[09:46:40] [Server thread/INFO] (Minecraft) Saving chunks for level 'ServerLevel[Новый мир]'/minecraft:the_end
[09:46:40] [Server thread/INFO] (Minecraft) sasdaue1241235 lost connection: §lОтключение
[09:46:40] [Server thread/INFO] (Minecraft) §lsasdaue1241235 покинул игру
[09:46:40] [Server thread/INFO] (Minecraft) Stopping singleplayer server as player logged out
[09:46:40] [Server thread/INFO] (Minecraft) Stopping server
[09:46:40] [Server thread/INFO] (Minecraft) Saving players
[09:46:40] [Server thread/INFO] (Minecraft) Saving worlds
[09:46:41] [Server thread/INFO] (Minecraft) Saving chunks for level 'ServerLevel[Новый мир]'/minecraft:overworld
[09:46:41] [Server thread/INFO] (Minecraft) Saving chunks for level 'ServerLevel[Новый мир]'/minecraft:the_nether
[09:46:41] [Server thread/INFO] (Minecraft) Saving chunks for level 'ServerLevel[Новый мир]'/minecraft:the_end
[09:46:41] [Server thread/INFO] (Minecraft) ThreadedAnvilChunkStorage (Новый мир (1)): All chunks are saved
[09:46:41] [Server thread/INFO] (Minecraft) ThreadedAnvilChunkStorage (DIM-1): All chunks are saved
[09:46:41] [Server thread/INFO] (Minecraft) ThreadedAnvilChunkStorage (DIM1): All chunks are saved
[09:46:41] [Server thread/INFO] (Minecraft) ThreadedAnvilChunkStorage: All dimensions are saved
[09:46:46] [Render thread/INFO] (Minecraft) Connecting to mc.aresmine.ru, 25565
[09:46:47] [Render thread/INFO] (Minecraft) [System] [CHAT] ! Вы успешно вошли!
[09:46:47] [Render thread/INFO] (Minecraft) [System] [CHAT] ! Максимально обезопасьте Ваш аккаунт, привяжите его к боту ТГ - t.me/AresMineRobot или к Вашей странице ВК - vk.ru/AresMine
[09:46:48] [Download-1/INFO] (Minecraft) Returning cached file since actual hash matches requested
[09:46:48] [Render thread/INFO] (Minecraft) Reloading ResourceManager: vanilla, fabric, com_viaversion_viaaprilfools-common, com_viaversion_viabackwards-common, com_viaversion_viaversion-common, fabric-api, fabric-api-base, fabric-api-lookup-api-v1, fabric-biome-api-v1, fabric-block-api-v1, fabric-block-view-api-v2, fabric-blockrenderlayer-v1, fabric-client-gametest-api-v1, fabric-client-tags-api-v1, fabric-command-api-v1, fabric-command-api-v2, fabric-commands-v0, fabric-content-registries-v0, fabric-convention-tags-v1, fabric-convention-tags-v2, fabric-crash-report-info-v1, fabric-data-attachment-api-v1, fabric-data-generation-api-v1, fabric-dimensions-v1, fabric-entity-events-v1, fabric-events-interaction-v0, fabric-game-rule-api-v1, fabric-gametest-api-v1, fabric-item-api-v1, fabric-item-group-api-v1, fabric-key-binding-api-v1, fabric-keybindings-v0, fabric-lifecycle-events-v1, fabric-loot-api-v2, fabric-loot-api-v3, fabric-message-api-v1, fabric-model-loading-api-v1, fabric-networking-api-v1, fabric-object-builder-api-v1, fabric-particles-v1, fabric-recipe-api-v1, fabric-registry-sync-v0, fabric-renderer-api-v1, fabric-renderer-indigo, fabric-rendering-data-attachment-v1, fabric-rendering-fluids-v1, fabric-rendering-v1, fabric-resource-conditions-api-v1, fabric-resource-loader-v0, fabric-screen-api-v1, fabric-screen-handler-api-v1, fabric-sound-api-v1, fabric-tag-api-v1, fabric-transfer-api-v1, fabric-transitive-access-wideners-v1, fabricloader, ias, luxury, modmenu, net_raphimc_viabedrock, net_raphimc_vialegacy, placeholder-api, viafabricplus, viafabricplus-visuals, file/!§f     ᴛʜᴜɴᴅᴇʀ. ᴡʜɪᴛᴇ ᴠ3.3.zip, server/00000000/bd7abf45-dad9-31eb-b86a-5b73b305a821
[09:46:48] [Worker-Main-2/WARN] (Minecraft) Invalid path in datapack: minecraft:sounds/fireworks/largeBlast_far1.ogg, ignoring
[09:46:49] [Worker-Main-3/INFO] (Minecraft) Found unifont_all_no_pua-16.0.01.hex, loading
[09:46:49] [Worker-Main-3/INFO] (Minecraft) Found unifont_jp_patch-16.0.01.hex, loading
[09:46:50] [Worker-Main-1/WARN] (Minecraft) Invalid path in datapack: minecraft:textures/block/glass_pane_top_yellow---Copie.png, ignoring
[09:46:50] [Worker-Main-1/WARN] (Minecraft) Invalid path in datapack: minecraft:textures/block/repeater_off copy.png, ignoring
[09:46:50] [Worker-Main-1/WARN] (Minecraft) Invalid path in datapack: minecraft:textures/block/Thumbs.db, ignoring
[09:46:50] [Worker-Main-1/WARN] (Minecraft) Invalid path in datapack: minecraft:textures/block/whiteStone.png, ignoring
[09:46:51] [Worker-Main-2/WARN] (Minecraft) Missing block model: 'minecraft:builtin/entity'
[09:46:51] [Worker-Main-1/WARN] (Minecraft) Unused frames in sprite minecraft:entity/conduit/wind: [22, 23, 24, 25, 26, 27, 28, 29, 30, 31]
[09:46:51] [Worker-Main-2/WARN] (Minecraft) Unused frames in sprite minecraft:entity/conduit/wind_vertical: [22, 23, 24, 25, 26, 27, 28, 29, 30, 31]
[09:46:51] [Worker-Main-1/WARN] (Minecraft) Unused frames in sprite minecraft:block/fire_layer_0: [15]
[09:46:51] [Worker-Main-2/WARN] (Minecraft) Unused frames in sprite minecraft:block/fire_layer_1: [15]
[09:46:55] [Render thread/INFO] (Minecraft) OpenAL initialized on device OpenAL Soft on Speakers (VXE V1)
[09:46:55] [Render thread/INFO] (Minecraft) Sound engine started
[09:46:55] [Render thread/INFO] (Minecraft) Created: 512x8192x2 minecraft:textures/atlas/blocks.png-atlas
[09:46:55] [Render thread/INFO] (Minecraft) Created: 256x256x2 minecraft:textures/atlas/signs.png-atlas
[09:46:55] [Render thread/INFO] (Minecraft) Created: 512x512x2 minecraft:textures/atlas/banner_patterns.png-atlas
[09:46:55] [Render thread/INFO] (Minecraft) Created: 512x512x2 minecraft:textures/atlas/shield_patterns.png-atlas
[09:46:55] [Render thread/INFO] (Minecraft) Created: 2048x1024x2 minecraft:textures/atlas/armor_trims.png-atlas
[09:46:55] [Render thread/INFO] (Minecraft) Created: 128x64x2 minecraft:textures/atlas/decorated_pot.png-atlas
[09:46:55] [Render thread/INFO] (Minecraft) Created: 256x256x2 minecraft:textures/atlas/chest.png-atlas
[09:46:55] [Render thread/INFO] (Minecraft) Created: 512x256x2 minecraft:textures/atlas/beds.png-atlas
[09:46:55] [Render thread/INFO] (Minecraft) Created: 512x256x2 minecraft:textures/atlas/shulker_boxes.png-atlas
[09:46:55] [Render thread/INFO] (Minecraft) Created: 64x64x0 minecraft:textures/atlas/map_decorations.png-atlas
[09:46:55] [Render thread/INFO] (Minecraft) Created: 2048x1024x0 minecraft:textures/atlas/particles.png-atlas
[09:46:55] [Render thread/INFO] (Minecraft) Created: 512x512x0 minecraft:textures/atlas/paintings.png-atlas
[09:46:55] [Render thread/INFO] (Minecraft) Created: 256x128x0 minecraft:textures/atlas/mob_effects.png-atlas
[09:46:55] [Render thread/INFO] (Minecraft) Created: 1024x512x0 minecraft:textures/atlas/gui.png-atlas
[09:47:01] [Render thread/INFO] (Minecraft) [System] [CHAT] F Происходит подключение к duels
[09:47:02] [Render thread/WARN] (Minecraft) Requested creation of existing team 'Zsasdau1843'
[09:47:02] [Render thread/INFO] (Minecraft) Loaded 62 advancements
[09:47:02] [Render thread/INFO] (Minecraft) [Not Secure] [CHAT] K a hondacrf450 C  ez
[09:47:03] [Render thread/INFO] (Minecraft) [System] [CHAT] \nZ Дуэль начинается!\nZ Набор - Кристаллы\nY Карта - Хвойный лес\n
[09:47:05] [Render thread/INFO] (Minecraft) [STDOUT]: Trying to load shader: luxury:core/rectangle
[09:47:05] [Render thread/INFO] (Minecraft) [STDOUT]: Shader key created successfully
[09:47:05] [Render thread/INFO] (Minecraft) [Not Secure] [CHAT] K a OneGolf43417219 C ты :)
[09:47:08] [Render thread/INFO] (Minecraft) [Not Secure] [CHAT] K a GarganowF V§r C gg - нормальная адекватная игра
[09:47:10] [Render thread/INFO] (Minecraft) [Not Secure] [CHAT] K a SpRaVeDlIvOsTb C  - Aizenn
[09:47:11] [Render thread/INFO] (Minecraft) [Not Secure] [CHAT] K a SpRaVeDlIvOsTb C  ez
[09:47:18] [Render thread/INFO] (Minecraft) [Not Secure] [CHAT] K a OneGolf43417219 C  GarganowF ну либо хорошая игра
[09:47:20] [Render thread/INFO] (Minecraft) [Not Secure] [CHAT] K a OKX А§r C HE3D_SH0TT, ты нупло
[09:47:24] [Render thread/INFO] (Minecraft) [Not Secure] [CHAT] K a GarganowF V§r C если дословно то да
[09:47:25] [Render thread/INFO] (Minecraft) [Not Secure] [CHAT] K a HE3D_SH0TT C (
[09:47:25] [Render thread/INFO] (Minecraft) [Not Secure] [CHAT] K a ruyyt Й§r C ezz
[09:47:40] [Render thread/INFO] (Minecraft) [Not Secure] [CHAT] K a OKX C HE3D_SH0TT, ты нупло
[09:47:43] [Render thread/INFO] (Minecraft) [System] [CHAT] \nZ Статистика дуэли:\nZ SpRaVeDlIvOsTb - ⚔1\nZ \nZ Длительность дуэли: 39с\nZ Урона нанесено: 142.90\nZ \nZ Всего ударов: 23\nZ Из них критов: 7\nZ \nZ Попаданий из лука: 15\nY Предметов использовано: 5\n
[09:47:43] [Render thread/INFO] (Minecraft) [System] [CHAT] \nZ Вы перешли в режим наблюдателя\nY Покинуть дуэль - /d leave\n
[09:47:46] [Render thread/INFO] (Minecraft) [Not Secure] [CHAT] K a HE3D_SH0TT C нет
[09:47:47] [Render thread/INFO] (Minecraft) [System] [CHAT] \nZ Вы успешно начали поиск дуэли!\nZ Набор - Обычный\nY Карта - Случайная\n
[09:47:49] [Render thread/INFO] (Minecraft) [Not Secure] [CHAT] K a GarganowF V§r C почему не дупло там
[09:47:50] [Render thread/INFO] (Minecraft) [Not Secure] [CHAT] I a m1xside s§r C о хуесосик
[09:47:51] [Render thread/INFO] (Minecraft) [Not Secure] [CHAT] K a OKX C  do
[09:47:55] [Render thread/INFO] (Minecraft) [System] [CHAT]  e\n         klubnichka_sq замутил akr20020 на 1ч:\n         2.2 - оскорбление/неадекватное поведение\n
[09:47:56] [Render thread/INFO] (Minecraft) [Not Secure] [CHAT] K a OneGolf43417219 C  gg :)
[09:47:57] [Render thread/INFO] (Minecraft) [Not Secure] [CHAT] I a m1xside s§r C ты че сука
[09:48:02] [Render thread/INFO] (Minecraft) [System] [CHAT] G В этом регионе включена неуязвимость!
[09:48:05] [Render thread/INFO] (Minecraft) [Not Secure] [CHAT] I a m1xside s§r C я щас с фобоса зайду
[09:48:07] [Render thread/INFO] (Minecraft) [System] [CHAT] G В этом регионе включена неуязвимость!
[09:48:07] [Render thread/INFO] (Minecraft) [System] [CHAT] G В этом регионе включена неуязвимость!
[09:48:07] [Render thread/INFO] (Minecraft) [System] [CHAT] G В этом регионе включена неуязвимость!
[09:48:11] [Render thread/INFO] (Minecraft) [System] [CHAT] \nZ Дуэль начинается!\nZ Набор - Обычный\nY Карта - Хвойный лес\n
[09:48:25] [Render thread/INFO] (Minecraft) [System] [CHAT]  e\n         Pika1hu_ забанил hakohakoar навсегда:\n         1.11 - читы\n
[09:48:30] [Render thread/INFO] (Minecraft) [Not Secure] [CHAT] K a HE3D_SH0TT C зАЗЗАЗАХАХАХАХА
[09:48:31] [Render thread/INFO] (Minecraft) [System] [CHAT] \nZ Статистика дуэли:\nZ sasdaue1241235 - ⚔1\nZ \nZ Длительность дуэли: 20с\nZ Урона нанесено: 66.87\nZ \nZ Всего ударов: 26\nZ Из них критов: 21\nZ \nZ Попаданий из лука: 0\nY Предметов использовано: 2\n
[09:48:35] [Render thread/INFO] (Minecraft) [Not Secure] [CHAT] K a OneGolf43417219 C  GarganowF эт такой пздц я слил кроноса тк сломал ему шляпу быстрей и написал gg когда выиграл его и он мне начал высирать что сильней и т.д. капец....
[09:48:43] [Render thread/INFO] (Minecraft) [Not Secure] [CHAT] K a OKX А§r C HE3D_SH0TT, ты нупло
[09:48:48] [Render thread/INFO] (Minecraft) [Not Secure] [CHAT] K a GarganowF V§r C нужно прывикнуть к таким
[09:48:53] [Render thread/INFO] (Minecraft) [Not Secure] [CHAT] K a GarganowF V§r C они везде
[09:48:56] [Render thread/INFO] (Minecraft) [Not Secure] [CHAT] K a HE3D_SH0TT C да неееет
[09:48:57] [Render thread/INFO] (Minecraft) [Not Secure] [CHAT] K a OneGolf43417219 C +
[09:48:58] [Render thread/INFO] (Minecraft) [System] [CHAT]  A\n         Игрок fanbichek\n         Купил привилегию a\n\n Благодарим за поддержку проекта!\n Подробнее о привилегиях - /don\n
[09:49:02] [Render thread/INFO] (Minecraft) [System] [CHAT]  e\n         boba1213143 заблокирован системой\n         По подозрению в читерстве\n
[09:49:02] [Render thread/INFO] (Minecraft) [Not Secure] [CHAT] K a GarganowF V§r C они не признают поражения
[09:49:11] [Render thread/INFO] (Minecraft) [Not Secure] [CHAT] K a OneGolf43417219 C ток на аресе их больше....
[09:49:14] [Render thread/INFO] (Minecraft) [System] [CHAT] F\n              Лучшая косметика\n              На любой вкус и цвет\n              Доступна для всех!\n              Подробнее: /cosm\n\n
[09:49:25] [Render thread/INFO] (Minecraft) [System] [CHAT]  e\n         klubnichka_sq забанил Ibrohim_UZB1 на 30д:\n         1.4 - гриферство варпом\n
[09:49:37] [Render thread/INFO] (Minecraft) [System] [CHAT]  e\n         Pika1hu_ замутил afknoob на 30м:\n         2.5 - попрошайничество\n
[09:49:50] [Render thread/INFO] (Minecraft) [System] [CHAT]  e\n         klubnichka_sq замутил nometrty на 1ч:\n         2.1 - флуд/капс\n
[09:49:55] [Render thread/INFO] (Minecraft) [System] [CHAT] G В этом регионе включена неуязвимость!
[09:49:56] [Render thread/INFO] (Minecraft) [System] [CHAT] G В этом регионе включена неуязвимость!
[09:49:56] [Render thread/INFO] (Minecraft) [System] [CHAT] G В этом регионе включена неуязвимость!
[09:49:59] [Render thread/INFO] (Minecraft) [System] [CHAT] L\n              Будьте в курсе всех новостей\n              Подпишитесь на наши соцсети!\n              Группа ВК: vk.com/aresmine\n              Канал ТГ: t.me/aresmine\n\n
[09:49:59] [Render thread/INFO] (Minecraft) [System] [CHAT] \nZ Дуэль начинается!\nZ Набор - Обычный\nY Карта - Ад\n
[09:50:00] [Render thread/INFO] (Minecraft) [System] [CHAT]  e\n         GKASJKGKA забанил grtd232 на 12ч:\n         1.11 - читы\n
[09:50:19] [Render thread/INFO] (Minecraft) [System] [CHAT] \nZ Статистика дуэли:\nZ sasdaue1241235 - ⚔1\nZ \nZ Длительность дуэли: 19с\nZ Урона нанесено: 23.76\nZ \nZ Всего ударов: 10\nZ Из них критов: 5\nZ \nZ Попаданий из лука: 1\nY Предметов использовано: 1\n
[09:50:33] [Render thread/INFO] (Minecraft) [Not Secure] [CHAT] K a hondacrf450 C  дай отпор чурка
[09:50:39] [Render thread/INFO] (Minecraft) [Not Secure] [CHAT] K a hondacrf450 C  ам плеер
[09:50:44] [Render thread/INFO] (Minecraft) [System] [CHAT] A\n              Приобретая наш донат\n              Вы получаете лучшие наборы\n              И много возможностей!\n              Подробнее: /donate\n\n
[09:50:57] [Render thread/INFO] (Minecraft) [System] [CHAT]  A\n         Игрок 12354542\n         Купил привилегию a\n\n Благодарим за поддержку проекта!\n Подробнее о привилегиях - /don\n
[09:50:58] [Render thread/INFO] (Minecraft) [System] [CHAT]  e\n         Pika1hu_ замутил COM4TABLE2 на 30м:\n         2.1 - флуд/капс\n
[09:51:29] [Render thread/INFO] (Minecraft) [System] [CHAT] D\n              Помогите сделать сервер лучше\n              Сообщайте нам о багах\n              И получайте ценные награды!\n              Подробнее: vk.com/aresmine\n\n
[09:51:30] [Render thread/INFO] (Minecraft) [System] [CHAT]  e\n         klubnichka_sq замутил Artipon на 1ч:\n         2.1 - флуд/капс\n
[09:51:41] [Render thread/INFO] (Minecraft) [Not Secure] [CHAT] I a lodjery I"am'your'heart§r C 0
[09:51:47] [Render thread/INFO] (Minecraft) [Not Secure] [CHAT] I a lodjery I"am'your'heart§r C моя 1 дуэль за день
[09:51:58] [Render thread/INFO] (Minecraft) [Not Secure] [CHAT] K a m1xside s§r C а блять
[09:52:01] [Render thread/INFO] (Minecraft) [Not Secure] [CHAT] K a lodjery I"am'your'heart§r C ты даже размятым мне проебываешь
[09:52:03] [Render thread/INFO] (Minecraft) [Not Secure] [CHAT] K a m1xside s§r C Я думал 1 дуэльку играем
[09:52:05] [Render thread/INFO] (Minecraft) [System] [CHAT]  e\n         Pika1hu_ забанил dier00 навсегда:\n         1.11 - читы\n
[09:52:08] [Render thread/INFO] (Minecraft) [Not Secure] [CHAT] K a m1xside s§r C агро пидор
[09:52:12] [Render thread/INFO] (Minecraft) [Not Secure] [CHAT] K a lodjery I"am'your'heart§r C тиш
[09:52:14] [Render thread/INFO] (Minecraft) [System] [CHAT] K\n              Обезопасьте свой аккаунт\n              От злоумышленников!\n              Привязка ВК: vk.com/aresmine\n              Привязка ТГ: t.me/AresMineRobot\n\n
[09:52:14] [Render thread/INFO] (Minecraft) [Not Secure] [CHAT] K a m1xside s§r C агрошкольник
[09:52:17] [Render thread/INFO] (Minecraft) [Not Secure] [CHAT] K a lodjery I"am'your'heart§r C тиш
[09:52:19] [Render thread/INFO] (Minecraft) [Not Secure] [CHAT] K a m1xside s§r C агрососун
[09:52:21] [Render thread/INFO] (Minecraft) [Not Secure] [CHAT] K a GarganowF V§r C громче
[09:52:24] [Render thread/INFO] (Minecraft) [Not Secure] [CHAT] I a venomqq C friend add
[09:52:24] [Render thread/INFO] (Minecraft) [Not Secure] [CHAT] K a lodjery I"am'your'heart§r C ну да
[09:52:28] [Render thread/INFO] (Minecraft) [Not Secure] [CHAT] K a m1xside s§r C Агрограмматика
[09:52:36] [Render thread/INFO] (Minecraft) [System] [CHAT]  e\n         Temakur1st забанил toffa_rolla на 1д:\n         1.11 - читы\n
[09:52:50] [Render thread/INFO] (Minecraft) [System] [CHAT]  e\n         rtu0 заблокирован системой\n         По подозрению в читерстве\n
[09:52:52] [Render thread/INFO] (Minecraft) [Not Secure] [CHAT] K a fjdjfdykkfd C  gg
[09:52:55] [Render thread/INFO] (Minecraft) [Not Secure] [CHAT] K a m1xside s§r C лоджери
[09:52:59] [Render thread/INFO] (Minecraft) [System] [CHAT] C\n              Наш боевой пропуск\n              Предоставляет уникальные награды\n              И открывает новые возможности!\n              Подробнее: /bp\n\n
[09:53:00] [Render thread/INFO] (Minecraft) [Not Secure] [CHAT] K a m1xside s§r C зайди в дс
[09:53:41] [Render thread/INFO] (Minecraft) [Not Secure] [CHAT] K a fjdjfdykkfd C  gg
[09:53:44] [Render thread/INFO] (Minecraft) [System] [CHAT] F\n              Лучшая косметика\n              На любой вкус и цвет\n              Доступна для всех!\n              Подробнее: /cosm\n\n
[09:53:55] [Render thread/INFO] (Minecraft) [Not Secure] [CHAT] K a eifies C /p join eifies krisi
[09:53:58] [Render thread/INFO] (Minecraft) [Not Secure] [CHAT] I a Bronik124 C ezz
[09:54:22] [Render thread/INFO] (Minecraft) [Not Secure] [CHAT] I a eifies C чё ливнул
[09:54:28] [Render thread/INFO] (Minecraft) [Not Secure] [CHAT] I a eifies C зайди в пати
[09:54:29] [Render thread/INFO] (Minecraft) [System] [CHAT] L\n              Будьте в курсе всех новостей\n              Подпишитесь на наши соцсети!\n              Группа ВК: vk.com/aresmine\n              Канал ТГ: t.me/aresmine\n\n
[09:54:32] [Render thread/INFO] (Minecraft) [Not Secure] [CHAT] K a lodjery I"am'your'heart§r C ну и хуета мод
[09:54:35] [Render thread/INFO] (Minecraft) [Not Secure] [CHAT] I a eifies C у тя мут?
[09:54:44] [Render thread/INFO] (Minecraft) [Not Secure] [CHAT] I a eifies C на анку зайди
[09:54:55] [Render thread/INFO] (Minecraft) [Not Secure] [CHAT] K a fjdjfdykkfd C  gg
[09:55:13] [Render thread/INFO] (Minecraft) [System] [CHAT]  e\n         klubnichka_sq забанил 304DE1 на 30д:\n         1.11 - читы\n
[09:55:14] [Render thread/INFO] (Minecraft) [System] [CHAT] A\n              Приобретая наш донат\n              Вы получаете лучшие наборы\n              И много возможностей!\n              Подробнее: /donate\n\n
[09:55:16] [Render thread/INFO] (Minecraft) [Not Secure] [CHAT] K a lodjery I"am'your'heart§r C kto duel
[09:55:17] [Render thread/INFO] (Minecraft) [Not Secure] [CHAT] K a lodjery I"am'your'heart§r C kto duel
[09:55:30] [Render thread/INFO] (Minecraft) [System] [CHAT]  e\n         SpRaVeDlIvOsTb забанил OneGolf43417219 на 3д:\n         1.11 - читы\n
[09:55:33] [Render thread/INFO] (Minecraft) [Not Secure] [CHAT] K a BankaI C na 4em
[09:55:36] [Render thread/INFO] (Minecraft) [Not Secure] [CHAT] K a lodjery I"am'your'heart§r C totemy
[09:55:37] [Render thread/INFO] (Minecraft) [System] [CHAT] G В этом регионе включена неуязвимость!
[09:55:37] [Render thread/INFO] (Minecraft) [System] [CHAT]  e\n         Pika1hu_ забанил antongandon13512 навсегда:\n         1.6 - некорректный никнейм\n
[09:55:38] [Render thread/INFO] (Minecraft) [System] [CHAT] G В этом регионе включена неуязвимость!
[09:55:38] [Render thread/INFO] (Minecraft) [System] [CHAT] G В этом регионе включена неуязвимость!
[09:55:39] [Render thread/INFO] (Minecraft) [System] [CHAT] G В этом регионе включена неуязвимость!
[09:55:40] [Render thread/INFO] (Minecraft) [System] [CHAT] G В этом регионе включена неуязвимость!
[09:55:41] [Render thread/INFO] (Minecraft) [System] [CHAT] G В этом регионе включена неуязвимость!
[09:55:41] [Render thread/INFO] (Minecraft) [System] [CHAT] G В этом регионе включена неуязвимость!
[09:55:41] [Render thread/INFO] (Minecraft) [System] [CHAT] G В этом регионе включена неуязвимость!
[09:55:41] [Render thread/INFO] (Minecraft) [Not Secure] [CHAT] K a BankaI C poshli
[09:55:42] [Render thread/INFO] (Minecraft) [System] [CHAT] G В этом регионе включена неуязвимость!
[09:55:43] [Render thread/INFO] (Minecraft) [System] [CHAT] G В этом регионе включена неуязвимость!
[09:55:43] [Render thread/INFO] (Minecraft) [System] [CHAT] G В этом регионе включена неуязвимость!
[09:55:44] [Render thread/INFO] (Minecraft) [System] [CHAT] G В этом регионе включена неуязвимость!
[09:55:44] [Render thread/INFO] (Minecraft) [System] [CHAT] G В этом регионе включена неуязвимость!
[09:55:45] [Render thread/INFO] (Minecraft) [System] [CHAT] G В этом регионе включена неуязвимость!
[09:55:45] [Render thread/INFO] (Minecraft) [System] [CHAT]  e\n         homeeee заблокирован системой\n         По подозрению в читерстве\n
[09:55:46] [Render thread/INFO] (Minecraft) [System] [CHAT] G В этом регионе включена неуязвимость!
[09:55:46] [Render thread/INFO] (Minecraft) [System] [CHAT] G В этом регионе включена неуязвимость!
[09:55:47] [Render thread/INFO] (Minecraft) [System] [CHAT] G В этом регионе включена неуязвимость!
[09:55:48] [Render thread/INFO] (Minecraft) [System] [CHAT] \nZ Дуэль начинается!\nZ Набор - Обычный\nY Карта - Хвойный лес\n
[09:56:04] [Render thread/INFO] (Minecraft) [System] [CHAT] \nZ Статистика дуэли:\nZ sasdaue1241235 - ⚔1\nZ \nZ Длительность дуэли: 15с\nZ Урона нанесено: 27.10\nZ \nZ Всего ударов: 9\nZ Из них критов: 8\nZ \nZ Попаданий из лука: 0\nY Предметов использовано: 1\n
[09:56:10] [Render thread/INFO] (Minecraft) [System] [CHAT] \nZ Дуэль начинается!\nZ Набор - Обычный\nY Карта - Колизей\n
[09:56:19] [Render thread/INFO] (Minecraft) [Not Secure] [CHAT] K a Phagor_LoVe YouEzzBro§r C  пф
[09:56:21] [Render thread/INFO] (Minecraft) [Not Secure] [CHAT] K a Phagor_LoVe YouEzzBro§r C  поц
[09:56:23] [Render thread/INFO] (Minecraft) [System] [CHAT]  e\n         caddy заблокирован системой\n         По подозрению в читерстве\n
[09:56:29] [Render thread/INFO] (Minecraft) [System] [CHAT] \nZ Статистика дуэли:\nZ ronaldo455 - ⚔1\nZ \nZ Длительность дуэли: 19с\nZ Урона нанесено: 45.94\nZ \nZ Всего ударов: 17\nZ Из них критов: 17\nZ \nZ Попаданий из лука: 0\nY Предметов использовано: 2\n
[09:56:29] [Render thread/INFO] (Minecraft) [System] [CHAT] \nZ Вы перешли в режим наблюдателя\nY Покинуть дуэль - /d leave\n
[09:56:34] [Render thread/INFO] (Minecraft) [System] [CHAT] \nZ Дуэль начинается!\nZ Набор - Обычный\nY Карта - Деревня\n
[09:56:52] [Render thread/INFO] (Minecraft) [System] [CHAT] \nZ Статистика дуэли:\nZ ronaldo455 - ⚔1\nZ \nZ Длительность дуэли: 18с\nZ Урона нанесено: 42.23\nZ \nZ Всего ударов: 15\nZ Из них критов: 15\nZ \nZ Попаданий из лука: 0\nY Предметов использовано: 2\n
[09:56:52] [Render thread/INFO] (Minecraft) [System] [CHAT] \nZ Вы перешли в режим наблюдателя\nY Покинуть дуэль - /d leave\n
[09:56:58] [Render thread/INFO] (Minecraft) [Not Secure] [CHAT] I a огурец810 УТОПИЛ_РЫБУ§r C все бб
[09:56:58] [Render thread/INFO] (Minecraft) [System] [CHAT] \nZ Дуэль начинается!\nZ Набор - Тотемы\nY Карта - Деревня\n
[09:57:02] [Render thread/INFO] (Minecraft) [System] [CHAT]  e\n         jzx_FREEK заблокирован системой\n         По подозрению в читерстве\n
[09:57:03] [Render thread/INFO] (Minecraft) [Not Secure] [CHAT] I a EgorSA C пр
[09:57:41] [Render thread/INFO] (Minecraft) [Not Secure] [CHAT] K a BankaI C gg
[09:57:43] [Render thread/INFO] (Minecraft) [Not Secure] [CHAT] I a EgorSA C фуу софт
[09:58:03] [Render thread/INFO] (Minecraft) [System] [CHAT] F Дуэль закончится через 19м
[09:58:17] [Render thread/INFO] (Minecraft) [Not Secure] [CHAT] K a OKX А§r C  отвечаю
[09:58:23] [Render thread/INFO] (Minecraft) [System] [CHAT]  e\n         joiles6704 забанил ronaldo455 на 1д:\n         1.11 - читы\n
[09:58:25] [Render thread/INFO] (Minecraft) [Not Secure] [CHAT] K a OKX А§r C  я себя бахнуть не могу с пингом 43
[09:58:29] [Render thread/INFO] (Minecraft) [System] [CHAT] \nZ Статистика дуэли:\nZ sasdaue1241235 - ⚔1\nZ \nZ Длительность дуэли: 1м 30с\nZ Урона нанесено: 189.28\nZ \nZ Всего ударов: 95\nZ Из них критов: 69\nZ \nZ Попаданий из лука: 0\nY Предметов использовано: 13\n
[09:58:30] [Render thread/INFO] (Minecraft) Stopping!
[09:58:30] [Render thread/INFO] (IAS) IAS: Closing IAS...
[09:58:30] [Render thread/INFO] (IAS) IAS: Shutting down IAS executor...
[09:58:30] [Render thread/INFO] (IAS) IAS: IAS executor shut down.
[09:58:30] [Render thread/INFO] (IAS) IAS: IAS has been unloaded.
[09:58:30] [Render thread/INFO] (Minecraft) Reloading ResourceManager: vanilla, fabric, com_viaversion_viaaprilfools-common, com_viaversion_viabackwards-common, com_viaversion_viaversion-common, fabric-api, fabric-api-base, fabric-api-lookup-api-v1, fabric-biome-api-v1, fabric-block-api-v1, fabric-block-view-api-v2, fabric-blockrenderlayer-v1, fabric-client-gametest-api-v1, fabric-client-tags-api-v1, fabric-command-api-v1, fabric-command-api-v2, fabric-commands-v0, fabric-content-registries-v0, fabric-convention-tags-v1, fabric-convention-tags-v2, fabric-crash-report-info-v1, fabric-data-attachment-api-v1, fabric-data-generation-api-v1, fabric-dimensions-v1, fabric-entity-events-v1, fabric-events-interaction-v0, fabric-game-rule-api-v1, fabric-gametest-api-v1, fabric-item-api-v1, fabric-item-group-api-v1, fabric-key-binding-api-v1, fabric-keybindings-v0, fabric-lifecycle-events-v1, fabric-loot-api-v2, fabric-loot-api-v3, fabric-message-api-v1, fabric-model-loading-api-v1, fabric-networking-api-v1, fabric-object-builder-api-v1, fabric-particles-v1, fabric-recipe-api-v1, fabric-registry-sync-v0, fabric-renderer-api-v1, fabric-renderer-indigo, fabric-rendering-data-attachment-v1, fabric-rendering-fluids-v1, fabric-rendering-v1, fabric-resource-conditions-api-v1, fabric-resource-loader-v0, fabric-screen-api-v1, fabric-screen-handler-api-v1, fabric-sound-api-v1, fabric-tag-api-v1, fabric-transfer-api-v1, fabric-transitive-access-wideners-v1, fabricloader, ias, luxury, modmenu, net_raphimc_viabedrock, net_raphimc_vialegacy, placeholder-api, viafabricplus, viafabricplus-visuals, file/!§f     ᴛʜᴜɴᴅᴇʀ. ᴡʜɪᴛᴇ ᴠ3.3.zip
[09:58:31] [Worker-Main-2/WARN] (Minecraft) Invalid path in datapack: minecraft:sounds/fireworks/largeBlast_far1.ogg, ignoring
[09:58:31] [Worker-Main-3/INFO] (Minecraft) Found unifont_all_no_pua-16.0.01.hex, loading
[09:58:32] [Worker-Main-3/INFO] (Minecraft) Found unifont_jp_patch-16.0.01.hex, loading
[09:58:33] [Worker-Main-2/WARN] (Minecraft) Invalid path in datapack: minecraft:textures/block/glass_pane_top_yellow---Copie.png, ignoring
[09:58:33] [Worker-Main-2/WARN] (Minecraft) Invalid path in datapack: minecraft:textures/block/repeater_off copy.png, ignoring
[09:58:33] [Worker-Main-2/WARN] (Minecraft) Invalid path in datapack: minecraft:textures/block/Thumbs.db, ignoring
[09:58:33] [Worker-Main-2/WARN] (Minecraft) Invalid path in datapack: minecraft:textures/block/whiteStone.png, ignoring
[09:58:34] [Worker-Main-3/ERROR] (Minecraft) Using missing texture, unable to load minecraft:entity/banner/diagonal_up_left
java.nio.channels.ClosedByInterruptException: null
	at java.base/java.nio.channels.spi.AbstractInterruptibleChannel.end(AbstractInterruptibleChannel.java:200) ~[?:?]
	at java.base/java.nio.channels.Channels$ReadableByteChannelImpl.read(Channels.java:318) ~[?:?]
	at knot/com.mojang.blaze3d.platform.TextureUtil.readResource(TextureUtil.java:99) ~[minecraft-merged-a172fc6613-1.21.4-net.fabricmc.yarn.1_21_4.1.21.4+build.8-v2.jar:?]
	at knot/com.mojang.blaze3d.platform.TextureUtil.readResource(TextureUtil.java:92) ~[minecraft-merged-a172fc6613-1.21.4-net.fabricmc.yarn.1_21_4.1.21.4+build.8-v2.jar:?]
	at knot/net.minecraft.client.texture.NativeImage.read(NativeImage.java:111) ~[minecraft-merged-a172fc6613-1.21.4-net.fabricmc.yarn.1_21_4.1.21.4+build.8-v2.jar:?]
	at knot/net.minecraft.client.texture.NativeImage.read(NativeImage.java:104) ~[minecraft-merged-a172fc6613-1.21.4-net.fabricmc.yarn.1_21_4.1.21.4+build.8-v2.jar:?]
	at knot/net.minecraft.client.texture.SpriteOpener.method_52851(SpriteOpener.java:37) ~[minecraft-merged-a172fc6613-1.21.4-net.fabricmc.yarn.1_21_4.1.21.4+build.8-v2.jar:?]
	at knot/net.minecraft.client.texture.atlas.AtlasSource$SpriteRegions.method_47675(AtlasSource.java:21) ~[minecraft-merged-a172fc6613-1.21.4-net.fabricmc.yarn.1_21_4.1.21.4+build.8-v2.jar:?]
	at knot/net.minecraft.client.texture.SpriteLoader.method_52850(SpriteLoader.java:107) ~[minecraft-merged-a172fc6613-1.21.4-net.fabricmc.yarn.1_21_4.1.21.4+build.8-v2.jar:?]
	at java.base/java.util.concurrent.CompletableFuture$AsyncSupply.run$$$capture(CompletableFuture.java:1768) [?:?]
	at java.base/java.util.concurrent.CompletableFuture$AsyncSupply.run(CompletableFuture.java) [?:?]
	at java.base/java.util.concurrent.CompletableFuture$AsyncSupply.exec(CompletableFuture.java:1760) [?:?]
	at java.base/java.util.concurrent.ForkJoinTask.doExec$$$capture(ForkJoinTask.java:387) [?:?]
	at java.base/java.util.concurrent.ForkJoinTask.doExec(ForkJoinTask.java) [?:?]
	at java.base/java.util.concurrent.ForkJoinPool$WorkQueue.topLevelExec(ForkJoinPool.java:1312) [?:?]
	at java.base/java.util.concurrent.ForkJoinPool.scan(ForkJoinPool.java:1843) [?:?]
	at java.base/java.util.concurrent.ForkJoinPool.runWorker(ForkJoinPool.java:1808) [?:?]
	at java.base/java.util.concurrent.ForkJoinWorkerThread.run(ForkJoinWorkerThread.java:188) [?:?]
[09:58:34] [Worker-Main-3/ERROR] (Minecraft) Using missing texture, unable to load minecraft:entity/banner/small_stripes
java.nio.channels.ClosedByInterruptException: null
	at java.base/java.nio.channels.spi.AbstractInterruptibleChannel.end(AbstractInterruptibleChannel.java:200) ~[?:?]
	at java.base/java.nio.channels.Channels$ReadableByteChannelImpl.read(Channels.java:318) ~[?:?]
	at knot/com.mojang.blaze3d.platform.TextureUtil.readResource(TextureUtil.java:99) ~[minecraft-merged-a172fc6613-1.21.4-net.fabricmc.yarn.1_21_4.1.21.4+build.8-v2.jar:?]
	at knot/com.mojang.blaze3d.platform.TextureUtil.readResource(TextureUtil.java:92) ~[minecraft-merged-a172fc6613-1.21.4-net.fabricmc.yarn.1_21_4.1.21.4+build.8-v2.jar:?]
	at knot/net.minecraft.client.texture.NativeImage.read(NativeImage.java:111) ~[minecraft-merged-a172fc6613-1.21.4-net.fabricmc.yarn.1_21_4.1.21.4+build.8-v2.jar:?]
	at knot/net.minecraft.client.texture.NativeImage.read(NativeImage.java:104) ~[minecraft-merged-a172fc6613-1.21.4-net.fabricmc.yarn.1_21_4.1.21.4+build.8-v2.jar:?]
	at knot/net.minecraft.client.texture.SpriteOpener.method_52851(SpriteOpener.java:37) ~[minecraft-merged-a172fc6613-1.21.4-net.fabricmc.yarn.1_21_4.1.21.4+build.8-v2.jar:?]
	at knot/net.minecraft.client.texture.atlas.AtlasSource$SpriteRegions.method_47675(AtlasSource.java:21) ~[minecraft-merged-a172fc6613-1.21.4-net.fabricmc.yarn.1_21_4.1.21.4+build.8-v2.jar:?]
	at knot/net.minecraft.client.texture.SpriteLoader.method_52850(SpriteLoader.java:107) ~[minecraft-merged-a172fc6613-1.21.4-net.fabricmc.yarn.1_21_4.1.21.4+build.8-v2.jar:?]
	at java.base/java.util.concurrent.CompletableFuture$AsyncSupply.run$$$capture(CompletableFuture.java:1768) [?:?]
	at java.base/java.util.concurrent.CompletableFuture$AsyncSupply.run(CompletableFuture.java) [?:?]
	at java.base/java.util.concurrent.CompletableFuture$AsyncSupply.exec(CompletableFuture.java:1760) [?:?]
	at java.base/java.util.concurrent.ForkJoinTask.doExec$$$capture(ForkJoinTask.java:387) [?:?]
	at java.base/java.util.concurrent.ForkJoinTask.doExec(ForkJoinTask.java) [?:?]
	at java.base/java.util.concurrent.ForkJoinPool$WorkQueue.topLevelExec(ForkJoinPool.java:1312) [?:?]
	at java.base/java.util.concurrent.ForkJoinPool.scan(ForkJoinPool.java:1843) [?:?]
	at java.base/java.util.concurrent.ForkJoinPool.runWorker(ForkJoinPool.java:1808) [?:?]
	at java.base/java.util.concurrent.ForkJoinWorkerThread.run(ForkJoinWorkerThread.java:188) [?:?]
[09:58:34] [Worker-Main-3/ERROR] (Minecraft) Using missing texture, unable to load minecraft:entity/banner/diagonal_right
java.nio.channels.ClosedByInterruptException: null
	at java.base/java.nio.channels.spi.AbstractInterruptibleChannel.end(AbstractInterruptibleChannel.java:200) ~[?:?]
	at java.base/java.nio.channels.Channels$ReadableByteChannelImpl.read(Channels.java:318) ~[?:?]
	at knot/com.mojang.blaze3d.platform.TextureUtil.readResource(TextureUtil.java:99) ~[minecraft-merged-a172fc6613-1.21.4-net.fabricmc.yarn.1_21_4.1.21.4+build.8-v2.jar:?]
	at knot/com.mojang.blaze3d.platform.TextureUtil.readResource(TextureUtil.java:92) ~[minecraft-merged-a172fc6613-1.21.4-net.fabricmc.yarn.1_21_4.1.21.4+build.8-v2.jar:?]
	at knot/net.minecraft.client.texture.NativeImage.read(NativeImage.java:111) ~[minecraft-merged-a172fc6613-1.21.4-net.fabricmc.yarn.1_21_4.1.21.4+build.8-v2.jar:?]
	at knot/net.minecraft.client.texture.NativeImage.read(NativeImage.java:104) ~[minecraft-merged-a172fc6613-1.21.4-net.fabricmc.yarn.1_21_4.1.21.4+build.8-v2.jar:?]
	at knot/net.minecraft.client.texture.SpriteOpener.method_52851(SpriteOpener.java:37) ~[minecraft-merged-a172fc6613-1.21.4-net.fabricmc.yarn.1_21_4.1.21.4+build.8-v2.jar:?]
	at knot/net.minecraft.client.texture.atlas.AtlasSource$SpriteRegions.method_47675(AtlasSource.java:21) ~[minecraft-merged-a172fc6613-1.21.4-net.fabricmc.yarn.1_21_4.1.21.4+build.8-v2.jar:?]
	at knot/net.minecraft.client.texture.SpriteLoader.method_52850(SpriteLoader.java:107) ~[minecraft-merged-a172fc6613-1.21.4-net.fabricmc.yarn.1_21_4.1.21.4+build.8-v2.jar:?]
	at java.base/java.util.concurrent.CompletableFuture$AsyncSupply.run$$$capture(CompletableFuture.java:1768) [?:?]
	at java.base/java.util.concurrent.CompletableFuture$AsyncSupply.run(CompletableFuture.java) [?:?]
	at java.base/java.util.concurrent.CompletableFuture$AsyncSupply.exec(CompletableFuture.java:1760) [?:?]
	at java.base/java.util.concurrent.ForkJoinTask.doExec$$$capture(ForkJoinTask.java:387) [?:?]
	at java.base/java.util.concurrent.ForkJoinTask.doExec(ForkJoinTask.java) [?:?]
	at java.base/java.util.concurrent.ForkJoinPool$WorkQueue.topLevelExec(ForkJoinPool.java:1312) [?:?]
	at java.base/java.util.concurrent.ForkJoinPool.scan(ForkJoinPool.java:1843) [?:?]
	at java.base/java.util.concurrent.ForkJoinPool.runWorker(ForkJoinPool.java:1808) [?:?]
	at java.base/java.util.concurrent.ForkJoinWorkerThread.run(ForkJoinWorkerThread.java:188) [?:?]
[09:58:34] [Worker-Main-3/ERROR] (Minecraft) Using missing texture, unable to load minecraft:entity/banner/square_bottom_left
java.nio.channels.ClosedByInterruptException: null
	at java.base/java.nio.channels.spi.AbstractInterruptibleChannel.end(AbstractInterruptibleChannel.java:200) ~[?:?]
	at java.base/java.nio.channels.Channels$ReadableByteChannelImpl.read(Channels.java:318) ~[?:?]
	at knot/com.mojang.blaze3d.platform.TextureUtil.readResource(TextureUtil.java:99) ~[minecraft-merged-a172fc6613-1.21.4-net.fabricmc.yarn.1_21_4.1.21.4+build.8-v2.jar:?]
	at knot/com.mojang.blaze3d.platform.TextureUtil.readResource(TextureUtil.java:92) ~[minecraft-merged-a172fc6613-1.21.4-net.fabricmc.yarn.1_21_4.1.21.4+build.8-v2.jar:?]
	at knot/net.minecraft.client.texture.NativeImage.read(NativeImage.java:111) ~[minecraft-merged-a172fc6613-1.21.4-net.fabricmc.yarn.1_21_4.1.21.4+build.8-v2.jar:?]
	at knot/net.minecraft.client.texture.NativeImage.read(NativeImage.java:104) ~[minecraft-merged-a172fc6613-1.21.4-net.fabricmc.yarn.1_21_4.1.21.4+build.8-v2.jar:?]
	at knot/net.minecraft.client.texture.SpriteOpener.method_52851(SpriteOpener.java:37) ~[minecraft-merged-a172fc6613-1.21.4-net.fabricmc.yarn.1_21_4.1.21.4+build.8-v2.jar:?]
	at knot/net.minecraft.client.texture.atlas.AtlasSource$SpriteRegions.method_47675(AtlasSource.java:21) ~[minecraft-merged-a172fc6613-1.21.4-net.fabricmc.yarn.1_21_4.1.21.4+build.8-v2.jar:?]
	at knot/net.minecraft.client.texture.SpriteLoader.method_52850(SpriteLoader.java:107) ~[minecraft-merged-a172fc6613-1.21.4-net.fabricmc.yarn.1_21_4.1.21.4+build.8-v2.jar:?]
	at java.base/java.util.concurrent.CompletableFuture$AsyncSupply.run$$$capture(CompletableFuture.java:1768) [?:?]
	at java.base/java.util.concurrent.CompletableFuture$AsyncSupply.run(CompletableFuture.java) [?:?]
	at java.base/java.util.concurrent.CompletableFuture$AsyncSupply.exec(CompletableFuture.java:1760) [?:?]
	at java.base/java.util.concurrent.ForkJoinTask.doExec$$$capture(ForkJoinTask.java:387) [?:?]
	at java.base/java.util.concurrent.ForkJoinTask.doExec(ForkJoinTask.java) [?:?]
	at java.base/java.util.concurrent.ForkJoinPool$WorkQueue.topLevelExec(ForkJoinPool.java:1312) [?:?]
	at java.base/java.util.concurrent.ForkJoinPool.scan(ForkJoinPool.java:1843) [?:?]
	at java.base/java.util.concurrent.ForkJoinPool.runWorker(ForkJoinPool.java:1808) [?:?]
	at java.base/java.util.concurrent.ForkJoinWorkerThread.run(ForkJoinWorkerThread.java:188) [?:?]
[09:58:34] [Worker-Main-3/ERROR] (Minecraft) Using missing texture, unable to load minecraft:entity/banner/stripe_downright
java.nio.channels.ClosedByInterruptException: null
	at java.base/java.nio.channels.spi.AbstractInterruptibleChannel.end(AbstractInterruptibleChannel.java:200) ~[?:?]
	at java.base/java.nio.channels.Channels$ReadableByteChannelImpl.read(Channels.java:318) ~[?:?]
	at knot/com.mojang.blaze3d.platform.TextureUtil.readResource(TextureUtil.java:99) ~[minecraft-merged-a172fc6613-1.21.4-net.fabricmc.yarn.1_21_4.1.21.4+build.8-v2.jar:?]
	at knot/com.mojang.blaze3d.platform.TextureUtil.readResource(TextureUtil.java:92) ~[minecraft-merged-a172fc6613-1.21.4-net.fabricmc.yarn.1_21_4.1.21.4+build.8-v2.jar:?]
	at knot/net.minecraft.client.texture.NativeImage.read(NativeImage.java:111) ~[minecraft-merged-a172fc6613-1.21.4-net.fabricmc.yarn.1_21_4.1.21.4+build.8-v2.jar:?]
	at knot/net.minecraft.client.texture.NativeImage.read(NativeImage.java:104) ~[minecraft-merged-a172fc6613-1.21.4-net.fabricmc.yarn.1_21_4.1.21.4+build.8-v2.jar:?]
	at knot/net.minecraft.client.texture.SpriteOpener.method_52851(SpriteOpener.java:37) ~[minecraft-merged-a172fc6613-1.21.4-net.fabricmc.yarn.1_21_4.1.21.4+build.8-v2.jar:?]
	at knot/net.minecraft.client.texture.atlas.AtlasSource$SpriteRegions.method_47675(AtlasSource.java:21) ~[minecraft-merged-a172fc6613-1.21.4-net.fabricmc.yarn.1_21_4.1.21.4+build.8-v2.jar:?]
	at knot/net.minecraft.client.texture.SpriteLoader.method_52850(SpriteLoader.java:107) ~[minecraft-merged-a172fc6613-1.21.4-net.fabricmc.yarn.1_21_4.1.21.4+build.8-v2.jar:?]
	at java.base/java.util.concurrent.CompletableFuture$AsyncSupply.run$$$capture(CompletableFuture.java:1768) [?:?]
	at java.base/java.util.concurrent.CompletableFuture$AsyncSupply.run(CompletableFuture.java) [?:?]
	at java.base/java.util.concurrent.CompletableFuture$AsyncSupply.exec(CompletableFuture.java:1760) [?:?]
	at java.base/java.util.concurrent.ForkJoinTask.doExec$$$capture(ForkJoinTask.java:387) [?:?]
	at java.base/java.util.concurrent.ForkJoinTask.doExec(ForkJoinTask.java) [?:?]
	at java.base/java.util.concurrent.ForkJoinPool$WorkQueue.topLevelExec(ForkJoinPool.java:1312) [?:?]
	at java.base/java.util.concurrent.ForkJoinPool.scan(ForkJoinPool.java:1843) [?:?]
	at java.base/java.util.concurrent.ForkJoinPool.runWorker(ForkJoinPool.java:1808) [?:?]
	at java.base/java.util.concurrent.ForkJoinWorkerThread.run(ForkJoinWorkerThread.java:188) [?:?]
[09:58:34] [Worker-Main-2/ERROR] (Minecraft) Using missing texture, unable to load minecraft:item/blue_dye
java.nio.channels.ClosedByInterruptException: null
	at java.base/java.nio.channels.spi.AbstractInterruptibleChannel.end(AbstractInterruptibleChannel.java:200) ~[?:?]
	at java.base/sun.nio.ch.FileChannelImpl.endBlocking(FileChannelImpl.java:172) ~[?:?]
	at java.base/sun.nio.ch.FileChannelImpl.readInternal(FileChannelImpl.java:990) ~[?:?]
	at java.base/sun.nio.ch.FileChannelImpl.read(FileChannelImpl.java:962) ~[?:?]
	at jdk.zipfs@21.0.8/jdk.nio.zipfs.ZipFileSystem.readFullyAt(ZipFileSystem.java:1241) ~[jdk.zipfs:?]
	at jdk.zipfs@21.0.8/jdk.nio.zipfs.ZipFileSystem.readFullyAt(ZipFileSystem.java:1236) ~[jdk.zipfs:?]
	at jdk.zipfs@21.0.8/jdk.nio.zipfs.ZipFileSystem$EntryInputStream.initDataPos(ZipFileSystem.java:2386) ~[jdk.zipfs:?]
	at jdk.zipfs@21.0.8/jdk.nio.zipfs.ZipFileSystem$EntryInputStream.read(ZipFileSystem.java:2328) ~[jdk.zipfs:?]
	at jdk.zipfs@21.0.8/jdk.nio.zipfs.ZipFileSystem$2.fill(ZipFileSystem.java:2278) ~[jdk.zipfs:?]
	at java.base/java.util.zip.InflaterInputStream.read(InflaterInputStream.java:175) ~[?:?]
	at java.base/java.nio.channels.Channels$ReadableByteChannelImpl.read(Channels.java:316) ~[?:?]
	at knot/com.mojang.blaze3d.platform.TextureUtil.readResource(TextureUtil.java:99) ~[minecraft-merged-a172fc6613-1.21.4-net.fabricmc.yarn.1_21_4.1.21.4+build.8-v2.jar:?]
	at knot/com.mojang.blaze3d.platform.TextureUtil.readResource(TextureUtil.java:92) ~[minecraft-merged-a172fc6613-1.21.4-net.fabricmc.yarn.1_21_4.1.21.4+build.8-v2.jar:?]
	at knot/net.minecraft.client.texture.NativeImage.read(NativeImage.java:111) ~[minecraft-merged-a172fc6613-1.21.4-net.fabricmc.yarn.1_21_4.1.21.4+build.8-v2.jar:?]
	at knot/net.minecraft.client.texture.NativeImage.read(NativeImage.java:104) ~[minecraft-merged-a172fc6613-1.21.4-net.fabricmc.yarn.1_21_4.1.21.4+build.8-v2.jar:?]
	at knot/net.minecraft.client.texture.SpriteOpener.method_52851(SpriteOpener.java:37) ~[minecraft-merged-a172fc6613-1.21.4-net.fabricmc.yarn.1_21_4.1.21.4+build.8-v2.jar:?]
	at knot/net.minecraft.client.texture.atlas.AtlasSource$SpriteRegions.method_47675(AtlasSource.java:21) ~[minecraft-merged-a172fc6613-1.21.4-net.fabricmc.yarn.1_21_4.1.21.4+build.8-v2.jar:?]
	at knot/net.minecraft.client.texture.SpriteLoader.method_52850(SpriteLoader.java:107) ~[minecraft-merged-a172fc6613-1.21.4-net.fabricmc.yarn.1_21_4.1.21.4+build.8-v2.jar:?]
	at java.base/java.util.concurrent.CompletableFuture$AsyncSupply.run$$$capture(CompletableFuture.java:1768) [?:?]
	at java.base/java.util.concurrent.CompletableFuture$AsyncSupply.run(CompletableFuture.java) [?:?]
	at java.base/java.util.concurrent.CompletableFuture$AsyncSupply.exec(CompletableFuture.java:1760) [?:?]
	at java.base/java.util.concurrent.ForkJoinTask.doExec$$$capture(ForkJoinTask.java:387) [?:?]
	at java.base/java.util.concurrent.ForkJoinTask.doExec(ForkJoinTask.java) [?:?]
	at java.base/java.util.concurrent.ForkJoinPool$WorkQueue.topLevelExec(ForkJoinPool.java:1312) [?:?]
	at java.base/java.util.concurrent.ForkJoinPool.scan(ForkJoinPool.java:1843) [?:?]
	at java.base/java.util.concurrent.ForkJoinPool.runWorker(ForkJoinPool.java:1808) [?:?]
	at java.base/java.util.concurrent.ForkJoinWorkerThread.run(ForkJoinWorkerThread.java:188) [?:?]
[09:58:34] [Worker-Main-2/ERROR] (Minecraft) Using missing texture, unable to load minecraft:entity/banner/rhombus
java.nio.channels.ClosedByInterruptException: null
	at java.base/java.nio.channels.spi.AbstractInterruptibleChannel.end(AbstractInterruptibleChannel.java:200) ~[?:?]
	at java.base/java.nio.channels.Channels$ReadableByteChannelImpl.read(Channels.java:318) ~[?:?]
	at knot/com.mojang.blaze3d.platform.TextureUtil.readResource(TextureUtil.java:99) ~[minecraft-merged-a172fc6613-1.21.4-net.fabricmc.yarn.1_21_4.1.21.4+build.8-v2.jar:?]
	at knot/com.mojang.blaze3d.platform.TextureUtil.readResource(TextureUtil.java:92) ~[minecraft-merged-a172fc6613-1.21.4-net.fabricmc.yarn.1_21_4.1.21.4+build.8-v2.jar:?]
	at knot/net.minecraft.client.texture.NativeImage.read(NativeImage.java:111) ~[minecraft-merged-a172fc6613-1.21.4-net.fabricmc.yarn.1_21_4.1.21.4+build.8-v2.jar:?]
	at knot/net.minecraft.client.texture.NativeImage.read(NativeImage.java:104) ~[minecraft-merged-a172fc6613-1.21.4-net.fabricmc.yarn.1_21_4.1.21.4+build.8-v2.jar:?]
	at knot/net.minecraft.client.texture.SpriteOpener.method_52851(SpriteOpener.java:37) ~[minecraft-merged-a172fc6613-1.21.4-net.fabricmc.yarn.1_21_4.1.21.4+build.8-v2.jar:?]
	at knot/net.minecraft.client.texture.atlas.AtlasSource$SpriteRegions.method_47675(AtlasSource.java:21) ~[minecraft-merged-a172fc6613-1.21.4-net.fabricmc.yarn.1_21_4.1.21.4+build.8-v2.jar:?]
	at knot/net.minecraft.client.texture.SpriteLoader.method_52850(SpriteLoader.java:107) ~[minecraft-merged-a172fc6613-1.21.4-net.fabricmc.yarn.1_21_4.1.21.4+build.8-v2.jar:?]
	at java.base/java.util.concurrent.CompletableFuture$AsyncSupply.run$$$capture(CompletableFuture.java:1768) [?:?]
	at java.base/java.util.concurrent.CompletableFuture$AsyncSupply.run(CompletableFuture.java) [?:?]
	at java.base/java.util.concurrent.CompletableFuture$AsyncSupply.exec(CompletableFuture.java:1760) [?:?]
	at java.base/java.util.concurrent.ForkJoinTask.doExec$$$capture(ForkJoinTask.java:387) [?:?]
	at java.base/java.util.concurrent.ForkJoinTask.doExec(ForkJoinTask.java) [?:?]
	at java.base/java.util.concurrent.ForkJoinPool$WorkQueue.topLevelExec(ForkJoinPool.java:1312) [?:?]
	at java.base/java.util.concurrent.ForkJoinPool.scan(ForkJoinPool.java:1843) [?:?]
	at java.base/java.util.concurrent.ForkJoinPool.runWorker(ForkJoinPool.java:1808) [?:?]
	at java.base/java.util.concurrent.ForkJoinWorkerThread.run(ForkJoinWorkerThread.java:188) [?:?]
[09:58:34] [Worker-Main-2/ERROR] (Minecraft) Using missing texture, unable to load minecraft:entity/banner/triangles_top
java.nio.channels.ClosedByInterruptException: null
	at java.base/java.nio.channels.spi.AbstractInterruptibleChannel.end(AbstractInterruptibleChannel.java:200) ~[?:?]
	at java.base/java.nio.channels.Channels$ReadableByteChannelImpl.read(Channels.java:318) ~[?:?]
	at knot/com.mojang.blaze3d.platform.TextureUtil.readResource(TextureUtil.java:99) ~[minecraft-merged-a172fc6613-1.21.4-net.fabricmc.yarn.1_21_4.1.21.4+build.8-v2.jar:?]
	at knot/com.mojang.blaze3d.platform.TextureUtil.readResource(TextureUtil.java:92) ~[minecraft-merged-a172fc6613-1.21.4-net.fabricmc.yarn.1_21_4.1.21.4+build.8-v2.jar:?]
	at knot/net.minecraft.client.texture.NativeImage.read(NativeImage.java:111) ~[minecraft-merged-a172fc6613-1.21.4-net.fabricmc.yarn.1_21_4.1.21.4+build.8-v2.jar:?]
	at knot/net.minecraft.client.texture.NativeImage.read(NativeImage.java:104) ~[minecraft-merged-a172fc6613-1.21.4-net.fabricmc.yarn.1_21_4.1.21.4+build.8-v2.jar:?]
	at knot/net.minecraft.client.texture.SpriteOpener.method_52851(SpriteOpener.java:37) ~[minecraft-merged-a172fc6613-1.21.4-net.fabricmc.yarn.1_21_4.1.21.4+build.8-v2.jar:?]
	at knot/net.minecraft.client.texture.atlas.AtlasSource$SpriteRegions.method_47675(AtlasSource.java:21) ~[minecraft-merged-a172fc6613-1.21.4-net.fabricmc.yarn.1_21_4.1.21.4+build.8-v2.jar:?]
	at knot/net.minecraft.client.texture.SpriteLoader.method_52850(SpriteLoader.java:107) ~[minecraft-merged-a172fc6613-1.21.4-net.fabricmc.yarn.1_21_4.1.21.4+build.8-v2.jar:?]
	at java.base/java.util.concurrent.CompletableFuture$AsyncSupply.run$$$capture(CompletableFuture.java:1768) [?:?]
	at java.base/java.util.concurrent.CompletableFuture$AsyncSupply.run(CompletableFuture.java) [?:?]
	at java.base/java.util.concurrent.CompletableFuture$AsyncSupply.exec(CompletableFuture.java:1760) [?:?]
	at java.base/java.util.concurrent.ForkJoinTask.doExec$$$capture(ForkJoinTask.java:387) [?:?]
	at java.base/java.util.concurrent.ForkJoinTask.doExec(ForkJoinTask.java) [?:?]
	at java.base/java.util.concurrent.ForkJoinPool$WorkQueue.topLevelExec(ForkJoinPool.java:1312) [?:?]
	at java.base/java.util.concurrent.ForkJoinPool.scan(ForkJoinPool.java:1843) [?:?]
	at java.base/java.util.concurrent.ForkJoinPool.runWorker(ForkJoinPool.java:1808) [?:?]
	at java.base/java.util.concurrent.ForkJoinWorkerThread.run(ForkJoinWorkerThread.java:188) [?:?]
[09:58:34] [Worker-Main-2/ERROR] (Minecraft) Using missing texture, unable to load minecraft:entity/banner/diagonal_left
java.nio.channels.ClosedByInterruptException: null
	at java.base/java.nio.channels.spi.AbstractInterruptibleChannel.end(AbstractInterruptibleChannel.java:200) ~[?:?]
	at java.base/java.nio.channels.Channels$ReadableByteChannelImpl.read(Channels.java:318) ~[?:?]
	at knot/com.mojang.blaze3d.platform.TextureUtil.readResource(TextureUtil.java:99) ~[minecraft-merged-a172fc6613-1.21.4-net.fabricmc.yarn.1_21_4.1.21.4+build.8-v2.jar:?]
	at knot/com.mojang.blaze3d.platform.TextureUtil.readResource(TextureUtil.java:92) ~[minecraft-merged-a172fc6613-1.21.4-net.fabricmc.yarn.1_21_4.1.21.4+build.8-v2.jar:?]
	at knot/net.minecraft.client.texture.NativeImage.read(NativeImage.java:111) ~[minecraft-merged-a172fc6613-1.21.4-net.fabricmc.yarn.1_21_4.1.21.4+build.8-v2.jar:?]
	at knot/net.minecraft.client.texture.NativeImage.read(NativeImage.java:104) ~[minecraft-merged-a172fc6613-1.21.4-net.fabricmc.yarn.1_21_4.1.21.4+build.8-v2.jar:?]
	at knot/net.minecraft.client.texture.SpriteOpener.method_52851(SpriteOpener.java:37) ~[minecraft-merged-a172fc6613-1.21.4-net.fabricmc.yarn.1_21_4.1.21.4+build.8-v2.jar:?]
	at knot/net.minecraft.client.texture.atlas.AtlasSource$SpriteRegions.method_47675(AtlasSource.java:21) ~[minecraft-merged-a172fc6613-1.21.4-net.fabricmc.yarn.1_21_4.1.21.4+build.8-v2.jar:?]
	at knot/net.minecraft.client.texture.SpriteLoader.method_52850(SpriteLoader.java:107) ~[minecraft-merged-a172fc6613-1.21.4-net.fabricmc.yarn.1_21_4.1.21.4+build.8-v2.jar:?]
	at java.base/java.util.concurrent.CompletableFuture$AsyncSupply.run$$$capture(CompletableFuture.java:1768) [?:?]
	at java.base/java.util.concurrent.CompletableFuture$AsyncSupply.run(CompletableFuture.java) [?:?]
	at java.base/java.util.concurrent.CompletableFuture$AsyncSupply.exec(CompletableFuture.java:1760) [?:?]
	at java.base/java.util.concurrent.ForkJoinTask.doExec$$$capture(ForkJoinTask.java:387) [?:?]
	at java.base/java.util.concurrent.ForkJoinTask.doExec(ForkJoinTask.java) [?:?]
	at java.base/java.util.concurrent.ForkJoinPool$WorkQueue.topLevelExec(ForkJoinPool.java:1312) [?:?]
	at java.base/java.util.concurrent.ForkJoinPool.scan(ForkJoinPool.java:1843) [?:?]
	at java.base/java.util.concurrent.ForkJoinPool.runWorker(ForkJoinPool.java:1808) [?:?]
	at java.base/java.util.concurrent.ForkJoinWorkerThread.run(ForkJoinWorkerThread.java:188) [?:?]
[09:58:34] [Worker-Main-2/ERROR] (Minecraft) Using missing texture, unable to load minecraft:entity/banner/globe
java.nio.channels.ClosedByInterruptException: null
	at java.base/java.nio.channels.spi.AbstractInterruptibleChannel.end(AbstractInterruptibleChannel.java:200) ~[?:?]
	at java.base/java.nio.channels.Channels$ReadableByteChannelImpl.read(Channels.java:318) ~[?:?]
	at knot/com.mojang.blaze3d.platform.TextureUtil.readResource(TextureUtil.java:99) ~[minecraft-merged-a172fc6613-1.21.4-net.fabricmc.yarn.1_21_4.1.21.4+build.8-v2.jar:?]
	at knot/com.mojang.blaze3d.platform.TextureUtil.readResource(TextureUtil.java:92) ~[minecraft-merged-a172fc6613-1.21.4-net.fabricmc.yarn.1_21_4.1.21.4+build.8-v2.jar:?]
	at knot/net.minecraft.client.texture.NativeImage.read(NativeImage.java:111) ~[minecraft-merged-a172fc6613-1.21.4-net.fabricmc.yarn.1_21_4.1.21.4+build.8-v2.jar:?]
	at knot/net.minecraft.client.texture.NativeImage.read(NativeImage.java:104) ~[minecraft-merged-a172fc6613-1.21.4-net.fabricmc.yarn.1_21_4.1.21.4+build.8-v2.jar:?]
	at knot/net.minecraft.client.texture.SpriteOpener.method_52851(SpriteOpener.java:37) ~[minecraft-merged-a172fc6613-1.21.4-net.fabricmc.yarn.1_21_4.1.21.4+build.8-v2.jar:?]
	at knot/net.minecraft.client.texture.atlas.AtlasSource$SpriteRegions.method_47675(AtlasSource.java:21) ~[minecraft-merged-a172fc6613-1.21.4-net.fabricmc.yarn.1_21_4.1.21.4+build.8-v2.jar:?]
	at knot/net.minecraft.client.texture.SpriteLoader.method_52850(SpriteLoader.java:107) ~[minecraft-merged-a172fc6613-1.21.4-net.fabricmc.yarn.1_21_4.1.21.4+build.8-v2.jar:?]
	at java.base/java.util.concurrent.CompletableFuture$AsyncSupply.run$$$capture(CompletableFuture.java:1768) [?:?]
	at java.base/java.util.concurrent.CompletableFuture$AsyncSupply.run(CompletableFuture.java) [?:?]
	at java.base/java.util.concurrent.CompletableFuture$AsyncSupply.exec(CompletableFuture.java:1760) [?:?]
	at java.base/java.util.concurrent.ForkJoinTask.doExec$$$capture(ForkJoinTask.java:387) [?:?]
	at java.base/java.util.concurrent.ForkJoinTask.doExec(ForkJoinTask.java) [?:?]
	at java.base/java.util.concurrent.ForkJoinPool$WorkQueue.topLevelExec(ForkJoinPool.java:1312) [?:?]
	at java.base/java.util.concurrent.ForkJoinPool.scan(ForkJoinPool.java:1843) [?:?]
	at java.base/java.util.concurrent.ForkJoinPool.runWorker(ForkJoinPool.java:1808) [?:?]
	at java.base/java.util.concurrent.ForkJoinWorkerThread.run(ForkJoinWorkerThread.java:188) [?:?]
[09:58:34] [Worker-Main-2/ERROR] (Minecraft) Using missing texture, unable to load minecraft:entity/banner/gradient
java.nio.channels.ClosedByInterruptException: null
	at java.base/java.nio.channels.spi.AbstractInterruptibleChannel.end(AbstractInterruptibleChannel.java:200) ~[?:?]
	at java.base/java.nio.channels.Channels$ReadableByteChannelImpl.read(Channels.java:318) ~[?:?]
	at knot/com.mojang.blaze3d.platform.TextureUtil.readResource(TextureUtil.java:99) ~[minecraft-merged-a172fc6613-1.21.4-net.fabricmc.yarn.1_21_4.1.21.4+build.8-v2.jar:?]
	at knot/com.mojang.blaze3d.platform.TextureUtil.readResource(TextureUtil.java:92) ~[minecraft-merged-a172fc6613-1.21.4-net.fabricmc.yarn.1_21_4.1.21.4+build.8-v2.jar:?]
	at knot/net.minecraft.client.texture.NativeImage.read(NativeImage.java:111) ~[minecraft-merged-a172fc6613-1.21.4-net.fabricmc.yarn.1_21_4.1.21.4+build.8-v2.jar:?]
	at knot/net.minecraft.client.texture.NativeImage.read(NativeImage.java:104) ~[minecraft-merged-a172fc6613-1.21.4-net.fabricmc.yarn.1_21_4.1.21.4+build.8-v2.jar:?]
	at knot/net.minecraft.client.texture.SpriteOpener.method_52851(SpriteOpener.java:37) ~[minecraft-merged-a172fc6613-1.21.4-net.fabricmc.yarn.1_21_4.1.21.4+build.8-v2.jar:?]
	at knot/net.minecraft.client.texture.atlas.AtlasSource$SpriteRegions.method_47675(AtlasSource.java:21) ~[minecraft-merged-a172fc6613-1.21.4-net.fabricmc.yarn.1_21_4.1.21.4+build.8-v2.jar:?]
	at knot/net.minecraft.client.texture.SpriteLoader.method_52850(SpriteLoader.java:107) ~[minecraft-merged-a172fc6613-1.21.4-net.fabricmc.yarn.1_21_4.1.21.4+build.8-v2.jar:?]
	at java.base/java.util.concurrent.CompletableFuture$AsyncSupply.run$$$capture(CompletableFuture.java:1768) [?:?]
	at java.base/java.util.concurrent.CompletableFuture$AsyncSupply.run(CompletableFuture.java) [?:?]
	at java.base/java.util.concurrent.CompletableFuture$AsyncSupply.exec(CompletableFuture.java:1760) [?:?]
	at java.base/java.util.concurrent.ForkJoinTask.doExec$$$capture(ForkJoinTask.java:387) [?:?]
	at java.base/java.util.concurrent.ForkJoinTask.doExec(ForkJoinTask.java) [?:?]
	at java.base/java.util.concurrent.ForkJoinPool$WorkQueue.topLevelExec(ForkJoinPool.java:1312) [?:?]
	at java.base/java.util.concurrent.ForkJoinPool.scan(ForkJoinPool.java:1843) [?:?]
	at java.base/java.util.concurrent.ForkJoinPool.runWorker(ForkJoinPool.java:1808) [?:?]
	at java.base/java.util.concurrent.ForkJoinWorkerThread.run(ForkJoinWorkerThread.java:188) [?:?]
[09:58:34] [Worker-Main-2/ERROR] (Minecraft) Using missing texture, unable to load minecraft:entity/banner/triangles_bottom
java.nio.channels.ClosedByInterruptException: null
	at java.base/java.nio.channels.spi.AbstractInterruptibleChannel.end(AbstractInterruptibleChannel.java:200) ~[?:?]
	at java.base/java.nio.channels.Channels$ReadableByteChannelImpl.read(Channels.java:318) ~[?:?]
	at knot/com.mojang.blaze3d.platform.TextureUtil.readResource(TextureUtil.java:99) ~[minecraft-merged-a172fc6613-1.21.4-net.fabricmc.yarn.1_21_4.1.21.4+build.8-v2.jar:?]
	at knot/com.mojang.blaze3d.platform.TextureUtil.readResource(TextureUtil.java:92) ~[minecraft-merged-a172fc6613-1.21.4-net.fabricmc.yarn.1_21_4.1.21.4+build.8-v2.jar:?]
	at knot/net.minecraft.client.texture.NativeImage.read(NativeImage.java:111) ~[minecraft-merged-a172fc6613-1.21.4-net.fabricmc.yarn.1_21_4.1.21.4+build.8-v2.jar:?]
	at knot/net.minecraft.client.texture.NativeImage.read(NativeImage.java:104) ~[minecraft-merged-a172fc6613-1.21.4-net.fabricmc.yarn.1_21_4.1.21.4+build.8-v2.jar:?]
	at knot/net.minecraft.client.texture.SpriteOpener.method_52851(SpriteOpener.java:37) ~[minecraft-merged-a172fc6613-1.21.4-net.fabricmc.yarn.1_21_4.1.21.4+build.8-v2.jar:?]
	at knot/net.minecraft.client.texture.atlas.AtlasSource$SpriteRegions.method_47675(AtlasSource.java:21) ~[minecraft-merged-a172fc6613-1.21.4-net.fabricmc.yarn.1_21_4.1.21.4+build.8-v2.jar:?]
	at knot/net.minecraft.client.texture.SpriteLoader.method_52850(SpriteLoader.java:107) ~[minecraft-merged-a172fc6613-1.21.4-net.fabricmc.yarn.1_21_4.1.21.4+build.8-v2.jar:?]
	at java.base/java.util.concurrent.CompletableFuture$AsyncSupply.run$$$capture(CompletableFuture.java:1768) [?:?]
	at java.base/java.util.concurrent.CompletableFuture$AsyncSupply.run(CompletableFuture.java) [?:?]
	at java.base/java.util.concurrent.CompletableFuture$AsyncSupply.exec(CompletableFuture.java:1760) [?:?]
	at java.base/java.util.concurrent.ForkJoinTask.doExec$$$capture(ForkJoinTask.java:387) [?:?]
	at java.base/java.util.concurrent.ForkJoinTask.doExec(ForkJoinTask.java) [?:?]
	at java.base/java.util.concurrent.ForkJoinPool$WorkQueue.topLevelExec(ForkJoinPool.java:1312) [?:?]
	at java.base/java.util.concurrent.ForkJoinPool.scan(ForkJoinPool.java:1843) [?:?]
	at java.base/java.util.concurrent.ForkJoinPool.runWorker(ForkJoinPool.java:1808) [?:?]
	at java.base/java.util.concurrent.ForkJoinWorkerThread.run(ForkJoinWorkerThread.java:188) [?:?]
[09:58:35] [Worker-Main-2/ERROR] (Minecraft) Using missing texture, unable to load minecraft:entity/banner/mojang
java.nio.channels.ClosedByInterruptException: null
	at java.base/java.nio.channels.spi.AbstractInterruptibleChannel.end(AbstractInterruptibleChannel.java:200) ~[?:?]
	at java.base/java.nio.channels.Channels$ReadableByteChannelImpl.read(Channels.java:318) ~[?:?]
	at knot/com.mojang.blaze3d.platform.TextureUtil.readResource(TextureUtil.java:99) ~[minecraft-merged-a172fc6613-1.21.4-net.fabricmc.yarn.1_21_4.1.21.4+build.8-v2.jar:?]
	at knot/com.mojang.blaze3d.platform.TextureUtil.readResource(TextureUtil.java:92) ~[minecraft-merged-a172fc6613-1.21.4-net.fabricmc.yarn.1_21_4.1.21.4+build.8-v2.jar:?]
	at knot/net.minecraft.client.texture.NativeImage.read(NativeImage.java:111) ~[minecraft-merged-a172fc6613-1.21.4-net.fabricmc.yarn.1_21_4.1.21.4+build.8-v2.jar:?]
	at knot/net.minecraft.client.texture.NativeImage.read(NativeImage.java:104) ~[minecraft-merged-a172fc6613-1.21.4-net.fabricmc.yarn.1_21_4.1.21.4+build.8-v2.jar:?]
	at knot/net.minecraft.client.texture.SpriteOpener.method_52851(SpriteOpener.java:37) ~[minecraft-merged-a172fc6613-1.21.4-net.fabricmc.yarn.1_21_4.1.21.4+build.8-v2.jar:?]
	at knot/net.minecraft.client.texture.atlas.AtlasSource$SpriteRegions.method_47675(AtlasSource.java:21) ~[minecraft-merged-a172fc6613-1.21.4-net.fabricmc.yarn.1_21_4.1.21.4+build.8-v2.jar:?]
	at knot/net.minecraft.client.texture.SpriteLoader.method_52850(SpriteLoader.java:107) ~[minecraft-merged-a172fc6613-1.21.4-net.fabricmc.yarn.1_21_4.1.21.4+build.8-v2.jar:?]
	at java.base/java.util.concurrent.CompletableFuture$AsyncSupply.run$$$capture(CompletableFuture.java:1768) [?:?]
	at java.base/java.util.concurrent.CompletableFuture$AsyncSupply.run(CompletableFuture.java) [?:?]
	at java.base/java.util.concurrent.CompletableFuture$AsyncSupply.exec(CompletableFuture.java:1760) [?:?]
	at java.base/java.util.concurrent.ForkJoinTask.doExec$$$capture(ForkJoinTask.java:387) [?:?]
	at java.base/java.util.concurrent.ForkJoinTask.doExec(ForkJoinTask.java) [?:?]
	at java.base/java.util.concurrent.ForkJoinPool$WorkQueue.topLevelExec(ForkJoinPool.java:1312) [?:?]
	at java.base/java.util.concurrent.ForkJoinPool.scan(ForkJoinPool.java:1843) [?:?]
	at java.base/java.util.concurrent.ForkJoinPool.runWorker(ForkJoinPool.java:1808) [?:?]
	at java.base/java.util.concurrent.ForkJoinWorkerThread.run(ForkJoinWorkerThread.java:188) [?:?]
[09:58:35] [Worker-Main-2/ERROR] (Minecraft) Using missing texture, unable to load minecraft:entity/banner/half_horizontal_bottom
java.nio.channels.ClosedByInterruptException: null
	at java.base/java.nio.channels.spi.AbstractInterruptibleChannel.end(AbstractInterruptibleChannel.java:200) ~[?:?]
	at java.base/java.nio.channels.Channels$ReadableByteChannelImpl.read(Channels.java:318) ~[?:?]
	at knot/com.mojang.blaze3d.platform.TextureUtil.readResource(TextureUtil.java:99) ~[minecraft-merged-a172fc6613-1.21.4-net.fabricmc.yarn.1_21_4.1.21.4+build.8-v2.jar:?]
	at knot/com.mojang.blaze3d.platform.TextureUtil.readResource(TextureUtil.java:92) ~[minecraft-merged-a172fc6613-1.21.4-net.fabricmc.yarn.1_21_4.1.21.4+build.8-v2.jar:?]
	at knot/net.minecraft.client.texture.NativeImage.read(NativeImage.java:111) ~[minecraft-merged-a172fc6613-1.21.4-net.fabricmc.yarn.1_21_4.1.21.4+build.8-v2.jar:?]
	at knot/net.minecraft.client.texture.NativeImage.read(NativeImage.java:104) ~[minecraft-merged-a172fc6613-1.21.4-net.fabricmc.yarn.1_21_4.1.21.4+build.8-v2.jar:?]
	at knot/net.minecraft.client.texture.SpriteOpener.method_52851(SpriteOpener.java:37) ~[minecraft-merged-a172fc6613-1.21.4-net.fabricmc.yarn.1_21_4.1.21.4+build.8-v2.jar:?]
	at knot/net.minecraft.client.texture.atlas.AtlasSource$SpriteRegions.method_47675(AtlasSource.java:21) ~[minecraft-merged-a172fc6613-1.21.4-net.fabricmc.yarn.1_21_4.1.21.4+build.8-v2.jar:?]
	at knot/net.minecraft.client.texture.SpriteLoader.method_52850(SpriteLoader.java:107) ~[minecraft-merged-a172fc6613-1.21.4-net.fabricmc.yarn.1_21_4.1.21.4+build.8-v2.jar:?]
	at java.base/java.util.concurrent.CompletableFuture$AsyncSupply.run$$$capture(CompletableFuture.java:1768) [?:?]
	at java.base/java.util.concurrent.CompletableFuture$AsyncSupply.run(CompletableFuture.java) [?:?]
	at java.base/java.util.concurrent.CompletableFuture$AsyncSupply.exec(CompletableFuture.java:1760) [?:?]
	at java.base/java.util.concurrent.ForkJoinTask.doExec$$$capture(ForkJoinTask.java:387) [?:?]
	at java.base/java.util.concurrent.ForkJoinTask.doExec(ForkJoinTask.java) [?:?]
	at java.base/java.util.concurrent.ForkJoinPool$WorkQueue.topLevelExec(ForkJoinPool.java:1312) [?:?]
	at java.base/java.util.concurrent.ForkJoinPool.scan(ForkJoinPool.java:1843) [?:?]
	at java.base/java.util.concurrent.ForkJoinPool.runWorker(ForkJoinPool.java:1808) [?:?]
	at java.base/java.util.concurrent.ForkJoinWorkerThread.run(ForkJoinWorkerThread.java:188) [?:?]
[09:58:35] [Worker-Main-2/ERROR] (Minecraft) Using missing texture, unable to load minecraft:entity/banner/cross
java.nio.channels.ClosedByInterruptException: null
	at java.base/java.nio.channels.spi.AbstractInterruptibleChannel.end(AbstractInterruptibleChannel.java:200) ~[?:?]
	at java.base/java.nio.channels.Channels$ReadableByteChannelImpl.read(Channels.java:318) ~[?:?]
	at knot/com.mojang.blaze3d.platform.TextureUtil.readResource(TextureUtil.java:99) ~[minecraft-merged-a172fc6613-1.21.4-net.fabricmc.yarn.1_21_4.1.21.4+build.8-v2.jar:?]
	at knot/com.mojang.blaze3d.platform.TextureUtil.readResource(TextureUtil.java:92) ~[minecraft-merged-a172fc6613-1.21.4-net.fabricmc.yarn.1_21_4.1.21.4+build.8-v2.jar:?]
	at knot/net.minecraft.client.texture.NativeImage.read(NativeImage.java:111) ~[minecraft-merged-a172fc6613-1.21.4-net.fabricmc.yarn.1_21_4.1.21.4+build.8-v2.jar:?]
	at knot/net.minecraft.client.texture.NativeImage.read(NativeImage.java:104) ~[minecraft-merged-a172fc6613-1.21.4-net.fabricmc.yarn.1_21_4.1.21.4+build.8-v2.jar:?]
	at knot/net.minecraft.client.texture.SpriteOpener.method_52851(SpriteOpener.java:37) ~[minecraft-merged-a172fc6613-1.21.4-net.fabricmc.yarn.1_21_4.1.21.4+build.8-v2.jar:?]
	at knot/net.minecraft.client.texture.atlas.AtlasSource$SpriteRegions.method_47675(AtlasSource.java:21) ~[minecraft-merged-a172fc6613-1.21.4-net.fabricmc.yarn.1_21_4.1.21.4+build.8-v2.jar:?]
	at knot/net.minecraft.client.texture.SpriteLoader.method_52850(SpriteLoader.java:107) ~[minecraft-merged-a172fc6613-1.21.4-net.fabricmc.yarn.1_21_4.1.21.4+build.8-v2.jar:?]
	at java.base/java.util.concurrent.CompletableFuture$AsyncSupply.run$$$capture(CompletableFuture.java:1768) [?:?]
	at java.base/java.util.concurrent.CompletableFuture$AsyncSupply.run(CompletableFuture.java) [?:?]
	at java.base/java.util.concurrent.CompletableFuture$AsyncSupply.exec(CompletableFuture.java:1760) [?:?]
	at java.base/java.util.concurrent.ForkJoinTask.doExec$$$capture(ForkJoinTask.java:387) [?:?]
	at java.base/java.util.concurrent.ForkJoinTask.doExec(ForkJoinTask.java) [?:?]
	at java.base/java.util.concurrent.ForkJoinPool$WorkQueue.topLevelExec(ForkJoinPool.java:1312) [?:?]
	at java.base/java.util.concurrent.ForkJoinPool.scan(ForkJoinPool.java:1843) [?:?]
	at java.base/java.util.concurrent.ForkJoinPool.runWorker(ForkJoinPool.java:1808) [?:?]
	at java.base/java.util.concurrent.ForkJoinWorkerThread.run(ForkJoinWorkerThread.java:188) [?:?]
[09:58:35] [Worker-Main-2/ERROR] (Minecraft) Using missing texture, unable to load minecraft:entity/banner/square_top_right
java.nio.channels.ClosedByInterruptException: null
	at java.base/java.nio.channels.spi.AbstractInterruptibleChannel.end(AbstractInterruptibleChannel.java:200) ~[?:?]
	at java.base/java.nio.channels.Channels$ReadableByteChannelImpl.read(Channels.java:318) ~[?:?]
	at knot/com.mojang.blaze3d.platform.TextureUtil.readResource(TextureUtil.java:99) ~[minecraft-merged-a172fc6613-1.21.4-net.fabricmc.yarn.1_21_4.1.21.4+build.8-v2.jar:?]
	at knot/com.mojang.blaze3d.platform.TextureUtil.readResource(TextureUtil.java:92) ~[minecraft-merged-a172fc6613-1.21.4-net.fabricmc.yarn.1_21_4.1.21.4+build.8-v2.jar:?]
	at knot/net.minecraft.client.texture.NativeImage.read(NativeImage.java:111) ~[minecraft-merged-a172fc6613-1.21.4-net.fabricmc.yarn.1_21_4.1.21.4+build.8-v2.jar:?]
	at knot/net.minecraft.client.texture.NativeImage.read(NativeImage.java:104) ~[minecraft-merged-a172fc6613-1.21.4-net.fabricmc.yarn.1_21_4.1.21.4+build.8-v2.jar:?]
	at knot/net.minecraft.client.texture.SpriteOpener.method_52851(SpriteOpener.java:37) ~[minecraft-merged-a172fc6613-1.21.4-net.fabricmc.yarn.1_21_4.1.21.4+build.8-v2.jar:?]
	at knot/net.minecraft.client.texture.atlas.AtlasSource$SpriteRegions.method_47675(AtlasSource.java:21) ~[minecraft-merged-a172fc6613-1.21.4-net.fabricmc.yarn.1_21_4.1.21.4+build.8-v2.jar:?]
	at knot/net.minecraft.client.texture.SpriteLoader.method_52850(SpriteLoader.java:107) ~[minecraft-merged-a172fc6613-1.21.4-net.fabricmc.yarn.1_21_4.1.21.4+build.8-v2.jar:?]
	at java.base/java.util.concurrent.CompletableFuture$AsyncSupply.run$$$capture(CompletableFuture.java:1768) [?:?]
	at java.base/java.util.concurrent.CompletableFuture$AsyncSupply.run(CompletableFuture.java) [?:?]
	at java.base/java.util.concurrent.CompletableFuture$AsyncSupply.exec(CompletableFuture.java:1760) [?:?]
	at java.base/java.util.concurrent.ForkJoinTask.doExec$$$capture(ForkJoinTask.java:387) [?:?]
	at java.base/java.util.concurrent.ForkJoinTask.doExec(ForkJoinTask.java) [?:?]
	at java.base/java.util.concurrent.ForkJoinPool$WorkQueue.topLevelExec(ForkJoinPool.java:1312) [?:?]
	at java.base/java.util.concurrent.ForkJoinPool.scan(ForkJoinPool.java:1843) [?:?]
	at java.base/java.util.concurrent.ForkJoinPool.runWorker(ForkJoinPool.java:1808) [?:?]
	at java.base/java.util.concurrent.ForkJoinWorkerThread.run(ForkJoinWorkerThread.java:188) [?:?]
[09:58:35] [Worker-Main-2/ERROR] (Minecraft) Using missing texture, unable to load minecraft:entity/banner/flower
java.nio.channels.ClosedByInterruptException: null
	at java.base/java.nio.channels.spi.AbstractInterruptibleChannel.end(AbstractInterruptibleChannel.java:200) ~[?:?]
	at java.base/java.nio.channels.Channels$ReadableByteChannelImpl.read(Channels.java:318) ~[?:?]
	at knot/com.mojang.blaze3d.platform.TextureUtil.readResource(TextureUtil.java:99) ~[minecraft-merged-a172fc6613-1.21.4-net.fabricmc.yarn.1_21_4.1.21.4+build.8-v2.jar:?]
	at knot/com.mojang.blaze3d.platform.TextureUtil.readResource(TextureUtil.java:92) ~[minecraft-merged-a172fc6613-1.21.4-net.fabricmc.yarn.1_21_4.1.21.4+build.8-v2.jar:?]
	at knot/net.minecraft.client.texture.NativeImage.read(NativeImage.java:111) ~[minecraft-merged-a172fc6613-1.21.4-net.fabricmc.yarn.1_21_4.1.21.4+build.8-v2.jar:?]
	at knot/net.minecraft.client.texture.NativeImage.read(NativeImage.java:104) ~[minecraft-merged-a172fc6613-1.21.4-net.fabricmc.yarn.1_21_4.1.21.4+build.8-v2.jar:?]
	at knot/net.minecraft.client.texture.SpriteOpener.method_52851(SpriteOpener.java:37) ~[minecraft-merged-a172fc6613-1.21.4-net.fabricmc.yarn.1_21_4.1.21.4+build.8-v2.jar:?]
	at knot/net.minecraft.client.texture.atlas.AtlasSource$SpriteRegions.method_47675(AtlasSource.java:21) ~[minecraft-merged-a172fc6613-1.21.4-net.fabricmc.yarn.1_21_4.1.21.4+build.8-v2.jar:?]
	at knot/net.minecraft.client.texture.SpriteLoader.method_52850(SpriteLoader.java:107) ~[minecraft-merged-a172fc6613-1.21.4-net.fabricmc.yarn.1_21_4.1.21.4+build.8-v2.jar:?]
	at java.base/java.util.concurrent.CompletableFuture$AsyncSupply.run$$$capture(CompletableFuture.java:1768) [?:?]
	at java.base/java.util.concurrent.CompletableFuture$AsyncSupply.run(CompletableFuture.java) [?:?]
	at java.base/java.util.concurrent.CompletableFuture$AsyncSupply.exec(CompletableFuture.java:1760) [?:?]
	at java.base/java.util.concurrent.ForkJoinTask.doExec$$$capture(ForkJoinTask.java:387) [?:?]
	at java.base/java.util.concurrent.ForkJoinTask.doExec(ForkJoinTask.java) [?:?]
	at java.base/java.util.concurrent.ForkJoinPool$WorkQueue.topLevelExec(ForkJoinPool.java:1312) [?:?]
	at java.base/java.util.concurrent.ForkJoinPool.scan(ForkJoinPool.java:1843) [?:?]
	at java.base/java.util.concurrent.ForkJoinPool.runWorker(ForkJoinPool.java:1808) [?:?]
	at java.base/java.util.concurrent.ForkJoinWorkerThread.run(ForkJoinWorkerThread.java:188) [?:?]
[09:58:35] [Worker-Main-2/ERROR] (Minecraft) Using missing texture, unable to load minecraft:entity/banner/skull
java.nio.channels.ClosedByInterruptException: null
	at java.base/java.nio.channels.spi.AbstractInterruptibleChannel.end(AbstractInterruptibleChannel.java:200) ~[?:?]
	at java.base/java.nio.channels.Channels$ReadableByteChannelImpl.read(Channels.java:318) ~[?:?]
	at knot/com.mojang.blaze3d.platform.TextureUtil.readResource(TextureUtil.java:99) ~[minecraft-merged-a172fc6613-1.21.4-net.fabricmc.yarn.1_21_4.1.21.4+build.8-v2.jar:?]
	at knot/com.mojang.blaze3d.platform.TextureUtil.readResource(TextureUtil.java:92) ~[minecraft-merged-a172fc6613-1.21.4-net.fabricmc.yarn.1_21_4.1.21.4+build.8-v2.jar:?]
	at knot/net.minecraft.client.texture.NativeImage.read(NativeImage.java:111) ~[minecraft-merged-a172fc6613-1.21.4-net.fabricmc.yarn.1_21_4.1.21.4+build.8-v2.jar:?]
	at knot/net.minecraft.client.texture.NativeImage.read(NativeImage.java:104) ~[minecraft-merged-a172fc6613-1.21.4-net.fabricmc.yarn.1_21_4.1.21.4+build.8-v2.jar:?]
	at knot/net.minecraft.client.texture.SpriteOpener.method_52851(SpriteOpener.java:37) ~[minecraft-merged-a172fc6613-1.21.4-net.fabricmc.yarn.1_21_4.1.21.4+build.8-v2.jar:?]
	at knot/net.minecraft.client.texture.atlas.AtlasSource$SpriteRegions.method_47675(AtlasSource.java:21) ~[minecraft-merged-a172fc6613-1.21.4-net.fabricmc.yarn.1_21_4.1.21.4+build.8-v2.jar:?]
	at knot/net.minecraft.client.texture.SpriteLoader.method_52850(SpriteLoader.java:107) ~[minecraft-merged-a172fc6613-1.21.4-net.fabricmc.yarn.1_21_4.1.21.4+build.8-v2.jar:?]
	at java.base/java.util.concurrent.CompletableFuture$AsyncSupply.run$$$capture(CompletableFuture.java:1768) [?:?]
	at java.base/java.util.concurrent.CompletableFuture$AsyncSupply.run(CompletableFuture.java) [?:?]
	at java.base/java.util.concurrent.CompletableFuture$AsyncSupply.exec(CompletableFuture.java:1760) [?:?]
	at java.base/java.util.concurrent.ForkJoinTask.doExec$$$capture(ForkJoinTask.java:387) [?:?]
	at java.base/java.util.concurrent.ForkJoinTask.doExec(ForkJoinTask.java) [?:?]
	at java.base/java.util.concurrent.ForkJoinPool$WorkQueue.topLevelExec(ForkJoinPool.java:1312) [?:?]
	at java.base/java.util.concurrent.ForkJoinPool.scan(ForkJoinPool.java:1843) [?:?]
	at java.base/java.util.concurrent.ForkJoinPool.runWorker(ForkJoinPool.java:1808) [?:?]
	at java.base/java.util.concurrent.ForkJoinWorkerThread.run(ForkJoinWorkerThread.java:188) [?:?]
[09:58:35] [Worker-Main-2/ERROR] (Minecraft) Using missing texture, unable to load minecraft:entity/banner/stripe_right
java.nio.channels.ClosedByInterruptException: null
	at java.base/java.nio.channels.spi.AbstractInterruptibleChannel.end(AbstractInterruptibleChannel.java:200) ~[?:?]
	at java.base/java.nio.channels.Channels$ReadableByteChannelImpl.read(Channels.java:318) ~[?:?]
	at knot/com.mojang.blaze3d.platform.TextureUtil.readResource(TextureUtil.java:99) ~[minecraft-merged-a172fc6613-1.21.4-net.fabricmc.yarn.1_21_4.1.21.4+build.8-v2.jar:?]
	at knot/com.mojang.blaze3d.platform.TextureUtil.readResource(TextureUtil.java:92) ~[minecraft-merged-a172fc6613-1.21.4-net.fabricmc.yarn.1_21_4.1.21.4+build.8-v2.jar:?]
	at knot/net.minecraft.client.texture.NativeImage.read(NativeImage.java:111) ~[minecraft-merged-a172fc6613-1.21.4-net.fabricmc.yarn.1_21_4.1.21.4+build.8-v2.jar:?]
	at knot/net.minecraft.client.texture.NativeImage.read(NativeImage.java:104) ~[minecraft-merged-a172fc6613-1.21.4-net.fabricmc.yarn.1_21_4.1.21.4+build.8-v2.jar:?]
	at knot/net.minecraft.client.texture.SpriteOpener.method_52851(SpriteOpener.java:37) ~[minecraft-merged-a172fc6613-1.21.4-net.fabricmc.yarn.1_21_4.1.21.4+build.8-v2.jar:?]
	at knot/net.minecraft.client.texture.atlas.AtlasSource$SpriteRegions.method_47675(AtlasSource.java:21) ~[minecraft-merged-a172fc6613-1.21.4-net.fabricmc.yarn.1_21_4.1.21.4+build.8-v2.jar:?]
	at knot/net.minecraft.client.texture.SpriteLoader.method_52850(SpriteLoader.java:107) ~[minecraft-merged-a172fc6613-1.21.4-net.fabricmc.yarn.1_21_4.1.21.4+build.8-v2.jar:?]
	at java.base/java.util.concurrent.CompletableFuture$AsyncSupply.run$$$capture(CompletableFuture.java:1768) [?:?]
	at java.base/java.util.concurrent.CompletableFuture$AsyncSupply.run(CompletableFuture.java) [?:?]
	at java.base/java.util.concurrent.CompletableFuture$AsyncSupply.exec(CompletableFuture.java:1760) [?:?]
	at java.base/java.util.concurrent.ForkJoinTask.doExec$$$capture(ForkJoinTask.java:387) [?:?]
	at java.base/java.util.concurrent.ForkJoinTask.doExec(ForkJoinTask.java) [?:?]
	at java.base/java.util.concurrent.ForkJoinPool$WorkQueue.topLevelExec(ForkJoinPool.java:1312) [?:?]
	at java.base/java.util.concurrent.ForkJoinPool.scan(ForkJoinPool.java:1843) [?:?]
	at java.base/java.util.concurrent.ForkJoinPool.runWorker(ForkJoinPool.java:1808) [?:?]
	at java.base/java.util.concurrent.ForkJoinWorkerThread.run(ForkJoinWorkerThread.java:188) [?:?]
[09:58:34] [Worker-Main-3/ERROR] (Minecraft) Using missing texture, unable to load minecraft:entity/banner_base
java.nio.channels.ClosedByInterruptException: null
	at java.base/java.nio.channels.spi.AbstractInterruptibleChannel.end(AbstractInterruptibleChannel.java:200) ~[?:?]
	at java.base/java.nio.channels.Channels$ReadableByteChannelImpl.read(Channels.java:318) ~[?:?]
	at knot/com.mojang.blaze3d.platform.TextureUtil.readResource(TextureUtil.java:99) ~[minecraft-merged-a172fc6613-1.21.4-net.fabricmc.yarn.1_21_4.1.21.4+build.8-v2.jar:?]
	at knot/com.mojang.blaze3d.platform.TextureUtil.readResource(TextureUtil.java:92) ~[minecraft-merged-a172fc6613-1.21.4-net.fabricmc.yarn.1_21_4.1.21.4+build.8-v2.jar:?]
	at knot/net.minecraft.client.texture.NativeImage.read(NativeImage.java:111) ~[minecraft-merged-a172fc6613-1.21.4-net.fabricmc.yarn.1_21_4.1.21.4+build.8-v2.jar:?]
	at knot/net.minecraft.client.texture.NativeImage.read(NativeImage.java:104) ~[minecraft-merged-a172fc6613-1.21.4-net.fabricmc.yarn.1_21_4.1.21.4+build.8-v2.jar:?]
	at knot/net.minecraft.client.texture.SpriteOpener.method_52851(SpriteOpener.java:37) ~[minecraft-merged-a172fc6613-1.21.4-net.fabricmc.yarn.1_21_4.1.21.4+build.8-v2.jar:?]
	at knot/net.minecraft.client.texture.atlas.AtlasSource$SpriteRegions.method_47675(AtlasSource.java:21) ~[minecraft-merged-a172fc6613-1.21.4-net.fabricmc.yarn.1_21_4.1.21.4+build.8-v2.jar:?]
	at knot/net.minecraft.client.texture.SpriteLoader.method_52850(SpriteLoader.java:107) ~[minecraft-merged-a172fc6613-1.21.4-net.fabricmc.yarn.1_21_4.1.21.4+build.8-v2.jar:?]
	at java.base/java.util.concurrent.CompletableFuture$AsyncSupply.run$$$capture(CompletableFuture.java:1768) [?:?]
	at java.base/java.util.concurrent.CompletableFuture$AsyncSupply.run(CompletableFuture.java) [?:?]
	at java.base/java.util.concurrent.CompletableFuture$AsyncSupply.exec(CompletableFuture.java:1760) [?:?]
	at java.base/java.util.concurrent.ForkJoinTask.doExec$$$capture(ForkJoinTask.java:387) [?:?]
	at java.base/java.util.concurrent.ForkJoinTask.doExec(ForkJoinTask.java) [?:?]
	at java.base/java.util.concurrent.ForkJoinPool$WorkQueue.topLevelExec(ForkJoinPool.java:1312) [?:?]
	at java.base/java.util.concurrent.ForkJoinPool.scan(ForkJoinPool.java:1843) [?:?]
	at java.base/java.util.concurrent.ForkJoinPool.runWorker(ForkJoinPool.java:1808) [?:?]
	at java.base/java.util.concurrent.ForkJoinWorkerThread.run(ForkJoinWorkerThread.java:188) [?:?]
[09:58:35] [Worker-Main-3/ERROR] (Minecraft) Using missing texture, unable to load minecraft:entity/banner/flow
java.nio.channels.ClosedByInterruptException: null
	at java.base/java.nio.channels.spi.AbstractInterruptibleChannel.end(AbstractInterruptibleChannel.java:200) ~[?:?]
	at java.base/java.nio.channels.Channels$ReadableByteChannelImpl.read(Channels.java:318) ~[?:?]
	at knot/com.mojang.blaze3d.platform.TextureUtil.readResource(TextureUtil.java:99) ~[minecraft-merged-a172fc6613-1.21.4-net.fabricmc.yarn.1_21_4.1.21.4+build.8-v2.jar:?]
	at knot/com.mojang.blaze3d.platform.TextureUtil.readResource(TextureUtil.java:92) ~[minecraft-merged-a172fc6613-1.21.4-net.fabricmc.yarn.1_21_4.1.21.4+build.8-v2.jar:?]
	at knot/net.minecraft.client.texture.NativeImage.read(NativeImage.java:111) ~[minecraft-merged-a172fc6613-1.21.4-net.fabricmc.yarn.1_21_4.1.21.4+build.8-v2.jar:?]
	at knot/net.minecraft.client.texture.NativeImage.read(NativeImage.java:104) ~[minecraft-merged-a172fc6613-1.21.4-net.fabricmc.yarn.1_21_4.1.21.4+build.8-v2.jar:?]
	at knot/net.minecraft.client.texture.SpriteOpener.method_52851(SpriteOpener.java:37) ~[minecraft-merged-a172fc6613-1.21.4-net.fabricmc.yarn.1_21_4.1.21.4+build.8-v2.jar:?]
	at knot/net.minecraft.client.texture.atlas.AtlasSource$SpriteRegions.method_47675(AtlasSource.java:21) ~[minecraft-merged-a172fc6613-1.21.4-net.fabricmc.yarn.1_21_4.1.21.4+build.8-v2.jar:?]
	at knot/net.minecraft.client.texture.SpriteLoader.method_52850(SpriteLoader.java:107) ~[minecraft-merged-a172fc6613-1.21.4-net.fabricmc.yarn.1_21_4.1.21.4+build.8-v2.jar:?]
	at java.base/java.util.concurrent.CompletableFuture$AsyncSupply.run$$$capture(CompletableFuture.java:1768) [?:?]
	at java.base/java.util.concurrent.CompletableFuture$AsyncSupply.run(CompletableFuture.java) [?:?]
	at java.base/java.util.concurrent.CompletableFuture$AsyncSupply.exec(CompletableFuture.java:1760) [?:?]
	at java.base/java.util.concurrent.ForkJoinTask.doExec$$$capture(ForkJoinTask.java:387) [?:?]
	at java.base/java.util.concurrent.ForkJoinTask.doExec(ForkJoinTask.java) [?:?]
	at java.base/java.util.concurrent.ForkJoinPool$WorkQueue.topLevelExec(ForkJoinPool.java:1312) [?:?]
	at java.base/java.util.concurrent.ForkJoinPool.scan(ForkJoinPool.java:1843) [?:?]
	at java.base/java.util.concurrent.ForkJoinPool.runWorker(ForkJoinPool.java:1808) [?:?]
	at java.base/java.util.concurrent.ForkJoinWorkerThread.run(ForkJoinWorkerThread.java:188) [?:?]
[09:58:35] [Worker-Main-3/ERROR] (Minecraft) Using missing texture, unable to load minecraft:entity/banner/piglin
java.nio.channels.ClosedByInterruptException: null
	at java.base/java.nio.channels.spi.AbstractInterruptibleChannel.end(AbstractInterruptibleChannel.java:200) ~[?:?]
	at java.base/java.nio.channels.Channels$ReadableByteChannelImpl.read(Channels.java:318) ~[?:?]
	at knot/com.mojang.blaze3d.platform.TextureUtil.readResource(TextureUtil.java:99) ~[minecraft-merged-a172fc6613-1.21.4-net.fabricmc.yarn.1_21_4.1.21.4+build.8-v2.jar:?]
	at knot/com.mojang.blaze3d.platform.TextureUtil.readResource(TextureUtil.java:92) ~[minecraft-merged-a172fc6613-1.21.4-net.fabricmc.yarn.1_21_4.1.21.4+build.8-v2.jar:?]
	at knot/net.minecraft.client.texture.NativeImage.read(NativeImage.java:111) ~[minecraft-merged-a172fc6613-1.21.4-net.fabricmc.yarn.1_21_4.1.21.4+build.8-v2.jar:?]
	at knot/net.minecraft.client.texture.NativeImage.read(NativeImage.java:104) ~[minecraft-merged-a172fc6613-1.21.4-net.fabricmc.yarn.1_21_4.1.21.4+build.8-v2.jar:?]
	at knot/net.minecraft.client.texture.SpriteOpener.method_52851(SpriteOpener.java:37) ~[minecraft-merged-a172fc6613-1.21.4-net.fabricmc.yarn.1_21_4.1.21.4+build.8-v2.jar:?]
	at knot/net.minecraft.client.texture.atlas.AtlasSource$SpriteRegions.method_47675(AtlasSource.java:21) ~[minecraft-merged-a172fc6613-1.21.4-net.fabricmc.yarn.1_21_4.1.21.4+build.8-v2.jar:?]
	at knot/net.minecraft.client.texture.SpriteLoader.method_52850(SpriteLoader.java:107) ~[minecraft-merged-a172fc6613-1.21.4-net.fabricmc.yarn.1_21_4.1.21.4+build.8-v2.jar:?]
	at java.base/java.util.concurrent.CompletableFuture$AsyncSupply.run$$$capture(CompletableFuture.java:1768) [?:?]
	at java.base/java.util.concurrent.CompletableFuture$AsyncSupply.run(CompletableFuture.java) [?:?]
	at java.base/java.util.concurrent.CompletableFuture$AsyncSupply.exec(CompletableFuture.java:1760) [?:?]
	at java.base/java.util.concurrent.ForkJoinTask.doExec$$$capture(ForkJoinTask.java:387) [?:?]
	at java.base/java.util.concurrent.ForkJoinTask.doExec(ForkJoinTask.java) [?:?]
	at java.base/java.util.concurrent.ForkJoinPool$WorkQueue.topLevelExec(ForkJoinPool.java:1312) [?:?]
	at java.base/java.util.concurrent.ForkJoinPool.scan(ForkJoinPool.java:1843) [?:?]
	at java.base/java.util.concurrent.ForkJoinPool.runWorker(ForkJoinPool.java:1808) [?:?]
	at java.base/java.util.concurrent.ForkJoinWorkerThread.run(ForkJoinWorkerThread.java:188) [?:?]
[09:58:35] [Worker-Main-3/ERROR] (Minecraft) Using missing texture, unable to load minecraft:entity/banner/creeper
java.nio.channels.ClosedByInterruptException: null
	at java.base/java.nio.channels.spi.AbstractInterruptibleChannel.end(AbstractInterruptibleChannel.java:200) ~[?:?]
	at java.base/java.nio.channels.Channels$ReadableByteChannelImpl.read(Channels.java:318) ~[?:?]
	at knot/com.mojang.blaze3d.platform.TextureUtil.readResource(TextureUtil.java:99) ~[minecraft-merged-a172fc6613-1.21.4-net.fabricmc.yarn.1_21_4.1.21.4+build.8-v2.jar:?]
	at knot/com.mojang.blaze3d.platform.TextureUtil.readResource(TextureUtil.java:92) ~[minecraft-merged-a172fc6613-1.21.4-net.fabricmc.yarn.1_21_4.1.21.4+build.8-v2.jar:?]
	at knot/net.minecraft.client.texture.NativeImage.read(NativeImage.java:111) ~[minecraft-merged-a172fc6613-1.21.4-net.fabricmc.yarn.1_21_4.1.21.4+build.8-v2.jar:?]
	at knot/net.minecraft.client.texture.NativeImage.read(NativeImage.java:104) ~[minecraft-merged-a172fc6613-1.21.4-net.fabricmc.yarn.1_21_4.1.21.4+build.8-v2.jar:?]
	at knot/net.minecraft.client.texture.SpriteOpener.method_52851(SpriteOpener.java:37) ~[minecraft-merged-a172fc6613-1.21.4-net.fabricmc.yarn.1_21_4.1.21.4+build.8-v2.jar:?]
	at knot/net.minecraft.client.texture.atlas.AtlasSource$SpriteRegions.method_47675(AtlasSource.java:21) ~[minecraft-merged-a172fc6613-1.21.4-net.fabricmc.yarn.1_21_4.1.21.4+build.8-v2.jar:?]
	at knot/net.minecraft.client.texture.SpriteLoader.method_52850(SpriteLoader.java:107) ~[minecraft-merged-a172fc6613-1.21.4-net.fabricmc.yarn.1_21_4.1.21.4+build.8-v2.jar:?]
	at java.base/java.util.concurrent.CompletableFuture$AsyncSupply.run$$$capture(CompletableFuture.java:1768) [?:?]
	at java.base/java.util.concurrent.CompletableFuture$AsyncSupply.run(CompletableFuture.java) [?:?]
	at java.base/java.util.concurrent.CompletableFuture$AsyncSupply.exec(CompletableFuture.java:1760) [?:?]
	at java.base/java.util.concurrent.ForkJoinTask.doExec$$$capture(ForkJoinTask.java:387) [?:?]
	at java.base/java.util.concurrent.ForkJoinTask.doExec(ForkJoinTask.java) [?:?]
	at java.base/java.util.concurrent.ForkJoinPool$WorkQueue.topLevelExec(ForkJoinPool.java:1312) [?:?]
	at java.base/java.util.concurrent.ForkJoinPool.scan(ForkJoinPool.java:1843) [?:?]
	at java.base/java.util.concurrent.ForkJoinPool.runWorker(ForkJoinPool.java:1808) [?:?]
	at java.base/java.util.concurrent.ForkJoinWorkerThread.run(ForkJoinWorkerThread.java:188) [?:?]
[09:58:35] [Worker-Main-3/ERROR] (Minecraft) Using missing texture, unable to load minecraft:entity/banner/stripe_left
java.nio.channels.ClosedByInterruptException: null
	at java.base/java.nio.channels.spi.AbstractInterruptibleChannel.end(AbstractInterruptibleChannel.java:200) ~[?:?]
	at java.base/java.nio.channels.Channels$ReadableByteChannelImpl.read(Channels.java:318) ~[?:?]
	at knot/com.mojang.blaze3d.platform.TextureUtil.readResource(TextureUtil.java:99) ~[minecraft-merged-a172fc6613-1.21.4-net.fabricmc.yarn.1_21_4.1.21.4+build.8-v2.jar:?]
	at knot/com.mojang.blaze3d.platform.TextureUtil.readResource(TextureUtil.java:92) ~[minecraft-merged-a172fc6613-1.21.4-net.fabricmc.yarn.1_21_4.1.21.4+build.8-v2.jar:?]
	at knot/net.minecraft.client.texture.NativeImage.read(NativeImage.java:111) ~[minecraft-merged-a172fc6613-1.21.4-net.fabricmc.yarn.1_21_4.1.21.4+build.8-v2.jar:?]
	at knot/net.minecraft.client.texture.NativeImage.read(NativeImage.java:104) ~[minecraft-merged-a172fc6613-1.21.4-net.fabricmc.yarn.1_21_4.1.21.4+build.8-v2.jar:?]
	at knot/net.minecraft.client.texture.SpriteOpener.method_52851(SpriteOpener.java:37) ~[minecraft-merged-a172fc6613-1.21.4-net.fabricmc.yarn.1_21_4.1.21.4+build.8-v2.jar:?]
	at knot/net.minecraft.client.texture.atlas.AtlasSource$SpriteRegions.method_47675(AtlasSource.java:21) ~[minecraft-merged-a172fc6613-1.21.4-net.fabricmc.yarn.1_21_4.1.21.4+build.8-v2.jar:?]
	at knot/net.minecraft.client.texture.SpriteLoader.method_52850(SpriteLoader.java:107) ~[minecraft-merged-a172fc6613-1.21.4-net.fabricmc.yarn.1_21_4.1.21.4+build.8-v2.jar:?]
	at java.base/java.util.concurrent.CompletableFuture$AsyncSupply.run$$$capture(CompletableFuture.java:1768) [?:?]
	at java.base/java.util.concurrent.CompletableFuture$AsyncSupply.run(CompletableFuture.java) [?:?]
	at java.base/java.util.concurrent.CompletableFuture$AsyncSupply.exec(CompletableFuture.java:1760) [?:?]
	at java.base/java.util.concurrent.ForkJoinTask.doExec$$$capture(ForkJoinTask.java:387) [?:?]
	at java.base/java.util.concurrent.ForkJoinTask.doExec(ForkJoinTask.java) [?:?]
	at java.base/java.util.concurrent.ForkJoinPool$WorkQueue.topLevelExec(ForkJoinPool.java:1312) [?:?]
	at java.base/java.util.concurrent.ForkJoinPool.scan(ForkJoinPool.java:1843) [?:?]
	at java.base/java.util.concurrent.ForkJoinPool.runWorker(ForkJoinPool.java:1808) [?:?]
	at java.base/java.util.concurrent.ForkJoinWorkerThread.run(ForkJoinWorkerThread.java:188) [?:?]
[09:58:35] [Worker-Main-3/ERROR] (Minecraft) Using missing texture, unable to load minecraft:entity/banner/diagonal_up_right
java.nio.channels.ClosedByInterruptException: null
	at java.base/java.nio.channels.spi.AbstractInterruptibleChannel.end(AbstractInterruptibleChannel.java:200) ~[?:?]
	at java.base/java.nio.channels.Channels$ReadableByteChannelImpl.read(Channels.java:318) ~[?:?]
	at knot/com.mojang.blaze3d.platform.TextureUtil.readResource(TextureUtil.java:99) ~[minecraft-merged-a172fc6613-1.21.4-net.fabricmc.yarn.1_21_4.1.21.4+build.8-v2.jar:?]
	at knot/com.mojang.blaze3d.platform.TextureUtil.readResource(TextureUtil.java:92) ~[minecraft-merged-a172fc6613-1.21.4-net.fabricmc.yarn.1_21_4.1.21.4+build.8-v2.jar:?]
	at knot/net.minecraft.client.texture.NativeImage.read(NativeImage.java:111) ~[minecraft-merged-a172fc6613-1.21.4-net.fabricmc.yarn.1_21_4.1.21.4+build.8-v2.jar:?]
	at knot/net.minecraft.client.texture.NativeImage.read(NativeImage.java:104) ~[minecraft-merged-a172fc6613-1.21.4-net.fabricmc.yarn.1_21_4.1.21.4+build.8-v2.jar:?]
	at knot/net.minecraft.client.texture.SpriteOpener.method_52851(SpriteOpener.java:37) ~[minecraft-merged-a172fc6613-1.21.4-net.fabricmc.yarn.1_21_4.1.21.4+build.8-v2.jar:?]
	at knot/net.minecraft.client.texture.atlas.AtlasSource$SpriteRegions.method_47675(AtlasSource.java:21) ~[minecraft-merged-a172fc6613-1.21.4-net.fabricmc.yarn.1_21_4.1.21.4+build.8-v2.jar:?]
	at knot/net.minecraft.client.texture.SpriteLoader.method_52850(SpriteLoader.java:107) ~[minecraft-merged-a172fc6613-1.21.4-net.fabricmc.yarn.1_21_4.1.21.4+build.8-v2.jar:?]
	at java.base/java.util.concurrent.CompletableFuture$AsyncSupply.run$$$capture(CompletableFuture.java:1768) [?:?]
	at java.base/java.util.concurrent.CompletableFuture$AsyncSupply.run(CompletableFuture.java) [?:?]
	at java.base/java.util.concurrent.CompletableFuture$AsyncSupply.exec(CompletableFuture.java:1760) [?:?]
	at java.base/java.util.concurrent.ForkJoinTask.doExec$$$capture(ForkJoinTask.java:387) [?:?]
	at java.base/java.util.concurrent.ForkJoinTask.doExec(ForkJoinTask.java) [?:?]
	at java.base/java.util.concurrent.ForkJoinPool$WorkQueue.topLevelExec(ForkJoinPool.java:1312) [?:?]
	at java.base/java.util.concurrent.ForkJoinPool.scan(ForkJoinPool.java:1843) [?:?]
	at java.base/java.util.concurrent.ForkJoinPool.runWorker(ForkJoinPool.java:1808) [?:?]
	at java.base/java.util.concurrent.ForkJoinWorkerThread.run(ForkJoinWorkerThread.java:188) [?:?]
[09:58:35] [Worker-Main-3/ERROR] (Minecraft) Using missing texture, unable to load minecraft:entity/banner/half_horizontal
java.nio.channels.ClosedByInterruptException: null
	at java.base/java.nio.channels.spi.AbstractInterruptibleChannel.end(AbstractInterruptibleChannel.java:200) ~[?:?]
	at java.base/java.nio.channels.Channels$ReadableByteChannelImpl.read(Channels.java:318) ~[?:?]
	at knot/com.mojang.blaze3d.platform.TextureUtil.readResource(TextureUtil.java:99) ~[minecraft-merged-a172fc6613-1.21.4-net.fabricmc.yarn.1_21_4.1.21.4+build.8-v2.jar:?]
	at knot/com.mojang.blaze3d.platform.TextureUtil.readResource(TextureUtil.java:92) ~[minecraft-merged-a172fc6613-1.21.4-net.fabricmc.yarn.1_21_4.1.21.4+build.8-v2.jar:?]
	at knot/net.minecraft.client.texture.NativeImage.read(NativeImage.java:111) ~[minecraft-merged-a172fc6613-1.21.4-net.fabricmc.yarn.1_21_4.1.21.4+build.8-v2.jar:?]
	at knot/net.minecraft.client.texture.NativeImage.read(NativeImage.java:104) ~[minecraft-merged-a172fc6613-1.21.4-net.fabricmc.yarn.1_21_4.1.21.4+build.8-v2.jar:?]
	at knot/net.minecraft.client.texture.SpriteOpener.method_52851(SpriteOpener.java:37) ~[minecraft-merged-a172fc6613-1.21.4-net.fabricmc.yarn.1_21_4.1.21.4+build.8-v2.jar:?]
	at knot/net.minecraft.client.texture.atlas.AtlasSource$SpriteRegions.method_47675(AtlasSource.java:21) ~[minecraft-merged-a172fc6613-1.21.4-net.fabricmc.yarn.1_21_4.1.21.4+build.8-v2.jar:?]
	at knot/net.minecraft.client.texture.SpriteLoader.method_52850(SpriteLoader.java:107) ~[minecraft-merged-a172fc6613-1.21.4-net.fabricmc.yarn.1_21_4.1.21.4+build.8-v2.jar:?]
	at java.base/java.util.concurrent.CompletableFuture$AsyncSupply.run$$$capture(CompletableFuture.java:1768) [?:?]
	at java.base/java.util.concurrent.CompletableFuture$AsyncSupply.run(CompletableFuture.java) [?:?]
	at java.base/java.util.concurrent.CompletableFuture$AsyncSupply.exec(CompletableFuture.java:1760) [?:?]
	at java.base/java.util.concurrent.ForkJoinTask.doExec$$$capture(ForkJoinTask.java:387) [?:?]
	at java.base/java.util.concurrent.ForkJoinTask.doExec(ForkJoinTask.java) [?:?]
	at java.base/java.util.concurrent.ForkJoinPool$WorkQueue.topLevelExec(ForkJoinPool.java:1312) [?:?]
	at java.base/java.util.concurrent.ForkJoinPool.scan(ForkJoinPool.java:1843) [?:?]
	at java.base/java.util.concurrent.ForkJoinPool.runWorker(ForkJoinPool.java:1808) [?:?]
	at java.base/java.util.concurrent.ForkJoinWorkerThread.run(ForkJoinWorkerThread.java:188) [?:?]
[09:58:35] [Worker-Main-3/ERROR] (Minecraft) Using missing texture, unable to load minecraft:entity/banner/stripe_center
java.nio.channels.ClosedByInterruptException: null
	at java.base/java.nio.channels.spi.AbstractInterruptibleChannel.end(AbstractInterruptibleChannel.java:200) ~[?:?]
	at java.base/java.nio.channels.Channels$ReadableByteChannelImpl.read(Channels.java:318) ~[?:?]
	at knot/com.mojang.blaze3d.platform.TextureUtil.readResource(TextureUtil.java:99) ~[minecraft-merged-a172fc6613-1.21.4-net.fabricmc.yarn.1_21_4.1.21.4+build.8-v2.jar:?]
	at knot/com.mojang.blaze3d.platform.TextureUtil.readResource(TextureUtil.java:92) ~[minecraft-merged-a172fc6613-1.21.4-net.fabricmc.yarn.1_21_4.1.21.4+build.8-v2.jar:?]
	at knot/net.minecraft.client.texture.NativeImage.read(NativeImage.java:111) ~[minecraft-merged-a172fc6613-1.21.4-net.fabricmc.yarn.1_21_4.1.21.4+build.8-v2.jar:?]
	at knot/net.minecraft.client.texture.NativeImage.read(NativeImage.java:104) ~[minecraft-merged-a172fc6613-1.21.4-net.fabricmc.yarn.1_21_4.1.21.4+build.8-v2.jar:?]
	at knot/net.minecraft.client.texture.SpriteOpener.method_52851(SpriteOpener.java:37) ~[minecraft-merged-a172fc6613-1.21.4-net.fabricmc.yarn.1_21_4.1.21.4+build.8-v2.jar:?]
	at knot/net.minecraft.client.texture.atlas.AtlasSource$SpriteRegions.method_47675(AtlasSource.java:21) ~[minecraft-merged-a172fc6613-1.21.4-net.fabricmc.yarn.1_21_4.1.21.4+build.8-v2.jar:?]
	at knot/net.minecraft.client.texture.SpriteLoader.method_52850(SpriteLoader.java:107) ~[minecraft-merged-a172fc6613-1.21.4-net.fabricmc.yarn.1_21_4.1.21.4+build.8-v2.jar:?]
	at java.base/java.util.concurrent.CompletableFuture$AsyncSupply.run$$$capture(CompletableFuture.java:1768) [?:?]
	at java.base/java.util.concurrent.CompletableFuture$AsyncSupply.run(CompletableFuture.java) [?:?]
	at java.base/java.util.concurrent.CompletableFuture$AsyncSupply.exec(CompletableFuture.java:1760) [?:?]
	at java.base/java.util.concurrent.ForkJoinTask.doExec$$$capture(ForkJoinTask.java:387) [?:?]
	at java.base/java.util.concurrent.ForkJoinTask.doExec(ForkJoinTask.java) [?:?]
	at java.base/java.util.concurrent.ForkJoinPool$WorkQueue.topLevelExec(ForkJoinPool.java:1312) [?:?]
	at java.base/java.util.concurrent.ForkJoinPool.scan(ForkJoinPool.java:1843) [?:?]
	at java.base/java.util.concurrent.ForkJoinPool.runWorker(ForkJoinPool.java:1808) [?:?]
	at java.base/java.util.concurrent.ForkJoinWorkerThread.run(ForkJoinWorkerThread.java:188) [?:?]
[09:58:35] [Worker-Main-3/ERROR] (Minecraft) Using missing texture, unable to load minecraft:entity/banner/triangle_bottom
java.nio.channels.ClosedByInterruptException: null
	at java.base/java.nio.channels.spi.AbstractInterruptibleChannel.end(AbstractInterruptibleChannel.java:200) ~[?:?]
	at java.base/java.nio.channels.Channels$ReadableByteChannelImpl.read(Channels.java:318) ~[?:?]
	at knot/com.mojang.blaze3d.platform.TextureUtil.readResource(TextureUtil.java:99) ~[minecraft-merged-a172fc6613-1.21.4-net.fabricmc.yarn.1_21_4.1.21.4+build.8-v2.jar:?]
	at knot/com.mojang.blaze3d.platform.TextureUtil.readResource(TextureUtil.java:92) ~[minecraft-merged-a172fc6613-1.21.4-net.fabricmc.yarn.1_21_4.1.21.4+build.8-v2.jar:?]
	at knot/net.minecraft.client.texture.NativeImage.read(NativeImage.java:111) ~[minecraft-merged-a172fc6613-1.21.4-net.fabricmc.yarn.1_21_4.1.21.4+build.8-v2.jar:?]
	at knot/net.minecraft.client.texture.NativeImage.read(NativeImage.java:104) ~[minecraft-merged-a172fc6613-1.21.4-net.fabricmc.yarn.1_21_4.1.21.4+build.8-v2.jar:?]
	at knot/net.minecraft.client.texture.SpriteOpener.method_52851(SpriteOpener.java:37) ~[minecraft-merged-a172fc6613-1.21.4-net.fabricmc.yarn.1_21_4.1.21.4+build.8-v2.jar:?]
	at knot/net.minecraft.client.texture.atlas.AtlasSource$SpriteRegions.method_47675(AtlasSource.java:21) ~[minecraft-merged-a172fc6613-1.21.4-net.fabricmc.yarn.1_21_4.1.21.4+build.8-v2.jar:?]
	at knot/net.minecraft.client.texture.SpriteLoader.method_52850(SpriteLoader.java:107) ~[minecraft-merged-a172fc6613-1.21.4-net.fabricmc.yarn.1_21_4.1.21.4+build.8-v2.jar:?]
	at java.base/java.util.concurrent.CompletableFuture$AsyncSupply.run$$$capture(CompletableFuture.java:1768) [?:?]
	at java.base/java.util.concurrent.CompletableFuture$AsyncSupply.run(CompletableFuture.java) [?:?]
	at java.base/java.util.concurrent.CompletableFuture$AsyncSupply.exec(CompletableFuture.java:1760) [?:?]
	at java.base/java.util.concurrent.ForkJoinTask.doExec$$$capture(ForkJoinTask.java:387) [?:?]
	at java.base/java.util.concurrent.ForkJoinTask.doExec(ForkJoinTask.java) [?:?]
	at java.base/java.util.concurrent.ForkJoinPool$WorkQueue.topLevelExec(ForkJoinPool.java:1312) [?:?]
	at java.base/java.util.concurrent.ForkJoinPool.scan(ForkJoinPool.java:1843) [?:?]
	at java.base/java.util.concurrent.ForkJoinPool.runWorker(ForkJoinPool.java:1808) [?:?]
	at java.base/java.util.concurrent.ForkJoinWorkerThread.run(ForkJoinWorkerThread.java:188) [?:?]
[09:58:35] [Worker-Main-3/ERROR] (Minecraft) Using missing texture, unable to load minecraft:entity/banner/stripe_top
java.nio.channels.ClosedByInterruptException: null
	at java.base/java.nio.channels.spi.AbstractInterruptibleChannel.end(AbstractInterruptibleChannel.java:200) ~[?:?]
	at java.base/java.nio.channels.Channels$ReadableByteChannelImpl.read(Channels.java:318) ~[?:?]
	at knot/com.mojang.blaze3d.platform.TextureUtil.readResource(TextureUtil.java:99) ~[minecraft-merged-a172fc6613-1.21.4-net.fabricmc.yarn.1_21_4.1.21.4+build.8-v2.jar:?]
	at knot/com.mojang.blaze3d.platform.TextureUtil.readResource(TextureUtil.java:92) ~[minecraft-merged-a172fc6613-1.21.4-net.fabricmc.yarn.1_21_4.1.21.4+build.8-v2.jar:?]
	at knot/net.minecraft.client.texture.NativeImage.read(NativeImage.java:111) ~[minecraft-merged-a172fc6613-1.21.4-net.fabricmc.yarn.1_21_4.1.21.4+build.8-v2.jar:?]
	at knot/net.minecraft.client.texture.NativeImage.read(NativeImage.java:104) ~[minecraft-merged-a172fc6613-1.21.4-net.fabricmc.yarn.1_21_4.1.21.4+build.8-v2.jar:?]
	at knot/net.minecraft.client.texture.SpriteOpener.method_52851(SpriteOpener.java:37) ~[minecraft-merged-a172fc6613-1.21.4-net.fabricmc.yarn.1_21_4.1.21.4+build.8-v2.jar:?]
	at knot/net.minecraft.client.texture.atlas.AtlasSource$SpriteRegions.method_47675(AtlasSource.java:21) ~[minecraft-merged-a172fc6613-1.21.4-net.fabricmc.yarn.1_21_4.1.21.4+build.8-v2.jar:?]
	at knot/net.minecraft.client.texture.SpriteLoader.method_52850(SpriteLoader.java:107) ~[minecraft-merged-a172fc6613-1.21.4-net.fabricmc.yarn.1_21_4.1.21.4+build.8-v2.jar:?]
	at java.base/java.util.concurrent.CompletableFuture$AsyncSupply.run$$$capture(CompletableFuture.java:1768) [?:?]
	at java.base/java.util.concurrent.CompletableFuture$AsyncSupply.run(CompletableFuture.java) [?:?]
	at java.base/java.util.concurrent.CompletableFuture$AsyncSupply.exec(CompletableFuture.java:1760) [?:?]
	at java.base/java.util.concurrent.ForkJoinTask.doExec$$$capture(ForkJoinTask.java:387) [?:?]
	at java.base/java.util.concurrent.ForkJoinTask.doExec(ForkJoinTask.java) [?:?]
	at java.base/java.util.concurrent.ForkJoinPool$WorkQueue.topLevelExec(ForkJoinPool.java:1312) [?:?]
	at java.base/java.util.concurrent.ForkJoinPool.scan(ForkJoinPool.java:1843) [?:?]
	at java.base/java.util.concurrent.ForkJoinPool.runWorker(ForkJoinPool.java:1808) [?:?]
	at java.base/java.util.concurrent.ForkJoinWorkerThread.run(ForkJoinWorkerThread.java:188) [?:?]
[09:58:35] [Worker-Main-3/ERROR] (Minecraft) Using missing texture, unable to load minecraft:entity/banner/stripe_bottom
java.nio.channels.ClosedByInterruptException: null
	at java.base/java.nio.channels.spi.AbstractInterruptibleChannel.end(AbstractInterruptibleChannel.java:200) ~[?:?]
	at java.base/java.nio.channels.Channels$ReadableByteChannelImpl.read(Channels.java:318) ~[?:?]
	at knot/com.mojang.blaze3d.platform.TextureUtil.readResource(TextureUtil.java:99) ~[minecraft-merged-a172fc6613-1.21.4-net.fabricmc.yarn.1_21_4.1.21.4+build.8-v2.jar:?]
	at knot/com.mojang.blaze3d.platform.TextureUtil.readResource(TextureUtil.java:92) ~[minecraft-merged-a172fc6613-1.21.4-net.fabricmc.yarn.1_21_4.1.21.4+build.8-v2.jar:?]
	at knot/net.minecraft.client.texture.NativeImage.read(NativeImage.java:111) ~[minecraft-merged-a172fc6613-1.21.4-net.fabricmc.yarn.1_21_4.1.21.4+build.8-v2.jar:?]
	at knot/net.minecraft.client.texture.NativeImage.read(NativeImage.java:104) ~[minecraft-merged-a172fc6613-1.21.4-net.fabricmc.yarn.1_21_4.1.21.4+build.8-v2.jar:?]
	at knot/net.minecraft.client.texture.SpriteOpener.method_52851(SpriteOpener.java:37) ~[minecraft-merged-a172fc6613-1.21.4-net.fabricmc.yarn.1_21_4.1.21.4+build.8-v2.jar:?]
	at knot/net.minecraft.client.texture.atlas.AtlasSource$SpriteRegions.method_47675(AtlasSource.java:21) ~[minecraft-merged-a172fc6613-1.21.4-net.fabricmc.yarn.1_21_4.1.21.4+build.8-v2.jar:?]
	at knot/net.minecraft.client.texture.SpriteLoader.method_52850(SpriteLoader.java:107) ~[minecraft-merged-a172fc6613-1.21.4-net.fabricmc.yarn.1_21_4.1.21.4+build.8-v2.jar:?]
	at java.base/java.util.concurrent.CompletableFuture$AsyncSupply.run$$$capture(CompletableFuture.java:1768) [?:?]
	at java.base/java.util.concurrent.CompletableFuture$AsyncSupply.run(CompletableFuture.java) [?:?]
	at java.base/java.util.concurrent.CompletableFuture$AsyncSupply.exec(CompletableFuture.java:1760) [?:?]
	at java.base/java.util.concurrent.ForkJoinTask.doExec$$$capture(ForkJoinTask.java:387) [?:?]
	at java.base/java.util.concurrent.ForkJoinTask.doExec(ForkJoinTask.java) [?:?]
	at java.base/java.util.concurrent.ForkJoinPool$WorkQueue.topLevelExec(ForkJoinPool.java:1312) [?:?]
	at java.base/java.util.concurrent.ForkJoinPool.scan(ForkJoinPool.java:1843) [?:?]
	at java.base/java.util.concurrent.ForkJoinPool.runWorker(ForkJoinPool.java:1808) [?:?]
	at java.base/java.util.concurrent.ForkJoinWorkerThread.run(ForkJoinWorkerThread.java:188) [?:?]
[09:58:35] [Worker-Main-3/ERROR] (Minecraft) Using missing texture, unable to load minecraft:entity/banner/square_bottom_right
java.nio.channels.ClosedByInterruptException: null
	at java.base/java.nio.channels.spi.AbstractInterruptibleChannel.end(AbstractInterruptibleChannel.java:200) ~[?:?]
	at java.base/java.nio.channels.Channels$ReadableByteChannelImpl.read(Channels.java:318) ~[?:?]
	at knot/com.mojang.blaze3d.platform.TextureUtil.readResource(TextureUtil.java:99) ~[minecraft-merged-a172fc6613-1.21.4-net.fabricmc.yarn.1_21_4.1.21.4+build.8-v2.jar:?]
	at knot/com.mojang.blaze3d.platform.TextureUtil.readResource(TextureUtil.java:92) ~[minecraft-merged-a172fc6613-1.21.4-net.fabricmc.yarn.1_21_4.1.21.4+build.8-v2.jar:?]
	at knot/net.minecraft.client.texture.NativeImage.read(NativeImage.java:111) ~[minecraft-merged-a172fc6613-1.21.4-net.fabricmc.yarn.1_21_4.1.21.4+build.8-v2.jar:?]
	at knot/net.minecraft.client.texture.NativeImage.read(NativeImage.java:104) ~[minecraft-merged-a172fc6613-1.21.4-net.fabricmc.yarn.1_21_4.1.21.4+build.8-v2.jar:?]
	at knot/net.minecraft.client.texture.SpriteOpener.method_52851(SpriteOpener.java:37) ~[minecraft-merged-a172fc6613-1.21.4-net.fabricmc.yarn.1_21_4.1.21.4+build.8-v2.jar:?]
	at knot/net.minecraft.client.texture.atlas.AtlasSource$SpriteRegions.method_47675(AtlasSource.java:21) ~[minecraft-merged-a172fc6613-1.21.4-net.fabricmc.yarn.1_21_4.1.21.4+build.8-v2.jar:?]
	at knot/net.minecraft.client.texture.SpriteLoader.method_52850(SpriteLoader.java:107) ~[minecraft-merged-a172fc6613-1.21.4-net.fabricmc.yarn.1_21_4.1.21.4+build.8-v2.jar:?]
	at java.base/java.util.concurrent.CompletableFuture$AsyncSupply.run$$$capture(CompletableFuture.java:1768) [?:?]
	at java.base/java.util.concurrent.CompletableFuture$AsyncSupply.run(CompletableFuture.java) [?:?]
	at java.base/java.util.concurrent.CompletableFuture$AsyncSupply.exec(CompletableFuture.java:1760) [?:?]
	at java.base/java.util.concurrent.ForkJoinTask.doExec$$$capture(ForkJoinTask.java:387) [?:?]
	at java.base/java.util.concurrent.ForkJoinTask.doExec(ForkJoinTask.java) [?:?]
	at java.base/java.util.concurrent.ForkJoinPool$WorkQueue.topLevelExec(ForkJoinPool.java:1312) [?:?]
	at java.base/java.util.concurrent.ForkJoinPool.scan(ForkJoinPool.java:1843) [?:?]
	at java.base/java.util.concurrent.ForkJoinPool.runWorker(ForkJoinPool.java:1808) [?:?]
	at java.base/java.util.concurrent.ForkJoinWorkerThread.run(ForkJoinWorkerThread.java:188) [?:?]
[09:58:35] [Worker-Main-1/WARN] (Minecraft) Missing block model: 'minecraft:builtin/entity'
[09:58:35] [Worker-Main-3/ERROR] (Minecraft) Using missing texture, unable to load minecraft:entity/banner/stripe_middle
java.nio.channels.ClosedByInterruptException: null
	at java.base/java.nio.channels.spi.AbstractInterruptibleChannel.end(AbstractInterruptibleChannel.java:200) ~[?:?]
	at java.base/java.nio.channels.Channels$ReadableByteChannelImpl.read(Channels.java:318) ~[?:?]
	at knot/com.mojang.blaze3d.platform.TextureUtil.readResource(TextureUtil.java:99) ~[minecraft-merged-a172fc6613-1.21.4-net.fabricmc.yarn.1_21_4.1.21.4+build.8-v2.jar:?]
	at knot/com.mojang.blaze3d.platform.TextureUtil.readResource(TextureUtil.java:92) ~[minecraft-merged-a172fc6613-1.21.4-net.fabricmc.yarn.1_21_4.1.21.4+build.8-v2.jar:?]
	at knot/net.minecraft.client.texture.NativeImage.read(NativeImage.java:111) ~[minecraft-merged-a172fc6613-1.21.4-net.fabricmc.yarn.1_21_4.1.21.4+build.8-v2.jar:?]
	at knot/net.minecraft.client.texture.NativeImage.read(NativeImage.java:104) ~[minecraft-merged-a172fc6613-1.21.4-net.fabricmc.yarn.1_21_4.1.21.4+build.8-v2.jar:?]
	at knot/net.minecraft.client.texture.SpriteOpener.method_52851(SpriteOpener.java:37) ~[minecraft-merged-a172fc6613-1.21.4-net.fabricmc.yarn.1_21_4.1.21.4+build.8-v2.jar:?]
	at knot/net.minecraft.client.texture.atlas.AtlasSource$SpriteRegions.method_47675(AtlasSource.java:21) ~[minecraft-merged-a172fc6613-1.21.4-net.fabricmc.yarn.1_21_4.1.21.4+build.8-v2.jar:?]
	at knot/net.minecraft.client.texture.SpriteLoader.method_52850(SpriteLoader.java:107) ~[minecraft-merged-a172fc6613-1.21.4-net.fabricmc.yarn.1_21_4.1.21.4+build.8-v2.jar:?]
	at java.base/java.util.concurrent.CompletableFuture$AsyncSupply.run$$$capture(CompletableFuture.java:1768) [?:?]
	at java.base/java.util.concurrent.CompletableFuture$AsyncSupply.run(CompletableFuture.java) [?:?]
	at java.base/java.util.concurrent.CompletableFuture$AsyncSupply.exec(CompletableFuture.java:1760) [?:?]
	at java.base/java.util.concurrent.ForkJoinTask.doExec$$$capture(ForkJoinTask.java:387) [?:?]
	at java.base/java.util.concurrent.ForkJoinTask.doExec(ForkJoinTask.java) [?:?]
	at java.base/java.util.concurrent.ForkJoinPool$WorkQueue.topLevelExec(ForkJoinPool.java:1312) [?:?]
	at java.base/java.util.concurrent.ForkJoinPool.scan(ForkJoinPool.java:1843) [?:?]
	at java.base/java.util.concurrent.ForkJoinPool.runWorker(ForkJoinPool.java:1808) [?:?]
	at java.base/java.util.concurrent.ForkJoinWorkerThread.run(ForkJoinWorkerThread.java:188) [?:?]
[09:58:35] [Worker-Main-1/ERROR] (Minecraft) Using missing texture, unable to load minecraft:entity/banner/straight_cross
java.nio.channels.ClosedByInterruptException: null
	at java.base/java.nio.channels.spi.AbstractInterruptibleChannel.end(AbstractInterruptibleChannel.java:200) ~[?:?]
	at java.base/java.nio.channels.Channels$ReadableByteChannelImpl.read(Channels.java:318) ~[?:?]
	at knot/com.mojang.blaze3d.platform.TextureUtil.readResource(TextureUtil.java:99) ~[minecraft-merged-a172fc6613-1.21.4-net.fabricmc.yarn.1_21_4.1.21.4+build.8-v2.jar:?]
	at knot/com.mojang.blaze3d.platform.TextureUtil.readResource(TextureUtil.java:92) ~[minecraft-merged-a172fc6613-1.21.4-net.fabricmc.yarn.1_21_4.1.21.4+build.8-v2.jar:?]
	at knot/net.minecraft.client.texture.NativeImage.read(NativeImage.java:111) ~[minecraft-merged-a172fc6613-1.21.4-net.fabricmc.yarn.1_21_4.1.21.4+build.8-v2.jar:?]
	at knot/net.minecraft.client.texture.NativeImage.read(NativeImage.java:104) ~[minecraft-merged-a172fc6613-1.21.4-net.fabricmc.yarn.1_21_4.1.21.4+build.8-v2.jar:?]
	at knot/net.minecraft.client.texture.SpriteOpener.method_52851(SpriteOpener.java:37) ~[minecraft-merged-a172fc6613-1.21.4-net.fabricmc.yarn.1_21_4.1.21.4+build.8-v2.jar:?]
	at knot/net.minecraft.client.texture.atlas.AtlasSource$SpriteRegions.method_47675(AtlasSource.java:21) ~[minecraft-merged-a172fc6613-1.21.4-net.fabricmc.yarn.1_21_4.1.21.4+build.8-v2.jar:?]
	at knot/net.minecraft.client.texture.SpriteLoader.method_52850(SpriteLoader.java:107) ~[minecraft-merged-a172fc6613-1.21.4-net.fabricmc.yarn.1_21_4.1.21.4+build.8-v2.jar:?]
	at java.base/java.util.concurrent.CompletableFuture$AsyncSupply.run$$$capture(CompletableFuture.java:1768) [?:?]
	at java.base/java.util.concurrent.CompletableFuture$AsyncSupply.run(CompletableFuture.java) [?:?]
	at java.base/java.util.concurrent.CompletableFuture$AsyncSupply.exec(CompletableFuture.java:1760) [?:?]
	at java.base/java.util.concurrent.ForkJoinTask.doExec$$$capture(ForkJoinTask.java:387) [?:?]
	at java.base/java.util.concurrent.ForkJoinTask.doExec(ForkJoinTask.java) [?:?]
	at java.base/java.util.concurrent.ForkJoinPool$WorkQueue.topLevelExec(ForkJoinPool.java:1312) [?:?]
	at java.base/java.util.concurrent.ForkJoinPool.scan(ForkJoinPool.java:1843) [?:?]
	at java.base/java.util.concurrent.ForkJoinPool.runWorker(ForkJoinPool.java:1808) [?:?]
	at java.base/java.util.concurrent.ForkJoinWorkerThread.run(ForkJoinWorkerThread.java:188) [?:?]
[09:58:35] [Worker-Main-1/ERROR] (Minecraft) Using missing texture, unable to load minecraft:entity/banner/bricks
java.nio.channels.ClosedByInterruptException: null
	at java.base/java.nio.channels.spi.AbstractInterruptibleChannel.end(AbstractInterruptibleChannel.java:200) ~[?:?]
	at java.base/java.nio.channels.Channels$ReadableByteChannelImpl.read(Channels.java:318) ~[?:?]
	at knot/com.mojang.blaze3d.platform.TextureUtil.readResource(TextureUtil.java:99) ~[minecraft-merged-a172fc6613-1.21.4-net.fabricmc.yarn.1_21_4.1.21.4+build.8-v2.jar:?]
	at knot/com.mojang.blaze3d.platform.TextureUtil.readResource(TextureUtil.java:92) ~[minecraft-merged-a172fc6613-1.21.4-net.fabricmc.yarn.1_21_4.1.21.4+build.8-v2.jar:?]
	at knot/net.minecraft.client.texture.NativeImage.read(NativeImage.java:111) ~[minecraft-merged-a172fc6613-1.21.4-net.fabricmc.yarn.1_21_4.1.21.4+build.8-v2.jar:?]
	at knot/net.minecraft.client.texture.NativeImage.read(NativeImage.java:104) ~[minecraft-merged-a172fc6613-1.21.4-net.fabricmc.yarn.1_21_4.1.21.4+build.8-v2.jar:?]
	at knot/net.minecraft.client.texture.SpriteOpener.method_52851(SpriteOpener.java:37) ~[minecraft-merged-a172fc6613-1.21.4-net.fabricmc.yarn.1_21_4.1.21.4+build.8-v2.jar:?]
	at knot/net.minecraft.client.texture.atlas.AtlasSource$SpriteRegions.method_47675(AtlasSource.java:21) ~[minecraft-merged-a172fc6613-1.21.4-net.fabricmc.yarn.1_21_4.1.21.4+build.8-v2.jar:?]
	at knot/net.minecraft.client.texture.SpriteLoader.method_52850(SpriteLoader.java:107) ~[minecraft-merged-a172fc6613-1.21.4-net.fabricmc.yarn.1_21_4.1.21.4+build.8-v2.jar:?]
	at java.base/java.util.concurrent.CompletableFuture$AsyncSupply.run$$$capture(CompletableFuture.java:1768) [?:?]
	at java.base/java.util.concurrent.CompletableFuture$AsyncSupply.run(CompletableFuture.java) [?:?]
	at java.base/java.util.concurrent.CompletableFuture$AsyncSupply.exec(CompletableFuture.java:1760) [?:?]
	at java.base/java.util.concurrent.ForkJoinTask.doExec$$$capture(ForkJoinTask.java:387) [?:?]
	at java.base/java.util.concurrent.ForkJoinTask.doExec(ForkJoinTask.java) [?:?]
	at java.base/java.util.concurrent.ForkJoinPool$WorkQueue.topLevelExec(ForkJoinPool.java:1312) [?:?]
	at java.base/java.util.concurrent.ForkJoinPool.scan(ForkJoinPool.java:1843) [?:?]
	at java.base/java.util.concurrent.ForkJoinPool.runWorker(ForkJoinPool.java:1808) [?:?]
	at java.base/java.util.concurrent.ForkJoinWorkerThread.run(ForkJoinWorkerThread.java:188) [?:?]
[09:58:35] [Worker-Main-1/ERROR] (Minecraft) Using missing texture, unable to load minecraft:entity/banner/circle
java.nio.channels.ClosedByInterruptException: null
	at java.base/java.nio.channels.spi.AbstractInterruptibleChannel.end(AbstractInterruptibleChannel.java:200) ~[?:?]
	at java.base/java.nio.channels.Channels$ReadableByteChannelImpl.read(Channels.java:318) ~[?:?]
	at knot/com.mojang.blaze3d.platform.TextureUtil.readResource(TextureUtil.java:99) ~[minecraft-merged-a172fc6613-1.21.4-net.fabricmc.yarn.1_21_4.1.21.4+build.8-v2.jar:?]
	at knot/com.mojang.blaze3d.platform.TextureUtil.readResource(TextureUtil.java:92) ~[minecraft-merged-a172fc6613-1.21.4-net.fabricmc.yarn.1_21_4.1.21.4+build.8-v2.jar:?]
	at knot/net.minecraft.client.texture.NativeImage.read(NativeImage.java:111) ~[minecraft-merged-a172fc6613-1.21.4-net.fabricmc.yarn.1_21_4.1.21.4+build.8-v2.jar:?]
	at knot/net.minecraft.client.texture.NativeImage.read(NativeImage.java:104) ~[minecraft-merged-a172fc6613-1.21.4-net.fabricmc.yarn.1_21_4.1.21.4+build.8-v2.jar:?]
	at knot/net.minecraft.client.texture.SpriteOpener.method_52851(SpriteOpener.java:37) ~[minecraft-merged-a172fc6613-1.21.4-net.fabricmc.yarn.1_21_4.1.21.4+build.8-v2.jar:?]
	at knot/net.minecraft.client.texture.atlas.AtlasSource$SpriteRegions.method_47675(AtlasSource.java:21) ~[minecraft-merged-a172fc6613-1.21.4-net.fabricmc.yarn.1_21_4.1.21.4+build.8-v2.jar:?]
	at knot/net.minecraft.client.texture.SpriteLoader.method_52850(SpriteLoader.java:107) ~[minecraft-merged-a172fc6613-1.21.4-net.fabricmc.yarn.1_21_4.1.21.4+build.8-v2.jar:?]
	at java.base/java.util.concurrent.CompletableFuture$AsyncSupply.run$$$capture(CompletableFuture.java:1768) [?:?]
	at java.base/java.util.concurrent.CompletableFuture$AsyncSupply.run(CompletableFuture.java) [?:?]
	at java.base/java.util.concurrent.CompletableFuture$AsyncSupply.exec(CompletableFuture.java:1760) [?:?]
	at java.base/java.util.concurrent.ForkJoinTask.doExec$$$capture(ForkJoinTask.java:387) [?:?]
	at java.base/java.util.concurrent.ForkJoinTask.doExec(ForkJoinTask.java) [?:?]
	at java.base/java.util.concurrent.ForkJoinPool$WorkQueue.topLevelExec(ForkJoinPool.java:1312) [?:?]
	at java.base/java.util.concurrent.ForkJoinPool.scan(ForkJoinPool.java:1843) [?:?]
	at java.base/java.util.concurrent.ForkJoinPool.runWorker(ForkJoinPool.java:1808) [?:?]
	at java.base/java.util.concurrent.ForkJoinWorkerThread.run(ForkJoinWorkerThread.java:188) [?:?]
[09:58:35] [Worker-Main-1/ERROR] (Minecraft) Using missing texture, unable to load minecraft:entity/banner/guster
java.nio.channels.ClosedByInterruptException: null
	at java.base/java.nio.channels.spi.AbstractInterruptibleChannel.end(AbstractInterruptibleChannel.java:200) ~[?:?]
	at java.base/java.nio.channels.Channels$ReadableByteChannelImpl.read(Channels.java:318) ~[?:?]
	at knot/com.mojang.blaze3d.platform.TextureUtil.readResource(TextureUtil.java:99) ~[minecraft-merged-a172fc6613-1.21.4-net.fabricmc.yarn.1_21_4.1.21.4+build.8-v2.jar:?]
	at knot/com.mojang.blaze3d.platform.TextureUtil.readResource(TextureUtil.java:92) ~[minecraft-merged-a172fc6613-1.21.4-net.fabricmc.yarn.1_21_4.1.21.4+build.8-v2.jar:?]
	at knot/net.minecraft.client.texture.NativeImage.read(NativeImage.java:111) ~[minecraft-merged-a172fc6613-1.21.4-net.fabricmc.yarn.1_21_4.1.21.4+build.8-v2.jar:?]
	at knot/net.minecraft.client.texture.NativeImage.read(NativeImage.java:104) ~[minecraft-merged-a172fc6613-1.21.4-net.fabricmc.yarn.1_21_4.1.21.4+build.8-v2.jar:?]
	at knot/net.minecraft.client.texture.SpriteOpener.method_52851(SpriteOpener.java:37) ~[minecraft-merged-a172fc6613-1.21.4-net.fabricmc.yarn.1_21_4.1.21.4+build.8-v2.jar:?]
	at knot/net.minecraft.client.texture.atlas.AtlasSource$SpriteRegions.method_47675(AtlasSource.java:21) ~[minecraft-merged-a172fc6613-1.21.4-net.fabricmc.yarn.1_21_4.1.21.4+build.8-v2.jar:?]
	at knot/net.minecraft.client.texture.SpriteLoader.method_52850(SpriteLoader.java:107) ~[minecraft-merged-a172fc6613-1.21.4-net.fabricmc.yarn.1_21_4.1.21.4+build.8-v2.jar:?]
	at java.base/java.util.concurrent.CompletableFuture$AsyncSupply.run$$$capture(CompletableFuture.java:1768) [?:?]
	at java.base/java.util.concurrent.CompletableFuture$AsyncSupply.run(CompletableFuture.java) [?:?]
	at java.base/java.util.concurrent.CompletableFuture$AsyncSupply.exec(CompletableFuture.java:1760) [?:?]
	at java.base/java.util.concurrent.ForkJoinTask.doExec$$$capture(ForkJoinTask.java:387) [?:?]
	at java.base/java.util.concurrent.ForkJoinTask.doExec(ForkJoinTask.java) [?:?]
	at java.base/java.util.concurrent.ForkJoinPool$WorkQueue.topLevelExec(ForkJoinPool.java:1312) [?:?]
	at java.base/java.util.concurrent.ForkJoinPool.scan(ForkJoinPool.java:1843) [?:?]
	at java.base/java.util.concurrent.ForkJoinPool.runWorker(ForkJoinPool.java:1808) [?:?]
	at java.base/java.util.concurrent.ForkJoinWorkerThread.run(ForkJoinWorkerThread.java:188) [?:?]
[09:58:35] [Worker-Main-1/ERROR] (Minecraft) Using missing texture, unable to load minecraft:entity/banner/base
java.nio.channels.ClosedByInterruptException: null
	at java.base/java.nio.channels.spi.AbstractInterruptibleChannel.end(AbstractInterruptibleChannel.java:200) ~[?:?]
	at java.base/java.nio.channels.Channels$ReadableByteChannelImpl.read(Channels.java:318) ~[?:?]
	at knot/com.mojang.blaze3d.platform.TextureUtil.readResource(TextureUtil.java:99) ~[minecraft-merged-a172fc6613-1.21.4-net.fabricmc.yarn.1_21_4.1.21.4+build.8-v2.jar:?]
	at knot/com.mojang.blaze3d.platform.TextureUtil.readResource(TextureUtil.java:92) ~[minecraft-merged-a172fc6613-1.21.4-net.fabricmc.yarn.1_21_4.1.21.4+build.8-v2.jar:?]
	at knot/net.minecraft.client.texture.NativeImage.read(NativeImage.java:111) ~[minecraft-merged-a172fc6613-1.21.4-net.fabricmc.yarn.1_21_4.1.21.4+build.8-v2.jar:?]
	at knot/net.minecraft.client.texture.NativeImage.read(NativeImage.java:104) ~[minecraft-merged-a172fc6613-1.21.4-net.fabricmc.yarn.1_21_4.1.21.4+build.8-v2.jar:?]
	at knot/net.minecraft.client.texture.SpriteOpener.method_52851(SpriteOpener.java:37) ~[minecraft-merged-a172fc6613-1.21.4-net.fabricmc.yarn.1_21_4.1.21.4+build.8-v2.jar:?]
	at knot/net.minecraft.client.texture.atlas.AtlasSource$SpriteRegions.method_47675(AtlasSource.java:21) ~[minecraft-merged-a172fc6613-1.21.4-net.fabricmc.yarn.1_21_4.1.21.4+build.8-v2.jar:?]
	at knot/net.minecraft.client.texture.SpriteLoader.method_52850(SpriteLoader.java:107) ~[minecraft-merged-a172fc6613-1.21.4-net.fabricmc.yarn.1_21_4.1.21.4+build.8-v2.jar:?]
	at java.base/java.util.concurrent.CompletableFuture$AsyncSupply.run$$$capture(CompletableFuture.java:1768) [?:?]
	at java.base/java.util.concurrent.CompletableFuture$AsyncSupply.run(CompletableFuture.java) [?:?]
	at java.base/java.util.concurrent.CompletableFuture$AsyncSupply.exec(CompletableFuture.java:1760) [?:?]
	at java.base/java.util.concurrent.ForkJoinTask.doExec$$$capture(ForkJoinTask.java:387) [?:?]
	at java.base/java.util.concurrent.ForkJoinTask.doExec(ForkJoinTask.java) [?:?]
	at java.base/java.util.concurrent.ForkJoinPool$WorkQueue.topLevelExec(ForkJoinPool.java:1312) [?:?]
	at java.base/java.util.concurrent.ForkJoinPool.scan(ForkJoinPool.java:1843) [?:?]
	at java.base/java.util.concurrent.ForkJoinPool.runWorker(ForkJoinPool.java:1808) [?:?]
	at java.base/java.util.concurrent.ForkJoinWorkerThread.run(ForkJoinWorkerThread.java:188) [?:?]
[09:58:35] [Worker-Main-1/ERROR] (Minecraft) Using missing texture, unable to load minecraft:entity/banner/half_vertical
java.nio.channels.ClosedByInterruptException: null
	at java.base/java.nio.channels.spi.AbstractInterruptibleChannel.end(AbstractInterruptibleChannel.java:200) ~[?:?]
	at java.base/java.nio.channels.Channels$ReadableByteChannelImpl.read(Channels.java:318) ~[?:?]
	at knot/com.mojang.blaze3d.platform.TextureUtil.readResource(TextureUtil.java:99) ~[minecraft-merged-a172fc6613-1.21.4-net.fabricmc.yarn.1_21_4.1.21.4+build.8-v2.jar:?]
	at knot/com.mojang.blaze3d.platform.TextureUtil.readResource(TextureUtil.java:92) ~[minecraft-merged-a172fc6613-1.21.4-net.fabricmc.yarn.1_21_4.1.21.4+build.8-v2.jar:?]
	at knot/net.minecraft.client.texture.NativeImage.read(NativeImage.java:111) ~[minecraft-merged-a172fc6613-1.21.4-net.fabricmc.yarn.1_21_4.1.21.4+build.8-v2.jar:?]
	at knot/net.minecraft.client.texture.NativeImage.read(NativeImage.java:104) ~[minecraft-merged-a172fc6613-1.21.4-net.fabricmc.yarn.1_21_4.1.21.4+build.8-v2.jar:?]
	at knot/net.minecraft.client.texture.SpriteOpener.method_52851(SpriteOpener.java:37) ~[minecraft-merged-a172fc6613-1.21.4-net.fabricmc.yarn.1_21_4.1.21.4+build.8-v2.jar:?]
	at knot/net.minecraft.client.texture.atlas.AtlasSource$SpriteRegions.method_47675(AtlasSource.java:21) ~[minecraft-merged-a172fc6613-1.21.4-net.fabricmc.yarn.1_21_4.1.21.4+build.8-v2.jar:?]
	at knot/net.minecraft.client.texture.SpriteLoader.method_52850(SpriteLoader.java:107) ~[minecraft-merged-a172fc6613-1.21.4-net.fabricmc.yarn.1_21_4.1.21.4+build.8-v2.jar:?]
	at java.base/java.util.concurrent.CompletableFuture$AsyncSupply.run$$$capture(CompletableFuture.java:1768) [?:?]
	at java.base/java.util.concurrent.CompletableFuture$AsyncSupply.run(CompletableFuture.java) [?:?]
	at java.base/java.util.concurrent.CompletableFuture$AsyncSupply.exec(CompletableFuture.java:1760) [?:?]
	at java.base/java.util.concurrent.ForkJoinTask.doExec$$$capture(ForkJoinTask.java:387) [?:?]
	at java.base/java.util.concurrent.ForkJoinTask.doExec(ForkJoinTask.java) [?:?]
	at java.base/java.util.concurrent.ForkJoinPool$WorkQueue.topLevelExec(ForkJoinPool.java:1312) [?:?]
	at java.base/java.util.concurrent.ForkJoinPool.scan(ForkJoinPool.java:1843) [?:?]
	at java.base/java.util.concurrent.ForkJoinPool.runWorker(ForkJoinPool.java:1808) [?:?]
	at java.base/java.util.concurrent.ForkJoinWorkerThread.run(ForkJoinWorkerThread.java:188) [?:?]
[09:58:35] [Worker-Main-1/ERROR] (Minecraft) Using missing texture, unable to load minecraft:entity/banner/half_vertical_right
java.nio.channels.ClosedByInterruptException: null
	at java.base/java.nio.channels.spi.AbstractInterruptibleChannel.end(AbstractInterruptibleChannel.java:200) ~[?:?]
	at java.base/java.nio.channels.Channels$ReadableByteChannelImpl.read(Channels.java:318) ~[?:?]
	at knot/com.mojang.blaze3d.platform.TextureUtil.readResource(TextureUtil.java:99) ~[minecraft-merged-a172fc6613-1.21.4-net.fabricmc.yarn.1_21_4.1.21.4+build.8-v2.jar:?]
	at knot/com.mojang.blaze3d.platform.TextureUtil.readResource(TextureUtil.java:92) ~[minecraft-merged-a172fc6613-1.21.4-net.fabricmc.yarn.1_21_4.1.21.4+build.8-v2.jar:?]
	at knot/net.minecraft.client.texture.NativeImage.read(NativeImage.java:111) ~[minecraft-merged-a172fc6613-1.21.4-net.fabricmc.yarn.1_21_4.1.21.4+build.8-v2.jar:?]
	at knot/net.minecraft.client.texture.NativeImage.read(NativeImage.java:104) ~[minecraft-merged-a172fc6613-1.21.4-net.fabricmc.yarn.1_21_4.1.21.4+build.8-v2.jar:?]
	at knot/net.minecraft.client.texture.SpriteOpener.method_52851(SpriteOpener.java:37) ~[minecraft-merged-a172fc6613-1.21.4-net.fabricmc.yarn.1_21_4.1.21.4+build.8-v2.jar:?]
	at knot/net.minecraft.client.texture.atlas.AtlasSource$SpriteRegions.method_47675(AtlasSource.java:21) ~[minecraft-merged-a172fc6613-1.21.4-net.fabricmc.yarn.1_21_4.1.21.4+build.8-v2.jar:?]
	at knot/net.minecraft.client.texture.SpriteLoader.method_52850(SpriteLoader.java:107) ~[minecraft-merged-a172fc6613-1.21.4-net.fabricmc.yarn.1_21_4.1.21.4+build.8-v2.jar:?]
	at java.base/java.util.concurrent.CompletableFuture$AsyncSupply.run$$$capture(CompletableFuture.java:1768) [?:?]
	at java.base/java.util.concurrent.CompletableFuture$AsyncSupply.run(CompletableFuture.java) [?:?]
	at java.base/java.util.concurrent.CompletableFuture$AsyncSupply.exec(CompletableFuture.java:1760) [?:?]
	at java.base/java.util.concurrent.ForkJoinTask.doExec$$$capture(ForkJoinTask.java:387) [?:?]
	at java.base/java.util.concurrent.ForkJoinTask.doExec(ForkJoinTask.java) [?:?]
	at java.base/java.util.concurrent.ForkJoinPool$WorkQueue.topLevelExec(ForkJoinPool.java:1312) [?:?]
	at java.base/java.util.concurrent.ForkJoinPool.scan(ForkJoinPool.java:1843) [?:?]
	at java.base/java.util.concurrent.ForkJoinPool.runWorker(ForkJoinPool.java:1808) [?:?]
	at java.base/java.util.concurrent.ForkJoinWorkerThread.run(ForkJoinWorkerThread.java:188) [?:?]
[09:58:35] [Worker-Main-1/ERROR] (Minecraft) Using missing texture, unable to load minecraft:entity/banner/stripe_downleft
java.nio.channels.ClosedByInterruptException: null
	at java.base/java.nio.channels.spi.AbstractInterruptibleChannel.end(AbstractInterruptibleChannel.java:200) ~[?:?]
	at java.base/java.nio.channels.Channels$ReadableByteChannelImpl.read(Channels.java:318) ~[?:?]
	at knot/com.mojang.blaze3d.platform.TextureUtil.readResource(TextureUtil.java:99) ~[minecraft-merged-a172fc6613-1.21.4-net.fabricmc.yarn.1_21_4.1.21.4+build.8-v2.jar:?]
	at knot/com.mojang.blaze3d.platform.TextureUtil.readResource(TextureUtil.java:92) ~[minecraft-merged-a172fc6613-1.21.4-net.fabricmc.yarn.1_21_4.1.21.4+build.8-v2.jar:?]
	at knot/net.minecraft.client.texture.NativeImage.read(NativeImage.java:111) ~[minecraft-merged-a172fc6613-1.21.4-net.fabricmc.yarn.1_21_4.1.21.4+build.8-v2.jar:?]
	at knot/net.minecraft.client.texture.NativeImage.read(NativeImage.java:104) ~[minecraft-merged-a172fc6613-1.21.4-net.fabricmc.yarn.1_21_4.1.21.4+build.8-v2.jar:?]
	at knot/net.minecraft.client.texture.SpriteOpener.method_52851(SpriteOpener.java:37) ~[minecraft-merged-a172fc6613-1.21.4-net.fabricmc.yarn.1_21_4.1.21.4+build.8-v2.jar:?]
	at knot/net.minecraft.client.texture.atlas.AtlasSource$SpriteRegions.method_47675(AtlasSource.java:21) ~[minecraft-merged-a172fc6613-1.21.4-net.fabricmc.yarn.1_21_4.1.21.4+build.8-v2.jar:?]
	at knot/net.minecraft.client.texture.SpriteLoader.method_52850(SpriteLoader.java:107) ~[minecraft-merged-a172fc6613-1.21.4-net.fabricmc.yarn.1_21_4.1.21.4+build.8-v2.jar:?]
	at java.base/java.util.concurrent.CompletableFuture$AsyncSupply.run$$$capture(CompletableFuture.java:1768) [?:?]
	at java.base/java.util.concurrent.CompletableFuture$AsyncSupply.run(CompletableFuture.java) [?:?]
	at java.base/java.util.concurrent.CompletableFuture$AsyncSupply.exec(CompletableFuture.java:1760) [?:?]
	at java.base/java.util.concurrent.ForkJoinTask.doExec$$$capture(ForkJoinTask.java:387) [?:?]
	at java.base/java.util.concurrent.ForkJoinTask.doExec(ForkJoinTask.java) [?:?]
	at java.base/java.util.concurrent.ForkJoinPool$WorkQueue.topLevelExec(ForkJoinPool.java:1312) [?:?]
	at java.base/java.util.concurrent.ForkJoinPool.scan(ForkJoinPool.java:1843) [?:?]
	at java.base/java.util.concurrent.ForkJoinPool.runWorker(ForkJoinPool.java:1808) [?:?]
	at java.base/java.util.concurrent.ForkJoinWorkerThread.run(ForkJoinWorkerThread.java:188) [?:?]
[09:58:35] [Worker-Main-1/ERROR] (Minecraft) Using missing texture, unable to load minecraft:entity/banner/border
java.nio.channels.ClosedByInterruptException: null
	at java.base/java.nio.channels.spi.AbstractInterruptibleChannel.end(AbstractInterruptibleChannel.java:200) ~[?:?]
	at java.base/java.nio.channels.Channels$ReadableByteChannelImpl.read(Channels.java:318) ~[?:?]
	at knot/com.mojang.blaze3d.platform.TextureUtil.readResource(TextureUtil.java:99) ~[minecraft-merged-a172fc6613-1.21.4-net.fabricmc.yarn.1_21_4.1.21.4+build.8-v2.jar:?]
	at knot/com.mojang.blaze3d.platform.TextureUtil.readResource(TextureUtil.java:92) ~[minecraft-merged-a172fc6613-1.21.4-net.fabricmc.yarn.1_21_4.1.21.4+build.8-v2.jar:?]
	at knot/net.minecraft.client.texture.NativeImage.read(NativeImage.java:111) ~[minecraft-merged-a172fc6613-1.21.4-net.fabricmc.yarn.1_21_4.1.21.4+build.8-v2.jar:?]
	at knot/net.minecraft.client.texture.NativeImage.read(NativeImage.java:104) ~[minecraft-merged-a172fc6613-1.21.4-net.fabricmc.yarn.1_21_4.1.21.4+build.8-v2.jar:?]
	at knot/net.minecraft.client.texture.SpriteOpener.method_52851(SpriteOpener.java:37) ~[minecraft-merged-a172fc6613-1.21.4-net.fabricmc.yarn.1_21_4.1.21.4+build.8-v2.jar:?]
	at knot/net.minecraft.client.texture.atlas.AtlasSource$SpriteRegions.method_47675(AtlasSource.java:21) ~[minecraft-merged-a172fc6613-1.21.4-net.fabricmc.yarn.1_21_4.1.21.4+build.8-v2.jar:?]
	at knot/net.minecraft.client.texture.SpriteLoader.method_52850(SpriteLoader.java:107) ~[minecraft-merged-a172fc6613-1.21.4-net.fabricmc.yarn.1_21_4.1.21.4+build.8-v2.jar:?]
	at java.base/java.util.concurrent.CompletableFuture$AsyncSupply.run$$$capture(CompletableFuture.java:1768) [?:?]
	at java.base/java.util.concurrent.CompletableFuture$AsyncSupply.run(CompletableFuture.java) [?:?]
	at java.base/java.util.concurrent.CompletableFuture$AsyncSupply.exec(CompletableFuture.java:1760) [?:?]
	at java.base/java.util.concurrent.ForkJoinTask.doExec$$$capture(ForkJoinTask.java:387) [?:?]
	at java.base/java.util.concurrent.ForkJoinTask.doExec(ForkJoinTask.java) [?:?]
	at java.base/java.util.concurrent.ForkJoinPool$WorkQueue.topLevelExec(ForkJoinPool.java:1312) [?:?]
	at java.base/java.util.concurrent.ForkJoinPool.scan(ForkJoinPool.java:1843) [?:?]
	at java.base/java.util.concurrent.ForkJoinPool.runWorker(ForkJoinPool.java:1808) [?:?]
	at java.base/java.util.concurrent.ForkJoinWorkerThread.run(ForkJoinWorkerThread.java:188) [?:?]
[09:58:35] [Worker-Main-1/ERROR] (Minecraft) Using missing texture, unable to load minecraft:entity/banner/gradient_up
java.nio.channels.ClosedByInterruptException: null
	at java.base/java.nio.channels.spi.AbstractInterruptibleChannel.end(AbstractInterruptibleChannel.java:200) ~[?:?]
	at java.base/java.nio.channels.Channels$ReadableByteChannelImpl.read(Channels.java:318) ~[?:?]
	at knot/com.mojang.blaze3d.platform.TextureUtil.readResource(TextureUtil.java:99) ~[minecraft-merged-a172fc6613-1.21.4-net.fabricmc.yarn.1_21_4.1.21.4+build.8-v2.jar:?]
	at knot/com.mojang.blaze3d.platform.TextureUtil.readResource(TextureUtil.java:92) ~[minecraft-merged-a172fc6613-1.21.4-net.fabricmc.yarn.1_21_4.1.21.4+build.8-v2.jar:?]
	at knot/net.minecraft.client.texture.NativeImage.read(NativeImage.java:111) ~[minecraft-merged-a172fc6613-1.21.4-net.fabricmc.yarn.1_21_4.1.21.4+build.8-v2.jar:?]
	at knot/net.minecraft.client.texture.NativeImage.read(NativeImage.java:104) ~[minecraft-merged-a172fc6613-1.21.4-net.fabricmc.yarn.1_21_4.1.21.4+build.8-v2.jar:?]
	at knot/net.minecraft.client.texture.SpriteOpener.method_52851(SpriteOpener.java:37) ~[minecraft-merged-a172fc6613-1.21.4-net.fabricmc.yarn.1_21_4.1.21.4+build.8-v2.jar:?]
	at knot/net.minecraft.client.texture.atlas.AtlasSource$SpriteRegions.method_47675(AtlasSource.java:21) ~[minecraft-merged-a172fc6613-1.21.4-net.fabricmc.yarn.1_21_4.1.21.4+build.8-v2.jar:?]
	at knot/net.minecraft.client.texture.SpriteLoader.method_52850(SpriteLoader.java:107) ~[minecraft-merged-a172fc6613-1.21.4-net.fabricmc.yarn.1_21_4.1.21.4+build.8-v2.jar:?]
	at java.base/java.util.concurrent.CompletableFuture$AsyncSupply.run$$$capture(CompletableFuture.java:1768) [?:?]
	at java.base/java.util.concurrent.CompletableFuture$AsyncSupply.run(CompletableFuture.java) [?:?]
	at java.base/java.util.concurrent.CompletableFuture$AsyncSupply.exec(CompletableFuture.java:1760) [?:?]
	at java.base/java.util.concurrent.ForkJoinTask.doExec$$$capture(ForkJoinTask.java:387) [?:?]
	at java.base/java.util.concurrent.ForkJoinTask.doExec(ForkJoinTask.java) [?:?]
	at java.base/java.util.concurrent.ForkJoinPool$WorkQueue.topLevelExec(ForkJoinPool.java:1312) [?:?]
	at java.base/java.util.concurrent.ForkJoinPool.scan(ForkJoinPool.java:1843) [?:?]
	at java.base/java.util.concurrent.ForkJoinPool.runWorker(ForkJoinPool.java:1808) [?:?]
	at java.base/java.util.concurrent.ForkJoinWorkerThread.run(ForkJoinWorkerThread.java:188) [?:?]
[09:58:35] [Worker-Main-1/ERROR] (Minecraft) Using missing texture, unable to load minecraft:entity/banner/triangle_top
java.nio.channels.ClosedByInterruptException: null
	at java.base/java.nio.channels.spi.AbstractInterruptibleChannel.end(AbstractInterruptibleChannel.java:200) ~[?:?]
	at java.base/java.nio.channels.Channels$ReadableByteChannelImpl.read(Channels.java:318) ~[?:?]
	at knot/com.mojang.blaze3d.platform.TextureUtil.readResource(TextureUtil.java:99) ~[minecraft-merged-a172fc6613-1.21.4-net.fabricmc.yarn.1_21_4.1.21.4+build.8-v2.jar:?]
	at knot/com.mojang.blaze3d.platform.TextureUtil.readResource(TextureUtil.java:92) ~[minecraft-merged-a172fc6613-1.21.4-net.fabricmc.yarn.1_21_4.1.21.4+build.8-v2.jar:?]
	at knot/net.minecraft.client.texture.NativeImage.read(NativeImage.java:111) ~[minecraft-merged-a172fc6613-1.21.4-net.fabricmc.yarn.1_21_4.1.21.4+build.8-v2.jar:?]
	at knot/net.minecraft.client.texture.NativeImage.read(NativeImage.java:104) ~[minecraft-merged-a172fc6613-1.21.4-net.fabricmc.yarn.1_21_4.1.21.4+build.8-v2.jar:?]
	at knot/net.minecraft.client.texture.SpriteOpener.method_52851(SpriteOpener.java:37) ~[minecraft-merged-a172fc6613-1.21.4-net.fabricmc.yarn.1_21_4.1.21.4+build.8-v2.jar:?]
	at knot/net.minecraft.client.texture.atlas.AtlasSource$SpriteRegions.method_47675(AtlasSource.java:21) ~[minecraft-merged-a172fc6613-1.21.4-net.fabricmc.yarn.1_21_4.1.21.4+build.8-v2.jar:?]
	at knot/net.minecraft.client.texture.SpriteLoader.method_52850(SpriteLoader.java:107) ~[minecraft-merged-a172fc6613-1.21.4-net.fabricmc.yarn.1_21_4.1.21.4+build.8-v2.jar:?]
	at java.base/java.util.concurrent.CompletableFuture$AsyncSupply.run$$$capture(CompletableFuture.java:1768) [?:?]
	at java.base/java.util.concurrent.CompletableFuture$AsyncSupply.run(CompletableFuture.java) [?:?]
	at java.base/java.util.concurrent.CompletableFuture$AsyncSupply.exec(CompletableFuture.java:1760) [?:?]
	at java.base/java.util.concurrent.ForkJoinTask.doExec$$$capture(ForkJoinTask.java:387) [?:?]
	at java.base/java.util.concurrent.ForkJoinTask.doExec(ForkJoinTask.java) [?:?]
	at java.base/java.util.concurrent.ForkJoinPool$WorkQueue.topLevelExec(ForkJoinPool.java:1312) [?:?]
	at java.base/java.util.concurrent.ForkJoinPool.scan(ForkJoinPool.java:1843) [?:?]
	at java.base/java.util.concurrent.ForkJoinPool.runWorker(ForkJoinPool.java:1808) [?:?]
	at java.base/java.util.concurrent.ForkJoinWorkerThread.run(ForkJoinWorkerThread.java:188) [?:?]
[09:58:35] [Worker-Main-3/ERROR] (Minecraft) Using missing texture, unable to load minecraft:entity/banner/square_top_left
java.nio.channels.ClosedByInterruptException: null
	at java.base/java.nio.channels.spi.AbstractInterruptibleChannel.end(AbstractInterruptibleChannel.java:200) ~[?:?]
	at java.base/java.nio.channels.Channels$ReadableByteChannelImpl.read(Channels.java:318) ~[?:?]
	at knot/com.mojang.blaze3d.platform.TextureUtil.readResource(TextureUtil.java:99) ~[minecraft-merged-a172fc6613-1.21.4-net.fabricmc.yarn.1_21_4.1.21.4+build.8-v2.jar:?]
	at knot/com.mojang.blaze3d.platform.TextureUtil.readResource(TextureUtil.java:92) ~[minecraft-merged-a172fc6613-1.21.4-net.fabricmc.yarn.1_21_4.1.21.4+build.8-v2.jar:?]
	at knot/net.minecraft.client.texture.NativeImage.read(NativeImage.java:111) ~[minecraft-merged-a172fc6613-1.21.4-net.fabricmc.yarn.1_21_4.1.21.4+build.8-v2.jar:?]
	at knot/net.minecraft.client.texture.NativeImage.read(NativeImage.java:104) ~[minecraft-merged-a172fc6613-1.21.4-net.fabricmc.yarn.1_21_4.1.21.4+build.8-v2.jar:?]
	at knot/net.minecraft.client.texture.SpriteOpener.method_52851(SpriteOpener.java:37) ~[minecraft-merged-a172fc6613-1.21.4-net.fabricmc.yarn.1_21_4.1.21.4+build.8-v2.jar:?]
	at knot/net.minecraft.client.texture.atlas.AtlasSource$SpriteRegions.method_47675(AtlasSource.java:21) ~[minecraft-merged-a172fc6613-1.21.4-net.fabricmc.yarn.1_21_4.1.21.4+build.8-v2.jar:?]
	at knot/net.minecraft.client.texture.SpriteLoader.method_52850(SpriteLoader.java:107) ~[minecraft-merged-a172fc6613-1.21.4-net.fabricmc.yarn.1_21_4.1.21.4+build.8-v2.jar:?]
	at java.base/java.util.concurrent.CompletableFuture$AsyncSupply.run$$$capture(CompletableFuture.java:1768) [?:?]
	at java.base/java.util.concurrent.CompletableFuture$AsyncSupply.run(CompletableFuture.java) [?:?]
	at java.base/java.util.concurrent.CompletableFuture$AsyncSupply.exec(CompletableFuture.java:1760) [?:?]
	at java.base/java.util.concurrent.ForkJoinTask.doExec$$$capture(ForkJoinTask.java:387) [?:?]
	at java.base/java.util.concurrent.ForkJoinTask.doExec(ForkJoinTask.java) [?:?]
	at java.base/java.util.concurrent.ForkJoinPool$WorkQueue.topLevelExec(ForkJoinPool.java:1312) [?:?]
	at java.base/java.util.concurrent.ForkJoinPool.scan(ForkJoinPool.java:1843) [?:?]
	at java.base/java.util.concurrent.ForkJoinPool.runWorker(ForkJoinPool.java:1808) [?:?]
	at java.base/java.util.concurrent.ForkJoinWorkerThread.run(ForkJoinWorkerThread.java:188) [?:?]
[09:58:35] [Worker-Main-2/ERROR] (Minecraft) Using missing texture, unable to load minecraft:entity/banner/curly_border
java.nio.channels.ClosedByInterruptException: null
	at java.base/java.nio.channels.spi.AbstractInterruptibleChannel.end(AbstractInterruptibleChannel.java:200) ~[?:?]
	at java.base/java.nio.channels.Channels$ReadableByteChannelImpl.read(Channels.java:318) ~[?:?]
	at knot/com.mojang.blaze3d.platform.TextureUtil.readResource(TextureUtil.java:99) ~[minecraft-merged-a172fc6613-1.21.4-net.fabricmc.yarn.1_21_4.1.21.4+build.8-v2.jar:?]
	at knot/com.mojang.blaze3d.platform.TextureUtil.readResource(TextureUtil.java:92) ~[minecraft-merged-a172fc6613-1.21.4-net.fabricmc.yarn.1_21_4.1.21.4+build.8-v2.jar:?]
	at knot/net.minecraft.client.texture.NativeImage.read(NativeImage.java:111) ~[minecraft-merged-a172fc6613-1.21.4-net.fabricmc.yarn.1_21_4.1.21.4+build.8-v2.jar:?]
	at knot/net.minecraft.client.texture.NativeImage.read(NativeImage.java:104) ~[minecraft-merged-a172fc6613-1.21.4-net.fabricmc.yarn.1_21_4.1.21.4+build.8-v2.jar:?]
	at knot/net.minecraft.client.texture.SpriteOpener.method_52851(SpriteOpener.java:37) ~[minecraft-merged-a172fc6613-1.21.4-net.fabricmc.yarn.1_21_4.1.21.4+build.8-v2.jar:?]
	at knot/net.minecraft.client.texture.atlas.AtlasSource$SpriteRegions.method_47675(AtlasSource.java:21) ~[minecraft-merged-a172fc6613-1.21.4-net.fabricmc.yarn.1_21_4.1.21.4+build.8-v2.jar:?]
	at knot/net.minecraft.client.texture.SpriteLoader.method_52850(SpriteLoader.java:107) ~[minecraft-merged-a172fc6613-1.21.4-net.fabricmc.yarn.1_21_4.1.21.4+build.8-v2.jar:?]
	at java.base/java.util.concurrent.CompletableFuture$AsyncSupply.run$$$capture(CompletableFuture.java:1768) [?:?]
	at java.base/java.util.concurrent.CompletableFuture$AsyncSupply.run(CompletableFuture.java) [?:?]
	at java.base/java.util.concurrent.CompletableFuture$AsyncSupply.exec(CompletableFuture.java:1760) [?:?]
	at java.base/java.util.concurrent.ForkJoinTask.doExec$$$capture(ForkJoinTask.java:387) [?:?]
	at java.base/java.util.concurrent.ForkJoinTask.doExec(ForkJoinTask.java) [?:?]
	at java.base/java.util.concurrent.ForkJoinPool$WorkQueue.topLevelExec(ForkJoinPool.java:1312) [?:?]
	at java.base/java.util.concurrent.ForkJoinPool.scan(ForkJoinPool.java:1843) [?:?]
	at java.base/java.util.concurrent.ForkJoinPool.runWorker(ForkJoinPool.java:1808) [?:?]
	at java.base/java.util.concurrent.ForkJoinWorkerThread.run(ForkJoinWorkerThread.java:188) [?:?]
