#
# There is insufficient memory for the Java Runtime Environment to continue.
# Native memory allocation (malloc) failed to allocate 1078416 bytes. Error detail: Chunk::new
# Possible reasons:
#   The system is out of physical RAM or swap space
#   This process is running with CompressedOops enabled, and the Java Heap may be blocking the growth of the native heap
# Possible solutions:
#   Reduce memory load on the system
#   Increase physical memory or swap space
#   Check if swap backing store is full
#   Decrease Java heap size (-Xmx/-Xms)
#   Decrease number of Java threads
#   Decrease Java thread stack sizes (-Xss)
#   Set larger code cache with -XX:ReservedCodeCacheSize=
#   JVM is running with Zero Based Compressed Oops mode in which the Java heap is
#     placed in the first 32GB address space. The Java Heap base address is the
#     maximum limit for the native heap growth. Please use -XX:HeapBaseMinAddress
#     to set the Java Heap base and to place the Java Heap above 32GB virtual address.
# This output file may be truncated or incomplete.
#
#  Out of Memory Error (arena.cpp:168), pid=3804, tid=1572
#
# JRE version: OpenJDK Runtime Environment Corretto-21.0.8.9.1 (21.0.8+9) (build 21.0.8+9-LTS)
# Java VM: OpenJDK 64-Bit Server VM Corretto-21.0.8.9.1 (21.0.8+9-LTS, mixed mode, sharing, tiered, compressed oops, compressed class ptrs, g1 gc, windows-amd64)
# No core dump will be written. Minidumps are not enabled by default on client versions of Windows
#

---------------  S U M M A R Y ------------

Command Line: -Ddebugger.agent.enable.coroutines=true -Dfabric.dli.config=C:\Users\Admin\Desktop\luxury2\.gradle\loom-cache\launch.cfg -Dfabric.dli.env=client -Dfabric.dli.main=net.fabricmc.loader.impl.launch.knot.KnotClient -Dkotlinx.coroutines.debug.enable.creation.stack.trace=false -Dkotlinx.coroutines.debug.enable.flows.stack.trace=true -Dkotlinx.coroutines.debug.enable.mutable.state.flows.stack.trace=true -agentlib:jdwp=transport=dt_socket,server=n,suspend=y,address=127.0.0.1:58564 -javaagent:C:\Users\Admin\AppData\Local\JetBrains\IdeaIC2025.2\captureAgent\debugger-agent.jar=file:///C:/Users/Admin/AppData/Local/Temp/capture1937634242954232925.props -Dfile.encoding=UTF-8 -Duser.country=RU -Duser.language=ru -Duser.variant net.fabricmc.devlaunchinjector.Main

Host: Intel(R) Pentium(R) Gold G5400 CPU @ 3.70GHz, 4 cores, 11G,  Windows 11 , 64 bit Build 22621 (10.0.22621.3371)
Time: Tue Oct  7 07:42:12 2025 elapsed time: 1308.610576 seconds (0d 0h 21m 48s)

---------------  T H R E A D  ---------------

Current thread (0x00000231ffecb300):  JavaThread "C2 CompilerThread0" daemon [_thread_in_native, id=1572, stack(0x000000e1fb000000,0x000000e1fb100000) (1024K)]


Current CompileTask:
C2:1308610 50263       4       org.apache.logging.log4j.core.pattern.ExtendedThrowablePatternConverter::format (109 bytes)

Stack: [0x000000e1fb000000,0x000000e1fb100000]
Native frames: (J=compiled Java code, j=interpreted, Vv=VM code, C=native code)
V  [jvm.dll+0x6deaf9]
V  [jvm.dll+0x8bccc3]
V  [jvm.dll+0x8bf07e]
V  [jvm.dll+0x8bf763]
V  [jvm.dll+0x287836]
V  [jvm.dll+0xc6e0d]
V  [jvm.dll+0xc7343]
V  [jvm.dll+0x2fe470]
V  [jvm.dll+0x604b79]
V  [jvm.dll+0x258c22]
V  [jvm.dll+0x258fdf]
V  [jvm.dll+0x251785]
V  [jvm.dll+0x24efde]
V  [jvm.dll+0x1cd844]
V  [jvm.dll+0x25e7ca]
V  [jvm.dll+0x25cd7b]
V  [jvm.dll+0x3fd7a6]
V  [jvm.dll+0x865958]
V  [jvm.dll+0x6dd2bd]
C  [ucrtbase.dll+0x29333]
C  [KERNEL32.DLL+0x1257d]
C  [ntdll.dll+0x5aa48]


---------------  P R O C E S S  ---------------

Threads class SMR info:
_java_thread_list=0x0000023209706230, length=59, elements={
0x00000231f9a6b780, 0x00000231ffea3750, 0x00000231ffea4300, 0x00000231ffea7060,
0x00000231ffea7be0, 0x00000231ffec8b20, 0x00000231ffeca580, 0x00000231ffecb300,
0x00000231ffecbd90, 0x0000023199820660, 0x000002319994d300, 0x00000231998f58f0,
0x00000231998ffe30, 0x00000231999a2fc0, 0x0000023199993960, 0x00000231e216ff90,
0x00000231e2173410, 0x00000231eabb5fe0, 0x00000231e5ee6110, 0x00000231e9d82620,
0x00000231eabb3f10, 0x00000231e9d86130, 0x00000231e7054d70, 0x00000231e7058f10,
0x00000231e7056120, 0x00000231eabbc250, 0x00000231e9566610, 0x00000231e956c880,
0x00000231e956cf10, 0x00000231e956d5a0, 0x00000231e95686e0, 0x00000231e956dc30,
0x00000231e956e2c0, 0x00000231e956e950, 0x000002320353a850, 0x0000023203535300,
0x000002322752b6f0, 0x000002322752d130, 0x0000023209be2360, 0x0000023227cea4f0,
0x0000023226dd4ed0, 0x000002322752d7c0, 0x00000231eebe14b0, 0x0000023227fb8ba0,
0x00000231eebe21d0, 0x000002320353a1c0, 0x000002322752caa0, 0x0000023209654410,
0x0000023227fb9f50, 0x00000232277316f0, 0x0000023227731d80, 0x00000232289ba490,
0x0000023233ad1710, 0x00000231ee4b62e0, 0x0000023233ad09f0, 0x00000231ee4b4210,
0x0000023233ad1080, 0x0000023233ace920, 0x00000231ee4b4f30
}

Java Threads: ( => current thread )
  0x00000231f9a6b780 JavaThread "Render thread"                     [_thread_in_Java, id=11144, stack(0x000000e1fa100000,0x000000e1fa200000) (1024K)]
  0x00000231ffea3750 JavaThread "Reference Handler"          daemon [_thread_blocked, id=4656, stack(0x000000e1faa00000,0x000000e1fab00000) (1024K)]
  0x00000231ffea4300 JavaThread "Finalizer"                  daemon [_thread_blocked, id=5556, stack(0x000000e1fab00000,0x000000e1fac00000) (1024K)]
  0x00000231ffea7060 JavaThread "Signal Dispatcher"          daemon [_thread_blocked, id=9928, stack(0x000000e1fac00000,0x000000e1fad00000) (1024K)]
  0x00000231ffea7be0 JavaThread "Attach Listener"            daemon [_thread_blocked, id=10348, stack(0x000000e1fad00000,0x000000e1fae00000) (1024K)]
  0x00000231ffec8b20 JavaThread "Service Thread"             daemon [_thread_blocked, id=6960, stack(0x000000e1fae00000,0x000000e1faf00000) (1024K)]
  0x00000231ffeca580 JavaThread "Monitor Deflation Thread"   daemon [_thread_blocked, id=11988, stack(0x000000e1faf00000,0x000000e1fb000000) (1024K)]
=>0x00000231ffecb300 JavaThread "C2 CompilerThread0"         daemon [_thread_in_native, id=1572, stack(0x000000e1fb000000,0x000000e1fb100000) (1024K)]
  0x00000231ffecbd90 JavaThread "C1 CompilerThread0"         daemon [_thread_blocked, id=12024, stack(0x000000e1fb100000,0x000000e1fb200000) (1024K)]
  0x0000023199820660 JavaThread "Common-Cleaner"             daemon [_thread_blocked, id=10008, stack(0x000000e1fb200000,0x000000e1fb300000) (1024K)]
  0x000002319994d300 JavaThread "JDWP Transport Listener: dt_socket" daemon [_thread_blocked, id=5524, stack(0x000000e1fb300000,0x000000e1fb400000) (1024K)]
  0x00000231998f58f0 JavaThread "JDWP Event Helper Thread"   daemon [_thread_blocked, id=13224, stack(0x000000e1fb400000,0x000000e1fb500000) (1024K)]
  0x00000231998ffe30 JavaThread "JDWP Command Reader"        daemon [_thread_in_native, id=5260, stack(0x000000e1fb500000,0x000000e1fb600000) (1024K)]
  0x00000231999a2fc0 JavaThread "IntelliJ Suspend Helper"    daemon [_thread_blocked, id=1216, stack(0x000000e1fb600000,0x000000e1fb700000) (1024K)]
  0x0000023199993960 JavaThread "Notification Thread"        daemon [_thread_blocked, id=3884, stack(0x000000e1fb700000,0x000000e1fb800000) (1024K)]
  0x00000231e216ff90 JavaThread "c2me-worker-0"              daemon [_thread_blocked, id=5176, stack(0x000000e1fbd00000,0x000000e1fbe00000) (1024K)]
  0x00000231e2173410 JavaThread "c2me-sched"                 daemon [_thread_blocked, id=10280, stack(0x000000e1fbe00000,0x000000e1fbf00000) (1024K)]
  0x00000231eabb5fe0 JavaThread "JNA Cleaner"                daemon [_thread_blocked, id=12496, stack(0x000000e1fc100000,0x000000e1fc200000) (1024K)]
  0x00000231e5ee6110 JavaThread "Timer hack thread"          daemon [_thread_blocked, id=3480, stack(0x000000e1fc400000,0x000000e1fc500000) (1024K)]
  0x00000231e9d82620 JavaThread "Yggdrasil Key Fetcher"      daemon [_thread_blocked, id=2960, stack(0x000000e1fc500000,0x000000e1fc600000) (1024K)]
  0x00000231eabb3f10 JavaThread "Discord-RPC"                       [_thread_blocked, id=11360, stack(0x000000e1fca00000,0x000000e1fcb00000) (1024K)]
  0x00000231e9d86130 JavaThread "Via Async Scheduler 0"             [_thread_blocked, id=8164, stack(0x000000e1fd800000,0x000000e1fd900000) (1024K)]
  0x00000231e7054d70 JavaThread "Java2D Disposer"            daemon [_thread_blocked, id=9584, stack(0x000000e1fd900000,0x000000e1fda00000) (1024K)]
  0x00000231e7058f10 JavaThread "AWT-Windows"                daemon [_thread_in_native, id=12224, stack(0x000000e1fdb00000,0x000000e1fdc00000) (1024K)]
  0x00000231e7056120 JavaThread "nioEventLoopGroup-2-1"             [_thread_in_native, id=12608, stack(0x000000e1fdc00000,0x000000e1fdd00000) (1024K)]
  0x00000231eabbc250 JavaThread "BlobDB Write Thread"        daemon [_thread_blocked, id=5832, stack(0x000000e1fbc00000,0x000000e1fbd00000) (1024K)]
  0x00000231e9566610 JavaThread "IAS"                               [_thread_blocked, id=1064, stack(0x000000e1fde00000,0x000000e1fdf00000) (1024K)]
  0x00000231e956c880 JavaThread "FileSystemWatchService"     daemon [_thread_in_native, id=12976, stack(0x000000e1fe400000,0x000000e1fe500000) (1024K)]
  0x00000231e956cf10 JavaThread "config-file-watcher-0-0"    daemon [_thread_blocked, id=11476, stack(0x000000e1fe500000,0x000000e1fe600000) (1024K)]
  0x00000231e956d5a0 JavaThread "Read-Poller"                daemon [_thread_in_native, id=5416, stack(0x000000e1fe600000,0x000000e1fe700000) (1024K)]
  0x00000231e95686e0 JavaThread "Read-Updater"               daemon [_thread_blocked, id=6416, stack(0x000000e1fe700000,0x000000e1fe800000) (1024K)]
  0x00000231e956dc30 JavaThread "Write-Poller"               daemon [_thread_in_native, id=13080, stack(0x000000e1fe800000,0x000000e1fe900000) (1024K)]
  0x00000231e956e2c0 JavaThread "Write-Updater"              daemon [_thread_blocked, id=3652, stack(0x000000e1fe900000,0x000000e1fea00000) (1024K)]
  0x00000231e956e950 JavaThread "HttpClient-2-SelectorManager" daemon [_thread_in_native, id=5028, stack(0x000000e1fcc00000,0x000000e1fcd00000) (1024K)]
  0x000002320353a850 JavaThread "CullThread"                        [_thread_blocked, id=1424, stack(0x000000e1fed00000,0x000000e1fee00000) (1024K)]
  0x0000023203535300 JavaThread "IO-Worker-1"                       [_thread_blocked, id=8036, stack(0x000000e1fee00000,0x000000e1fef00000) (1024K)]
  0x000002322752b6f0 JavaThread "Server Pinger #0"           daemon [_thread_blocked, id=9432, stack(0x000000e1fcf00000,0x000000e1fd000000) (1024K)]
  0x000002322752d130 JavaThread "Jndi-Dns-address-change-listener" daemon [_thread_in_native, id=12904, stack(0x000000e1fd300000,0x000000e1fd400000) (1024K)]
  0x0000023209be2360 JavaThread "Netty Client IO #0"         daemon [_thread_in_native, id=3656, stack(0x000000e1ff100000,0x000000e1ff200000) (1024K)]
  0x0000023227cea4f0 JavaThread "Netty Client IO #1"         daemon [_thread_in_native, id=9616, stack(0x000000e1ff400000,0x000000e1ff500000) (1024K)]
  0x0000023226dd4ed0 JavaThread "pool-13-thread-1"                  [_thread_blocked, id=3836, stack(0x000000e1fc700000,0x000000e1fc800000) (1024K)]
  0x000002322752d7c0 JavaThread "pool-13-thread-2"                  [_thread_blocked, id=7920, stack(0x000000e1fbf00000,0x000000e1fc000000) (1024K)]
  0x00000231eebe14b0 JavaThread "Netty Client IO #2"         daemon [_thread_in_native, id=7784, stack(0x000000e1fd600000,0x000000e1fd700000) (1024K)]
  0x0000023227fb8ba0 JavaThread "Netty Client IO #3"         daemon [_thread_in_native, id=13252, stack(0x000000e1fc000000,0x000000e1fc100000) (1024K)]
  0x00000231eebe21d0 JavaThread "Server Pinger #1"           daemon [_thread_blocked, id=3416, stack(0x000000e1fd000000,0x000000e1fd100000) (1024K)]
  0x000002320353a1c0 JavaThread "Netty Client IO #4"         daemon [_thread_in_native, id=8776, stack(0x000000e1fe200000,0x000000e1fe300000) (1024K)]
  0x000002322752caa0 JavaThread "Server Pinger #2"           daemon [_thread_blocked, id=11912, stack(0x000000e1fea00000,0x000000e1feb00000) (1024K)]
  0x0000023209654410 JavaThread "Netty Client IO #5"         daemon [_thread_in_native, id=1128, stack(0x000000e1feb00000,0x000000e1fec00000) (1024K)]
  0x0000023227fb9f50 JavaThread "Netty Client IO #6"         daemon [_thread_in_native, id=4100, stack(0x000000e1fef00000,0x000000e1ff000000) (1024K)]
  0x00000232277316f0 JavaThread "Server Pinger #3"           daemon [_thread_blocked, id=8932, stack(0x000000e1fc300000,0x000000e1fc400000) (1024K)]
  0x0000023227731d80 JavaThread "Netty Client IO #7"         daemon [_thread_in_native, id=10396, stack(0x000000e1fe300000,0x000000e1fe400000) (1024K)]
  0x00000232289ba490 JavaThread "Worker-Main-7"              daemon [_thread_blocked, id=9720, stack(0x000000e1fc200000,0x000000e1fc300000) (1024K)]
  0x0000023233ad1710 JavaThread "Worker-Main-8"              daemon [_thread_blocked, id=8616, stack(0x000000e1fc800000,0x000000e1fc900000) (1024K)]
  0x00000231ee4b62e0 JavaThread "Download-9"                 daemon [_thread_blocked, id=11856, stack(0x000000e1fce00000,0x000000e1fcf00000) (1024K)]
  0x0000023233ad09f0 JavaThread "Worker-ResourceReload-6"    daemon [_thread_blocked, id=12144, stack(0x000000e1fdf00000,0x000000e1fe000000) (1024K)]
  0x00000231ee4b4210 JavaThread "Worker-ResourceReload-7"    daemon [_thread_blocked, id=10528, stack(0x000000e1fe100000,0x000000e1fe200000) (1024K)]
  0x0000023233ad1080 JavaThread "ForkJoinPool.commonPool-worker-3" daemon [_thread_blocked, id=11704, stack(0x000000e1fec00000,0x000000e1fed00000) (1024K)]
  0x0000023233ace920 JavaThread "Worker-ResourceReload-8"    daemon [_thread_blocked, id=4500, stack(0x000000e1ff000000,0x000000e1ff100000) (1024K)]
  0x00000231ee4b4f30 JavaThread "Sound engine"               daemon [_thread_blocked, id=2352, stack(0x000000e1fb800000,0x000000e1fb900000) (1024K)]
Total: 59

Other Threads:
  0x00000231ffe8a940 VMThread "VM Thread"                           [id=4412, stack(0x000000e1fa900000,0x000000e1faa00000) (1024K)]
  0x00000231ffe744f0 WatcherThread "VM Periodic Task Thread"        [id=4860, stack(0x000000e1fa800000,0x000000e1fa900000) (1024K)]
  0x00000231fbdca370 WorkerThread "GC Thread#0"                     [id=3660, stack(0x000000e1fa300000,0x000000e1fa400000) (1024K)]
  0x00000231df2f2430 WorkerThread "GC Thread#1"                     [id=4064, stack(0x000000e1fb900000,0x000000e1fba00000) (1024K)]
  0x00000231df2f27d0 WorkerThread "GC Thread#2"                     [id=11692, stack(0x000000e1fba00000,0x000000e1fbb00000) (1024K)]
  0x00000231df2f2b70 WorkerThread "GC Thread#3"                     [id=3296, stack(0x000000e1fbb00000,0x000000e1fbc00000) (1024K)]
  0x00000231fbdd7160 ConcurrentGCThread "G1 Main Marker"            [id=9956, stack(0x000000e1fa400000,0x000000e1fa500000) (1024K)]
  0x00000231fbdd7d10 WorkerThread "G1 Conc#0"                       [id=11172, stack(0x000000e1fa500000,0x000000e1fa600000) (1024K)]
  0x00000231ffd49100 ConcurrentGCThread "G1 Refine#0"               [id=11484, stack(0x000000e1fa600000,0x000000e1fa700000) (1024K)]
  0x00000231ffd49ad0 ConcurrentGCThread "G1 Service"                [id=10364, stack(0x000000e1fa700000,0x000000e1fa800000) (1024K)]
Total: 10

Threads with active compile tasks:
C2 CompilerThread0  1308643 50263       4       org.apache.logging.log4j.core.pattern.ExtendedThrowablePatternConverter::format (109 bytes)
Total: 1

VM state: not at safepoint (normal execution)

VM Mutex/Monitor currently owned by a thread: None

OutOfMemory and StackOverflow Exception counts:
StackOverflowErrors=24
LinkageErrors=514

Heap address: 0x0000000740e00000, size: 3058 MB, Compressed Oops mode: Zero based, Oop shift amount: 3

CDS archive(s) mapped at: [0x000002319a000000-0x000002319ac80000-0x000002319ac80000), size 13107200, SharedBaseAddress: 0x000002319a000000, ArchiveRelocationMode: 1.
Compressed class space mapped at: 0x000002319b000000-0x00000231db000000, reserved size: 1073741824
Narrow klass base: 0x000002319a000000, Narrow klass shift: 0, Narrow klass range: 0x100000000

GC Precious Log:
 CardTable entry size: 512
 Card Set container configuration: InlinePtr #cards 4 size 8 Array Of Cards #cards 16 size 48 Howl #buckets 8 coarsen threshold 3686 Howl Bitmap #cards 512 size 80 coarsen threshold 460 Card regions per heap region 1 cards per card region 4096
 CPUs: 4 total, 4 available
 Memory: 12230M
 Large Page Support: Disabled
 NUMA Support: Disabled
 Compressed Oops: Enabled (Zero based)
 Heap Region Size: 2M
 Heap Min Capacity: 8M
 Heap Initial Capacity: 192M
 Heap Max Capacity: 3058M
 Pre-touch: Disabled
 Parallel Workers: 4
 Concurrent Workers: 1
 Concurrent Refinement Workers: 4
 Periodic GC: Disabled

Heap:
 garbage-first heap   total 972800K, used 715762K [0x0000000740e00000, 0x0000000800000000)
  region size 2048K, 96 young (196608K), 11 survivors (22528K)
 Metaspace       used 191672K, committed 193536K, reserved 1245184K
  class space    used 28549K, committed 29376K, reserved 1048576K

Heap Regions: E=young(eden), S=young(survivor), O=old, HS=humongous(starts), HC=humongous(continues), CS=collection set, F=free, TAMS=top-at-mark-start, PB=parsable bottom
|   0|0x0000000740e00000, 0x0000000741000000, 0x0000000741000000|100%|HS|  |TAMS 0x0000000740e00000| PB 0x0000000740e00000| Complete 
|   1|0x0000000741000000, 0x0000000741200000, 0x0000000741200000|100%|HS|  |TAMS 0x0000000741000000| PB 0x0000000741000000| Complete 
|   2|0x0000000741200000, 0x0000000741400000, 0x0000000741400000|100%|HC|  |TAMS 0x0000000741200000| PB 0x0000000741200000| Complete 
|   3|0x0000000741400000, 0x0000000741600000, 0x0000000741600000|100%| O|  |TAMS 0x0000000741400000| PB 0x0000000741400000| Untracked 
|   4|0x0000000741600000, 0x00000007417ffff8, 0x0000000741800000| 99%| O|  |TAMS 0x0000000741600000| PB 0x0000000741600000| Untracked 
|   5|0x0000000741800000, 0x00000007419ffff0, 0x0000000741a00000| 99%| O|  |TAMS 0x0000000741800000| PB 0x0000000741800000| Untracked 
|   6|0x0000000741a00000, 0x0000000741c00000, 0x0000000741c00000|100%| O|  |TAMS 0x0000000741a00000| PB 0x0000000741a00000| Untracked 
|   7|0x0000000741c00000, 0x0000000741dfffe8, 0x0000000741e00000| 99%| O|  |TAMS 0x0000000741c00000| PB 0x0000000741c00000| Untracked 
|   8|0x0000000741e00000, 0x0000000742000000, 0x0000000742000000|100%| O|  |TAMS 0x0000000741e00000| PB 0x0000000741e00000| Untracked 
|   9|0x0000000742000000, 0x0000000742200000, 0x0000000742200000|100%| O|  |TAMS 0x0000000742000000| PB 0x0000000742000000| Untracked 
|  10|0x0000000742200000, 0x00000007423fffe8, 0x0000000742400000| 99%| O|  |TAMS 0x0000000742200000| PB 0x0000000742200000| Untracked 
|  11|0x0000000742400000, 0x00000007425fffc8, 0x0000000742600000| 99%| O|  |TAMS 0x0000000742400000| PB 0x0000000742400000| Untracked 
|  12|0x0000000742600000, 0x00000007427ffff0, 0x0000000742800000| 99%| O|  |TAMS 0x0000000742600000| PB 0x0000000742600000| Untracked 
|  13|0x0000000742800000, 0x00000007429ffff8, 0x0000000742a00000| 99%| O|  |TAMS 0x0000000742800000| PB 0x0000000742800000| Untracked 
|  14|0x0000000742a00000, 0x0000000742bffff0, 0x0000000742c00000| 99%| O|  |TAMS 0x0000000742a00000| PB 0x0000000742a00000| Untracked 
|  15|0x0000000742c00000, 0x0000000742dffff8, 0x0000000742e00000| 99%| O|  |TAMS 0x0000000742c00000| PB 0x0000000742c00000| Untracked 
|  16|0x0000000742e00000, 0x0000000742fffff8, 0x0000000743000000| 99%| O|  |TAMS 0x0000000742e00000| PB 0x0000000742e00000| Untracked 
|  17|0x0000000743000000, 0x0000000743200000, 0x0000000743200000|100%| O|  |TAMS 0x0000000743000000| PB 0x0000000743000000| Untracked 
|  18|0x0000000743200000, 0x00000007433ffff0, 0x0000000743400000| 99%| O|  |TAMS 0x0000000743200000| PB 0x0000000743200000| Untracked 
|  19|0x0000000743400000, 0x0000000743600000, 0x0000000743600000|100%| O|  |TAMS 0x0000000743400000| PB 0x0000000743400000| Untracked 
|  20|0x0000000743600000, 0x00000007437fff58, 0x0000000743800000| 99%| O|  |TAMS 0x0000000743600000| PB 0x0000000743600000| Untracked 
|  21|0x0000000743800000, 0x0000000743a00000, 0x0000000743a00000|100%| O|  |TAMS 0x0000000743800000| PB 0x0000000743800000| Untracked 
|  22|0x0000000743a00000, 0x0000000743c00000, 0x0000000743c00000|100%| O|  |TAMS 0x0000000743a00000| PB 0x0000000743a00000| Untracked 
|  23|0x0000000743c00000, 0x0000000743e00000, 0x0000000743e00000|100%| O|  |TAMS 0x0000000743c00000| PB 0x0000000743c00000| Untracked 
|  24|0x0000000743e00000, 0x0000000743fffff0, 0x0000000744000000| 99%| O|  |TAMS 0x0000000743e00000| PB 0x0000000743e00000| Untracked 
|  25|0x0000000744000000, 0x0000000744200000, 0x0000000744200000|100%| O|  |TAMS 0x0000000744000000| PB 0x0000000744000000| Untracked 
|  26|0x0000000744200000, 0x0000000744400000, 0x0000000744400000|100%| O|  |TAMS 0x0000000744200000| PB 0x0000000744200000| Untracked 
|  27|0x0000000744400000, 0x0000000744600000, 0x0000000744600000|100%| O|  |TAMS 0x0000000744400000| PB 0x0000000744400000| Untracked 
|  28|0x0000000744600000, 0x0000000744800000, 0x0000000744800000|100%| O|  |TAMS 0x0000000744600000| PB 0x0000000744600000| Untracked 
|  29|0x0000000744800000, 0x0000000744a00000, 0x0000000744a00000|100%| O|  |TAMS 0x0000000744800000| PB 0x0000000744800000| Untracked 
|  30|0x0000000744a00000, 0x0000000744c00000, 0x0000000744c00000|100%| O|  |TAMS 0x0000000744a00000| PB 0x0000000744a00000| Untracked 
|  31|0x0000000744c00000, 0x0000000744dfe4b8, 0x0000000744e00000| 99%| O|  |TAMS 0x0000000744c00000| PB 0x0000000744c00000| Untracked 
|  32|0x0000000744e00000, 0x0000000745000000, 0x0000000745000000|100%|HS|  |TAMS 0x0000000744e00000| PB 0x0000000744e00000| Complete 
|  33|0x0000000745000000, 0x0000000745200000, 0x0000000745200000|100%|HC|  |TAMS 0x0000000745000000| PB 0x0000000745000000| Complete 
|  34|0x0000000745200000, 0x0000000745400000, 0x0000000745400000|100%| O|  |TAMS 0x0000000745200000| PB 0x0000000745200000| Untracked 
|  35|0x0000000745400000, 0x0000000745600000, 0x0000000745600000|100%| O|  |TAMS 0x0000000745400000| PB 0x0000000745400000| Untracked 
|  36|0x0000000745600000, 0x0000000745800000, 0x0000000745800000|100%| O|  |TAMS 0x0000000745600000| PB 0x0000000745600000| Untracked 
|  37|0x0000000745800000, 0x00000007459ffff0, 0x0000000745a00000| 99%| O|  |TAMS 0x0000000745800000| PB 0x0000000745800000| Untracked 
|  38|0x0000000745a00000, 0x0000000745c00000, 0x0000000745c00000|100%| O|  |TAMS 0x0000000745a00000| PB 0x0000000745a00000| Untracked 
|  39|0x0000000745c00000, 0x0000000745dfffd0, 0x0000000745e00000| 99%| O|  |TAMS 0x0000000745c00000| PB 0x0000000745c00000| Untracked 
|  40|0x0000000745e00000, 0x0000000746000000, 0x0000000746000000|100%| O|  |TAMS 0x0000000745e00000| PB 0x0000000745e00000| Untracked 
|  41|0x0000000746000000, 0x0000000746200000, 0x0000000746200000|100%| O|  |TAMS 0x0000000746000000| PB 0x0000000746000000| Untracked 
|  42|0x0000000746200000, 0x00000007463ffff8, 0x0000000746400000| 99%| O|  |TAMS 0x0000000746200000| PB 0x0000000746200000| Untracked 
|  43|0x0000000746400000, 0x0000000746600000, 0x0000000746600000|100%| O|  |TAMS 0x0000000746400000| PB 0x0000000746400000| Untracked 
|  44|0x0000000746600000, 0x00000007467ffff8, 0x0000000746800000| 99%| O|  |TAMS 0x0000000746600000| PB 0x0000000746600000| Untracked 
|  45|0x0000000746800000, 0x0000000746a00000, 0x0000000746a00000|100%| O|  |TAMS 0x0000000746800000| PB 0x0000000746800000| Untracked 
|  46|0x0000000746a00000, 0x0000000746c00000, 0x0000000746c00000|100%| O|  |TAMS 0x0000000746a00000| PB 0x0000000746a00000| Untracked 
|  47|0x0000000746c00000, 0x0000000746e00000, 0x0000000746e00000|100%| O|  |TAMS 0x0000000746c00000| PB 0x0000000746c00000| Untracked 
|  48|0x0000000746e00000, 0x0000000747000000, 0x0000000747000000|100%| O|  |TAMS 0x0000000746e00000| PB 0x0000000746e00000| Untracked 
|  49|0x0000000747000000, 0x0000000747200000, 0x0000000747200000|100%| O|  |TAMS 0x0000000747000000| PB 0x0000000747000000| Untracked 
|  50|0x0000000747200000, 0x0000000747400000, 0x0000000747400000|100%| O|  |TAMS 0x0000000747200000| PB 0x0000000747200000| Untracked 
|  51|0x0000000747400000, 0x0000000747600000, 0x0000000747600000|100%| O|  |TAMS 0x0000000747400000| PB 0x0000000747400000| Untracked 
|  52|0x0000000747600000, 0x00000007477fffc0, 0x0000000747800000| 99%| O|  |TAMS 0x0000000747600000| PB 0x0000000747600000| Untracked 
|  53|0x0000000747800000, 0x0000000747a00000, 0x0000000747a00000|100%| O|  |TAMS 0x0000000747800000| PB 0x0000000747800000| Untracked 
|  54|0x0000000747a00000, 0x0000000747c00000, 0x0000000747c00000|100%| O|  |TAMS 0x0000000747a00000| PB 0x0000000747a00000| Untracked 
|  55|0x0000000747c00000, 0x0000000747e00000, 0x0000000747e00000|100%| O|  |TAMS 0x0000000747c00000| PB 0x0000000747c00000| Untracked 
|  56|0x0000000747e00000, 0x0000000748000000, 0x0000000748000000|100%| O|  |TAMS 0x0000000747e00000| PB 0x0000000747e00000| Untracked 
|  57|0x0000000748000000, 0x0000000748200000, 0x0000000748200000|100%| O|  |TAMS 0x0000000748000000| PB 0x0000000748000000| Untracked 
|  58|0x0000000748200000, 0x0000000748400000, 0x0000000748400000|100%| O|  |TAMS 0x0000000748200000| PB 0x0000000748200000| Untracked 
|  59|0x0000000748400000, 0x0000000748600000, 0x0000000748600000|100%| O|  |TAMS 0x0000000748400000| PB 0x0000000748400000| Untracked 
|  60|0x0000000748600000, 0x00000007487ffff8, 0x0000000748800000| 99%| O|  |TAMS 0x0000000748600000| PB 0x0000000748600000| Untracked 
|  61|0x0000000748800000, 0x0000000748a00000, 0x0000000748a00000|100%| O|  |TAMS 0x0000000748800000| PB 0x0000000748800000| Untracked 
|  62|0x0000000748a00000, 0x0000000748c00000, 0x0000000748c00000|100%| O|  |TAMS 0x0000000748a00000| PB 0x0000000748a00000| Untracked 
|  63|0x0000000748c00000, 0x0000000748e00000, 0x0000000748e00000|100%| O|  |TAMS 0x0000000748c00000| PB 0x0000000748c00000| Untracked 
|  64|0x0000000748e00000, 0x0000000749000000, 0x0000000749000000|100%| O|  |TAMS 0x0000000748e00000| PB 0x0000000748e00000| Untracked 
|  65|0x0000000749000000, 0x00000007491fe858, 0x0000000749200000| 99%| O|  |TAMS 0x0000000749000000| PB 0x0000000749000000| Untracked 
|  66|0x0000000749200000, 0x0000000749400000, 0x0000000749400000|100%| O|  |TAMS 0x0000000749200000| PB 0x0000000749200000| Untracked 
|  67|0x0000000749400000, 0x00000007495ffff0, 0x0000000749600000| 99%| O|  |TAMS 0x0000000749400000| PB 0x0000000749400000| Untracked 
|  68|0x0000000749600000, 0x0000000749800000, 0x0000000749800000|100%| O|  |TAMS 0x0000000749600000| PB 0x0000000749600000| Untracked 
|  69|0x0000000749800000, 0x00000007499fffd8, 0x0000000749a00000| 99%| O|  |TAMS 0x0000000749800000| PB 0x0000000749800000| Untracked 
|  70|0x0000000749a00000, 0x0000000749c00000, 0x0000000749c00000|100%| O|  |TAMS 0x0000000749a00000| PB 0x0000000749a00000| Untracked 
|  71|0x0000000749c00000, 0x0000000749e00000, 0x0000000749e00000|100%| O|  |TAMS 0x0000000749c00000| PB 0x0000000749c00000| Untracked 
|  72|0x0000000749e00000, 0x000000074a000000, 0x000000074a000000|100%|HS|  |TAMS 0x0000000749e00000| PB 0x0000000749e00000| Complete 
|  73|0x000000074a000000, 0x000000074a200000, 0x000000074a200000|100%|HC|  |TAMS 0x000000074a000000| PB 0x000000074a000000| Complete 
|  74|0x000000074a200000, 0x000000074a400000, 0x000000074a400000|100%|HC|  |TAMS 0x000000074a200000| PB 0x000000074a200000| Complete 
|  75|0x000000074a400000, 0x000000074a600000, 0x000000074a600000|100%| O|  |TAMS 0x000000074a400000| PB 0x000000074a400000| Untracked 
|  76|0x000000074a600000, 0x000000074a800000, 0x000000074a800000|100%| O|  |TAMS 0x000000074a600000| PB 0x000000074a600000| Untracked 
|  77|0x000000074a800000, 0x000000074aa00000, 0x000000074aa00000|100%| O|  |TAMS 0x000000074a800000| PB 0x000000074a800000| Untracked 
|  78|0x000000074aa00000, 0x000000074ac00000, 0x000000074ac00000|100%| O|  |TAMS 0x000000074aa00000| PB 0x000000074aa00000| Untracked 
|  79|0x000000074ac00000, 0x000000074ae00000, 0x000000074ae00000|100%| O|  |TAMS 0x000000074ac00000| PB 0x000000074ac00000| Untracked 
|  80|0x000000074ae00000, 0x000000074b000000, 0x000000074b000000|100%| O|  |TAMS 0x000000074ae00000| PB 0x000000074ae00000| Untracked 
|  81|0x000000074b000000, 0x000000074b200000, 0x000000074b200000|100%| O|  |TAMS 0x000000074b000000| PB 0x000000074b000000| Untracked 
|  82|0x000000074b200000, 0x000000074b400000, 0x000000074b400000|100%| O|  |TAMS 0x000000074b200000| PB 0x000000074b200000| Untracked 
|  83|0x000000074b400000, 0x000000074b600000, 0x000000074b600000|100%| O|  |TAMS 0x000000074b400000| PB 0x000000074b400000| Untracked 
|  84|0x000000074b600000, 0x000000074b800000, 0x000000074b800000|100%| O|  |TAMS 0x000000074b600000| PB 0x000000074b600000| Untracked 
|  85|0x000000074b800000, 0x000000074ba00000, 0x000000074ba00000|100%| O|  |TAMS 0x000000074b800000| PB 0x000000074b800000| Untracked 
|  86|0x000000074ba00000, 0x000000074bc00000, 0x000000074bc00000|100%| O|  |TAMS 0x000000074ba00000| PB 0x000000074ba00000| Untracked 
|  87|0x000000074bc00000, 0x000000074be00000, 0x000000074be00000|100%| O|  |TAMS 0x000000074bc00000| PB 0x000000074bc00000| Untracked 
|  88|0x000000074be00000, 0x000000074c000000, 0x000000074c000000|100%| O|  |TAMS 0x000000074be00000| PB 0x000000074be00000| Untracked 
|  89|0x000000074c000000, 0x000000074c200000, 0x000000074c200000|100%| O|  |TAMS 0x000000074c000000| PB 0x000000074c000000| Untracked 
|  90|0x000000074c200000, 0x000000074c400000, 0x000000074c400000|100%| O|  |TAMS 0x000000074c200000| PB 0x000000074c200000| Untracked 
|  91|0x000000074c400000, 0x000000074c600000, 0x000000074c600000|100%| O|  |TAMS 0x000000074c400000| PB 0x000000074c400000| Untracked 
|  92|0x000000074c600000, 0x000000074c800000, 0x000000074c800000|100%| O|  |TAMS 0x000000074c600000| PB 0x000000074c600000| Untracked 
|  93|0x000000074c800000, 0x000000074ca00000, 0x000000074ca00000|100%| O|  |TAMS 0x000000074c800000| PB 0x000000074c800000| Untracked 
|  94|0x000000074ca00000, 0x000000074cc00000, 0x000000074cc00000|100%| O|  |TAMS 0x000000074ca00000| PB 0x000000074ca00000| Untracked 
|  95|0x000000074cc00000, 0x000000074ce00000, 0x000000074ce00000|100%| O|  |TAMS 0x000000074cc00000| PB 0x000000074cc00000| Untracked 
|  96|0x000000074ce00000, 0x000000074d000000, 0x000000074d000000|100%| O|  |TAMS 0x000000074ce00000| PB 0x000000074ce00000| Untracked 
|  97|0x000000074d000000, 0x000000074d200000, 0x000000074d200000|100%| O|  |TAMS 0x000000074d000000| PB 0x000000074d000000| Untracked 
|  98|0x000000074d200000, 0x000000074d400000, 0x000000074d400000|100%| O|  |TAMS 0x000000074d200000| PB 0x000000074d200000| Untracked 
|  99|0x000000074d400000, 0x000000074d600000, 0x000000074d600000|100%| O|  |TAMS 0x000000074d400000| PB 0x000000074d400000| Untracked 
| 100|0x000000074d600000, 0x000000074d800000, 0x000000074d800000|100%| O|  |TAMS 0x000000074d600000| PB 0x000000074d600000| Untracked 
| 101|0x000000074d800000, 0x000000074da00000, 0x000000074da00000|100%| O|  |TAMS 0x000000074d800000| PB 0x000000074d800000| Untracked 
| 102|0x000000074da00000, 0x000000074dc00000, 0x000000074dc00000|100%| O|  |TAMS 0x000000074da00000| PB 0x000000074da00000| Untracked 
| 103|0x000000074dc00000, 0x000000074de00000, 0x000000074de00000|100%| O|  |TAMS 0x000000074dc00000| PB 0x000000074dc00000| Untracked 
| 104|0x000000074de00000, 0x000000074e000000, 0x000000074e000000|100%| O|  |TAMS 0x000000074de00000| PB 0x000000074de00000| Untracked 
| 105|0x000000074e000000, 0x000000074e200000, 0x000000074e200000|100%| O|  |TAMS 0x000000074e000000| PB 0x000000074e000000| Untracked 
| 106|0x000000074e200000, 0x000000074e400000, 0x000000074e400000|100%| O|  |TAMS 0x000000074e200000| PB 0x000000074e200000| Untracked 
| 107|0x000000074e400000, 0x000000074e600000, 0x000000074e600000|100%| O|  |TAMS 0x000000074e400000| PB 0x000000074e400000| Untracked 
| 108|0x000000074e600000, 0x000000074e800000, 0x000000074e800000|100%| O|  |TAMS 0x000000074e600000| PB 0x000000074e600000| Untracked 
| 109|0x000000074e800000, 0x000000074ea00000, 0x000000074ea00000|100%| O|  |TAMS 0x000000074e800000| PB 0x000000074e800000| Untracked 
| 110|0x000000074ea00000, 0x000000074ec00000, 0x000000074ec00000|100%| O|  |TAMS 0x000000074ea00000| PB 0x000000074ea00000| Untracked 
| 111|0x000000074ec00000, 0x000000074ee00000, 0x000000074ee00000|100%| O|  |TAMS 0x000000074ec00000| PB 0x000000074ec00000| Untracked 
| 112|0x000000074ee00000, 0x000000074f000000, 0x000000074f000000|100%| O|  |TAMS 0x000000074ee00000| PB 0x000000074ee00000| Untracked 
| 113|0x000000074f000000, 0x000000074f200000, 0x000000074f200000|100%| O|  |TAMS 0x000000074f000000| PB 0x000000074f000000| Untracked 
| 114|0x000000074f200000, 0x000000074f400000, 0x000000074f400000|100%| O|  |TAMS 0x000000074f200000| PB 0x000000074f200000| Untracked 
| 115|0x000000074f400000, 0x000000074f600000, 0x000000074f600000|100%| O|  |TAMS 0x000000074f400000| PB 0x000000074f400000| Untracked 
| 116|0x000000074f600000, 0x000000074f800000, 0x000000074f800000|100%| O|  |TAMS 0x000000074f600000| PB 0x000000074f600000| Untracked 
| 117|0x000000074f800000, 0x000000074fa00000, 0x000000074fa00000|100%| O|  |TAMS 0x000000074f800000| PB 0x000000074f800000| Untracked 
| 118|0x000000074fa00000, 0x000000074fc00000, 0x000000074fc00000|100%| O|  |TAMS 0x000000074fa00000| PB 0x000000074fa00000| Untracked 
| 119|0x000000074fc00000, 0x000000074fe00000, 0x000000074fe00000|100%| O|  |TAMS 0x000000074fc00000| PB 0x000000074fc00000| Untracked 
| 120|0x000000074fe00000, 0x0000000750000000, 0x0000000750000000|100%| O|  |TAMS 0x000000074fe00000| PB 0x000000074fe00000| Untracked 
| 121|0x0000000750000000, 0x0000000750200000, 0x0000000750200000|100%| O|  |TAMS 0x0000000750000000| PB 0x0000000750000000| Untracked 
| 122|0x0000000750200000, 0x0000000750400000, 0x0000000750400000|100%| O|  |TAMS 0x0000000750200000| PB 0x0000000750200000| Untracked 
| 123|0x0000000750400000, 0x0000000750600000, 0x0000000750600000|100%| O|  |TAMS 0x0000000750400000| PB 0x0000000750400000| Untracked 
| 124|0x0000000750600000, 0x0000000750800000, 0x0000000750800000|100%| O|  |TAMS 0x0000000750600000| PB 0x0000000750600000| Untracked 
| 125|0x0000000750800000, 0x0000000750a00000, 0x0000000750a00000|100%| O|  |TAMS 0x0000000750800000| PB 0x0000000750800000| Untracked 
| 126|0x0000000750a00000, 0x0000000750c00000, 0x0000000750c00000|100%| O|  |TAMS 0x0000000750a00000| PB 0x0000000750a00000| Untracked 
| 127|0x0000000750c00000, 0x0000000750e00000, 0x0000000750e00000|100%| O|  |TAMS 0x0000000750c00000| PB 0x0000000750c00000| Untracked 
| 128|0x0000000750e00000, 0x0000000751000000, 0x0000000751000000|100%| O|  |TAMS 0x0000000750e00000| PB 0x0000000750e00000| Untracked 
| 129|0x0000000751000000, 0x0000000751200000, 0x0000000751200000|100%| O|  |TAMS 0x0000000751000000| PB 0x0000000751000000| Untracked 
| 130|0x0000000751200000, 0x0000000751400000, 0x0000000751400000|100%| O|  |TAMS 0x0000000751200000| PB 0x0000000751200000| Untracked 
| 131|0x0000000751400000, 0x0000000751600000, 0x0000000751600000|100%| O|  |TAMS 0x0000000751400000| PB 0x0000000751400000| Untracked 
| 132|0x0000000751600000, 0x0000000751800000, 0x0000000751800000|100%| O|  |TAMS 0x0000000751600000| PB 0x0000000751600000| Untracked 
| 133|0x0000000751800000, 0x0000000751a00000, 0x0000000751a00000|100%| O|  |TAMS 0x0000000751800000| PB 0x0000000751800000| Untracked 
| 134|0x0000000751a00000, 0x0000000751c00000, 0x0000000751c00000|100%| O|  |TAMS 0x0000000751a00000| PB 0x0000000751a00000| Untracked 
| 135|0x0000000751c00000, 0x0000000751e00000, 0x0000000751e00000|100%| O|  |TAMS 0x0000000751c00000| PB 0x0000000751c00000| Untracked 
| 136|0x0000000751e00000, 0x0000000752000000, 0x0000000752000000|100%| O|  |TAMS 0x0000000751e00000| PB 0x0000000751e00000| Untracked 
| 137|0x0000000752000000, 0x0000000752200000, 0x0000000752200000|100%| O|  |TAMS 0x0000000752000000| PB 0x0000000752000000| Untracked 
| 138|0x0000000752200000, 0x0000000752400000, 0x0000000752400000|100%| O|  |TAMS 0x0000000752200000| PB 0x0000000752200000| Untracked 
| 139|0x0000000752400000, 0x0000000752600000, 0x0000000752600000|100%| O|  |TAMS 0x0000000752400000| PB 0x0000000752400000| Untracked 
| 140|0x0000000752600000, 0x0000000752800000, 0x0000000752800000|100%| O|  |TAMS 0x0000000752600000| PB 0x0000000752600000| Untracked 
| 141|0x0000000752800000, 0x0000000752a00000, 0x0000000752a00000|100%| O|  |TAMS 0x0000000752800000| PB 0x0000000752800000| Untracked 
| 142|0x0000000752a00000, 0x0000000752c00000, 0x0000000752c00000|100%| O|  |TAMS 0x0000000752a00000| PB 0x0000000752a00000| Untracked 
| 143|0x0000000752c00000, 0x0000000752e00000, 0x0000000752e00000|100%| O|Cm|TAMS 0x0000000752c00000| PB 0x0000000752c00000| Complete 
| 144|0x0000000752e00000, 0x0000000753000000, 0x0000000753000000|100%| O|  |TAMS 0x0000000752e00000| PB 0x0000000752e00000| Untracked 
| 145|0x0000000753000000, 0x0000000753200000, 0x0000000753200000|100%| O|  |TAMS 0x0000000753000000| PB 0x0000000753000000| Untracked 
| 146|0x0000000753200000, 0x0000000753400000, 0x0000000753400000|100%|HS|  |TAMS 0x0000000753200000| PB 0x0000000753200000| Complete 
| 147|0x0000000753400000, 0x0000000753600000, 0x0000000753600000|100%|HS|  |TAMS 0x0000000753400000| PB 0x0000000753400000| Complete 
| 148|0x0000000753600000, 0x0000000753800000, 0x0000000753800000|100%| O|  |TAMS 0x0000000753600000| PB 0x0000000753600000| Untracked 
| 149|0x0000000753800000, 0x0000000753a00000, 0x0000000753a00000|100%| O|  |TAMS 0x0000000753800000| PB 0x0000000753800000| Untracked 
| 150|0x0000000753a00000, 0x0000000753c00000, 0x0000000753c00000|100%| O|  |TAMS 0x0000000753a00000| PB 0x0000000753a00000| Untracked 
| 151|0x0000000753c00000, 0x0000000753e00000, 0x0000000753e00000|100%| O|  |TAMS 0x0000000753c00000| PB 0x0000000753c00000| Untracked 
| 152|0x0000000753e00000, 0x0000000754000000, 0x0000000754000000|100%| O|  |TAMS 0x0000000753e00000| PB 0x0000000753e00000| Untracked 
| 153|0x0000000754000000, 0x0000000754200000, 0x0000000754200000|100%| O|  |TAMS 0x0000000754000000| PB 0x0000000754000000| Untracked 
| 154|0x0000000754200000, 0x0000000754400000, 0x0000000754400000|100%| O|  |TAMS 0x0000000754200000| PB 0x0000000754200000| Untracked 
| 155|0x0000000754400000, 0x0000000754600000, 0x0000000754600000|100%| O|  |TAMS 0x0000000754400000| PB 0x0000000754400000| Untracked 
| 156|0x0000000754600000, 0x0000000754800000, 0x0000000754800000|100%| O|  |TAMS 0x0000000754600000| PB 0x0000000754600000| Untracked 
| 157|0x0000000754800000, 0x0000000754a00000, 0x0000000754a00000|100%| O|  |TAMS 0x0000000754800000| PB 0x0000000754800000| Untracked 
| 158|0x0000000754a00000, 0x0000000754c00000, 0x0000000754c00000|100%| O|  |TAMS 0x0000000754a00000| PB 0x0000000754a00000| Untracked 
| 159|0x0000000754c00000, 0x0000000754e00000, 0x0000000754e00000|100%| O|  |TAMS 0x0000000754c00000| PB 0x0000000754c00000| Untracked 
| 160|0x0000000754e00000, 0x0000000755000000, 0x0000000755000000|100%| O|  |TAMS 0x0000000754e00000| PB 0x0000000754e00000| Untracked 
| 161|0x0000000755000000, 0x0000000755200000, 0x0000000755200000|100%| O|  |TAMS 0x0000000755000000| PB 0x0000000755000000| Untracked 
| 162|0x0000000755200000, 0x0000000755400000, 0x0000000755400000|100%| O|  |TAMS 0x0000000755200000| PB 0x0000000755200000| Untracked 
| 163|0x0000000755400000, 0x0000000755600000, 0x0000000755600000|100%| O|  |TAMS 0x0000000755400000| PB 0x0000000755400000| Untracked 
| 164|0x0000000755600000, 0x0000000755800000, 0x0000000755800000|100%| O|  |TAMS 0x0000000755600000| PB 0x0000000755600000| Untracked 
| 165|0x0000000755800000, 0x0000000755a00000, 0x0000000755a00000|100%|HS|  |TAMS 0x0000000755800000| PB 0x0000000755800000| Complete 
| 166|0x0000000755a00000, 0x0000000755c00000, 0x0000000755c00000|100%|HS|  |TAMS 0x0000000755a00000| PB 0x0000000755a00000| Complete 
| 167|0x0000000755c00000, 0x0000000755e00000, 0x0000000755e00000|100%| O|  |TAMS 0x0000000755c00000| PB 0x0000000755c00000| Untracked 
| 168|0x0000000755e00000, 0x0000000756000000, 0x0000000756000000|100%|HS|  |TAMS 0x0000000755e00000| PB 0x0000000755e00000| Complete 
| 169|0x0000000756000000, 0x0000000756200000, 0x0000000756200000|100%|HS|  |TAMS 0x0000000756000000| PB 0x0000000756000000| Complete 
| 170|0x0000000756200000, 0x0000000756400000, 0x0000000756400000|100%|HS|  |TAMS 0x0000000756200000| PB 0x0000000756200000| Complete 
| 171|0x0000000756400000, 0x0000000756600000, 0x0000000756600000|100%|HS|  |TAMS 0x0000000756400000| PB 0x0000000756400000| Complete 
| 172|0x0000000756600000, 0x0000000756600000, 0x0000000756800000|  0%| F|  |TAMS 0x0000000756600000| PB 0x0000000756600000| Untracked 
| 173|0x0000000756800000, 0x0000000756800000, 0x0000000756a00000|  0%| F|  |TAMS 0x0000000756800000| PB 0x0000000756800000| Untracked 
| 174|0x0000000756a00000, 0x0000000756a00000, 0x0000000756c00000|  0%| F|  |TAMS 0x0000000756a00000| PB 0x0000000756a00000| Untracked 
| 175|0x0000000756c00000, 0x0000000756c00000, 0x0000000756e00000|  0%| F|  |TAMS 0x0000000756c00000| PB 0x0000000756c00000| Untracked 
| 176|0x0000000756e00000, 0x0000000756e00000, 0x0000000757000000|  0%| F|  |TAMS 0x0000000756e00000| PB 0x0000000756e00000| Untracked 
| 177|0x0000000757000000, 0x0000000757000000, 0x0000000757200000|  0%| F|  |TAMS 0x0000000757000000| PB 0x0000000757000000| Untracked 
| 178|0x0000000757200000, 0x0000000757400000, 0x0000000757400000|100%| O|  |TAMS 0x0000000757200000| PB 0x0000000757200000| Untracked 
| 179|0x0000000757400000, 0x0000000757400000, 0x0000000757600000|  0%| F|  |TAMS 0x0000000757400000| PB 0x0000000757400000| Untracked 
| 180|0x0000000757600000, 0x0000000757600000, 0x0000000757800000|  0%| F|  |TAMS 0x0000000757600000| PB 0x0000000757600000| Untracked 
| 181|0x0000000757800000, 0x0000000757800000, 0x0000000757a00000|  0%| F|  |TAMS 0x0000000757800000| PB 0x0000000757800000| Untracked 
| 182|0x0000000757a00000, 0x0000000757a00000, 0x0000000757c00000|  0%| F|  |TAMS 0x0000000757a00000| PB 0x0000000757a00000| Untracked 
| 183|0x0000000757c00000, 0x0000000757c00000, 0x0000000757e00000|  0%| F|  |TAMS 0x0000000757c00000| PB 0x0000000757c00000| Untracked 
| 184|0x0000000757e00000, 0x0000000757e00000, 0x0000000758000000|  0%| F|  |TAMS 0x0000000757e00000| PB 0x0000000757e00000| Untracked 
| 185|0x0000000758000000, 0x0000000758000000, 0x0000000758200000|  0%| F|  |TAMS 0x0000000758000000| PB 0x0000000758000000| Untracked 
| 186|0x0000000758200000, 0x0000000758200000, 0x0000000758400000|  0%| F|  |TAMS 0x0000000758200000| PB 0x0000000758200000| Untracked 
| 187|0x0000000758400000, 0x0000000758600000, 0x0000000758600000|100%| O|  |TAMS 0x0000000758400000| PB 0x0000000758400000| Untracked 
| 188|0x0000000758600000, 0x0000000758800000, 0x0000000758800000|100%| O|  |TAMS 0x0000000758600000| PB 0x0000000758600000| Untracked 
| 189|0x0000000758800000, 0x0000000758a00000, 0x0000000758a00000|100%| O|  |TAMS 0x0000000758800000| PB 0x0000000758800000| Untracked 
| 190|0x0000000758a00000, 0x0000000758c00000, 0x0000000758c00000|100%| O|  |TAMS 0x0000000758a00000| PB 0x0000000758a00000| Untracked 
| 191|0x0000000758c00000, 0x0000000758e00000, 0x0000000758e00000|100%| O|  |TAMS 0x0000000758c00000| PB 0x0000000758c00000| Untracked 
| 192|0x0000000758e00000, 0x0000000759000000, 0x0000000759000000|100%| O|  |TAMS 0x0000000758e00000| PB 0x0000000758e00000| Untracked 
| 193|0x0000000759000000, 0x0000000759200000, 0x0000000759200000|100%| O|  |TAMS 0x0000000759000000| PB 0x0000000759000000| Untracked 
| 194|0x0000000759200000, 0x0000000759200000, 0x0000000759400000|  0%| F|  |TAMS 0x0000000759200000| PB 0x0000000759200000| Untracked 
| 195|0x0000000759400000, 0x0000000759400000, 0x0000000759600000|  0%| F|  |TAMS 0x0000000759400000| PB 0x0000000759400000| Untracked 
| 196|0x0000000759600000, 0x0000000759600000, 0x0000000759800000|  0%| F|  |TAMS 0x0000000759600000| PB 0x0000000759600000| Untracked 
| 197|0x0000000759800000, 0x0000000759800000, 0x0000000759a00000|  0%| F|  |TAMS 0x0000000759800000| PB 0x0000000759800000| Untracked 
| 198|0x0000000759a00000, 0x0000000759a00000, 0x0000000759c00000|  0%| F|  |TAMS 0x0000000759a00000| PB 0x0000000759a00000| Untracked 
| 199|0x0000000759c00000, 0x0000000759c00000, 0x0000000759e00000|  0%| F|  |TAMS 0x0000000759c00000| PB 0x0000000759c00000| Untracked 
| 200|0x0000000759e00000, 0x0000000759e00000, 0x000000075a000000|  0%| F|  |TAMS 0x0000000759e00000| PB 0x0000000759e00000| Untracked 
| 201|0x000000075a000000, 0x000000075a200000, 0x000000075a200000|100%| O|  |TAMS 0x000000075a000000| PB 0x000000075a000000| Untracked 
| 202|0x000000075a200000, 0x000000075a400000, 0x000000075a400000|100%| O|  |TAMS 0x000000075a200000| PB 0x000000075a200000| Untracked 
| 203|0x000000075a400000, 0x000000075a600000, 0x000000075a600000|100%| O|  |TAMS 0x000000075a400000| PB 0x000000075a400000| Untracked 
| 204|0x000000075a600000, 0x000000075a800000, 0x000000075a800000|100%| O|  |TAMS 0x000000075a600000| PB 0x000000075a600000| Untracked 
| 205|0x000000075a800000, 0x000000075aa00000, 0x000000075aa00000|100%| O|  |TAMS 0x000000075a800000| PB 0x000000075a800000| Untracked 
| 206|0x000000075aa00000, 0x000000075ac00000, 0x000000075ac00000|100%| O|  |TAMS 0x000000075aa00000| PB 0x000000075aa00000| Untracked 
| 207|0x000000075ac00000, 0x000000075ae00000, 0x000000075ae00000|100%| O|  |TAMS 0x000000075ac00000| PB 0x000000075ac00000| Untracked 
| 208|0x000000075ae00000, 0x000000075b000000, 0x000000075b000000|100%| O|  |TAMS 0x000000075ae00000| PB 0x000000075ae00000| Untracked 
| 209|0x000000075b000000, 0x000000075b200000, 0x000000075b200000|100%| O|  |TAMS 0x000000075b000000| PB 0x000000075b000000| Untracked 
| 210|0x000000075b200000, 0x000000075b400000, 0x000000075b400000|100%| O|  |TAMS 0x000000075b200000| PB 0x000000075b200000| Untracked 
| 211|0x000000075b400000, 0x000000075b400000, 0x000000075b600000|  0%| F|  |TAMS 0x000000075b400000| PB 0x000000075b400000| Untracked 
| 212|0x000000075b600000, 0x000000075b800000, 0x000000075b800000|100%| O|  |TAMS 0x000000075b600000| PB 0x000000075b600000| Untracked 
| 213|0x000000075b800000, 0x000000075b800000, 0x000000075ba00000|  0%| F|  |TAMS 0x000000075b800000| PB 0x000000075b800000| Untracked 
| 214|0x000000075ba00000, 0x000000075ba00000, 0x000000075bc00000|  0%| F|  |TAMS 0x000000075ba00000| PB 0x000000075ba00000| Untracked 
| 215|0x000000075bc00000, 0x000000075be00000, 0x000000075be00000|100%| O|  |TAMS 0x000000075bc00000| PB 0x000000075bc00000| Untracked 
| 216|0x000000075be00000, 0x000000075c000000, 0x000000075c000000|100%| O|  |TAMS 0x000000075be00000| PB 0x000000075be00000| Untracked 
| 217|0x000000075c000000, 0x000000075c200000, 0x000000075c200000|100%| O|  |TAMS 0x000000075c000000| PB 0x000000075c000000| Untracked 
| 218|0x000000075c200000, 0x000000075c400000, 0x000000075c400000|100%| O|  |TAMS 0x000000075c200000| PB 0x000000075c200000| Untracked 
| 219|0x000000075c400000, 0x000000075c600000, 0x000000075c600000|100%| O|  |TAMS 0x000000075c400000| PB 0x000000075c400000| Untracked 
| 220|0x000000075c600000, 0x000000075c800000, 0x000000075c800000|100%| O|  |TAMS 0x000000075c600000| PB 0x000000075c600000| Untracked 
| 221|0x000000075c800000, 0x000000075ca00000, 0x000000075ca00000|100%| O|  |TAMS 0x000000075c800000| PB 0x000000075c800000| Untracked 
| 222|0x000000075ca00000, 0x000000075ca00000, 0x000000075cc00000|  0%| F|  |TAMS 0x000000075ca00000| PB 0x000000075ca00000| Untracked 
| 223|0x000000075cc00000, 0x000000075cc00000, 0x000000075ce00000|  0%| F|  |TAMS 0x000000075cc00000| PB 0x000000075cc00000| Untracked 
| 224|0x000000075ce00000, 0x000000075ce00000, 0x000000075d000000|  0%| F|  |TAMS 0x000000075ce00000| PB 0x000000075ce00000| Untracked 
| 225|0x000000075d000000, 0x000000075d000000, 0x000000075d200000|  0%| F|  |TAMS 0x000000075d000000| PB 0x000000075d000000| Untracked 
| 226|0x000000075d200000, 0x000000075d200000, 0x000000075d400000|  0%| F|  |TAMS 0x000000075d200000| PB 0x000000075d200000| Untracked 
| 227|0x000000075d400000, 0x000000075d400000, 0x000000075d600000|  0%| F|  |TAMS 0x000000075d400000| PB 0x000000075d400000| Untracked 
| 228|0x000000075d600000, 0x000000075d600000, 0x000000075d800000|  0%| F|  |TAMS 0x000000075d600000| PB 0x000000075d600000| Untracked 
| 229|0x000000075d800000, 0x000000075d800000, 0x000000075da00000|  0%| F|  |TAMS 0x000000075d800000| PB 0x000000075d800000| Untracked 
| 230|0x000000075da00000, 0x000000075da00000, 0x000000075dc00000|  0%| F|  |TAMS 0x000000075da00000| PB 0x000000075da00000| Untracked 
| 231|0x000000075dc00000, 0x000000075dd00000, 0x000000075de00000| 50%| S|CS|TAMS 0x000000075dc00000| PB 0x000000075dc00000| Complete 
| 232|0x000000075de00000, 0x000000075e000000, 0x000000075e000000|100%| S|CS|TAMS 0x000000075de00000| PB 0x000000075de00000| Complete 
| 233|0x000000075e000000, 0x000000075e200000, 0x000000075e200000|100%| S|CS|TAMS 0x000000075e000000| PB 0x000000075e000000| Complete 
| 234|0x000000075e200000, 0x000000075e400000, 0x000000075e400000|100%| S|CS|TAMS 0x000000075e200000| PB 0x000000075e200000| Complete 
| 235|0x000000075e400000, 0x000000075e600000, 0x000000075e600000|100%| S|CS|TAMS 0x000000075e400000| PB 0x000000075e400000| Complete 
| 236|0x000000075e600000, 0x000000075e800000, 0x000000075e800000|100%| S|CS|TAMS 0x000000075e600000| PB 0x000000075e600000| Complete 
| 237|0x000000075e800000, 0x000000075ea00000, 0x000000075ea00000|100%| S|CS|TAMS 0x000000075e800000| PB 0x000000075e800000| Complete 
| 238|0x000000075ea00000, 0x000000075ec00000, 0x000000075ec00000|100%| S|CS|TAMS 0x000000075ea00000| PB 0x000000075ea00000| Complete 
| 239|0x000000075ec00000, 0x000000075ee00000, 0x000000075ee00000|100%| S|CS|TAMS 0x000000075ec00000| PB 0x000000075ec00000| Complete 
| 240|0x000000075ee00000, 0x000000075f000000, 0x000000075f000000|100%| S|CS|TAMS 0x000000075ee00000| PB 0x000000075ee00000| Complete 
| 241|0x000000075f000000, 0x000000075f200000, 0x000000075f200000|100%| S|CS|TAMS 0x000000075f000000| PB 0x000000075f000000| Complete 
| 242|0x000000075f200000, 0x000000075f200000, 0x000000075f400000|  0%| F|  |TAMS 0x000000075f200000| PB 0x000000075f200000| Untracked 
| 243|0x000000075f400000, 0x000000075f400000, 0x000000075f600000|  0%| F|  |TAMS 0x000000075f400000| PB 0x000000075f400000| Untracked 
| 244|0x000000075f600000, 0x000000075f600000, 0x000000075f800000|  0%| F|  |TAMS 0x000000075f600000| PB 0x000000075f600000| Untracked 
| 245|0x000000075f800000, 0x000000075f800000, 0x000000075fa00000|  0%| F|  |TAMS 0x000000075f800000| PB 0x000000075f800000| Untracked 
| 246|0x000000075fa00000, 0x000000075fa00000, 0x000000075fc00000|  0%| F|  |TAMS 0x000000075fa00000| PB 0x000000075fa00000| Untracked 
| 247|0x000000075fc00000, 0x000000075fc00000, 0x000000075fe00000|  0%| F|  |TAMS 0x000000075fc00000| PB 0x000000075fc00000| Untracked 
| 248|0x000000075fe00000, 0x000000075fe00000, 0x0000000760000000|  0%| F|  |TAMS 0x000000075fe00000| PB 0x000000075fe00000| Untracked 
| 249|0x0000000760000000, 0x0000000760000000, 0x0000000760200000|  0%| F|  |TAMS 0x0000000760000000| PB 0x0000000760000000| Untracked 
| 250|0x0000000760200000, 0x0000000760200000, 0x0000000760400000|  0%| F|  |TAMS 0x0000000760200000| PB 0x0000000760200000| Untracked 
| 251|0x0000000760400000, 0x0000000760400000, 0x0000000760600000|  0%| F|  |TAMS 0x0000000760400000| PB 0x0000000760400000| Untracked 
| 252|0x0000000760600000, 0x0000000760600000, 0x0000000760800000|  0%| F|  |TAMS 0x0000000760600000| PB 0x0000000760600000| Untracked 
| 253|0x0000000760800000, 0x0000000760800000, 0x0000000760a00000|  0%| F|  |TAMS 0x0000000760800000| PB 0x0000000760800000| Untracked 
| 254|0x0000000760a00000, 0x0000000760a00000, 0x0000000760c00000|  0%| F|  |TAMS 0x0000000760a00000| PB 0x0000000760a00000| Untracked 
| 255|0x0000000760c00000, 0x0000000760c00000, 0x0000000760e00000|  0%| F|  |TAMS 0x0000000760c00000| PB 0x0000000760c00000| Untracked 
| 256|0x0000000760e00000, 0x0000000760e00000, 0x0000000761000000|  0%| F|  |TAMS 0x0000000760e00000| PB 0x0000000760e00000| Untracked 
| 257|0x0000000761000000, 0x0000000761000000, 0x0000000761200000|  0%| F|  |TAMS 0x0000000761000000| PB 0x0000000761000000| Untracked 
| 258|0x0000000761200000, 0x0000000761200000, 0x0000000761400000|  0%| F|  |TAMS 0x0000000761200000| PB 0x0000000761200000| Untracked 
| 259|0x0000000761400000, 0x0000000761400000, 0x0000000761600000|  0%| F|  |TAMS 0x0000000761400000| PB 0x0000000761400000| Untracked 
| 260|0x0000000761600000, 0x0000000761600000, 0x0000000761800000|  0%| F|  |TAMS 0x0000000761600000| PB 0x0000000761600000| Untracked 
| 261|0x0000000761800000, 0x0000000761800000, 0x0000000761a00000|  0%| F|  |TAMS 0x0000000761800000| PB 0x0000000761800000| Untracked 
| 262|0x0000000761a00000, 0x0000000761a00000, 0x0000000761c00000|  0%| F|  |TAMS 0x0000000761a00000| PB 0x0000000761a00000| Untracked 
| 263|0x0000000761c00000, 0x0000000761c00000, 0x0000000761e00000|  0%| F|  |TAMS 0x0000000761c00000| PB 0x0000000761c00000| Untracked 
| 264|0x0000000761e00000, 0x0000000761e00000, 0x0000000762000000|  0%| F|  |TAMS 0x0000000761e00000| PB 0x0000000761e00000| Untracked 
| 265|0x0000000762000000, 0x0000000762000000, 0x0000000762200000|  0%| F|  |TAMS 0x0000000762000000| PB 0x0000000762000000| Untracked 
| 266|0x0000000762200000, 0x0000000762200000, 0x0000000762400000|  0%| F|  |TAMS 0x0000000762200000| PB 0x0000000762200000| Untracked 
| 267|0x0000000762400000, 0x0000000762400000, 0x0000000762600000|  0%| F|  |TAMS 0x0000000762400000| PB 0x0000000762400000| Untracked 
| 268|0x0000000762600000, 0x0000000762600000, 0x0000000762800000|  0%| F|  |TAMS 0x0000000762600000| PB 0x0000000762600000| Untracked 
| 269|0x0000000762800000, 0x0000000762800000, 0x0000000762a00000|  0%| F|  |TAMS 0x0000000762800000| PB 0x0000000762800000| Untracked 
| 270|0x0000000762a00000, 0x0000000762a00000, 0x0000000762c00000|  0%| F|  |TAMS 0x0000000762a00000| PB 0x0000000762a00000| Untracked 
| 271|0x0000000762c00000, 0x0000000762c00000, 0x0000000762e00000|  0%| F|  |TAMS 0x0000000762c00000| PB 0x0000000762c00000| Untracked 
| 272|0x0000000762e00000, 0x0000000762e00000, 0x0000000763000000|  0%| F|  |TAMS 0x0000000762e00000| PB 0x0000000762e00000| Untracked 
| 273|0x0000000763000000, 0x0000000763000000, 0x0000000763200000|  0%| F|  |TAMS 0x0000000763000000| PB 0x0000000763000000| Untracked 
| 274|0x0000000763200000, 0x0000000763200000, 0x0000000763400000|  0%| F|  |TAMS 0x0000000763200000| PB 0x0000000763200000| Untracked 
| 275|0x0000000763400000, 0x0000000763400000, 0x0000000763600000|  0%| F|  |TAMS 0x0000000763400000| PB 0x0000000763400000| Untracked 
| 276|0x0000000763600000, 0x0000000763600000, 0x0000000763800000|  0%| F|  |TAMS 0x0000000763600000| PB 0x0000000763600000| Untracked 
| 277|0x0000000763800000, 0x0000000763800000, 0x0000000763a00000|  0%| F|  |TAMS 0x0000000763800000| PB 0x0000000763800000| Untracked 
| 278|0x0000000763a00000, 0x0000000763a00000, 0x0000000763c00000|  0%| F|  |TAMS 0x0000000763a00000| PB 0x0000000763a00000| Untracked 
| 279|0x0000000763c00000, 0x0000000763c00000, 0x0000000763e00000|  0%| F|  |TAMS 0x0000000763c00000| PB 0x0000000763c00000| Untracked 
| 280|0x0000000763e00000, 0x0000000763e00000, 0x0000000764000000|  0%| F|  |TAMS 0x0000000763e00000| PB 0x0000000763e00000| Untracked 
| 281|0x0000000764000000, 0x0000000764000000, 0x0000000764200000|  0%| F|  |TAMS 0x0000000764000000| PB 0x0000000764000000| Untracked 
| 282|0x0000000764200000, 0x0000000764200000, 0x0000000764400000|  0%| F|  |TAMS 0x0000000764200000| PB 0x0000000764200000| Untracked 
| 283|0x0000000764400000, 0x0000000764400000, 0x0000000764600000|  0%| F|  |TAMS 0x0000000764400000| PB 0x0000000764400000| Untracked 
| 284|0x0000000764600000, 0x0000000764600000, 0x0000000764800000|  0%| F|  |TAMS 0x0000000764600000| PB 0x0000000764600000| Untracked 
| 285|0x0000000764800000, 0x0000000764800000, 0x0000000764a00000|  0%| F|  |TAMS 0x0000000764800000| PB 0x0000000764800000| Untracked 
| 286|0x0000000764a00000, 0x0000000764a00000, 0x0000000764c00000|  0%| F|  |TAMS 0x0000000764a00000| PB 0x0000000764a00000| Untracked 
| 287|0x0000000764c00000, 0x0000000764c00000, 0x0000000764e00000|  0%| F|  |TAMS 0x0000000764c00000| PB 0x0000000764c00000| Untracked 
| 288|0x0000000764e00000, 0x0000000764e00000, 0x0000000765000000|  0%| F|  |TAMS 0x0000000764e00000| PB 0x0000000764e00000| Untracked 
| 289|0x0000000765000000, 0x0000000765000000, 0x0000000765200000|  0%| F|  |TAMS 0x0000000765000000| PB 0x0000000765000000| Untracked 
| 290|0x0000000765200000, 0x0000000765200000, 0x0000000765400000|  0%| F|  |TAMS 0x0000000765200000| PB 0x0000000765200000| Untracked 
| 291|0x0000000765400000, 0x0000000765400000, 0x0000000765600000|  0%| F|  |TAMS 0x0000000765400000| PB 0x0000000765400000| Untracked 
| 292|0x0000000765600000, 0x0000000765600000, 0x0000000765800000|  0%| F|  |TAMS 0x0000000765600000| PB 0x0000000765600000| Untracked 
| 293|0x0000000765800000, 0x0000000765800000, 0x0000000765a00000|  0%| F|  |TAMS 0x0000000765800000| PB 0x0000000765800000| Untracked 
| 294|0x0000000765a00000, 0x0000000765a00000, 0x0000000765c00000|  0%| F|  |TAMS 0x0000000765a00000| PB 0x0000000765a00000| Untracked 
| 295|0x0000000765c00000, 0x0000000765c00000, 0x0000000765e00000|  0%| F|  |TAMS 0x0000000765c00000| PB 0x0000000765c00000| Untracked 
| 296|0x0000000765e00000, 0x0000000765e00000, 0x0000000766000000|  0%| F|  |TAMS 0x0000000765e00000| PB 0x0000000765e00000| Untracked 
| 297|0x0000000766000000, 0x0000000766000000, 0x0000000766200000|  0%| F|  |TAMS 0x0000000766000000| PB 0x0000000766000000| Untracked 
| 298|0x0000000766200000, 0x0000000766200000, 0x0000000766400000|  0%| F|  |TAMS 0x0000000766200000| PB 0x0000000766200000| Untracked 
| 299|0x0000000766400000, 0x0000000766400000, 0x0000000766600000|  0%| F|  |TAMS 0x0000000766400000| PB 0x0000000766400000| Untracked 
| 300|0x0000000766600000, 0x0000000766600000, 0x0000000766800000|  0%| F|  |TAMS 0x0000000766600000| PB 0x0000000766600000| Untracked 
| 301|0x0000000766800000, 0x0000000766800000, 0x0000000766a00000|  0%| F|  |TAMS 0x0000000766800000| PB 0x0000000766800000| Untracked 
| 302|0x0000000766a00000, 0x0000000766a00000, 0x0000000766c00000|  0%| F|  |TAMS 0x0000000766a00000| PB 0x0000000766a00000| Untracked 
| 303|0x0000000766c00000, 0x0000000766c00000, 0x0000000766e00000|  0%| F|  |TAMS 0x0000000766c00000| PB 0x0000000766c00000| Untracked 
| 304|0x0000000766e00000, 0x0000000766e00000, 0x0000000767000000|  0%| F|  |TAMS 0x0000000766e00000| PB 0x0000000766e00000| Untracked 
| 305|0x0000000767000000, 0x0000000767000000, 0x0000000767200000|  0%| F|  |TAMS 0x0000000767000000| PB 0x0000000767000000| Untracked 
| 306|0x0000000767200000, 0x0000000767200000, 0x0000000767400000|  0%| F|  |TAMS 0x0000000767200000| PB 0x0000000767200000| Untracked 
| 307|0x0000000767400000, 0x0000000767400000, 0x0000000767600000|  0%| F|  |TAMS 0x0000000767400000| PB 0x0000000767400000| Untracked 
| 308|0x0000000767600000, 0x0000000767600000, 0x0000000767800000|  0%| F|  |TAMS 0x0000000767600000| PB 0x0000000767600000| Untracked 
| 309|0x0000000767800000, 0x0000000767800000, 0x0000000767a00000|  0%| F|  |TAMS 0x0000000767800000| PB 0x0000000767800000| Untracked 
| 310|0x0000000767a00000, 0x0000000767a00000, 0x0000000767c00000|  0%| F|  |TAMS 0x0000000767a00000| PB 0x0000000767a00000| Untracked 
| 311|0x0000000767c00000, 0x0000000767c00000, 0x0000000767e00000|  0%| F|  |TAMS 0x0000000767c00000| PB 0x0000000767c00000| Untracked 
| 312|0x0000000767e00000, 0x0000000767e00000, 0x0000000768000000|  0%| F|  |TAMS 0x0000000767e00000| PB 0x0000000767e00000| Untracked 
| 313|0x0000000768000000, 0x0000000768000000, 0x0000000768200000|  0%| F|  |TAMS 0x0000000768000000| PB 0x0000000768000000| Untracked 
| 314|0x0000000768200000, 0x0000000768200000, 0x0000000768400000|  0%| F|  |TAMS 0x0000000768200000| PB 0x0000000768200000| Untracked 
| 315|0x0000000768400000, 0x0000000768400000, 0x0000000768600000|  0%| F|  |TAMS 0x0000000768400000| PB 0x0000000768400000| Untracked 
| 316|0x0000000768600000, 0x0000000768600000, 0x0000000768800000|  0%| F|  |TAMS 0x0000000768600000| PB 0x0000000768600000| Untracked 
| 317|0x0000000768800000, 0x0000000768800000, 0x0000000768a00000|  0%| F|  |TAMS 0x0000000768800000| PB 0x0000000768800000| Untracked 
| 318|0x0000000768a00000, 0x0000000768a00000, 0x0000000768c00000|  0%| F|  |TAMS 0x0000000768a00000| PB 0x0000000768a00000| Untracked 
| 319|0x0000000768c00000, 0x0000000768c00000, 0x0000000768e00000|  0%| F|  |TAMS 0x0000000768c00000| PB 0x0000000768c00000| Untracked 
| 320|0x0000000768e00000, 0x0000000768e00000, 0x0000000769000000|  0%| F|  |TAMS 0x0000000768e00000| PB 0x0000000768e00000| Untracked 
| 321|0x0000000769000000, 0x0000000769000000, 0x0000000769200000|  0%| F|  |TAMS 0x0000000769000000| PB 0x0000000769000000| Untracked 
| 322|0x0000000769200000, 0x0000000769200000, 0x0000000769400000|  0%| F|  |TAMS 0x0000000769200000| PB 0x0000000769200000| Untracked 
| 323|0x0000000769400000, 0x0000000769400000, 0x0000000769600000|  0%| F|  |TAMS 0x0000000769400000| PB 0x0000000769400000| Untracked 
| 324|0x0000000769600000, 0x0000000769600000, 0x0000000769800000|  0%| F|  |TAMS 0x0000000769600000| PB 0x0000000769600000| Untracked 
| 325|0x0000000769800000, 0x0000000769800000, 0x0000000769a00000|  0%| F|  |TAMS 0x0000000769800000| PB 0x0000000769800000| Untracked 
| 326|0x0000000769a00000, 0x0000000769a00000, 0x0000000769c00000|  0%| F|  |TAMS 0x0000000769a00000| PB 0x0000000769a00000| Untracked 
| 327|0x0000000769c00000, 0x0000000769c00000, 0x0000000769e00000|  0%| F|  |TAMS 0x0000000769c00000| PB 0x0000000769c00000| Untracked 
| 328|0x0000000769e00000, 0x0000000769e00000, 0x000000076a000000|  0%| F|  |TAMS 0x0000000769e00000| PB 0x0000000769e00000| Untracked 
| 329|0x000000076a000000, 0x000000076a000000, 0x000000076a200000|  0%| F|  |TAMS 0x000000076a000000| PB 0x000000076a000000| Untracked 
| 330|0x000000076a200000, 0x000000076a200000, 0x000000076a400000|  0%| F|  |TAMS 0x000000076a200000| PB 0x000000076a200000| Untracked 
| 331|0x000000076a400000, 0x000000076a400000, 0x000000076a600000|  0%| F|  |TAMS 0x000000076a400000| PB 0x000000076a400000| Untracked 
| 332|0x000000076a600000, 0x000000076a600000, 0x000000076a800000|  0%| F|  |TAMS 0x000000076a600000| PB 0x000000076a600000| Untracked 
| 333|0x000000076a800000, 0x000000076a900000, 0x000000076aa00000| 50%| E|  |TAMS 0x000000076a800000| PB 0x000000076a800000| Complete 
| 334|0x000000076aa00000, 0x000000076ac00000, 0x000000076ac00000|100%| E|CS|TAMS 0x000000076aa00000| PB 0x000000076aa00000| Complete 
| 335|0x000000076ac00000, 0x000000076ae00000, 0x000000076ae00000|100%| E|CS|TAMS 0x000000076ac00000| PB 0x000000076ac00000| Complete 
| 336|0x000000076ae00000, 0x000000076b000000, 0x000000076b000000|100%| E|CS|TAMS 0x000000076ae00000| PB 0x000000076ae00000| Complete 
| 337|0x000000076b000000, 0x000000076b200000, 0x000000076b200000|100%| E|CS|TAMS 0x000000076b000000| PB 0x000000076b000000| Complete 
| 338|0x000000076b200000, 0x000000076b400000, 0x000000076b400000|100%| E|CS|TAMS 0x000000076b200000| PB 0x000000076b200000| Complete 
| 339|0x000000076b400000, 0x000000076b600000, 0x000000076b600000|100%| E|CS|TAMS 0x000000076b400000| PB 0x000000076b400000| Complete 
| 340|0x000000076b600000, 0x000000076b800000, 0x000000076b800000|100%| E|CS|TAMS 0x000000076b600000| PB 0x000000076b600000| Complete 
| 341|0x000000076b800000, 0x000000076ba00000, 0x000000076ba00000|100%| E|CS|TAMS 0x000000076b800000| PB 0x000000076b800000| Complete 
| 342|0x000000076ba00000, 0x000000076bc00000, 0x000000076bc00000|100%| E|CS|TAMS 0x000000076ba00000| PB 0x000000076ba00000| Complete 
| 343|0x000000076bc00000, 0x000000076be00000, 0x000000076be00000|100%| E|CS|TAMS 0x000000076bc00000| PB 0x000000076bc00000| Complete 
| 344|0x000000076be00000, 0x000000076c000000, 0x000000076c000000|100%| E|CS|TAMS 0x000000076be00000| PB 0x000000076be00000| Complete 
| 345|0x000000076c000000, 0x000000076c200000, 0x000000076c200000|100%| E|CS|TAMS 0x000000076c000000| PB 0x000000076c000000| Complete 
| 346|0x000000076c200000, 0x000000076c400000, 0x000000076c400000|100%| E|CS|TAMS 0x000000076c200000| PB 0x000000076c200000| Complete 
| 347|0x000000076c400000, 0x000000076c600000, 0x000000076c600000|100%| E|CS|TAMS 0x000000076c400000| PB 0x000000076c400000| Complete 
| 348|0x000000076c600000, 0x000000076c800000, 0x000000076c800000|100%| E|CS|TAMS 0x000000076c600000| PB 0x000000076c600000| Complete 
| 349|0x000000076c800000, 0x000000076ca00000, 0x000000076ca00000|100%| E|CS|TAMS 0x000000076c800000| PB 0x000000076c800000| Complete 
| 350|0x000000076ca00000, 0x000000076cc00000, 0x000000076cc00000|100%| E|CS|TAMS 0x000000076ca00000| PB 0x000000076ca00000| Complete 
| 351|0x000000076cc00000, 0x000000076ce00000, 0x000000076ce00000|100%| E|CS|TAMS 0x000000076cc00000| PB 0x000000076cc00000| Complete 
| 352|0x000000076ce00000, 0x000000076d000000, 0x000000076d000000|100%| E|CS|TAMS 0x000000076ce00000| PB 0x000000076ce00000| Complete 
| 353|0x000000076d000000, 0x000000076d200000, 0x000000076d200000|100%| E|CS|TAMS 0x000000076d000000| PB 0x000000076d000000| Complete 
| 354|0x000000076d200000, 0x000000076d400000, 0x000000076d400000|100%| E|CS|TAMS 0x000000076d200000| PB 0x000000076d200000| Complete 
| 355|0x000000076d400000, 0x000000076d600000, 0x000000076d600000|100%| E|CS|TAMS 0x000000076d400000| PB 0x000000076d400000| Complete 
| 356|0x000000076d600000, 0x000000076d800000, 0x000000076d800000|100%| E|CS|TAMS 0x000000076d600000| PB 0x000000076d600000| Complete 
| 357|0x000000076d800000, 0x000000076da00000, 0x000000076da00000|100%| E|CS|TAMS 0x000000076d800000| PB 0x000000076d800000| Complete 
| 358|0x000000076da00000, 0x000000076dc00000, 0x000000076dc00000|100%| E|CS|TAMS 0x000000076da00000| PB 0x000000076da00000| Complete 
| 359|0x000000076dc00000, 0x000000076de00000, 0x000000076de00000|100%| E|CS|TAMS 0x000000076dc00000| PB 0x000000076dc00000| Complete 
| 360|0x000000076de00000, 0x000000076e000000, 0x000000076e000000|100%| E|CS|TAMS 0x000000076de00000| PB 0x000000076de00000| Complete 
| 361|0x000000076e000000, 0x000000076e200000, 0x000000076e200000|100%| E|CS|TAMS 0x000000076e000000| PB 0x000000076e000000| Complete 
| 362|0x000000076e200000, 0x000000076e400000, 0x000000076e400000|100%| E|CS|TAMS 0x000000076e200000| PB 0x000000076e200000| Complete 
| 363|0x000000076e400000, 0x000000076e600000, 0x000000076e600000|100%| E|CS|TAMS 0x000000076e400000| PB 0x000000076e400000| Complete 
| 364|0x000000076e600000, 0x000000076e800000, 0x000000076e800000|100%| E|CS|TAMS 0x000000076e600000| PB 0x000000076e600000| Complete 
| 365|0x000000076e800000, 0x000000076ea00000, 0x000000076ea00000|100%| E|CS|TAMS 0x000000076e800000| PB 0x000000076e800000| Complete 
| 366|0x000000076ea00000, 0x000000076ec00000, 0x000000076ec00000|100%| E|CS|TAMS 0x000000076ea00000| PB 0x000000076ea00000| Complete 
| 367|0x000000076ec00000, 0x000000076ee00000, 0x000000076ee00000|100%| E|CS|TAMS 0x000000076ec00000| PB 0x000000076ec00000| Complete 
| 368|0x000000076ee00000, 0x000000076f000000, 0x000000076f000000|100%| E|CS|TAMS 0x000000076ee00000| PB 0x000000076ee00000| Complete 
| 369|0x000000076f000000, 0x000000076f200000, 0x000000076f200000|100%| E|CS|TAMS 0x000000076f000000| PB 0x000000076f000000| Complete 
| 370|0x000000076f200000, 0x000000076f400000, 0x000000076f400000|100%| E|CS|TAMS 0x000000076f200000| PB 0x000000076f200000| Complete 
| 371|0x000000076f400000, 0x000000076f600000, 0x000000076f600000|100%| E|CS|TAMS 0x000000076f400000| PB 0x000000076f400000| Complete 
| 372|0x000000076f600000, 0x000000076f800000, 0x000000076f800000|100%| E|CS|TAMS 0x000000076f600000| PB 0x000000076f600000| Complete 
| 373|0x000000076f800000, 0x000000076fa00000, 0x000000076fa00000|100%| E|CS|TAMS 0x000000076f800000| PB 0x000000076f800000| Complete 
| 374|0x000000076fa00000, 0x000000076fc00000, 0x000000076fc00000|100%| E|CS|TAMS 0x000000076fa00000| PB 0x000000076fa00000| Complete 
| 375|0x000000076fc00000, 0x000000076fe00000, 0x000000076fe00000|100%| E|CS|TAMS 0x000000076fc00000| PB 0x000000076fc00000| Complete 
| 376|0x000000076fe00000, 0x0000000770000000, 0x0000000770000000|100%| E|CS|TAMS 0x000000076fe00000| PB 0x000000076fe00000| Complete 
| 377|0x0000000770000000, 0x0000000770200000, 0x0000000770200000|100%| E|CS|TAMS 0x0000000770000000| PB 0x0000000770000000| Complete 
| 378|0x0000000770200000, 0x0000000770400000, 0x0000000770400000|100%| E|CS|TAMS 0x0000000770200000| PB 0x0000000770200000| Complete 
| 379|0x0000000770400000, 0x0000000770600000, 0x0000000770600000|100%| E|CS|TAMS 0x0000000770400000| PB 0x0000000770400000| Complete 
| 380|0x0000000770600000, 0x0000000770800000, 0x0000000770800000|100%| E|CS|TAMS 0x0000000770600000| PB 0x0000000770600000| Complete 
| 381|0x0000000770800000, 0x0000000770a00000, 0x0000000770a00000|100%| E|CS|TAMS 0x0000000770800000| PB 0x0000000770800000| Complete 
| 382|0x0000000770a00000, 0x0000000770c00000, 0x0000000770c00000|100%| E|CS|TAMS 0x0000000770a00000| PB 0x0000000770a00000| Complete 
| 383|0x0000000770c00000, 0x0000000770e00000, 0x0000000770e00000|100%| E|CS|TAMS 0x0000000770c00000| PB 0x0000000770c00000| Complete 
| 384|0x0000000770e00000, 0x0000000771000000, 0x0000000771000000|100%| E|CS|TAMS 0x0000000770e00000| PB 0x0000000770e00000| Complete 
| 385|0x0000000771000000, 0x0000000771200000, 0x0000000771200000|100%| E|CS|TAMS 0x0000000771000000| PB 0x0000000771000000| Complete 
| 386|0x0000000771200000, 0x0000000771400000, 0x0000000771400000|100%| E|CS|TAMS 0x0000000771200000| PB 0x0000000771200000| Complete 
| 387|0x0000000771400000, 0x0000000771600000, 0x0000000771600000|100%| E|CS|TAMS 0x0000000771400000| PB 0x0000000771400000| Complete 
| 388|0x0000000771600000, 0x0000000771800000, 0x0000000771800000|100%| E|CS|TAMS 0x0000000771600000| PB 0x0000000771600000| Complete 
| 389|0x0000000771800000, 0x0000000771a00000, 0x0000000771a00000|100%| E|CS|TAMS 0x0000000771800000| PB 0x0000000771800000| Complete 
| 390|0x0000000771a00000, 0x0000000771c00000, 0x0000000771c00000|100%| E|CS|TAMS 0x0000000771a00000| PB 0x0000000771a00000| Complete 
| 391|0x0000000771c00000, 0x0000000771e00000, 0x0000000771e00000|100%| E|CS|TAMS 0x0000000771c00000| PB 0x0000000771c00000| Complete 
| 392|0x0000000771e00000, 0x0000000772000000, 0x0000000772000000|100%| E|CS|TAMS 0x0000000771e00000| PB 0x0000000771e00000| Complete 
| 393|0x0000000772000000, 0x0000000772200000, 0x0000000772200000|100%| E|CS|TAMS 0x0000000772000000| PB 0x0000000772000000| Complete 
| 394|0x0000000772200000, 0x0000000772400000, 0x0000000772400000|100%| E|CS|TAMS 0x0000000772200000| PB 0x0000000772200000| Complete 
| 395|0x0000000772400000, 0x0000000772600000, 0x0000000772600000|100%| E|CS|TAMS 0x0000000772400000| PB 0x0000000772400000| Complete 
| 396|0x0000000772600000, 0x0000000772800000, 0x0000000772800000|100%| E|CS|TAMS 0x0000000772600000| PB 0x0000000772600000| Complete 
| 397|0x0000000772800000, 0x0000000772a00000, 0x0000000772a00000|100%| E|CS|TAMS 0x0000000772800000| PB 0x0000000772800000| Complete 
| 398|0x0000000772a00000, 0x0000000772c00000, 0x0000000772c00000|100%| E|CS|TAMS 0x0000000772a00000| PB 0x0000000772a00000| Complete 
| 399|0x0000000772c00000, 0x0000000772e00000, 0x0000000772e00000|100%| E|CS|TAMS 0x0000000772c00000| PB 0x0000000772c00000| Complete 
| 400|0x0000000772e00000, 0x0000000773000000, 0x0000000773000000|100%| E|CS|TAMS 0x0000000772e00000| PB 0x0000000772e00000| Complete 
| 401|0x0000000773000000, 0x0000000773200000, 0x0000000773200000|100%| E|CS|TAMS 0x0000000773000000| PB 0x0000000773000000| Complete 
| 402|0x0000000773200000, 0x0000000773400000, 0x0000000773400000|100%| E|CS|TAMS 0x0000000773200000| PB 0x0000000773200000| Complete 
| 403|0x0000000773400000, 0x0000000773600000, 0x0000000773600000|100%| E|CS|TAMS 0x0000000773400000| PB 0x0000000773400000| Complete 
| 404|0x0000000773600000, 0x0000000773800000, 0x0000000773800000|100%| E|CS|TAMS 0x0000000773600000| PB 0x0000000773600000| Complete 
| 482|0x000000077d200000, 0x000000077d400000, 0x000000077d400000|100%| O|  |TAMS 0x000000077d200000| PB 0x000000077d200000| Untracked 
| 485|0x000000077d800000, 0x000000077da00000, 0x000000077da00000|100%| O|  |TAMS 0x000000077d800000| PB 0x000000077d800000| Untracked 
| 500|0x000000077f600000, 0x000000077f800000, 0x000000077f800000|100%| O|  |TAMS 0x000000077f600000| PB 0x000000077f600000| Untracked 
| 514|0x0000000781200000, 0x0000000781400000, 0x0000000781400000|100%| O|  |TAMS 0x0000000781200000| PB 0x0000000781200000| Untracked 
| 524|0x0000000782600000, 0x0000000782800000, 0x0000000782800000|100%| E|CS|TAMS 0x0000000782600000| PB 0x0000000782600000| Complete 
| 525|0x0000000782800000, 0x0000000782a00000, 0x0000000782a00000|100%| O|  |TAMS 0x0000000782800000| PB 0x0000000782800000| Untracked 
| 526|0x0000000782a00000, 0x0000000782c00000, 0x0000000782c00000|100%| O|  |TAMS 0x0000000782a00000| PB 0x0000000782a00000| Untracked 
| 527|0x0000000782c00000, 0x0000000782e00000, 0x0000000782e00000|100%| O|  |TAMS 0x0000000782c00000| PB 0x0000000782c00000| Untracked 
| 552|0x0000000785e00000, 0x0000000786000000, 0x0000000786000000|100%| O|  |TAMS 0x0000000785e00000| PB 0x0000000785e00000| Untracked 
| 557|0x0000000786800000, 0x0000000786a00000, 0x0000000786a00000|100%| O|  |TAMS 0x0000000786800000| PB 0x0000000786800000| Untracked 
| 559|0x0000000786c00000, 0x0000000786e00000, 0x0000000786e00000|100%| O|  |TAMS 0x0000000786c00000| PB 0x0000000786c00000| Untracked 
| 585|0x000000078a000000, 0x000000078a200000, 0x000000078a200000|100%| O|  |TAMS 0x000000078a000000| PB 0x000000078a000000| Untracked 
| 586|0x000000078a200000, 0x000000078a400000, 0x000000078a400000|100%| O|  |TAMS 0x000000078a200000| PB 0x000000078a200000| Untracked 
| 588|0x000000078a600000, 0x000000078a800000, 0x000000078a800000|100%| O|  |TAMS 0x000000078a600000| PB 0x000000078a600000| Untracked 
|1020|0x00000007c0600000, 0x00000007c0800000, 0x00000007c0800000|100%| O|  |TAMS 0x00000007c0600000| PB 0x00000007c0600000| Untracked 
|1021|0x00000007c0800000, 0x00000007c0a00000, 0x00000007c0a00000|100%| O|  |TAMS 0x00000007c0800000| PB 0x00000007c0800000| Untracked 
|1022|0x00000007c0a00000, 0x00000007c0c00000, 0x00000007c0c00000|100%| O|  |TAMS 0x00000007c0a00000| PB 0x00000007c0a00000| Untracked 
|1023|0x00000007c0c00000, 0x00000007c0e00000, 0x00000007c0e00000|100%| O|  |TAMS 0x00000007c0c00000| PB 0x00000007c0c00000| Untracked 
|1024|0x00000007c0e00000, 0x00000007c1000000, 0x00000007c1000000|100%| O|  |TAMS 0x00000007c0e00000| PB 0x00000007c0e00000| Untracked 
|1025|0x00000007c1000000, 0x00000007c1200000, 0x00000007c1200000|100%| O|  |TAMS 0x00000007c1000000| PB 0x00000007c1000000| Untracked 
|1026|0x00000007c1200000, 0x00000007c1400000, 0x00000007c1400000|100%| O|  |TAMS 0x00000007c1200000| PB 0x00000007c1200000| Untracked 
|1027|0x00000007c1400000, 0x00000007c1600000, 0x00000007c1600000|100%| O|  |TAMS 0x00000007c1400000| PB 0x00000007c1400000| Untracked 
|1028|0x00000007c1600000, 0x00000007c1800000, 0x00000007c1800000|100%| O|  |TAMS 0x00000007c1600000| PB 0x00000007c1600000| Untracked 
|1029|0x00000007c1800000, 0x00000007c1a00000, 0x00000007c1a00000|100%| O|  |TAMS 0x00000007c1800000| PB 0x00000007c1800000| Untracked 
|1030|0x00000007c1a00000, 0x00000007c1c00000, 0x00000007c1c00000|100%| O|  |TAMS 0x00000007c1a00000| PB 0x00000007c1a00000| Untracked 
|1031|0x00000007c1c00000, 0x00000007c1e00000, 0x00000007c1e00000|100%| O|  |TAMS 0x00000007c1c00000| PB 0x00000007c1c00000| Untracked 
|1032|0x00000007c1e00000, 0x00000007c2000000, 0x00000007c2000000|100%| O|  |TAMS 0x00000007c1e00000| PB 0x00000007c1e00000| Untracked 
|1033|0x00000007c2000000, 0x00000007c2200000, 0x00000007c2200000|100%| O|  |TAMS 0x00000007c2000000| PB 0x00000007c2000000| Untracked 
|1034|0x00000007c2200000, 0x00000007c2400000, 0x00000007c2400000|100%| O|  |TAMS 0x00000007c2200000| PB 0x00000007c2200000| Untracked 
|1035|0x00000007c2400000, 0x00000007c2600000, 0x00000007c2600000|100%| O|  |TAMS 0x00000007c2400000| PB 0x00000007c2400000| Untracked 
|1036|0x00000007c2600000, 0x00000007c2800000, 0x00000007c2800000|100%| O|  |TAMS 0x00000007c2600000| PB 0x00000007c2600000| Untracked 
|1037|0x00000007c2800000, 0x00000007c2a00000, 0x00000007c2a00000|100%| O|  |TAMS 0x00000007c2800000| PB 0x00000007c2800000| Untracked 
|1038|0x00000007c2a00000, 0x00000007c2c00000, 0x00000007c2c00000|100%| O|  |TAMS 0x00000007c2a00000| PB 0x00000007c2a00000| Untracked 
|1039|0x00000007c2c00000, 0x00000007c2e00000, 0x00000007c2e00000|100%| O|  |TAMS 0x00000007c2c00000| PB 0x00000007c2c00000| Untracked 
|1493|0x00000007fb800000, 0x00000007fba00000, 0x00000007fba00000|100%| E|CS|TAMS 0x00000007fb800000| PB 0x00000007fb800000| Complete 
|1494|0x00000007fba00000, 0x00000007fbc00000, 0x00000007fbc00000|100%| E|CS|TAMS 0x00000007fba00000| PB 0x00000007fba00000| Complete 
|1495|0x00000007fbc00000, 0x00000007fbe00000, 0x00000007fbe00000|100%| E|CS|TAMS 0x00000007fbc00000| PB 0x00000007fbc00000| Complete 
|1496|0x00000007fbe00000, 0x00000007fc000000, 0x00000007fc000000|100%| E|CS|TAMS 0x00000007fbe00000| PB 0x00000007fbe00000| Complete 
|1497|0x00000007fc000000, 0x00000007fc200000, 0x00000007fc200000|100%| E|CS|TAMS 0x00000007fc000000| PB 0x00000007fc000000| Complete 
|1498|0x00000007fc200000, 0x00000007fc400000, 0x00000007fc400000|100%| E|CS|TAMS 0x00000007fc200000| PB 0x00000007fc200000| Complete 
|1499|0x00000007fc400000, 0x00000007fc600000, 0x00000007fc600000|100%| E|CS|TAMS 0x00000007fc400000| PB 0x00000007fc400000| Complete 
|1500|0x00000007fc600000, 0x00000007fc800000, 0x00000007fc800000|100%| E|CS|TAMS 0x00000007fc600000| PB 0x00000007fc600000| Complete 
|1501|0x00000007fc800000, 0x00000007fca00000, 0x00000007fca00000|100%| E|CS|TAMS 0x00000007fc800000| PB 0x00000007fc800000| Complete 
|1502|0x00000007fca00000, 0x00000007fcc00000, 0x00000007fcc00000|100%| E|CS|TAMS 0x00000007fca00000| PB 0x00000007fca00000| Complete 
|1503|0x00000007fcc00000, 0x00000007fce00000, 0x00000007fce00000|100%| E|CS|TAMS 0x00000007fcc00000| PB 0x00000007fcc00000| Complete 
|1504|0x00000007fce00000, 0x00000007fd000000, 0x00000007fd000000|100%| E|CS|TAMS 0x00000007fce00000| PB 0x00000007fce00000| Complete 
|1505|0x00000007fd000000, 0x00000007fd200000, 0x00000007fd200000|100%| O|  |TAMS 0x00000007fd000000| PB 0x00000007fd000000| Untracked 
|1506|0x00000007fd200000, 0x00000007fd400000, 0x00000007fd400000|100%| O|  |TAMS 0x00000007fd200000| PB 0x00000007fd200000| Untracked 
|1507|0x00000007fd400000, 0x00000007fd600000, 0x00000007fd600000|100%| O|  |TAMS 0x00000007fd400000| PB 0x00000007fd400000| Untracked 
|1508|0x00000007fd600000, 0x00000007fd800000, 0x00000007fd800000|100%| O|  |TAMS 0x00000007fd600000| PB 0x00000007fd600000| Untracked 
|1509|0x00000007fd800000, 0x00000007fda00000, 0x00000007fda00000|100%| O|  |TAMS 0x00000007fd800000| PB 0x00000007fd800000| Untracked 
|1510|0x00000007fda00000, 0x00000007fdc00000, 0x00000007fdc00000|100%| O|  |TAMS 0x00000007fda00000| PB 0x00000007fda00000| Untracked 
|1511|0x00000007fdc00000, 0x00000007fde00000, 0x00000007fde00000|100%| O|  |TAMS 0x00000007fdc00000| PB 0x00000007fdc00000| Untracked 
|1512|0x00000007fde00000, 0x00000007fe000000, 0x00000007fe000000|100%| O|  |TAMS 0x00000007fde00000| PB 0x00000007fde00000| Untracked 
|1513|0x00000007fe000000, 0x00000007fe200000, 0x00000007fe200000|100%| O|  |TAMS 0x00000007fe000000| PB 0x00000007fe000000| Untracked 
|1514|0x00000007fe200000, 0x00000007fe400000, 0x00000007fe400000|100%| O|  |TAMS 0x00000007fe200000| PB 0x00000007fe200000| Untracked 
|1515|0x00000007fe400000, 0x00000007fe600000, 0x00000007fe600000|100%| O|  |TAMS 0x00000007fe400000| PB 0x00000007fe400000| Untracked 
|1516|0x00000007fe600000, 0x00000007fe800000, 0x00000007fe800000|100%| O|  |TAMS 0x00000007fe600000| PB 0x00000007fe600000| Untracked 
|1517|0x00000007fe800000, 0x00000007fea00000, 0x00000007fea00000|100%| O|  |TAMS 0x00000007fe800000| PB 0x00000007fe800000| Untracked 
|1518|0x00000007fea00000, 0x00000007fec00000, 0x00000007fec00000|100%| O|  |TAMS 0x00000007fea00000| PB 0x00000007fea00000| Untracked 
|1519|0x00000007fec00000, 0x00000007fee00000, 0x00000007fee00000|100%| O|  |TAMS 0x00000007fec00000| PB 0x00000007fec00000| Untracked 
|1520|0x00000007fee00000, 0x00000007ff000000, 0x00000007ff000000|100%| O|  |TAMS 0x00000007fee00000| PB 0x00000007fee00000| Untracked 
|1521|0x00000007ff000000, 0x00000007ff200000, 0x00000007ff200000|100%| O|  |TAMS 0x00000007ff000000| PB 0x00000007ff000000| Untracked 
|1522|0x00000007ff200000, 0x00000007ff400000, 0x00000007ff400000|100%| O|  |TAMS 0x00000007ff200000| PB 0x00000007ff200000| Untracked 
|1523|0x00000007ff400000, 0x00000007ff600000, 0x00000007ff600000|100%| O|  |TAMS 0x00000007ff400000| PB 0x00000007ff400000| Untracked 
|1524|0x00000007ff600000, 0x00000007ff800000, 0x00000007ff800000|100%| O|  |TAMS 0x00000007ff600000| PB 0x00000007ff600000| Untracked 
|1525|0x00000007ff800000, 0x00000007ffa00000, 0x00000007ffa00000|100%| O|  |TAMS 0x00000007ff800000| PB 0x00000007ff800000| Untracked 
|1526|0x00000007ffa00000, 0x00000007ffc00000, 0x00000007ffc00000|100%| O|  |TAMS 0x00000007ffa00000| PB 0x00000007ffa00000| Untracked 
|1527|0x00000007ffc00000, 0x00000007ffe00000, 0x00000007ffe00000|100%| O|  |TAMS 0x00000007ffc00000| PB 0x00000007ffc00000| Untracked 
|1528|0x00000007ffe00000, 0x0000000800000000, 0x0000000800000000|100%| O|  |TAMS 0x00000007ffe00000| PB 0x00000007ffe00000| Untracked 

Card table byte_map: [0x00000231fc420000,0x00000231fca20000] _byte_map_base: 0x00000231f8a19000

Marking Bits: (CMBitMap*) 0x00000231fbdca970
 Bits: [0x00000231fca20000, 0x00000231ff9e8000)

Polling page: 0x00000231f9a10000

Metaspace:

Usage:
  Non-class:    159.30 MB used.
      Class:     27.88 MB used.
       Both:    187.18 MB used.

Virtual space:
  Non-class space:      192.00 MB reserved,     160.31 MB ( 83%) committed,  3 nodes.
      Class space:        1.00 GB reserved,      28.69 MB (  3%) committed,  1 nodes.
             Both:        1.19 GB reserved,     189.00 MB ( 16%) committed. 

Chunk freelists:
   Non-Class:  15.36 MB
       Class:  3.14 MB
        Both:  18.51 MB

MaxMetaspaceSize: unlimited
CompressedClassSpaceSize: 1.00 GB
Initial GC threshold: 21.00 MB
Current GC threshold: 314.69 MB
CDS: on
 - commit_granule_bytes: 65536.
 - commit_granule_words: 8192.
 - virtual_space_node_default_size: 8388608.
 - enlarge_chunks_in_place: 1.
 - use_allocation_guard: 0.


Internal statistics:

num_allocs_failed_limit: 95.
num_arena_births: 3042.
num_arena_deaths: 0.
num_vsnodes_births: 4.
num_vsnodes_deaths: 0.
num_space_committed: 3015.
num_space_uncommitted: 0.
num_chunks_returned_to_freelist: 95.
num_chunks_taken_from_freelist: 10595.
num_chunk_merges: 95.
num_chunk_splits: 7233.
num_chunks_enlarged: 5398.
num_inconsistent_stats: 0.

CodeHeap 'non-profiled nmethods': size=120000Kb used=35876Kb max_used=35876Kb free=84123Kb
 bounds [0x0000023190110000, 0x0000023192470000, 0x0000023197640000]
CodeHeap 'profiled nmethods': size=120000Kb used=21004Kb max_used=45475Kb free=98995Kb
 bounds [0x0000023188640000, 0x000002318b2e0000, 0x000002318fb70000]
CodeHeap 'non-nmethods': size=5760Kb used=3881Kb max_used=4009Kb free=1878Kb
 bounds [0x000002318fb70000, 0x000002318ff70000, 0x0000023190110000]
CodeCache: size=245760Kb, used=60761Kb, max_used=85360Kb, free=184996Kb
 total_blobs=19323, nmethods=16906, adapters=2317, full_count=0
Compilation: enabled, stopped_count=0, restarted_count=0

Compilation events (20 events):
Event: 1308.525 Thread 0x00000231ffecbd90 nmethod 50252 0x000002318b0f5510 code [0x000002318b0f56c0, 0x000002318b0f58d8]
Event: 1308.531 Thread 0x00000231ffecb300 50255       4       java.lang.invoke.InvokerBytecodeGenerator::emitPushArguments (45 bytes)
Event: 1308.535 Thread 0x00000231ffecb300 nmethod 50255 0x000002319037d890 code [0x000002319037da60, 0x000002319037ded0]
Event: 1308.535 Thread 0x00000231ffecb300 50258       4       java.lang.invoke.InvokerBytecodeGenerator::isStaticallyInvocable (165 bytes)
Event: 1308.536 Thread 0x00000231ffecbd90 50259       3       it.unimi.dsi.fastutil.ints.IntSets$UnmodifiableSet::iterator (5 bytes)
Event: 1308.536 Thread 0x00000231ffecbd90 nmethod 50259 0x000002318ac9f290 code [0x000002318ac9f460, 0x000002318ac9f870]
Event: 1308.536 Thread 0x00000231ffecbd90 50260       3       it.unimi.dsi.fastutil.ints.IntSets$UnmodifiableSet::size (5 bytes)
Event: 1308.536 Thread 0x00000231ffecbd90 nmethod 50260 0x000002318b0f8490 code [0x000002318b0f8640, 0x000002318b0f8880]
Event: 1308.539 Thread 0x00000231ffecbd90 50261       3       org.apache.logging.log4j.message.ReusableMessageFactory::newMessage (10 bytes)
Event: 1308.539 Thread 0x00000231ffecbd90 nmethod 50261 0x000002318ad02e10 code [0x000002318ad02fe0, 0x000002318ad033c0]
Event: 1308.540 Thread 0x00000231ffecb300 nmethod 50258 0x0000023191a67010 code [0x0000023191a67240, 0x0000023191a67698]
Event: 1308.543 Thread 0x00000231ffecbd90 50262       3       java.lang.invoke.LambdaForm$MH/0x000002319b35d000::invoke (45 bytes)
Event: 1308.543 Thread 0x00000231ffecb300 50263       4       org.apache.logging.log4j.core.pattern.ExtendedThrowablePatternConverter::format (109 bytes)
Event: 1308.544 Thread 0x00000231ffecbd90 nmethod 50262 0x0000023189528a10 code [0x0000023189528c00, 0x00000231895292b8]
Event: 1308.546 Thread 0x00000231ffecbd90 50265       3       net.minecraft.client.font.BitmapFont::getProvidedGlyphs (11 bytes)
Event: 1308.547 Thread 0x00000231ffecbd90 nmethod 50265 0x000002318a514690 code [0x000002318a514920, 0x000002318a5152f8]
Event: 1308.547 Thread 0x00000231ffecbd90 50266       3       it.unimi.dsi.fastutil.ints.IntOpenHashSet$SetIterator::<init> (48 bytes)
Event: 1308.547 Thread 0x00000231ffecbd90 nmethod 50266 0x000002318b05a890 code [0x000002318b05aa40, 0x000002318b05ac38]
Event: 1308.547 Thread 0x00000231ffecbd90 50267       3       org.apache.logging.log4j.spi.AbstractLogger::logMessage (32 bytes)
Event: 1308.547 Thread 0x00000231ffecbd90 nmethod 50267 0x000002318b0efc10 code [0x000002318b0efde0, 0x000002318b0f0108]

GC Heap History (20 events):
Event: 1294.138 GC heap before
{Heap before GC invocations=635 (full 3):
 garbage-first heap   total 972800K, used 907558K [0x0000000740e00000, 0x0000000800000000)
  region size 2048K, 208 young (425984K), 6 survivors (12288K)
 Metaspace       used 191565K, committed 193408K, reserved 1245184K
  class space    used 28540K, committed 29376K, reserved 1048576K
}
Event: 1294.145 GC heap after
{Heap after GC invocations=636 (full 3):
 garbage-first heap   total 972800K, used 491504K [0x0000000740e00000, 0x0000000800000000)
  region size 2048K, 5 young (10240K), 5 survivors (10240K)
 Metaspace       used 191565K, committed 193408K, reserved 1245184K
  class space    used 28540K, committed 29376K, reserved 1048576K
}
Event: 1294.713 GC heap before
{Heap before GC invocations=636 (full 3):
 garbage-first heap   total 972800K, used 561136K [0x0000000740e00000, 0x0000000800000000)
  region size 2048K, 40 young (81920K), 5 survivors (10240K)
 Metaspace       used 191565K, committed 193408K, reserved 1245184K
  class space    used 28540K, committed 29376K, reserved 1048576K
}
Event: 1294.720 GC heap after
{Heap after GC invocations=637 (full 3):
 garbage-first heap   total 972800K, used 491506K [0x0000000740e00000, 0x0000000800000000)
  region size 2048K, 5 young (10240K), 5 survivors (10240K)
 Metaspace       used 191565K, committed 193408K, reserved 1245184K
  class space    used 28540K, committed 29376K, reserved 1048576K
}
Event: 1296.860 GC heap before
{Heap before GC invocations=638 (full 3):
 garbage-first heap   total 972800K, used 915442K [0x0000000740e00000, 0x0000000800000000)
  region size 2048K, 210 young (430080K), 5 survivors (10240K)
 Metaspace       used 191565K, committed 193408K, reserved 1245184K
  class space    used 28540K, committed 29376K, reserved 1048576K
}
Event: 1296.867 GC heap after
{Heap after GC invocations=639 (full 3):
 garbage-first heap   total 972800K, used 495608K [0x0000000740e00000, 0x0000000800000000)
  region size 2048K, 5 young (10240K), 5 survivors (10240K)
 Metaspace       used 191565K, committed 193408K, reserved 1245184K
  class space    used 28540K, committed 29376K, reserved 1048576K
}
Event: 1298.545 GC heap before
{Heap before GC invocations=639 (full 3):
 garbage-first heap   total 972800K, used 909304K [0x0000000740e00000, 0x0000000800000000)
  region size 2048K, 207 young (423936K), 5 survivors (10240K)
 Metaspace       used 191565K, committed 193408K, reserved 1245184K
  class space    used 28540K, committed 29376K, reserved 1048576K
}
Event: 1298.551 GC heap after
{Heap after GC invocations=640 (full 3):
 garbage-first heap   total 972800K, used 494295K [0x0000000740e00000, 0x0000000800000000)
  region size 2048K, 5 young (10240K), 5 survivors (10240K)
 Metaspace       used 191565K, committed 193408K, reserved 1245184K
  class space    used 28540K, committed 29376K, reserved 1048576K
}
Event: 1300.521 GC heap before
{Heap before GC invocations=640 (full 3):
 garbage-first heap   total 972800K, used 910039K [0x0000000740e00000, 0x0000000800000000)
  region size 2048K, 208 young (425984K), 5 survivors (10240K)
 Metaspace       used 191565K, committed 193408K, reserved 1245184K
  class space    used 28540K, committed 29376K, reserved 1048576K
}
Event: 1300.528 GC heap after
{Heap after GC invocations=641 (full 3):
 garbage-first heap   total 972800K, used 494295K [0x0000000740e00000, 0x0000000800000000)
  region size 2048K, 5 young (10240K), 5 survivors (10240K)
 Metaspace       used 191565K, committed 193408K, reserved 1245184K
  class space    used 28540K, committed 29376K, reserved 1048576K
}
Event: 1302.759 GC heap before
{Heap before GC invocations=642 (full 3):
 garbage-first heap   total 972800K, used 910039K [0x0000000740e00000, 0x0000000800000000)
  region size 2048K, 208 young (425984K), 5 survivors (10240K)
 Metaspace       used 191565K, committed 193408K, reserved 1245184K
  class space    used 28540K, committed 29376K, reserved 1048576K
}
Event: 1302.766 GC heap after
{Heap after GC invocations=643 (full 3):
 garbage-first heap   total 972800K, used 494306K [0x0000000740e00000, 0x0000000800000000)
  region size 2048K, 5 young (10240K), 5 survivors (10240K)
 Metaspace       used 191565K, committed 193408K, reserved 1245184K
  class space    used 28540K, committed 29376K, reserved 1048576K
}
Event: 1304.519 GC heap before
{Heap before GC invocations=643 (full 3):
 garbage-first heap   total 972800K, used 910050K [0x0000000740e00000, 0x0000000800000000)
  region size 2048K, 208 young (425984K), 5 survivors (10240K)
 Metaspace       used 191565K, committed 193408K, reserved 1245184K
  class space    used 28540K, committed 29376K, reserved 1048576K
}
Event: 1304.526 GC heap after
{Heap after GC invocations=644 (full 3):
 garbage-first heap   total 972800K, used 492666K [0x0000000740e00000, 0x0000000800000000)
  region size 2048K, 5 young (10240K), 5 survivors (10240K)
 Metaspace       used 191565K, committed 193408K, reserved 1245184K
  class space    used 28540K, committed 29376K, reserved 1048576K
}
Event: 1306.131 GC heap before
{Heap before GC invocations=644 (full 3):
 garbage-first heap   total 972800K, used 910458K [0x0000000740e00000, 0x0000000800000000)
  region size 2048K, 209 young (428032K), 5 survivors (10240K)
 Metaspace       used 191598K, committed 193472K, reserved 1245184K
  class space    used 28542K, committed 29376K, reserved 1048576K
}
Event: 1306.142 GC heap after
{Heap after GC invocations=645 (full 3):
 garbage-first heap   total 972800K, used 494614K [0x0000000740e00000, 0x0000000800000000)
  region size 2048K, 6 young (12288K), 6 survivors (12288K)
 Metaspace       used 191598K, committed 193472K, reserved 1245184K
  class space    used 28542K, committed 29376K, reserved 1048576K
}
Event: 1307.074 GC heap before
{Heap before GC invocations=645 (full 3):
 garbage-first heap   total 972800K, used 918550K [0x0000000740e00000, 0x0000000800000000)
  region size 2048K, 208 young (425984K), 6 survivors (12288K)
 Metaspace       used 191612K, committed 193472K, reserved 1245184K
  class space    used 28542K, committed 29376K, reserved 1048576K
}
Event: 1307.107 GC heap after
{Heap after GC invocations=646 (full 3):
 garbage-first heap   total 972800K, used 520408K [0x0000000740e00000, 0x0000000800000000)
  region size 2048K, 19 young (38912K), 19 survivors (38912K)
 Metaspace       used 191612K, committed 193472K, reserved 1245184K
  class space    used 28542K, committed 29376K, reserved 1048576K
}
Event: 1308.081 GC heap before
{Heap before GC invocations=647 (full 3):
 garbage-first heap   total 972800K, used 876760K [0x0000000740e00000, 0x0000000800000000)
  region size 2048K, 195 young (399360K), 19 survivors (38912K)
 Metaspace       used 191622K, committed 193472K, reserved 1245184K
  class space    used 28542K, committed 29376K, reserved 1048576K
}
Event: 1308.133 GC heap after
{Heap after GC invocations=648 (full 3):
 garbage-first heap   total 972800K, used 531442K [0x0000000740e00000, 0x0000000800000000)
  region size 2048K, 11 young (22528K), 11 survivors (22528K)
 Metaspace       used 191622K, committed 193472K, reserved 1245184K
  class space    used 28542K, committed 29376K, reserved 1048576K
}

Dll operation events (20 events):
Event: 0.013 Loaded shared library C:\Users\Admin\.jdks\corretto-21.0.8\bin\java.dll
Event: 0.014 Loaded shared library C:\Users\Admin\.jdks\corretto-21.0.8\bin\zip.dll
Event: 0.072 Loaded shared library C:\Users\Admin\.jdks\corretto-21.0.8\bin\jsvml.dll
Event: 0.429 Loaded shared library C:\Users\Admin\.jdks\corretto-21.0.8\bin\instrument.dll
Event: 0.505 Loaded shared library C:\Users\Admin\.jdks\corretto-21.0.8\bin\net.dll
Event: 0.506 Loaded shared library C:\Users\Admin\.jdks\corretto-21.0.8\bin\nio.dll
Event: 0.519 Loaded shared library C:\Users\Admin\.jdks\corretto-21.0.8\bin\zip.dll
Event: 0.883 Loaded shared library C:\Users\Admin\.jdks\corretto-21.0.8\bin\jimage.dll
Event: 1.910 Loaded shared library C:\Users\Admin\.jdks\corretto-21.0.8\bin\management.dll
Event: 1.914 Loaded shared library C:\Users\Admin\.jdks\corretto-21.0.8\bin\management_ext.dll
Event: 2.483 Loaded shared library C:\Users\Admin\.jdks\corretto-21.0.8\bin\verify.dll
Event: 50.123 Loaded shared library C:\Users\Admin\AppData\Local\Temp\lwjgl_Admin\3.3.3-snapshot\x64\lwjgl.dll
Event: 56.418 Loaded shared library C:\Users\Admin\AppData\Local\Temp\jna-63116079\jna11822607185159251746.dll
Event: 78.077 Loaded shared library C:\Users\Admin\.jdks\corretto-21.0.8\bin\sunmscapi.dll
Event: 78.495 Loaded shared library C:\Users\Admin\.jdks\corretto-21.0.8\bin\extnet.dll
Event: 85.002 Loaded shared library C:\Users\Admin\.jdks\corretto-21.0.8\bin\awt.dll
Event: 89.666 Loaded shared library C:\Users\Admin\AppData\Local\Temp\lwjgl_Admin\3.3.3-snapshot\x64\lwjgl_opengl.dll
Event: 90.213 Loaded shared library C:\Users\Admin\AppData\Local\Temp\lwjgl_Admin\3.3.3-snapshot\x64\lwjgl_stb.dll
Event: 95.499 Loaded shared library C:\Users\Admin\.jdks\corretto-21.0.8\bin\freetype.dll
Event: 95.551 Loaded shared library C:\Users\Admin\.jdks\corretto-21.0.8\bin\fontmanager.dll

Deoptimization events (20 events):
Event: 1308.432 Thread 0x00000231f9a6b780 DEOPT PACKING pc=0x000002318a108312 sp=0x000000e1fa1fdf90
Event: 1308.432 Thread 0x00000231f9a6b780 DEOPT UNPACKING pc=0x000002318fbc4e23 sp=0x000000e1fa1fd450 mode 1
Event: 1308.432 Thread 0x00000231f9a6b780 DEOPT PACKING pc=0x000002318a6342ec sp=0x000000e1fa1fe010
Event: 1308.432 Thread 0x00000231f9a6b780 DEOPT UNPACKING pc=0x000002318fbc4e23 sp=0x000000e1fa1fd550 mode 1
Event: 1308.432 Thread 0x00000231f9a6b780 DEOPT PACKING pc=0x000002318a636834 sp=0x000000e1fa1fe120
Event: 1308.432 Thread 0x00000231f9a6b780 DEOPT UNPACKING pc=0x000002318fbc4e23 sp=0x000000e1fa1fd658 mode 1
Event: 1308.432 Thread 0x00000231f9a6b780 DEOPT PACKING pc=0x000002318a85d904 sp=0x000000e1fa1fdbd0
Event: 1308.432 Thread 0x00000231f9a6b780 DEOPT UNPACKING pc=0x000002318fbc4e23 sp=0x000000e1fa1fd0c0 mode 1
Event: 1308.432 Thread 0x00000231f9a6b780 DEOPT PACKING pc=0x000002318a85e5b4 sp=0x000000e1fa1fdcd0
Event: 1308.432 Thread 0x00000231f9a6b780 DEOPT UNPACKING pc=0x000002318fbc4e23 sp=0x000000e1fa1fd198 mode 1
Event: 1308.432 Thread 0x00000231f9a6b780 DEOPT PACKING pc=0x0000023188824454 sp=0x000000e1fa1fdd50
Event: 1308.432 Thread 0x00000231f9a6b780 DEOPT UNPACKING pc=0x000002318fbc4e23 sp=0x000000e1fa1fd1e0 mode 1
Event: 1308.432 Thread 0x00000231f9a6b780 DEOPT PACKING pc=0x0000023189518db4 sp=0x000000e1fa1fde10
Event: 1308.432 Thread 0x00000231f9a6b780 DEOPT UNPACKING pc=0x000002318fbc4e23 sp=0x000000e1fa1fd358 mode 1
Event: 1308.432 Thread 0x00000231f9a6b780 DEOPT PACKING pc=0x000002318a108312 sp=0x000000e1fa1fdf90
Event: 1308.432 Thread 0x00000231f9a6b780 DEOPT UNPACKING pc=0x000002318fbc4e23 sp=0x000000e1fa1fd450 mode 1
Event: 1308.432 Thread 0x00000231f9a6b780 DEOPT PACKING pc=0x000002318a6342ec sp=0x000000e1fa1fe010
Event: 1308.432 Thread 0x00000231f9a6b780 DEOPT UNPACKING pc=0x000002318fbc4e23 sp=0x000000e1fa1fd550 mode 1
Event: 1308.432 Thread 0x00000231f9a6b780 DEOPT PACKING pc=0x000002318a636834 sp=0x000000e1fa1fe120
Event: 1308.432 Thread 0x00000231f9a6b780 DEOPT UNPACKING pc=0x000002318fbc4e23 sp=0x000000e1fa1fd658 mode 1

Classes loaded (20 events):
Event: 1079.260 Loading class net/minecraft/component/ComponentType
Event: 1079.260 Loading class net/minecraft/component/ComponentType done
Event: 1096.018 Loading class com/google/common/base/Function
Event: 1096.018 Loading class com/google/common/base/Function done
Event: 1096.018 Loading class net/minecraft/item/ItemStack
Event: 1096.018 Loading class net/minecraft/item/ItemStack done
Event: 1096.018 Loading class net/minecraft/item/ItemStack
Event: 1096.018 Loading class net/minecraft/item/ItemStack done
Event: 1096.022 Loading class org/apache/commons/lang3/mutable/MutableObject
Event: 1096.022 Loading class org/apache/commons/lang3/mutable/MutableObject done
Event: 1096.022 Loading class org/apache/commons/lang3/mutable/MutableObject
Event: 1096.022 Loading class org/apache/commons/lang3/mutable/MutableObject done
Event: 1096.023 Loading class net/minecraft/world/World
Event: 1096.023 Loading class net/minecraft/world/World done
Event: 1096.023 Loading class net/minecraft/world/World
Event: 1096.023 Loading class net/minecraft/world/World done
Event: 1096.023 Loading class net/minecraft/registry/entry/RegistryEntry
Event: 1096.023 Loading class net/minecraft/registry/entry/RegistryEntry done
Event: 1305.601 Loading class net/minecraft/resource/ResourcePack
Event: 1305.601 Loading class net/minecraft/resource/ResourcePack done

Classes unloaded (0 events):
No events

Classes redefined (2 events):
Event: 0.465 Thread 0x00000231ffe8a940 redefined class name=java.lang.Throwable, count=1
Event: 281.111 Thread 0x00000231ffe8a940 redefined class name=dev.luxury.modules.impl.targetesp.mode.Ghosts, count=1

Internal exceptions (20 events):
Event: 1305.964 Thread 0x00000231f9a6b780 Exception <a 'sun/nio/fs/WindowsException'{0x000000075eb0a840}> (0x000000075eb0a840) 
thrown [s\src\hotspot\share\prims\jni.cpp, line 520]
Event: 1305.987 Thread 0x00000231f9a6b780 Exception <a 'sun/nio/fs/WindowsException'{0x000000075eb1d138}> (0x000000075eb1d138) 
thrown [s\src\hotspot\share\prims\jni.cpp, line 520]
Event: 1305.998 Thread 0x00000231f9a6b780 Exception <a 'sun/nio/fs/WindowsException'{0x000000075eb2fa58}> (0x000000075eb2fa58) 
thrown [s\src\hotspot\share\prims\jni.cpp, line 520]
Event: 1306.016 Thread 0x00000231f9a6b780 Exception <a 'sun/nio/fs/WindowsException'{0x000000075eb42548}> (0x000000075eb42548) 
thrown [s\src\hotspot\share\prims\jni.cpp, line 520]
Event: 1306.033 Thread 0x00000231f9a6b780 Exception <a 'sun/nio/fs/WindowsException'{0x000000075eb54e68}> (0x000000075eb54e68) 
thrown [s\src\hotspot\share\prims\jni.cpp, line 520]
Event: 1306.070 Thread 0x00000231f9a6b780 Exception <a 'sun/nio/fs/WindowsException'{0x000000075eb67930}> (0x000000075eb67930) 
thrown [s\src\hotspot\share\prims\jni.cpp, line 520]
Event: 1306.314 Thread 0x00000231f9a6b780 Exception <a 'sun/nio/fs/WindowsException'{0x00000007fc0b9228}> (0x00000007fc0b9228) 
thrown [s\src\hotspot\share\prims\jni.cpp, line 520]
Event: 1306.387 Thread 0x00000231f9a6b780 Exception <a 'sun/nio/fs/WindowsException'{0x00000007fc0baf98}> (0x00000007fc0baf98) 
thrown [s\src\hotspot\share\prims\jni.cpp, line 520]
Event: 1306.999 Thread 0x00000231f9a6b780 Exception <a 'sun/nio/fs/WindowsException'{0x00000007fc0be120}> (0x00000007fc0be120) 
thrown [s\src\hotspot\share\prims\jni.cpp, line 520]
Event: 1308.146 Thread 0x00000231f9a6b780 Exception <a 'sun/nio/fs/WindowsException'{0x00000007fc601f30}> (0x00000007fc601f30) 
thrown [s\src\hotspot\share\prims\jni.cpp, line 520]
Event: 1308.159 Thread 0x00000231f9a6b780 Exception <a 'sun/nio/fs/WindowsException'{0x00000007fc603b70}> (0x00000007fc603b70) 
thrown [s\src\hotspot\share\prims\jni.cpp, line 520]
Event: 1308.176 Thread 0x00000231f9a6b780 Exception <a 'sun/nio/fs/WindowsException'{0x00000007fc605980}> (0x00000007fc605980) 
thrown [s\src\hotspot\share\prims\jni.cpp, line 520]
Event: 1308.193 Thread 0x00000231f9a6b780 Exception <a 'sun/nio/fs/WindowsException'{0x00000007fc607520}> (0x00000007fc607520) 
thrown [s\src\hotspot\share\prims\jni.cpp, line 520]
Event: 1308.209 Thread 0x00000231f9a6b780 Exception <a 'sun/nio/fs/WindowsException'{0x00000007fc609098}> (0x00000007fc609098) 
thrown [s\src\hotspot\share\prims\jni.cpp, line 520]
Event: 1308.226 Thread 0x00000231f9a6b780 Exception <a 'sun/nio/fs/WindowsException'{0x00000007fc60adb8}> (0x00000007fc60adb8) 
thrown [s\src\hotspot\share\prims\jni.cpp, line 520]
Event: 1308.243 Thread 0x00000231f9a6b780 Exception <a 'sun/nio/fs/WindowsException'{0x00000007fc60c908}> (0x00000007fc60c908) 
thrown [s\src\hotspot\share\prims\jni.cpp, line 520]
Event: 1308.259 Thread 0x00000231f9a6b780 Exception <a 'sun/nio/fs/WindowsException'{0x00000007fc60e458}> (0x00000007fc60e458) 
thrown [s\src\hotspot\share\prims\jni.cpp, line 520]
Event: 1308.276 Thread 0x00000231f9a6b780 Exception <a 'sun/nio/fs/WindowsException'{0x00000007fc610178}> (0x00000007fc610178) 
thrown [s\src\hotspot\share\prims\jni.cpp, line 520]
Event: 1308.294 Thread 0x00000231f9a6b780 Exception <a 'sun/nio/fs/WindowsException'{0x00000007fc611cc8}> (0x00000007fc611cc8) 
thrown [s\src\hotspot\share\prims\jni.cpp, line 520]
Event: 1308.311 Thread 0x00000231f9a6b780 Exception <a 'sun/nio/fs/WindowsException'{0x00000007fc613b28}> (0x00000007fc613b28) 
thrown [s\src\hotspot\share\prims\jni.cpp, line 520]

ZGC Phase Switch (0 events):
No events

VM Operations (20 events):
Event: 1300.521 Executing VM operation: G1CollectForAllocation (G1 Evacuation Pause)
Event: 1300.528 Executing VM operation: G1CollectForAllocation (G1 Evacuation Pause) done
Event: 1301.787 Executing VM operation: G1PauseRemark
Event: 1301.801 Executing VM operation: G1PauseRemark done
Event: 1302.105 Executing VM operation: G1PauseCleanup
Event: 1302.105 Executing VM operation: G1PauseCleanup done
Event: 1302.759 Executing VM operation: G1CollectForAllocation (G1 Evacuation Pause)
Event: 1302.766 Executing VM operation: G1CollectForAllocation (G1 Evacuation Pause) done
Event: 1304.519 Executing VM operation: G1CollectForAllocation (G1 Evacuation Pause)
Event: 1304.526 Executing VM operation: G1CollectForAllocation (G1 Evacuation Pause) done
Event: 1306.131 Executing VM operation: G1CollectForAllocation (G1 Evacuation Pause)
Event: 1306.142 Executing VM operation: G1CollectForAllocation (G1 Evacuation Pause) done
Event: 1307.074 Executing VM operation: G1CollectForAllocation (G1 Evacuation Pause)
Event: 1307.107 Executing VM operation: G1CollectForAllocation (G1 Evacuation Pause) done
Event: 1307.292 Executing VM operation: G1PauseRemark
Event: 1307.304 Executing VM operation: G1PauseRemark done
Event: 1307.648 Executing VM operation: G1PauseCleanup
Event: 1307.648 Executing VM operation: G1PauseCleanup done
Event: 1308.081 Executing VM operation: G1CollectForAllocation (G1 Evacuation Pause)
Event: 1308.133 Executing VM operation: G1CollectForAllocation (G1 Evacuation Pause) done

Memory protections (0 events):
No events

Nmethod flushes (20 events):
Event: 1295.688 Thread 0x00000231ffe8a940 flushing  nmethod 0x000002318af64090
Event: 1301.799 Thread 0x00000231ffe8a940 flushing  nmethod 0x0000023190147e10
Event: 1301.799 Thread 0x00000231ffe8a940 flushing  nmethod 0x00000231889d2c90
Event: 1301.799 Thread 0x00000231ffe8a940 flushing  nmethod 0x000002318a604510
Event: 1301.799 Thread 0x00000231ffe8a940 flushing  nmethod 0x000002318ac35790
Event: 1301.799 Thread 0x00000231ffe8a940 flushing  nmethod 0x000002319034e290
Event: 1301.799 Thread 0x00000231ffe8a940 flushing  nmethod 0x00000231916c2390
Event: 1301.799 Thread 0x00000231ffe8a940 flushing  nmethod 0x0000023189430e90
Event: 1301.799 Thread 0x00000231ffe8a940 flushing  nmethod 0x000002318a6bc110
Event: 1301.799 Thread 0x00000231ffe8a940 flushing  nmethod 0x000002318ad85110
Event: 1301.799 Thread 0x00000231ffe8a940 flushing  nmethod 0x0000023191300810
Event: 1301.799 Thread 0x00000231ffe8a940 flushing  nmethod 0x0000023189187f10
Event: 1301.799 Thread 0x00000231ffe8a940 flushing  nmethod 0x000002318a5e1310
Event: 1301.799 Thread 0x00000231ffe8a940 flushing  nmethod 0x000002318a6dbc90
Event: 1301.799 Thread 0x00000231ffe8a940 flushing  nmethod 0x0000023190436710
Event: 1301.799 Thread 0x00000231ffe8a940 flushing  nmethod 0x0000023188a6d910
Event: 1307.303 Thread 0x00000231ffe8a940 flushing osr nmethod 0x0000023188bdbe10
Event: 1307.303 Thread 0x00000231ffe8a940 flushing osr nmethod 0x0000023189dd7a90
Event: 1307.303 Thread 0x00000231ffe8a940 flushing  nmethod 0x000002318a4d5290
Event: 1307.303 Thread 0x00000231ffe8a940 flushing osr nmethod 0x0000023189063e10

Events (20 events):
Event: 1269.323 Thread 0x00000231f9a6b780 Thread added: 0x00000232289ba490
Event: 1269.564 Thread 0x00000231f9a6b780 Thread added: 0x0000023233ad1710
Event: 1270.018 Thread 0x00000231f9a6b780 Thread added: 0x00000231ee4b62e0
Event: 1278.571 Thread 0x00000231ee4b6970 Thread exited: 0x00000231ee4b6970
Event: 1278.572 Thread 0x00000231f9a6b780 Thread added: 0x0000023203534c70
Event: 1278.577 Thread 0x000002320353aee0 Thread exited: 0x000002320353aee0
Event: 1278.578 Thread 0x00000231f9a6b780 Thread added: 0x0000023233acfcd0
Event: 1278.579 Thread 0x0000023233acfcd0 Thread exited: 0x0000023233acfcd0
Event: 1278.580 Thread 0x00000231f9a6b780 Thread added: 0x0000023233ad1da0
Event: 1288.474 Thread 0x00000231ffecbd90 Thread added: 0x00000231ea1ee6f0
Event: 1289.516 Thread 0x00000231ea1ee6f0 Thread exited: 0x00000231ea1ee6f0
Event: 1305.592 Thread 0x00000231ffecb300 Thread added: 0x00000231ea1ee6f0
Event: 1305.624 Thread 0x00000231f9a6b780 Thread added: 0x0000023233ad09f0
Event: 1305.629 Thread 0x0000023233ad09f0 Thread added: 0x00000231ee4b4210
Event: 1305.629 Thread 0x00000231f9a6b780 Thread added: 0x0000023233ad1080
Event: 1305.652 Thread 0x00000231ee4b4210 Thread added: 0x0000023233ace920
Event: 1305.663 Thread 0x0000023203534c70 Thread exited: 0x0000023203534c70
Event: 1305.664 Thread 0x00000231f9a6b780 Thread added: 0x00000231ee4b4f30
Event: 1305.837 Thread 0x0000023233ad1da0 Thread exited: 0x0000023233ad1da0
Event: 1308.254 Thread 0x00000231ea1ee6f0 Thread exited: 0x00000231ea1ee6f0


Dynamic libraries:
0x00007ff7c1540000 - 0x00007ff7c154e000 	C:\Users\Admin\.jdks\corretto-21.0.8\bin\java.exe
0x00007fffb1910000 - 0x00007fffb1b26000 	C:\Windows\SYSTEM32\ntdll.dll
0x00007fffb0940000 - 0x00007fffb0a04000 	C:\Windows\System32\KERNEL32.DLL
0x00007fffaec30000 - 0x00007fffaefd7000 	C:\Windows\System32\KERNELBASE.dll
0x00007fffaf2f0000 - 0x00007fffaf401000 	C:\Windows\System32\ucrtbase.dll
0x00007fffa4ca0000 - 0x00007fffa4cb8000 	C:\Users\Admin\.jdks\corretto-21.0.8\bin\jli.dll
0x00007fffafac0000 - 0x00007fffafc6e000 	C:\Windows\System32\USER32.dll
0x00007fffaf410000 - 0x00007fffaf436000 	C:\Windows\System32\win32u.dll
0x00007fffaf800000 - 0x00007fffaf829000 	C:\Windows\System32\GDI32.dll
0x00007fffaefe0000 - 0x00007fffaf0f9000 	C:\Windows\System32\gdi32full.dll
0x00007fffaf4b0000 - 0x00007fffaf54a000 	C:\Windows\System32\msvcp_win.dll
0x00007fffa8210000 - 0x00007fffa822b000 	C:\Users\Admin\.jdks\corretto-21.0.8\bin\VCRUNTIME140.dll
0x00007fffa07a0000 - 0x00007fffa0a33000 	C:\Windows\WinSxS\amd64_microsoft.windows.common-controls_6595b64144ccf1df_6.0.22621.3235_none_270f74e173860f98\COMCTL32.dll
0x00007fffb0770000 - 0x00007fffb0817000 	C:\Windows\System32\msvcrt.dll
0x00007fffb0a90000 - 0x00007fffb0ac1000 	C:\Windows\System32\IMM32.DLL
0x00007fffa8170000 - 0x00007fffa817c000 	C:\Users\Admin\.jdks\corretto-21.0.8\bin\vcruntime140_1.dll
0x00007fff91590000 - 0x00007fff9161d000 	C:\Users\Admin\.jdks\corretto-21.0.8\bin\msvcp140.dll
0x00007fff56530000 - 0x00007fff572d7000 	C:\Users\Admin\.jdks\corretto-21.0.8\bin\server\jvm.dll
0x00007fffaf9d0000 - 0x00007fffafa82000 	C:\Windows\System32\ADVAPI32.dll
0x00007fffafe80000 - 0x00007fffaff28000 	C:\Windows\System32\sechost.dll
0x00007fffaf610000 - 0x00007fffaf638000 	C:\Windows\System32\bcrypt.dll
0x00007fffaf8b0000 - 0x00007fffaf9c5000 	C:\Windows\System32\RPCRT4.dll
0x00007fffaf830000 - 0x00007fffaf8a1000 	C:\Windows\System32\WS2_32.dll
0x00007fffae950000 - 0x00007fffae99d000 	C:\Windows\SYSTEM32\POWRPROF.dll
0x00007fffa8110000 - 0x00007fffa8144000 	C:\Windows\SYSTEM32\WINMM.dll
0x00007fffa7390000 - 0x00007fffa739a000 	C:\Windows\SYSTEM32\VERSION.dll
0x00007fffae930000 - 0x00007fffae943000 	C:\Windows\SYSTEM32\UMPDC.dll
0x00007fffadc80000 - 0x00007fffadc98000 	C:\Windows\SYSTEM32\kernel.appcore.dll
0x00007fffa4c80000 - 0x00007fffa4c8a000 	C:\Users\Admin\.jdks\corretto-21.0.8\bin\jimage.dll
0x00007fff9c830000 - 0x00007fff9ca63000 	C:\Windows\SYSTEM32\DBGHELP.DLL
0x00007fffb0bb0000 - 0x00007fffb0f38000 	C:\Windows\System32\combase.dll
0x00007fffb0ad0000 - 0x00007fffb0ba7000 	C:\Windows\System32\OLEAUT32.dll
0x00007fff93ff0000 - 0x00007fff94022000 	C:\Windows\SYSTEM32\dbgcore.DLL
0x00007fffaf270000 - 0x00007fffaf2e9000 	C:\Windows\System32\bcryptPrimitives.dll
0x00007fff950e0000 - 0x00007fff9511c000 	C:\Users\Admin\.jdks\corretto-21.0.8\bin\jdwp.dll
0x00007fffa4c90000 - 0x00007fffa4c9e000 	C:\Users\Admin\.jdks\corretto-21.0.8\bin\instrument.dll
0x00007fffa3ce0000 - 0x00007fffa3cff000 	C:\Users\Admin\.jdks\corretto-21.0.8\bin\java.dll
0x00007fffa3c10000 - 0x00007fffa3c28000 	C:\Users\Admin\.jdks\corretto-21.0.8\bin\zip.dll
0x00007fffb1040000 - 0x00007fffb189c000 	C:\Windows\System32\SHELL32.dll
0x00007fffacbb0000 - 0x00007fffad4a9000 	C:\Windows\SYSTEM32\windows.storage.dll
0x00007fffaca70000 - 0x00007fffacbae000 	C:\Windows\SYSTEM32\wintypes.dll
0x00007fffafd80000 - 0x00007fffafe73000 	C:\Windows\System32\SHCORE.dll
0x00007fffb08e0000 - 0x00007fffb093e000 	C:\Windows\System32\shlwapi.dll
0x00007fffaeb60000 - 0x00007fffaeb81000 	C:\Windows\SYSTEM32\profapi.dll
0x00007fff5f1a0000 - 0x00007fff5f277000 	C:\Users\Admin\.jdks\corretto-21.0.8\bin\jsvml.dll
0x00007fffa31e0000 - 0x00007fffa31eb000 	C:\Users\Admin\.jdks\corretto-21.0.8\bin\dt_socket.dll
0x00007fffad710000 - 0x00007fffad73d000 	C:\Windows\SYSTEM32\IPHLPAPI.DLL
0x00007fffae0f0000 - 0x00007fffae159000 	C:\Windows\system32\mswsock.dll
0x00007fffa3c70000 - 0x00007fffa3c80000 	C:\Users\Admin\.jdks\corretto-21.0.8\bin\net.dll
0x00007fffa8530000 - 0x00007fffa8666000 	C:\Windows\SYSTEM32\WINHTTP.dll
0x00007fffa31f0000 - 0x00007fffa3206000 	C:\Users\Admin\.jdks\corretto-21.0.8\bin\nio.dll
0x00007fffa3fa0000 - 0x00007fffa3fa9000 	C:\Users\Admin\.jdks\corretto-21.0.8\bin\management.dll
0x00007fffa3c00000 - 0x00007fffa3c0b000 	C:\Users\Admin\.jdks\corretto-21.0.8\bin\management_ext.dll
0x00007fffafab0000 - 0x00007fffafab8000 	C:\Windows\System32\PSAPI.DLL
0x00007fff975d0000 - 0x00007fff975e7000 	C:\Windows\system32\napinsp.dll
0x00007fff975b0000 - 0x00007fff975cb000 	C:\Windows\system32\pnrpnsp.dll
0x00007fffad780000 - 0x00007fffad879000 	C:\Windows\SYSTEM32\DNSAPI.dll
0x00007fffafc70000 - 0x00007fffafc79000 	C:\Windows\System32\NSI.dll
0x00007fff95250000 - 0x00007fff95261000 	C:\Windows\System32\winrnr.dll
0x00007fffa3fb0000 - 0x00007fffa3fc5000 	C:\Windows\system32\wshbth.dll
0x00007fff93f60000 - 0x00007fff93f81000 	C:\Windows\system32\nlansp_c.dll
0x00007fffa72e0000 - 0x00007fffa72ea000 	C:\Windows\System32\rasadhlp.dll
0x00007fffa7890000 - 0x00007fffa7913000 	C:\Windows\System32\fwpuclnt.dll
0x00007fffa3c40000 - 0x00007fffa3c50000 	C:\Users\Admin\.jdks\corretto-21.0.8\bin\verify.dll
0x00007fffae340000 - 0x00007fffae35b000 	C:\Windows\SYSTEM32\CRYPTSP.dll
0x00007fffadbe0000 - 0x00007fffadc15000 	C:\Windows\system32\rsaenh.dll
0x00007fffae1e0000 - 0x00007fffae208000 	C:\Windows\SYSTEM32\USERENV.dll
0x00007fffae360000 - 0x00007fffae36c000 	C:\Windows\SYSTEM32\CRYPTBASE.dll
0x00007fff5f120000 - 0x00007fff5f19b000 	C:\Users\Admin\AppData\Local\Temp\lwjgl_Admin\3.3.3-snapshot\x64\lwjgl.dll
0x00007fffac2d0000 - 0x00007fffac309000 	C:\Windows\SYSTEM32\dxcore.dll
0x00007fff58230000 - 0x00007fff584a0000 	C:\Users\Admin\AppData\Local\Temp\lwjgl_Admin\3.3.3-snapshot\x64\jemalloc.dll
0x00007fff5eae0000 - 0x00007fff5eb29000 	C:\Users\Admin\AppData\Local\Temp\jna-63116079\jna11822607185159251746.dll
0x00007fffb0140000 - 0x00007fffb02e5000 	C:\Windows\System32\Ole32.dll
0x00007fffb0090000 - 0x00007fffb0140000 	C:\Windows\System32\clbcatq.dll
0x00007fff9f830000 - 0x00007fff9f880000 	C:\Windows\SYSTEM32\Pdh.dll
0x00007fff96a20000 - 0x00007fff96a30000 	C:\Windows\System32\perfos.dll
0x00007fffac270000 - 0x00007fffac280000 	C:\Windows\SYSTEM32\pfclient.dll
0x00007fffa31c0000 - 0x00007fffa31ce000 	C:\Users\Admin\.jdks\corretto-21.0.8\bin\sunmscapi.dll
0x00007fffaf100000 - 0x00007fffaf266000 	C:\Windows\System32\CRYPT32.dll
0x00007fffae500000 - 0x00007fffae52e000 	C:\Windows\SYSTEM32\ncrypt.dll
0x00007fffae4c0000 - 0x00007fffae4f7000 	C:\Windows\SYSTEM32\NTASN1.dll
0x00007fffa31d0000 - 0x00007fffa31d9000 	C:\Users\Admin\.jdks\corretto-21.0.8\bin\extnet.dll
0x00007fff5ea40000 - 0x00007fff5eadc000 	C:\Users\Admin\Desktop\luxury2\build\resources\main\win32-x86-64\discord-rpc.dll
0x00007fff8a0b0000 - 0x00007fff8a0b8000 	C:\Windows\system32\wshunix.dll
0x00007fff5aab0000 - 0x00007fff5ac3e000 	C:\Users\Admin\.jdks\corretto-21.0.8\bin\awt.dll
0x00007fffac000000 - 0x00007fffac097000 	C:\Windows\SYSTEM32\apphelp.dll
0x00007fffac1c0000 - 0x00007fffac26b000 	C:\Windows\system32\uxtheme.dll
0x00007fffaff30000 - 0x00007fffb0083000 	C:\Windows\System32\MSCTF.dll
0x00007fffac600000 - 0x00007fffac62b000 	C:\Windows\system32\DWMAPI.DLL
0x00007fff5e7c0000 - 0x00007fff5e842000 	C:\Users\Admin\AppData\Local\Temp\lwjgl_Admin\3.3.3-snapshot\x64\glfw.dll
0x00007fff5e6b0000 - 0x00007fff5e6f6000 	C:\Windows\SYSTEM32\dinput8.dll
0x00007fff9f950000 - 0x00007fff9f961000 	C:\Windows\SYSTEM32\xinput1_4.dll
0x00007fffae8a0000 - 0x00007fffae8ee000 	C:\Windows\SYSTEM32\cfgmgr32.dll
0x00007fffae870000 - 0x00007fffae89c000 	C:\Windows\SYSTEM32\DEVOBJ.dll
0x00007fff93720000 - 0x00007fff9392a000 	C:\Windows\SYSTEM32\inputhost.dll
0x00007fffab7f0000 - 0x00007fffab924000 	C:\Windows\SYSTEM32\CoreMessaging.dll
0x00007fff5f280000 - 0x00007fff5f380000 	C:\Windows\SYSTEM32\opengl32.dll
0x00007fffa36d0000 - 0x00007fffa36fd000 	C:\Windows\SYSTEM32\GLU32.dll
0x00007fffa83b0000 - 0x00007fffa84e7000 	C:\Windows\System32\AppXDeploymentClient.dll
0x00007fff25790000 - 0x00007fff27d78000 	C:\Windows\System32\DriverStore\FileRepository\nv_dispig.inf_amd64_0afec3f2050014a0\nvoglv64.dll
0x00007fffb02f0000 - 0x00007fffb0764000 	C:\Windows\System32\SETUPAPI.dll
0x00007fffada40000 - 0x00007fffada54000 	C:\Windows\SYSTEM32\WTSAPI32.dll
0x00007fffae3a0000 - 0x00007fffae3b2000 	C:\Windows\SYSTEM32\msasn1.dll
0x00007fffa7350000 - 0x00007fffa7382000 	C:\Windows\SYSTEM32\cryptnet.dll
0x00007fffae410000 - 0x00007fffae458000 	C:\Windows\SYSTEM32\wldp.dll
0x00007fffa6f10000 - 0x00007fffa7068000 	C:\Windows\SYSTEM32\drvstore.dll
0x00007fffaf440000 - 0x00007fffaf4ab000 	C:\Windows\System32\WINTRUST.dll
0x00007fffadca0000 - 0x00007fffadcd4000 	C:\Windows\SYSTEM32\ntmarta.dll
0x00007fffb18b0000 - 0x00007fffb18cf000 	C:\Windows\System32\imagehlp.dll
0x00007fffa0a40000 - 0x00007fffa2a2e000 	C:\Windows\System32\DriverStore\FileRepository\nv_dispig.inf_amd64_0afec3f2050014a0\nvgpucomp64.dll
0x00007fffae800000 - 0x00007fffae866000 	C:\Windows\SYSTEM32\WINSTA.dll
0x00007fff935d0000 - 0x00007fff9371a000 	C:\Windows\SYSTEM32\textinputframework.dll
0x00007fff5d490000 - 0x00007fff5d4ee000 	C:\Users\Admin\AppData\Local\Temp\lwjgl_Admin\3.3.3-snapshot\x64\lwjgl_opengl.dll
0x00007fff5cc50000 - 0x00007fff5ccd2000 	C:\Users\Admin\AppData\Local\Temp\lwjgl_Admin\3.3.3-snapshot\x64\lwjgl_stb.dll
0x00007fffa5620000 - 0x00007fffa56dc000 	C:\Windows\SYSTEM32\mscms.dll
0x00007fff5d210000 - 0x00007fff5d259000 	C:\Windows\SYSTEM32\icm32.dll
0x00007fffa4230000 - 0x00007fffa4240000 	C:\Windows\system32\wbem\wbemprox.dll
0x00007fffa3b40000 - 0x00007fffa3bc0000 	C:\Windows\SYSTEM32\wbemcomn.dll
0x00007fff9f2e0000 - 0x00007fff9f2f4000 	C:\Windows\system32\wbem\wbemsvc.dll
0x00007fff9ec80000 - 0x00007fff9ed78000 	C:\Windows\system32\wbem\fastprox.dll
0x00007fff57a80000 - 0x00007fff57c47000 	C:\Users\Admin\AppData\Local\Temp\lwjgl_Admin\3.3.3-snapshot\x64\OpenAL.dll
0x00007fffa6600000 - 0x00007fffa669d000 	C:\Windows\System32\MMDevApi.dll
0x00007fff579f0000 - 0x00007fff57a77000 	C:\Users\Admin\.jdks\corretto-21.0.8\bin\freetype.dll
0x00007fff57900000 - 0x00007fff579eb000 	C:\Users\Admin\.jdks\corretto-21.0.8\bin\fontmanager.dll
0x00007fff8c880000 - 0x00007fff8ca6c000 	C:\Windows\SYSTEM32\AUDIOSES.DLL
0x00007fffac680000 - 0x00007fffac695000 	C:\Windows\SYSTEM32\resourcepolicyclient.dll
0x00007fffa7520000 - 0x00007fffa788c000 	C:\Windows\SYSTEM32\CoreUIComponents.dll
0x00007fffa8150000 - 0x00007fffa8169000 	C:\Windows\SYSTEM32\dhcpcsvc6.DLL

JVMTI agents:
jdwp path:C:\Users\Admin\.jdks\corretto-21.0.8\bin\jdwp.dll, loaded, initialized, options:transport=dt_socket,server=n,suspend=y,address=127.0.0.1:58564
C:\Users\Admin\AppData\Local\JetBrains\IdeaIC2025.2\captureAgent\debugger-agent.jar path:C:\Users\Admin\.jdks\corretto-21.0.8\bin\instrument.dll, loaded, initialized, instrumentlib options:file:///C:/Users/Admin/AppData/Local/Temp/capture1937634242954232925.props

dbghelp: loaded successfully - version: 4.0.5 - missing functions: none
symbol engine: initialized successfully - sym options: 0x614 - pdb path: .;C:\Users\Admin\.jdks\corretto-21.0.8\bin;C:\Windows\SYSTEM32;C:\Windows\WinSxS\amd64_microsoft.windows.common-controls_6595b64144ccf1df_6.0.22621.3235_none_270f74e173860f98;C:\Users\Admin\.jdks\corretto-21.0.8\bin\server;C:\Users\Admin\AppData\Local\Temp\lwjgl_Admin\3.3.3-snapshot\x64;C:\Users\Admin\AppData\Local\Temp\jna-63116079;C:\Users\Admin\Desktop\luxury2\build\resources\main\win32-x86-64;C:\Windows\System32\DriverStore\FileRepository\nv_dispig.inf_amd64_0afec3f2050014a0;C:\Windows\system32\wbem

VM Arguments:
jvm_args: -Ddebugger.agent.enable.coroutines=true -Dfabric.dli.config=C:\Users\Admin\Desktop\luxury2\.gradle\loom-cache\launch.cfg -Dfabric.dli.env=client -Dfabric.dli.main=net.fabricmc.loader.impl.launch.knot.KnotClient -Dkotlinx.coroutines.debug.enable.creation.stack.trace=false -Dkotlinx.coroutines.debug.enable.flows.stack.trace=true -Dkotlinx.coroutines.debug.enable.mutable.state.flows.stack.trace=true -agentlib:jdwp=transport=dt_socket,server=n,suspend=y,address=127.0.0.1:58564 -javaagent:C:\Users\Admin\AppData\Local\JetBrains\IdeaIC2025.2\captureAgent\debugger-agent.jar=file:///C:/Users/Admin/AppData/Local/Temp/capture1937634242954232925.props -Dfile.encoding=UTF-8 -Duser.country=RU -Duser.language=ru -Duser.variant 
java_command: net.fabricmc.devlaunchinjector.Main
java_class_path (initial): C:\Users\Admin\Desktop\luxury2\build\classes\java\main;C:\Users\Admin\Desktop\luxury2\build\resources\main;C:\Users\Admin\.gradle\caches\fabric-loom\1.21.4\net.fabricmc.yarn.1_21_4.1.21.4+build.8-v2\mappings.jar;C:\Users\Admin\.gradle\caches\modules-2\files-2.1\dev.redstones.mediaplayerinfo\media-player-info\0.1.0\32aa3b264c4fd692636e6d35ca97dec2ee074994\media-player-info-0.1.0.jar;C:\Users\Admin\.gradle\caches\modules-2\files-2.1\com.github.hypfvieh\dbus-java-transport-jnr-unixsocket\5.0.0\45604388617e766bfda8aed601b870c45cf1618e\dbus-java-transport-jnr-unixsocket-5.0.0.jar;C:\Users\Admin\.gradle\caches\modules-2\files-2.1\com.github.jnr\jnr-unixsocket\0.38.21\a82bcad60a471aff9c73c944322ce10481029c80\jnr-unixsocket-0.38.21.jar;C:\Users\Admin\.gradle\caches\modules-2\files-2.1\com.github.jnr\jnr-enxio\0.32.16\e5150a15ba39c3712510020ad164d424b6878551\jnr-enxio-0.32.16.jar;C:\Users\Admin\.gradle\caches\modules-2\files-2.1\com.github.jnr\jnr-posix\3.1.18\b8dd3917e186f47636bf50a2483e40d49880ca67\jnr-posix-3.1.18.jar;C:\Users\Admin\.gradle\caches\modules-2\files-2.1\com.github.jnr\jnr-ffi\2.2.15\fa3c32f463423469de314b03a157d5f1f7476ec0\jnr-ffi-2.2.15.jar;C:\Users\Admin\.gradle\caches\modules-2\files-2.1\org.ow2.asm\asm-commons\9.7.1\406c6a2225cfe1819f102a161e54cc16a5c24f75\asm-commons-9.7.1.jar;C:\Users\Admin\.gradle\caches\modules-2\files-2.1\org.ow2.asm\asm-util\9.7.1\9e23359b598ec6b74b23e53110dd5c577adf2243\asm-util-9.7.1.jar;C:\Users\Admin\.gradle\caches\modules-2\files-2.1\org.ow2.asm\asm-analysis\9.7.1\f97a3b319f0ed6a8cd944dc79060d3912a28985f\asm-analysis-9.7.1.jar;C:\Users\Admin\.gradle\caches\modules-2\files-2.1\org.ow2.asm\asm-tree\9.7.1\3a53139787663b139de76b627fca0084ab60d32c\asm-tree-9.7.1.jar;C:\Users\Admin\.gradle\caches\modules-2\files-2.1\org.ow2.asm\asm\9.7.1\f0ed132a49244b042cd0e15702ab9f2ce3cc8436\asm-9.7.1.jar;C:\Users\Admin\.gradle\caches\modules-2\files-2.1\net.fabricmc\sponge-mixin\0.15.4+mixin.0.8.7\6a12aacc794f1078458433116e9ed42c1cc98096\sponge-mixin-0.15.4+mixin.0.8.7.jar;C:\Users\Admin\.gradle\caches\modules-2\files-2.1\io.github.llamalad7\mixinextras-fabric\0.4.1\8d1a9e96afb990367fa1f904d17580d164da72e3\mixinextras-fabric-0.4.1.jar;C:\Users\Admin\.gradle\caches\modules-2\files-2.1\net.fabricmc\dev-launch-injector\0.2.1+build.8\da8bef7e6e2f952da707f282bdb46882a0fce5e3\dev-launch-injector-0.2.1+build.8.jar;C:\Users\Admin\.gradle\caches\modules-2\files-2.1\net.minecrell\terminalconsoleappender\1.3.0\b562e9bb61235c9520e26282cdee71f8f802d1fc\terminalconsoleappender-1.3.0.jar;C:\Users\Admin\.gradle\caches\modules-2\files-2.1\com.fasterxml.jackson.core\jackson-annotations\2.13.4\858c6cc78e1f08a885b1613e1d817c829df70a6e\jackson-annotations-2.13.4.jar;C:\Users\Admin\.gradle\caches\modules-2\files-2.1\com.fasterxml.jackson.core\jackson-core\2.13.4\cf934c681294b97ef6d80082faeefbe1edadf56\jackson-core-2.13.4.jar;C:\Users\Admin\.gradle\caches\modules-2\files-2.1\com.fasterxml.jackson.core\jackson-databind\2.13.4.2\325c06bdfeb628cfb80ebaaf1a26cc1eb558a585\jackson-databind-2.13.4.2.jar;C:\Users\Admin\.gradle\caches\modules-2\files-2.1\com.github.oshi\oshi-core\6.6.5\e1099981fd15dc4236c4499d82aba1276fb43a9a\oshi-core-6.6.5.jar;C:\Users\Admin\.gradle\caches\modules-2\files-2.1\com.github.stephenc.jcip\jcip-annotations\1.0-1\ef31541dd28ae2cefdd17c7ebf352d93e9058c63\jcip-annotations-1.0-1.jar;C:\Users\Admin\.gradle\caches\modules-2\files-2.1\com.google.code.gson\gson\2.11.0\527175ca6d81050b53bdd4c457a6d6e017626b0e\gson-2.11.0.jar;C:\Users\Admin\.gradle\caches\modules-2\files-2.1\com.google.guava\failureaccess\1.0.2\c4a06a64e650562f30b7bf9aaec1bfed43aca12b\failureaccess-1.0.2.jar;C:\Users\Admin\.gradle\caches\modules-2\files-2.1\com.google.guava\guava\33.3.1-jre\852f8b363da0111e819460021ca693cacca3e8db\guava-33.3.1-jre.jar;C:\Users\Admin\.gradle\caches\modules-2\files-2.1\com.ibm.icu\icu4j\76.1\215f3a8e936d4069344bd75f2b1368fd58112894\icu4j-76.1.jar;C:\Users\Admin\.gradle\caches\modules-2\files-2.1\com.microsoft.azure\msal4j\1.17.2\a6211e3d71d0388929babaa0ff0951b30d001852\msal4j-1.17.2.jar;C:\Users\Admin\.gradle\caches\modules-2\files-2.1\com.mojang\authlib\6.0.57\bded3161a7346de32213da750388ec6529fe4f6b\authlib-6.0.57.jar;C:\Users\Admin\.gradle\caches\modules-2\files-2.1\com.mojang\blocklist\1.0.10\5c685c5ffa94c4cd39496c7184c1d122e515ecef\blocklist-1.0.10.jar;C:\Users\Admin\.gradle\caches\modules-2\files-2.1\com.mojang\brigadier\1.3.10\d15b53a14cf20fdcaa98f731af5dda654452c010\brigadier-1.3.10.jar;C:\Users\Admin\.gradle\caches\modules-2\files-2.1\com.mojang\datafixerupper\8.0.16\67d4de6d7f95d89bcf5862995fb854ebaec02a34\datafixerupper-8.0.16.jar;C:\Users\Admin\.gradle\caches\modules-2\files-2.1\com.mojang\jtracy\1.0.29\6f07dcb6a2e595c7ee2ca43b67e5d1c018ca0770\jtracy-1.0.29.jar;C:\Users\Admin\.gradle\caches\modules-2\files-2.1\com.mojang\jtracy\1.0.29\e05332cb31c7ae582dc8d8bd1bffd47c2ff7636f\jtracy-1.0.29-natives-windows.jar;C:\Users\Admin\.gradle\caches\modules-2\files-2.1\com.mojang\logging\1.5.10\9ab1202793717af9df9c1704d0a02892067001eb\logging-1.5.10.jar;C:\Users\Admin\.gradle\caches\modules-2\files-2.1\com.mojang\patchy\2.2.10\da05971b07cbb379d002cf7eaec6a2048211fefc\patchy-2.2.10.jar;C:\Users\Admin\.gradle\caches\modules-2\files-2.1\com.mojang\text2speech\1.17.9\3cad216e3a7f0c19b4b394388bc9ffc446f13b14\text2speech-1.17.9.jar;C:\Users\Admin\.gradle\caches\modules-2\files-2.1\com.nimbusds\content-type\2.3\e3aa0be212d7a42839a8f3f506f5b990bcce0222\content-type-2.3.jar;C:\Users\Admin\.gradle\caches\modules-2\files-2.1\com.nimbusds\lang-tag\1.7\97c73ecd70bc7e8eefb26c5eea84f251a63f1031\lang-tag-1.7.jar;C:\Users\Admin\.gradle\caches\modules-2\files-2.1\com.nimbusds\nimbus-jose-jwt\9.40\42b1dfa0360e4062951b070bac52dd8d96fd7b38\nimbus-jose-jwt-9.40.jar;C:\Users\Admin\.gradle\caches\modules-2\files-2.1\com.nimbusds\oauth2-oidc-sdk\11.18\7c7ec4f4066625ff07a711ad856fa04da1ff9de\oauth2-oidc-sdk-11.18.jar;C:\Users\Admin\.gradle\caches\modules-2\files-2.1\commons-codec\commons-codec\1.17.1\973638b7149d333563584137ebf13a691bb60579\commons-codec-1.17.1.jar;C:\Users\Admin\.gradle\caches\modules-2\files-2.1\commons-io\commons-io\2.17.0\ddcc8433eb019fb48fe25207c0278143f3e1d7e2\commons-io-2.17.0.jar;C:\Users\Admin\.gradle\caches\modules-2\files-2.1\commons-logging\commons-logging\1.3.4\b9fc14968d63a8b8a8a2c1885fe3e90564239708\commons-logging-1.3.4.jar;C:\Users\Admin\.gradle\caches\modules-2\files-2.1\io.netty\netty-buffer\4.1.115.Final\d5daf1030e5c36d198caf7562da2441a97ec0df6\netty-buffer-4.1.115.Final.jar;C:\Users\Admin\.gradle\caches\modules-2\files-2.1\io.netty\netty-codec\4.1.115.Final\d326bf3a4c785b272da3db6941779a1bd5448378\netty-codec-4.1.115.Final.jar;C:\Users\Admin\.gradle\caches\modules-2\files-2.1\io.netty\netty-common\4.1.115.Final\9da10a9f72e3f87e181d91b525174007a6fc4f11\netty-common-4.1.115.Final.jar;C:\Users\Admin\.gradle\caches\modules-2\files-2.1\io.netty\netty-handler\4.1.115.Final\d54dbf68b9d88a98240107758c6b63da5e46e23a\netty-handler-4.1.115.Final.jar;C:\Users\Admin\.gradle\caches\modules-2\files-2.1\io.netty\netty-resolver\4.1.115.Final\e33b4d476c03975957f5d8d0319d592bf2bc5e96\netty-resolver-4.1.115.Final.jar;C:\Users\Admin\.gradle\caches\modules-2\files-2.1\io.netty\netty-transport-classes-epoll\4.1.115.Final\11fea00408ecbd8b8d1f0698d708e37db4a01841\netty-transport-classes-epoll-4.1.115.Final.jar;C:\Users\Admin\.gradle\caches\modules-2\files-2.1\io.netty\netty-transport-native-unix-common\4.1.115.Final\dc96c67d06cd6b5eb677f2728f27bf2e3d9a7284\netty-transport-native-unix-common-4.1.115.Final.jar;C:\Users\Admin\.gradle\caches\modules-2\files-2.1\io.netty\netty-transport\4.1.115.Final\39cef77c1a25908ac1abf4960c2e789f0bf70ff9\netty-transport-4.1.115.Final.jar;C:\Users\Admin\.gradle\caches\modules-2\files-2.1\it.unimi.dsi\fastutil\8.5.15\1e885b40c9563ab0d3899b871fd0b30e958705dc\fastutil-8.5.15.jar;C:\Users\Admin\.gradle\caches\modules-2\files-2.1\net.java.dev.jna\jna-platform\5.15.0\86b502cad57d45da172b5e3231c537b042e296ef\jna-platform-5.15.0.jar;C:\Users\Admin\.gradle\caches\modules-2\files-2.1\net.java.dev.jna\jna\5.15.0\1ee1d80ff44f08280188f7c0e740d57207841ac\jna-5.15.0.jar;C:\Users\Admin\.gradle\caches\modules-2\files-2.1\net.minidev\accessors-smart\2.5.1\19b820261eb2e7de7d5bde11d1c06e4501dd7e5f\accessors-smart-2.5.1.jar;C:\Users\Admin\.gradle\caches\modules-2\files-2.1\net.minidev\json-smart\2.5.1\4c11d2808d009132dfbbf947ebf37de6bf266c8e\json-smart-2.5.1.jar;C:\Users\Admin\.gradle\caches\modules-2\files-2.1\net.sf.jopt-simple\jopt-simple\5.0.4\4fdac2fbe92dfad86aa6e9301736f6b4342a3f5c\jopt-simple-5.0.4.jar;C:\Users\Admin\.gradle\caches\modules-2\files-2.1\org.apache.commons\commons-compress\1.27.1\a19151084758e2fbb6b41eddaa88e7b8ff4e6599\commons-compress-1.27.1.jar;C:\Users\Admin\.gradle\caches\modules-2\files-2.1\org.apache.commons\commons-lang3\3.17.0\b17d2136f0460dcc0d2016ceefca8723bdf4ee70\commons-lang3-3.17.0.jar;C:\Users\Admin\.gradle\caches\modules-2\files-2.1\org.apache.httpcomponents\httpclient\4.5.14\1194890e6f56ec29177673f2f12d0b8e627dec98\httpclient-4.5.14.jar;C:\Users\Admin\.gradle\caches\modules-2\files-2.1\org.apache.httpcomponents\httpcore\4.4.16\51cf043c87253c9f58b539c9f7e44c8894223850\httpcore-4.4.16.jar;C:\Users\Admin\.gradle\caches\modules-2\files-2.1\org.apache.logging.log4j\log4j-core\2.24.1\c85285146f28d8c8962384f786e2dff04172fb43\log4j-core-2.24.1.jar;C:\Users\Admin\.gradle\caches\modules-2\files-2.1\org.apache.logging.log4j\log4j-api\2.24.1\7ebeb12c20606373005af4232cd0ecca72613dda\log4j-api-2.24.1.jar;C:\Users\Admin\.gradle\caches\modules-2\files-2.1\org.apache.logging.log4j\log4j-slf4j2-impl\2.24.1\8e3ddc96464ef7f768823e7e001a52b23de8cd0a\log4j-slf4j2-impl-2.24.1.jar;C:\Users\Admin\.gradle\caches\modules-2\files-2.1\org.jcraft\jorbis\0.0.17\8872d22b293e8f5d7d56ff92be966e6dc28ebdc6\jorbis-0.0.17.jar;C:\Users\Admin\.gradle\caches\modules-2\files-2.1\org.joml\joml\1.10.8\fc0a71dad90a2cf41d82a76156a0e700af8e4f8d\joml-1.10.8.jar;C:\Users\Admin\.gradle\caches\modules-2\files-2.1\org.lwjgl\lwjgl-freetype\3.3.3\a0db6c84a8becc8ca05f9dbfa985edc348a824c7\lwjgl-freetype-3.3.3.jar;C:\Users\Admin\.gradle\caches\modules-2\files-2.1\org.lwjgl\lwjgl-freetype\3.3.3\81091b006dbb43fab04c8c638e9ac87c51b4096d\lwjgl-freetype-3.3.3-natives-windows.jar;C:\Users\Admin\.gradle\caches\modules-2\files-2.1\org.lwjgl\lwjgl-freetype\3.3.3\82028265a0a2ff33523ca75137ada7dc176e5210\lwjgl-freetype-3.3.3-natives-windows-arm64.jar;C:\Users\Admin\.gradle\caches\modules-2\files-2.1\org.lwjgl\lwjgl-freetype\3.3.3\15a8c1de7f51d07a92eae7ce1222557073a0c0c3\lwjgl-freetype-3.3.3-natives-windows-x86.jar;C:\Users\Admin\.gradle\caches\modules-2\files-2.1\org.lwjgl\lwjgl-glfw\3.3.3\efa1eb78c5ccd840e9f329717109b5e892d72f8e\lwjgl-glfw-3.3.3.jar;C:\Users\Admin\.gradle\caches\modules-2\files-2.1\org.lwjgl\lwjgl-glfw\3.3.3\e449e28b4891fc423c54c85fbc5bb0b9efece67a\lwjgl-glfw-3.3.3-natives-windows.jar;C:\Users\Admin\.gradle\caches\modules-2\files-2.1\org.lwjgl\lwjgl-glfw\3.3.3\f27018dc74f6289574502b46cce55d52817554e2\lwjgl-glfw-3.3.3-natives-windows-arm64.jar;C:\Users\Admin\.gradle\caches\modules-2\files-2.1\org.lwjgl\lwjgl-glfw\3.3.3\32334f3fd5270a59bad9939a93115acb6de36dcf\lwjgl-glfw-3.3.3-natives-windows-x86.jar;C:\Users\Admin\.gradle\caches\modules-2\files-2.1\org.lwjgl\lwjgl-jemalloc\3.3.3\b543467b7ff3c6920539a88ee602d34098628be5\lwjgl-jemalloc-3.3.3.jar;C:\Users\Admin\.gradle\caches\modules-2\files-2.1\org.lwjgl\lwjgl-jemalloc\3.3.3\426222fc027602a5f21b9c0fe79cde6a4c7a011f\lwjgl-jemalloc-3.3.3-natives-windows.jar;C:\Users\Admin\.gradle\caches\modules-2\files-2.1\org.lwjgl\lwjgl-jemalloc\3.3.3\ba1f3fed0ee4be0217eaa41c5bbfb4b9b1383c33\lwjgl-jemalloc-3.3.3-natives-windows-arm64.jar;C:\Users\Admin\.gradle\caches\modules-2\files-2.1\org.lwjgl\lwjgl-jemalloc\3.3.3\f6063b6e0f23be483c5c88d84ce51b39dc69126c\lwjgl-jemalloc-3.3.3-natives-windows-x86.jar;C:\Users\Admin\.gradle\caches\modules-2\files-2.1\org.lwjgl\lwjgl-openal\3.3.3\daada81ceb5fc0c291fbfdd4433cb8d9423577f2\lwjgl-openal-3.3.3.jar;C:\Users\Admin\.gradle\caches\modules-2\files-2.1\org.lwjgl\lwjgl-openal\3.3.3\cf83862ae95d98496b26915024c7e666d8ab1c8f\lwjgl-openal-3.3.3-natives-windows.jar;C:\Users\Admin\.gradle\caches\modules-2\files-2.1\org.lwjgl\lwjgl-openal\3.3.3\8e0615235116b9e4160dfe87bec90f5f6378bf72\lwjgl-openal-3.3.3-natives-windows-arm64.jar;C:\Users\Admin\.gradle\caches\modules-2\files-2.1\org.lwjgl\lwjgl-openal\3.3.3\87b8d5050e3adb46bb58fe1cb2669a4a48fce10d\lwjgl-openal-3.3.3-natives-windows-x86.jar;C:\Users\Admin\.gradle\caches\modules-2\files-2.1\org.lwjgl\lwjgl-opengl\3.3.3\2f6b0147078396a58979125a4c947664e98293a\lwjgl-opengl-3.3.3.jar;C:\Users\Admin\.gradle\caches\modules-2\files-2.1\org.lwjgl\lwjgl-opengl\3.3.3\e6c1eec8be8a71951b830a4d69efc01c6531900c\lwjgl-opengl-3.3.3-natives-windows.jar;C:\Users\Admin\.gradle\caches\modules-2\files-2.1\org.lwjgl\lwjgl-opengl\3.3.3\65e956d3735a1abdc82eff4baec1b61174697d4b\lwjgl-opengl-3.3.3-natives-windows-arm64.jar;C:\Users\Admin\.gradle\caches\modules-2\files-2.1\org.lwjgl\lwjgl-opengl\3.3.3\d32d833dcaa2f355a886eaf21f0408b5f03241d\lwjgl-opengl-3.3.3-natives-windows-x86.jar;C:\Users\Admin\.gradle\caches\modules-2\files-2.1\org.lwjgl\lwjgl-stb\3.3.3\25dd6161988d7e65f71d5065c99902402ee32746\lwjgl-stb-3.3.3.jar;C:\Users\Admin\.gradle\caches\modules-2\files-2.1\org.lwjgl\lwjgl-stb\3.3.3\1d9facdf6541de114b0f963be33505b7679c78cb\lwjgl-stb-3.3.3-natives-windows.jar;C:\Users\Admin\.gradle\caches\modules-2\files-2.1\org.lwjgl\lwjgl-stb\3.3.3\a584ab44de569708871f0a79561f4d8c37487f2c\lwjgl-stb-3.3.3-natives-windows-arm64.jar;C:\Users\Admin\.gradle\caches\modules-2\files-2.1\org.lwjgl\lwjgl-stb\3.3.3\b5c874687b9aac1a936501d4ed2c49567fd1b575\lwjgl-stb-3.3.3-natives-windows-x86.jar;C:\Users\Admin\.gradle\caches\modules-2\files-2.1\org.lwjgl\lwjgl-tinyfd\3.3.3\82d755ca94b102e9ca77283b9e2dc46d1b15fbe5\lwjgl-tinyfd-3.3.3.jar;C:\Users\Admin\.gradle\caches\modules-2\files-2.1\org.lwjgl\lwjgl-tinyfd\3.3.3\a6697981b0449a5087c1d546fc08b4f73e8f98c9\lwjgl-tinyfd-3.3.3-natives-windows.jar;C:\Users\Admin\.gradle\caches\modules-2\files-2.1\org.lwjgl\lwjgl-tinyfd\3.3.3\a88c494f3006eb91a7433b12a3a55a9a6c20788b\lwjgl-tinyfd-3.3.3-natives-windows-arm64.jar;C:\Users\Admin\.gradle\caches\modules-2\files-2.1\org.lwjgl\lwjgl-tinyfd\3.3.3\c336c84ee88cccb495c6ffa112395509e7378e8a\lwjgl-tinyfd-3.3.3-natives-windows-x86.jar;C:\Users\Admin\.gradle\caches\modules-2\files-2.1\org.lwjgl\lwjgl\3.3.3\29589b5f87ed335a6c7e7ee6a5775f81f97ecb84\lwjgl-3.3.3.jar;C:\Users\Admin\.gradle\caches\modules-2\files-2.1\org.lwjgl\lwjgl\3.3.3\a5ed18a2b82fc91b81f40d717cb1f64c9dcb0540\lwjgl-3.3.3-natives-windows.jar;C:\Users\Admin\.gradle\caches\modules-2\files-2.1\org.lwjgl\lwjgl\3.3.3\e9aca8c5479b520a2a7f0d542a118140e812c5e8\lwjgl-3.3.3-natives-windows-arm64.jar;C:\Users\Admin\.gradle\caches\modules-2\files-2.1\org.lwjgl\lwjgl\3.3.3\9e670718e050aeaeea0c2d5b907cffb142f2e58f\lwjgl-3.3.3-natives-windows-x86.jar;C:\Users\Admin\.gradle\caches\modules-2\files-2.1\org.lz4\lz4-java\1.8.0\4b986a99445e49ea5fbf5d149c4b63f6ed6c6780\lz4-java-1.8.0.jar;C:\Users\Admin\.gradle\caches\modules-2\files-2.1\com.github.hypfvieh\dbus-java-core\5.0.0\fe1faacc4e7be00387b715a16a658bcc1cfc6434\dbus-java-core-5.0.0.jar;C:\Users\Admin\.gradle\caches\modules-2\files-2.1\org.slf4j\slf4j-api\2.0.16\172931663a09a1fa515567af5fbef00897d3c04\slf4j-api-2.0.16.jar;C:\Users\Admin\Desktop\luxury2\.gradle\loom-cache\minecraftMaven\net\minecraft\minecraft-merged-a172fc6613\1.21.4-net.fabricmc.yarn.1_21_4.1.21.4+build.8-v2\minecraft-merged-a172fc6613-1.21.4-net.fabricmc.yarn.1_21_4.1.21.4+build.8-v2.jar;C:\Users\Admin\.gradle\caches\modules-2\files-2.1\io.netty\netty-transport-native-epoll\4.1.115.Final\a6cc58c4a259bad159cbb06120cea9b3474e86a0\netty-transport-native-epoll-4.1.115.Final-linux-x86_64.jar;C:\Users\Admin\.gradle\caches\modules-2\files-2.1\io.netty\netty-transport-native-epoll\4.1.115.Final\a80b32f98ceb4e27958c0ceaf22ddad9ea6c0d4e\netty-transport-native-epoll-4.1.115.Final-linux-aarch_64.jar;C:\Users\Admin\.gradle\caches\modules-2\files-2.1\net.fabricmc\fabric-loader\0.16.10\dbd932c2a3641d2c41cf9abfe47e140a5753fa86\fabric-loader-0.16.10.jar;C:\Users\Admin\.gradle\caches\modules-2\files-2.1\org.projectlombok\lombok\1.18.34\ec547ef414ab1d2c040118fb9c1c265ada63af14\lombok-1.18.34.jar;C:\Users\Admin\Desktop\luxury2\.gradle\loom-cache\remapped_mods\remapped\net\fabricmc\fabric-api\fabric-api-46549a5a\0.119.4+1.21.4\fabric-api-46549a5a-0.119.4+1.21.4.jar;C:\Users\Admin\Desktop\luxury2\.gradle\loom-cache\remapped_mods\remapped\net\fabricmc\fabric-api\fabric-transfer-api-v1-46549a5a\5.4.9+efa825c904\fabric-transfer-api-v1-46549a5a-5.4.9+efa825c904.jar;C:\Users\Admin\Desktop\luxury2\.gradle\loom-cache\remapped_mods\remapped\net\fabricmc\fabric-api\fabric-api-lookup-api-v1-46549a5a\1.6.86+b1caf1e904\fabric-api-lookup-api-v1-46549a5a-1.6.86+b1caf1e904.jar;C:\Users\Admin\Desktop\luxury2\.gradle\loom-cache\remapped_mods\remapped\net\fabricmc\fabric-api\fabric-blockrenderlayer-v1-46549a5a\2.0.8+7feeb73304\fabric-blockrenderlayer-v1-46549a5a-2.0.8+7feeb73304.jar;C:\Users\Admin\Desktop\luxury2\.gradle\loom-cache\remapped_mods\remapped\net\fabricmc\fabric-api\fabric-client-tags-api-v1-46549a5a\1.1.29+20ea1e2304\fabric-client-tags-api-v1-46549a5a-1.1.29+20ea1e2304.jar;C:\Users\Admin\Desktop\luxury2\.gradle\loom-cache\remapped_mods\remapped\net\fabricmc\fabric-api\fabric-command-api-v1-46549a5a\1.2.62+f71b366f04\fabric-command-api-v1-46549a5a-1.2.62+f71b366f04.jar;C:\Users\Admin\Desktop\luxury2\.gradle\loom-cache\remapped_mods\remapped\net\fabricmc\fabric-api\fabric-commands-v0-46549a5a\0.2.79+df3654b304\fabric-commands-v0-46549a5a-0.2.79+df3654b304.jar;C:\Users\Admin\Desktop\luxury2\.gradle\loom-cache\remapped_mods\remapped\net\fabricmc\fabric-api\fabric-command-api-v2-46549a5a\2.2.41+e496eb1504\fabric-command-api-v2-46549a5a-2.2.41+e496eb1504.jar;C:\Users\Admin\Desktop\luxury2\.gradle\loom-cache\remapped_mods\remapped\net\fabricmc\fabric-api\fabric-content-registries-v0-46549a5a\9.1.19+25d1a67604\fabric-content-registries-v0-46549a5a-9.1.19+25d1a67604.jar;C:\Users\Admin\Desktop\luxury2\.gradle\loom-cache\remapped_mods\remapped\net\fabricmc\fabric-api\fabric-data-generation-api-v1-46549a5a\22.3.1+0f4e5f5504\fabric-data-generation-api-v1-46549a5a-22.3.1+0f4e5f5504.jar;C:\Users\Admin\Desktop\luxury2\.gradle\loom-cache\remapped_mods\remapped\net\fabricmc\fabric-api\fabric-convention-tags-v1-46549a5a\2.1.20+7f945d5b04\fabric-convention-tags-v1-46549a5a-2.1.20+7f945d5b04.jar;C:\Users\Admin\Desktop\luxury2\.gradle\loom-cache\remapped_mods\remapped\net\fabricmc\fabric-api\fabric-convention-tags-v2-46549a5a\2.14.1+aebda09404\fabric-convention-tags-v2-46549a5a-2.14.1+aebda09404.jar;C:\Users\Admin\Desktop\luxury2\.gradle\loom-cache\remapped_mods\remapped\net\fabricmc\fabric-api\fabric-data-attachment-api-v1-46549a5a\1.6.2+e99da0f704\fabric-data-attachment-api-v1-46549a5a-1.6.2+e99da0f704.jar;C:\Users\Admin\Desktop\luxury2\.gradle\loom-cache\remapped_mods\remapped\net\fabricmc\fabric-api\fabric-entity-events-v1-46549a5a\2.0.15+62245bef04\fabric-entity-events-v1-46549a5a-2.0.15+62245bef04.jar;C:\Users\Admin\Desktop\luxury2\.gradle\loom-cache\remapped_mods\remapped\net\fabricmc\fabric-api\fabric-events-interaction-v0-46549a5a\4.0.4+a4eebcf004\fabric-events-interaction-v0-46549a5a-4.0.4+a4eebcf004.jar;C:\Users\Admin\Desktop\luxury2\.gradle\loom-cache\remapped_mods\remapped\net\fabricmc\fabric-api\fabric-gametest-api-v1-46549a5a\2.0.26+7feeb73304\fabric-gametest-api-v1-46549a5a-2.0.26+7feeb73304.jar;C:\Users\Admin\Desktop\luxury2\.gradle\loom-cache\remapped_mods\remapped\net\fabricmc\fabric-api\fabric-item-api-v1-46549a5a\11.4.0+189dd6fe04\fabric-item-api-v1-46549a5a-11.4.0+189dd6fe04.jar;C:\Users\Admin\Desktop\luxury2\.gradle\loom-cache\remapped_mods\remapped\net\fabricmc\fabric-api\fabric-item-group-api-v1-46549a5a\4.2.2+fcb9601404\fabric-item-group-api-v1-46549a5a-4.2.2+fcb9601404.jar;C:\Users\Admin\Desktop\luxury2\.gradle\loom-cache\remapped_mods\remapped\net\fabricmc\fabric-api\fabric-lifecycle-events-v1-46549a5a\2.5.4+bf2a60eb04\fabric-lifecycle-events-v1-46549a5a-2.5.4+bf2a60eb04.jar;C:\Users\Admin\Desktop\luxury2\.gradle\loom-cache\remapped_mods\remapped\net\fabricmc\fabric-api\fabric-loot-api-v2-46549a5a\3.0.38+3f89f5a504\fabric-loot-api-v2-46549a5a-3.0.38+3f89f5a504.jar;C:\Users\Admin\Desktop\luxury2\.gradle\loom-cache\remapped_mods\remapped\net\fabricmc\fabric-api\fabric-loot-api-v3-46549a5a\1.0.26+203e6b2304\fabric-loot-api-v3-46549a5a-1.0.26+203e6b2304.jar;C:\Users\Admin\Desktop\luxury2\.gradle\loom-cache\remapped_mods\remapped\net\fabricmc\fabric-api\fabric-message-api-v1-46549a5a\6.0.26+238a33c004\fabric-message-api-v1-46549a5a-6.0.26+238a33c004.jar;C:\Users\Admin\Desktop\luxury2\.gradle\loom-cache\remapped_mods\remapped\net\fabricmc\fabric-api\fabric-model-loading-api-v1-46549a5a\4.3.0+ae23723504\fabric-model-loading-api-v1-46549a5a-4.3.0+ae23723504.jar;C:\Users\Admin\Desktop\luxury2\.gradle\loom-cache\remapped_mods\remapped\net\fabricmc\fabric-api\fabric-recipe-api-v1-46549a5a\8.1.1+640e77ae04\fabric-recipe-api-v1-46549a5a-8.1.1+640e77ae04.jar;C:\Users\Admin\Desktop\luxury2\.gradle\loom-cache\remapped_mods\remapped\net\fabricmc\fabric-api\fabric-screen-handler-api-v1-46549a5a\1.3.118+7feeb73304\fabric-screen-handler-api-v1-46549a5a-1.3.118+7feeb73304.jar;C:\Users\Admin\Desktop\luxury2\.gradle\loom-cache\remapped_mods\remapped\net\fabricmc\fabric-api\fabric-registry-sync-v0-46549a5a\6.1.11+4a9c1ece04\fabric-registry-sync-v0-46549a5a-6.1.11+4a9c1ece04.jar;C:\Users\Admin\Desktop\luxury2\.gradle\loom-cache\remapped_mods\remapped\net\fabricmc\fabric-api\fabric-networking-api-v1-46549a5a\4.4.0+db5e668204\fabric-networking-api-v1-46549a5a-4.4.0+db5e668204.jar;C:\Users\Admin\Desktop\luxury2\.gradle\loom-cache\remapped_mods\remapped\net\fabricmc\fabric-api\fabric-object-builder-api-v1-46549a5a\18.0.14+38b0d59804\fabric-object-builder-api-v1-46549a5a-18.0.14+38b0d59804.jar;C:\Users\Admin\Desktop\luxury2\.gradle\loom-cache\remapped_mods\remapped\net\fabricmc\fabric-api\fabric-particles-v1-46549a5a\4.0.14+7feeb73304\fabric-particles-v1-46549a5a-4.0.14+7feeb73304.jar;C:\Users\Admin\Desktop\luxury2\.gradle\loom-cache\remapped_mods\remapped\net\fabricmc\fabric-api\fabric-renderer-indigo-46549a5a\2.0.3+50f0feb204\fabric-renderer-indigo-46549a5a-2.0.3+50f0feb204.jar;C:\Users\Admin\Desktop\luxury2\.gradle\loom-cache\remapped_mods\remapped\net\fabricmc\fabric-api\fabric-renderer-api-v1-46549a5a\5.0.3+50f0feb204\fabric-renderer-api-v1-46549a5a-5.0.3+50f0feb204.jar;C:\Users\Admin\Desktop\luxury2\.gradle\loom-cache\remapped_mods\remapped\net\fabricmc\fabric-api\fabric-rendering-fluids-v1-46549a5a\3.1.19+7feeb73304\fabric-rendering-fluids-v1-46549a5a-3.1.19+7feeb73304.jar;C:\Users\Admin\Desktop\luxury2\.gradle\loom-cache\remapped_mods\remapped\net\fabricmc\fabric-api\fabric-rendering-v1-46549a5a\10.2.1+0d31b09f04\fabric-rendering-v1-46549a5a-10.2.1+0d31b09f04.jar;C:\Users\Admin\Desktop\luxury2\.gradle\loom-cache\remapped_mods\remapped\net\fabricmc\fabric-api\fabric-tag-api-v1-46549a5a\1.0.7+7d48d43904\fabric-tag-api-v1-46549a5a-1.0.7+7d48d43904.jar;C:\Users\Admin\Desktop\luxury2\.gradle\loom-cache\remapped_mods\remapped\net\fabricmc\fabric-api\fabric-resource-loader-v0-46549a5a\3.1.1+360374ac04\fabric-resource-loader-v0-46549a5a-3.1.1+360374ac04.jar;C:\Users\Admin\Desktop\luxury2\.gradle\loom-cache\remapped_mods\remapped\net\fabricmc\fabric-api\fabric-screen-api-v1-46549a5a\2.0.38+7feeb73304\fabric-screen-api-v1-46549a5a-2.0.38+7feeb73304.jar;C:\Users\Admin\Desktop\luxury2\.gradle\loom-cache\remapped_mods\remapped\net\fabricmc\fabric-api\fabric-api-base-46549a5a\0.4.54+b47eab6b04\fabric-api-base-46549a5a-0.4.54+b47eab6b04.jar;C:\Users\Admin\Desktop\luxury2\.gradle\loom-cache\remapped_mods\remapped\net\fabricmc\fabric-api\fabric-biome-api-v1-46549a5a\15.0.6+b1c29d8e04\fabric-biome-api-v1-46549a5a-15.0.6+b1c29d8e04.jar;C:\Users\Admin\Desktop\luxury2\.gradle\loom-cache\remapped_mods\remapped\net\fabricmc\fabric-api\fabric-block-api-v1-46549a5a\1.0.31+7feeb73304\fabric-block-api-v1-46549a5a-1.0.31+7feeb73304.jar;C:\Users\Admin\Desktop\luxury2\.gradle\loom-cache\remapped_mods\remapped\net\fabricmc\fabric-api\fabric-rendering-data-attachment-v1-46549a5a\0.3.58+73761d2e04\fabric-rendering-data-attachment-v1-46549a5a-0.3.58+73761d2e04.jar;C:\Users\Admin\Desktop\luxury2\.gradle\loom-cache\remapped_mods\remapped\net\fabricmc\fabric-api\fabric-block-view-api-v2-46549a5a\1.0.20+9c49cc8c04\fabric-block-view-api-v2-46549a5a-1.0.20+9c49cc8c04.jar;C:\Users\Admin\Desktop\luxury2\.gradle\loom-cache\remapped_mods\remapped\net\fabricmc\fabric-api\fabric-client-gametest-api-v1-46549a5a\4.1.1+6816ccd404\fabric-client-gametest-api-v1-46549a5a-4.1.1+6816ccd404.jar;C:\Users\Admin\Desktop\luxury2\.gradle\loom-cache\remapped_mods\remapped\net\fabricmc\fabric-api\fabric-crash-report-info-v1-46549a5a\0.3.6+7feeb73304\fabric-crash-report-info-v1-46549a5a-0.3.6+7feeb73304.jar;C:\Users\Admin\Desktop\luxury2\.gradle\loom-cache\remapped_mods\remapped\net\fabricmc\fabric-api\fabric-dimensions-v1-46549a5a\4.0.10+7feeb73304\fabric-dimensions-v1-46549a5a-4.0.10+7feeb73304.jar;C:\Users\Admin\Desktop\luxury2\.gradle\loom-cache\remapped_mods\remapped\net\fabricmc\fabric-api\fabric-game-rule-api-v1-46549a5a\1.0.63+7d48d43904\fabric-game-rule-api-v1-46549a5a-1.0.63+7d48d43904.jar;C:\Users\Admin\Desktop\luxury2\.gradle\loom-cache\remapped_mods\remapped\net\fabricmc\fabric-api\fabric-keybindings-v0-46549a5a\0.2.55+df3654b304\fabric-keybindings-v0-46549a5a-0.2.55+df3654b304.jar;C:\Users\Admin\Desktop\luxury2\.gradle\loom-cache\remapped_mods\remapped\net\fabricmc\fabric-api\fabric-key-binding-api-v1-46549a5a\1.0.57+7d48d43904\fabric-key-binding-api-v1-46549a5a-1.0.57+7d48d43904.jar;C:\Users\Admin\Desktop\luxury2\.gradle\loom-cache\remapped_mods\remapped\net\fabricmc\fabric-api\fabric-resource-conditions-api-v1-46549a5a\5.0.13+203e6b2304\fabric-resource-conditions-api-v1-46549a5a-5.0.13+203e6b2304.jar;C:\Users\Admin\Desktop\luxury2\.gradle\loom-cache\remapped_mods\remapped\net\fabricmc\fabric-api\fabric-sound-api-v1-46549a5a\1.0.32+7feeb73304\fabric-sound-api-v1-46549a5a-1.0.32+7feeb73304.jar;C:\Users\Admin\Desktop\luxury2\.gradle\loom-cache\remapped_mods\remapped\net\fabricmc\fabric-api\fabric-transitive-access-wideners-v1-46549a5a\6.3.2+56e78b9b04\fabric-transitive-access-wideners-v1-46549a5a-6.3.2+56e78b9b04.jar;C:\Users\Admin\.gradle\caches\modules-2\files-2.1\org.jetbrains.kotlinx\kotlinx-serialization-core-jvm\1.6.3\6b6c17d0312ba7192893adea9d52959941d0119b\kotlinx-serialization-core-jvm-1.6.3.jar;C:\Users\Admin\.gradle\caches\modules-2\files-2.1\org.jetbrains.kotlin\kotlin-stdlib\1.9.22\d6c44cd08d8f3f9bece8101216dbe6553365c6e3\kotlin-stdlib-1.9.22.jar;C:\Users\Admin\.gradle\caches\modules-2\files-2.1\org.jline\jline-reader\3.20.0\8f15415b022a25b473e8e16c28ae913186ffb9c4\jline-reader-3.20.0.jar;C:\Users\Admin\.gradle\caches\modules-2\files-2.1\org.jetbrains\annotations\13.0\919f0dfe192fb4e063e7dacadee7f8bb9a2672a9\annotations-13.0.jar;C:\Users\Admin\.gradle\caches\modules-2\files-2.1\org.jline\jline-terminal\3.20.0\d0ddcc708ddf527a3454c941b7b9225cc83a15ff\jline-terminal-3.20.0.jar;C:\Users\Admin\.gradle\caches\modules-2\files-2.1\com.github.jnr\jnr-constants\0.10.4\9f6f23763bf40ea7b56391791f574174914430a\jnr-constants-0.10.4.jar;C:\Users\Admin\.gradle\caches\modules-2\files-2.1\com.github.jnr\jffi\1.3.12\a439d46fb5d5d9539f16db7d574c7aafb952874a\jffi-1.3.12.jar;C:\Users\Admin\.gradle\caches\modules-2\files-2.1\com.github.jnr\jffi\1.3.12\ebd0e45f447d80c16fbf2a82ff0253de28837b41\jffi-1.3.12-native.jar;C:\Users\Admin\.gradle\caches\modules-2\files-2.1\com.github.jnr\jnr-a64asm\1.0.0\a1cb8dbe71b5a6a0288043c3ba3ca64545be165\jnr-a64asm-1.0.0.jar;C:\Users\Admin\.gradle\caches\modules-2\files-2.1\com.github.jnr\jnr-x86asm\1.0.2\6936bbd6c5b235665d87bd450f5e13b52d4b48\jnr-x86asm-1.0.2.jar
Launcher Type: SUN_STANDARD

[Global flags]
     intx CICompilerCount                          = 3                                         {product} {ergonomic}
     uint ConcGCThreads                            = 1                                         {product} {ergonomic}
     uint G1ConcRefinementThreads                  = 4                                         {product} {ergonomic}
   size_t G1HeapRegionSize                         = 2097152                                   {product} {ergonomic}
    uintx GCDrainStackTargetSize                   = 64                                        {product} {ergonomic}
   size_t InitialHeapSize                          = 201326592                                 {product} {ergonomic}
   size_t MarkStackSize                            = 4194304                                   {product} {ergonomic}
   size_t MaxHeapSize                              = 3206545408                                {product} {ergonomic}
   size_t MaxNewSize                               = 1923088384                                {product} {ergonomic}
   size_t MinHeapDeltaBytes                        = 2097152                                   {product} {ergonomic}
   size_t MinHeapSize                              = 8388608                                   {product} {ergonomic}
    uintx NonNMethodCodeHeapSize                   = 5832780                                {pd product} {ergonomic}
    uintx NonProfiledCodeHeapSize                  = 122912730                              {pd product} {ergonomic}
    uintx ProfiledCodeHeapSize                     = 122912730                              {pd product} {ergonomic}
    uintx ReservedCodeCacheSize                    = 251658240                              {pd product} {ergonomic}
     bool SegmentedCodeCache                       = true                                      {product} {ergonomic}
   size_t SoftMaxHeapSize                          = 3206545408                             {manageable} {ergonomic}
     bool UseCompressedOops                        = true                           {product lp64_product} {ergonomic}
     bool UseG1GC                                  = true                                      {product} {ergonomic}
     bool UseLargePagesIndividualAllocation        = false                                  {pd product} {ergonomic}

Logging:
Log output configuration:
 #0: stdout all=warning uptime,level,tags foldmultilines=false
 #1: stderr all=off uptime,level,tags foldmultilines=false

Environment Variables:
PATH=C:\Program Files (x86)\NVIDIA Corporation\PhysX\Common;C:\Program Files\Common Files\Oracle\Java\javapath;C:\Program Files\Python311\Scripts\;C:\Program Files\Python311\;C:\Program Files\Python310\Scripts\;C:\Program Files\Python310\;C:\Program Files\Eclipse Adoptium\jdk-17.0.1.12-hotspot\bin;C:\Windows\system32;C:\Windows;C:\Windows\System32\Wbem;C:\Windows\System32\WindowsPowerShell\v1.0\;C:\Windows\System32\OpenSSH\;C:\Program Files\Cloudflare\Cloudflare WARP\;e:\cursor\resources\app\bin;C:\Program Files\Git\cmd;C:\Program Files\dotnet\;D:\Windows Kits\10\Windows Performance Toolkit\;D:\cursor\resources\app\bin;C:\Users\Admin\AppData\Local\Programs\Python\Python38-32\Scripts\;C:\Users\Admin\AppData\Local\Programs\Python\Python38-32\;C:\Users\Admin\AppData\Local\Microsoft\WindowsApps;;C:\Users\Admin\IntelliJ IDEA 2025.1.3\bin;C:\Program Files (x86)\rubberband;;E:\cursor\resources\app\bin;D:\IntelliJ IDEA Community Edition 2025.2.1\bin;E:\Microsoft VS Code\bin
USERNAME=Admin
OS=Windows_NT
PROCESSOR_IDENTIFIER=Intel64 Family 6 Model 158 Stepping 10, GenuineIntel
TMP=C:\Users\Admin\AppData\Local\Temp
TEMP=C:\Users\Admin\AppData\Local\Temp




Periodic native trim disabled

---------------  S Y S T E M  ---------------

OS:
 Windows 11 , 64 bit Build 22621 (10.0.22621.3371)
OS uptime: 0 days 10:14 hours

CPU: total 4 (initial active 4) (2 cores per cpu, 2 threads per core) family 6 model 158 stepping 10 microcode 0xde, cx8, cmov, fxsr, ht, mmx, 3dnowpref, sse, sse2, sse3, ssse3, sse4.1, sse4.2, popcnt, lzcnt, tsc, tscinvbit, aes, erms, clmul, clflush, clflushopt, rdtscp
Processor Information for the first 4 processors :
  Max Mhz: 3696, Current Mhz: 3696, Mhz Limit: 3696

Memory: 4k page, system-wide physical 12230M (930M free)
TotalPageFile size 32424M (AvailPageFile size 13M)
current process WorkingSet (physical memory assigned to process): 2103M, peak: 2713M
current process commit charge ("private bytes"): 2821M, peak: 2845M

vm_info: OpenJDK 64-Bit Server VM (21.0.8+9-LTS) for windows-amd64 JRE (21.0.8+9-LTS), built on 2025-07-09T19:22:31Z by "Administrator" with MS VC++ 16.10 / 16.11 (VS2019)

END.
