#
# A fatal error has been detected by the Java Runtime Environment:
#
#  EXCEPTION_UNCAUGHT_CXX_EXCEPTION (0xe06d7363) at pc=0x00007fffd83653ac, pid=2336, tid=9644
#
# JRE version: OpenJDK Runtime Environment Corretto-21.0.8.9.1 (21.0.8+9) (build 21.0.8+9-LTS)
# Java VM: OpenJDK 64-Bit Server VM Corretto-21.0.8.9.1 (21.0.8+9-LTS, mixed mode, sharing, tiered, compressed oops, compressed class ptrs, g1 gc, windows-amd64)
# Problematic frame:
# C  [KERNELBASE.dll+0x653ac]
#
# No core dump will be written. Minidumps are not enabled by default on client versions of Windows
#
# If you would like to submit a bug report, please visit:
#   https://github.com/corretto/corretto-21/issues/
# The crash happened outside the Java Virtual Machine in native code.
# See problematic frame for where to report the bug.
#

---------------  S U M M A R Y ------------

Command Line: -Ddebugger.agent.enable.coroutines=true -Dfabric.dli.config=C:\Users\Admin\Desktop\luxury2\.gradle\loom-cache\launch.cfg -Dfabric.dli.env=client -Dfabric.dli.main=net.fabricmc.loader.impl.launch.knot.KnotClient -Dkotlinx.coroutines.debug.enable.creation.stack.trace=false -Dkotlinx.coroutines.debug.enable.flows.stack.trace=true -Dkotlinx.coroutines.debug.enable.mutable.state.flows.stack.trace=true -agentlib:jdwp=transport=dt_socket,server=n,suspend=y,address=127.0.0.1:49934 -javaagent:C:\Users\Admin\AppData\Local\JetBrains\IdeaIC2025.2\captureAgent\debugger-agent.jar=file:///C:/Users/Admin/AppData/Local/Temp/capture5114993948296469933.props -Dfile.encoding=UTF-8 -Duser.country=RU -Duser.language=ru -Duser.variant net.fabricmc.devlaunchinjector.Main -XX:+UseZGC -XX:+UnlockExperimentalVMOptions -XX:+AlwaysPreTouch -XX:+UseStringDeduplication -XX:G1NewSizePercent=25 -XX:G1MaxNewSizePercent=40 -XX:G1HeapRegionSize=16M -XX:InitiatingHeapOccupancyPercent=15 -XX:G1MixedGCCountTarget=4 -XX:MaxGCPauseMillis=40 -XX:+PerfDisableSharedMem -XX:+OptimizeStringConcat

Host: Intel(R) Pentium(R) Gold G5400 CPU @ 3.70GHz, 4 cores, 11G,  Windows 11 , 64 bit Build 22621 (10.0.22621.3371)
Time: Wed Oct  1 05:45:33 2025 elapsed time: 7637.461814 seconds (0d 2h 7m 17s)

---------------  T H R E A D  ---------------

Current thread (0x000002090a87bf20):  JavaThread "pool-5-thread-1"        [_thread_in_native, id=9644, stack(0x00000070d5f00000,0x00000070d6000000) (1024K)]

Stack: [0x00000070d5f00000,0x00000070d6000000],  sp=0x00000070d5ffe6f0,  free space=1017k
Native frames: (J=compiled Java code, j=interpreted, Vv=VM code, C=native code)
C  [KERNELBASE.dll+0x653ac]
C  [VCRUNTIME140.dll+0x6480]
C  0x00007fffb3023c0e

Java frames: (J=compiled Java code, j=interpreted, Vv=VM code)
J 39667  dev.redstones.mediaplayerinfo.impl.win.WindowsMediaPlayerInfo.getMediaSessions()Ljava/util/List; (0 bytes) @ 0x00000208ee74d093 [0x00000208ee74d040+0x0000000000000053]
J 84454 c2 dev.luxury.modules.impl.MediaPlayer$$Lambda+0x0000020882b2bc40.run()V (8 bytes) @ 0x00000208eeff0a0c [0x00000208eeff0980+0x000000000000008c]
J 38663 c2 java.util.concurrent.FutureTask.run$$$capture()V java.base@21.0.8 (123 bytes) @ 0x00000208ef424b78 [0x00000208ef4237e0+0x0000000000001398]
J 41580 c2 java.util.concurrent.FutureTask.run()V java.base@21.0.8 (18 bytes) @ 0x00000208ee943804 [0x00000208ee943700+0x0000000000000104]
J 62736% c2 java.util.concurrent.ThreadPoolExecutor.runWorker(Ljava/util/concurrent/ThreadPoolExecutor$Worker;)V java.base@21.0.8 (187 bytes) @ 0x00000208ee817084 [0x00000208ee816de0+0x00000000000002a4]
j  java.util.concurrent.ThreadPoolExecutor$Worker.run()V+5 java.base@21.0.8
J 37786 c1 java.lang.Thread.runWith(Ljava/lang/Object;Ljava/lang/Runnable;)V java.base@21.0.8 (15 bytes) @ 0x00000208e8a30b54 [0x00000208e8a30ac0+0x0000000000000094]
j  java.lang.Thread.run()V+19 java.base@21.0.8
v  ~StubRoutines::call_stub 0x00000208ed551015

siginfo: EXCEPTION_UNCAUGHT_CXX_EXCEPTION (0xe06d7363), ExceptionInformation=0x0000000019930520 0x00000070d5ffe860 0x00007fffb3029b40 0x00007fffb3020000 


Registers:
RAX=0x0000000080070606, RBX=0x00007fffb3029b40, RCX=0x0000000000000000, RDX=0x00007fffd9d81bd9
RSP=0x00000070d5ffe6f0, RBP=0x00000070d5ffe880, RSI=0x00000070d5ffe860, RDI=0x0000000019930520
R8 =0x00000070d5ffe090, R9 =0x0000000000000000, R10=0x00000208db6b12d8, R11=0x000000008007007e
R12=0x0000000000000000, R13=0x0000000000000000, R14=0x00000070d5ffe9e0, R15=0x00000070d5ffe9a0
RIP=0x00007fffd83653ac, EFLAGS=0x0000000000000206

XMM[0]=0x0000000000000004 0x00000070d5ffe1e0
XMM[1]=0x00000000800706be 0x00000fa494d9a216
XMM[2]=0x00007fffd9d960e0 0x00000070d5ffe209
XMM[3]=0x0000000000000000 0x00007fffd9eb27d0
XMM[4]=0x0000000000000000 0x00007fffd9eb27d0
XMM[5]=0x00000070d5ffe1f8 0x00000070d5ffe220
XMM[6]=0x0000000000000000 0x0000000000000000
XMM[7]=0x0000000000000000 0x0000000000000000
XMM[8]=0x0000000000000000 0x0000000000000000
XMM[9]=0x0000000000000000 0x0000000000000000
XMM[10]=0x0000000000000000 0x0000000000000000
XMM[11]=0x0000000000000000 0x0000000000000000
XMM[12]=0x0000000000000000 0x0000000000000000
XMM[13]=0x0000000000000000 0x0000000000000000
XMM[14]=0x0000000000000000 0x0000000000000000
XMM[15]=0x0000000000000000 0x0000000000000000
  MXCSR=0x00001fa0


Register to memory mapping:

RAX=0x0000000080070606 is an unknown value
RBX=0x00007fffb3029b40 points into unknown readable memory: 0x0000269000000000 | 00 00 00 00 90 26 00 00
RCX=0x0 is null
RDX=0x00007fffd9d81bd9 combase.dll
RSP=0x00000070d5ffe6f0 is pointing into the stack for thread: 0x000002090a87bf20
RBP=0x00000070d5ffe880 is pointing into the stack for thread: 0x000002090a87bf20
RSI=0x00000070d5ffe860 is pointing into the stack for thread: 0x000002090a87bf20
RDI=0x0000000019930520 is an unknown value
R8 =0x00000070d5ffe090 is pointing into the stack for thread: 0x000002090a87bf20
R9 =0x0 is null
R10=0x00000208db6b12d8 points into unknown readable memory: 0x0000000000000000 | 00 00 00 00 00 00 00 00
R11=0x000000008007007e is an unknown value
R12=0x0 is null
R13=0x0 is null
R14=0x00000070d5ffe9e0 is pointing into the stack for thread: 0x000002090a87bf20
R15=0x00000070d5ffe9a0 is pointing into the stack for thread: 0x000002090a87bf20

Top of Stack: (sp=0x00000070d5ffe6f0)
0x00000070d5ffe6f0:   0000000000000000 00007fffb3029b40
0x00000070d5ffe700:   00000070d5ffe860 00007fffd9d70000
0x00000070d5ffe710:   00000081e06d7363 0000000000000000
0x00000070d5ffe720:   00007fffd83653ac 00007fff00000004
0x00000070d5ffe730:   0000000019930520 00000070d5ffe860
0x00000070d5ffe740:   00007fffb3029b40 00007fffb3020000
0x00000070d5ffe750:   0000020800000000 00007fffd9df7ad4
0x00000070d5ffe760:   0000000000000000 00007fffb3029b40
0x00000070d5ffe770:   00000070d5ffe9e0 00007fffdad665af
0x00000070d5ffe780:   00000070d5ffe7f0 00007fffb302e000
0x00000070d5ffe790:   00000070d5ffe860 0000000019930520
0x00000070d5ffe7a0:   00007fffb302e000 00007fffb3020000
0x00000070d5ffe7b0:   00005b1f2dace099 00000070d5ffe870
0x00000070d5ffe7c0:   00007fffb3029b40 00007fffcec56480
0x00000070d5ffe7d0:   0000000000000000 0000000000000000
0x00000070d5ffe7e0:   00000208d087fd78 00000208d087fd78
0x00000070d5ffe7f0:   00007fffb3020000 0000000019930520
0x00000070d5ffe800:   00000070d5ffe860 00007fffb3029b40
0x00000070d5ffe810:   00007fffb3020000 0000000000000003
0x00000070d5ffe820:   0000000000000003 00007fffb3023c0e
0x00000070d5ffe830:   0000000000000000 00000000800706be
0x00000070d5ffe840:   00000000800706be 000002099eb09bf8
0x00000070d5ffe850:   000002099eb09bf0 00007fff87b05284
0x00000070d5ffe860:   0000000000000000 800706beaabbccdd
0x00000070d5ffe870:   00000208d087fd78 0000000000000000
0x00000070d5ffe880:   000000000000000e 00007fffb3021a3b
0x00000070d5ffe890:   000002099eb09bf0 00000209800706be
0x00000070d5ffe8a0:   000002099eb09bf0 000002099eb09bf8
0x00000070d5ffe8b0:   00007fff0000000e 0000000000000000
0x00000070d5ffe8c0:   000002099eb09bf8 0000000000000dd8
0x00000070d5ffe8d0:   0000020900000000 00007fff87b07a26
0x00000070d5ffe8e0:   000002090a87bf20 0000020880018250 

Instructions: (pc=0x00007fffd83653ac)
0x00007fffd83652ac:   ff 4c 8d 05 d4 66 2c 00 33 d2 b9 00 00 10 00 e8
0x00007fffd83652bc:   70 92 fd ff 4c 8b f0 48 89 44 24 58 48 85 c0 0f
0x00007fffd83652cc:   84 0b fe ff ff 4c 8d 05 98 66 2c 00 33 d2 8d 4a
0x00007fffd83652dc:   02 e8 4e 92 fd ff 48 8b f8 48 89 44 24 50 e9 ed
0x00007fffd83652ec:   fd ff ff 45 33 c0 49 8b d7 48 83 c9 ff e8 72 67
0x00007fffd83652fc:   01 00 e9 08 ff ff ff 48 8b 0d 0e 49 2f 00 e8 c1
0x00007fffd836530c:   10 fd ff 48 8b cf e8 79 ea fb ff e9 f8 fe ff ff
0x00007fffd836531c:   49 8b ce e8 6c ea fb ff e9 f4 fe ff ff 48 8b ce
0x00007fffd836532c:   e8 5f ea fb ff e9 f0 fe ff ff cc cc 71 18 d3 7a
0x00007fffd836533c:   1a 87 89 f9 48 81 ec d8 00 00 00 48 8b 05 32 1c
0x00007fffd836534c:   2f 00 48 33 c4 48 89 84 24 c0 00 00 00 48 83 64
0x00007fffd836535c:   24 28 00 48 8d 05 da ff ff ff 83 e2 01 89 4c 24
0x00007fffd836536c:   20 89 54 24 24 48 89 44 24 30 4d 85 c9 74 4f b8
0x00007fffd836537c:   0f 00 00 00 48 8d 4c 24 40 44 3b c0 49 8b d1 41
0x00007fffd836538c:   0f 46 c0 44 8b c0 44 89 44 24 38 49 c1 e0 03 e8
0x00007fffd836539c:   b7 f4 05 00 48 8d 4c 24 20 48 ff 15 b4 b5 1f 00
0x00007fffd83653ac:   0f 1f 44 00 00 48 8b 8c 24 c0 00 00 00 48 33 cc
0x00007fffd83653bc:   e8 8f 2d 05 00 48 81 c4 d8 00 00 00 c3 cc 83 64
0x00007fffd83653cc:   24 38 00 eb cf cc cc cc cc cc cc cc 48 8b c4 48
0x00007fffd83653dc:   89 58 08 48 89 70 10 48 89 78 18 4c 89 68 20 55
0x00007fffd83653ec:   41 56 41 57 48 8d 68 a1 48 81 ec e0 00 00 00 48
0x00007fffd83653fc:   8b 05 7e 1b 2f 00 48 33 c4 48 89 45 3f 45 33 ff
0x00007fffd836540c:   66 c7 45 2b 00 05 48 8d 45 c7 44 89 7d 27 48 89
0x00007fffd836541c:   44 24 50 48 8d 4d 27 44 89 7c 24 48 45 33 c9 44
0x00007fffd836542c:   89 7c 24 40 45 8d 47 12 44 89 7c 24 38 b2 01 44
0x00007fffd836543c:   89 7c 24 30 41 8b df 44 89 7c 24 28 41 8b ff 44
0x00007fffd836544c:   89 7c 24 20 45 8b f7 44 89 7d 2f 66 c7 45 33 00
0x00007fffd836545c:   01 44 89 7d 37 66 c7 45 3b 00 10 4c 89 7d c7 4c
0x00007fffd836546c:   89 7d cf 4c 89 7d d7 4c 89 7d df 48 ff 15 02 b6
0x00007fffd836547c:   1f 00 0f 1f 44 00 00 85 c0 0f 88 a7 02 00 00 48
0x00007fffd836548c:   8d 45 cf 41 b9 20 02 00 00 48 89 44 24 50 45 8d
0x00007fffd836549c:   6f 02 44 89 7c 24 48 45 8d 47 20 44 89 7c 24 40 


Stack slot to memory mapping:

stack at sp + 0 slots: 0x0 is null
stack at sp + 1 slots: 0x00007fffb3029b40 points into unknown readable memory: 0x0000269000000000 | 00 00 00 00 90 26 00 00
stack at sp + 2 slots: 0x00000070d5ffe860 is pointing into the stack for thread: 0x000002090a87bf20
stack at sp + 3 slots: 0x00007fffd9d70000 combase.dll
stack at sp + 4 slots: 0x00000081e06d7363 is an unknown value
stack at sp + 5 slots: 0x0 is null
stack at sp + 6 slots: 0x00007fffd83653ac KERNELBASE.dll
stack at sp + 7 slots: 0x00007fff00000004 is an unknown value


Compiled method (n/a) 7638358 39667     n 0       dev.redstones.mediaplayerinfo.impl.win.WindowsMediaPlayerInfo::getMediaSessions (native)
 total in heap  [0x00000208ee74ce90,0x00000208ee74d470] = 1504
 relocation     [0x00000208ee74cff0,0x00000208ee74d028] = 56
 main code      [0x00000208ee74d040,0x00000208ee74d467] = 1063
 stub code      [0x00000208ee74d467,0x00000208ee74d468] = 1
 oops           [0x00000208ee74d468,0x00000208ee74d470] = 8

[Constant Pool (empty)]

[MachCode]
[Entry Point]
  # {method} {0x000002094861f250} 'getMediaSessions' '()Ljava/util/List;' in 'dev/redstones/mediaplayerinfo/impl/win/WindowsMediaPlayerInfo'
  #           [sp+0x70]  (sp of caller)
  0x00000208ee74d040: 448b 5208 | 49bb 0000 | 0080 0802 | 0000 4d03 | d349 3bc2 | 0f84 0600 

  0x00000208ee74d058: ;   {runtime_call ic_miss_stub}
  0x00000208ee74d058: 0000 e921 | 17e5 fe90 
[Verified Entry Point]
  0x00000208ee74d060: 8984 2400 | 80ff ff55 | 488b ec48 | 83ec 6090 | 4181 7f20 | b902 0000 

  0x00000208ee74d078: ;   {runtime_call StubRoutines (final stubs)}
  0x00000208ee74d078: 7405 e861 | 7ce3 fe48 | 8954 2420 | 4883 fa00 | 488d 5424 | 2048 0f44 

  0x00000208ee74d090: ; ImmutableOopMap {[32]=Oop }
                      ;   {section_word}
  0x00000208ee74d090: 5424 2049 | ba93 d074 | ee08 0200 | 004d 8997 | a003 0000 | 4989 a798 

  0x00000208ee74d0a8: ;   {external_word}
  0x00000208ee74d0a8: 0300 0049 | ba1f cc81 | 69ff 7f00 | 0041 803a | 000f 8446 | 0000 0052 

  0x00000208ee74d0c0: ;   {metadata({method} {0x000002094861f250} 'getMediaSessions' '()Ljava/util/List;' in 'dev/redstones/mediaplayerinfo/impl/win/WindowsMediaPlayerInfo')}
  0x00000208ee74d0c0: 48ba 48f2 | 6148 0902 | 0000 498b | cf48 83ec | 2040 f6c4 | 0f0f 8419 | 0000 0048 

  0x00000208ee74d0dc: ;   {runtime_call}
  0x00000208ee74d0dc: 83ec 0848 | b850 532b | 69ff 7f00 | 00ff d048 | 83c4 08e9 | 0c00 0000 

  0x00000208ee74d0f4: ;   {runtime_call}
  0x00000208ee74d0f4: 48b8 5053 | 2b69 ff7f | 0000 ffd0 | 4883 c420 | 5a49 8d8f | b803 0000 | 41c7 8744 | 0400 0004 
  0x00000208ee74d114: ;   {runtime_call}
  0x00000208ee74d114: 0000 0048 | b850 3d02 | b3ff 7f00 | 00ff d041 | c787 4404 | 0000 0500 | 0000 f083 | 4424 c000 
  0x00000208ee74d134: 493b af48 | 0400 000f | 870e 0000 | 0041 83bf | 4004 0000 | 000f 8428 | 0000 0048 | 8945 f849 
  0x00000208ee74d154: 8bcf 4c8b | e448 83ec | 2048 83e4 

  0x00000208ee74d160: ;   {runtime_call}
  0x00000208ee74d160: f048 b830 | a5f6 68ff | 7f00 00ff | d049 8be4 | 4d33 e448 | 8b45 f841 | c787 4404 | 0000 0800 
  0x00000208ee74d180: 0000 4183 | bfc0 0400 | 0002 0f84 | ad02 0000 

  0x00000208ee74d190: ;   {external_word}
  0x00000208ee74d190: 49ba 1fcc | 8169 ff7f | 0000 4180 | 3a00 0f84 | 4c00 0000 | 4889 45f8 

  0x00000208ee74d1a8: ;   {metadata({method} {0x000002094861f250} 'getMediaSessions' '()Ljava/util/List;' in 'dev/redstones/mediaplayerinfo/impl/win/WindowsMediaPlayerInfo')}
  0x00000208ee74d1a8: 48ba 48f2 | 6148 0902 | 0000 498b | cf48 83ec | 2040 f6c4 | 0f0f 8419 | 0000 0048 

  0x00000208ee74d1c4: ;   {runtime_call}
  0x00000208ee74d1c4: 83ec 0848 | b850 532b | 69ff 7f00 | 00ff d048 | 83c4 08e9 | 0c00 0000 

  0x00000208ee74d1dc: ;   {runtime_call}
  0x00000208ee74d1dc: 48b8 5053 | 2b69 ff7f | 0000 ffd0 | 4883 c420 | 488b 45f8 | 49c7 8798 | 0300 0000 | 0000 0049 
  0x00000208ee74d1fc: c787 a003 | 0000 0000 | 0000 4885 | c00f 840b | 0200 00a8 | 030f 8508 | 0000 0048 | 8b00 e9fb 
  0x00000208ee74d21c: 0100 00a8 | 010f 8509 | 0000 0048 | 8b40 fee9 | ea01 0000 | 488b 40ff | 4180 7f40 | 000f 84db 
  0x00000208ee74d23c: 0100 0048 | 83f8 000f | 84d1 0100 | 0049 8b4f | 2848 83f9 | 000f 8414 | 0000 0048 | 83e9 0849 
  0x00000208ee74d25c: 894f 2849 | 034f 3848 | 8901 e9af | 0100 0048 | 81ec d000 | 0000 4889 | 0424 4889 | 4c24 0848 
  0x00000208ee74d27c: 8954 2410 | 4889 7424 | 1848 897c | 2420 4c89 | 4424 284c | 894c 2430 | 4c89 5424 | 384c 895c 
  0x00000208ee74d29c: 2440 f20f | 1144 2450 | f20f 114c | 2458 f20f | 1154 2460 | f20f 115c | 2468 f20f | 1164 2470 
  0x00000208ee74d2bc: f20f 116c | 2478 f20f | 11b4 2480 | 0000 00f2 | 0f11 bc24 | 8800 0000 | f244 0f11 

  0x00000208ee74d2d8: ;   {no_reloc}
  0x00000208ee74d2d8: 8424 9000 | 0000 f244 | 0f11 8c24 | 9800 0000 | f244 0f11 | 9424 a000 | 0000 f244 | 0f11 9c24 
  0x00000208ee74d2f8: a800 0000 | f244 0f11 | a424 b000 | 0000 f244 | 0f11 ac24 | b800 0000 | f244 0f11 | b424 c000 
  0x00000208ee74d318: 0000 f244 | 0f11 bc24 | c800 0000 | 498b d748 | 8bc8 4883 | ec20 40f6 | c40f 0f84 | 1900 0000 
  0x00000208ee74d338: 4883 ec08 

  0x00000208ee74d33c: ;   {runtime_call}
  0x00000208ee74d33c: 48b8 d0ca | e968 ff7f | 0000 ffd0 | 4883 c408 | e90c 0000 

  0x00000208ee74d350: ;   {runtime_call}
  0x00000208ee74d350: 0048 b8d0 | cae9 68ff | 7f00 00ff | d048 83c4 | 20f2 440f | 10bc 24c8 | 0000 00f2 | 440f 10b4 
  0x00000208ee74d370: 24c0 0000 | 00f2 440f | 10ac 24b8 | 0000 00f2 | 440f 10a4 | 24b0 0000 | 00f2 440f | 109c 24a8 
  0x00000208ee74d390: 0000 00f2 | 440f 1094 | 24a0 0000 | 00f2 440f | 108c 2498 | 0000 00f2 | 440f 1084 | 2490 0000 
  0x00000208ee74d3b0: 00f2 0f10 | bc24 8800 | 0000 f20f | 10b4 2480 | 0000 00f2 | 0f10 6c24 | 78f2 0f10 | 6424 70f2 
  0x00000208ee74d3d0: 0f10 5c24 | 68f2 0f10 | 5424 60f2 | 0f10 4c24 | 58f2 0f10 | 4424 504c | 8b5c 2440 | 4c8b 5424 
  0x00000208ee74d3f0: 384c 8b4c | 2430 4c8b | 4424 2848 | 8b7c 2420 | 488b 7424 | 1848 8b54 | 2410 488b | 4c24 0848 
  0x00000208ee74d410: 8b04 2448 | 81c4 d000 | 0000 498b | 8f28 0400 | 00c7 8100 | 0100 0000 | 0000 00c9 | 4983 7f08 
  0x00000208ee74d430: 000f 8501 | 0000 00c3 

  0x00000208ee74d438: ;   {runtime_call StubRoutines (initial stubs)}
  0x00000208ee74d438: e9c3 3ae0 | fe48 8945 | f84c 8be4 | 4883 ec20 | 4883 e4f0 

  0x00000208ee74d44c: ;   {runtime_call}
  0x00000208ee74d44c: 48b8 a08a | 2b69 ff7f | 0000 ffd0 | 498b e44d | 33e4 488b | 45f8 e929 | fdff fff4 
[/MachCode]


Compiled method (c2) 7638374 84454       4       dev.luxury.modules.impl.MediaPlayer$$Lambda/0x0000020882b2bc40::run (8 bytes)
 total in heap  [0x00000208eeff0710,0x00000208eeff1f90] = 6272
 relocation     [0x00000208eeff0870,0x00000208eeff0968] = 248
 main code      [0x00000208eeff0980,0x00000208eeff1688] = 3336
 stub code      [0x00000208eeff1688,0x00000208eeff16d0] = 72
 oops           [0x00000208eeff16d0,0x00000208eeff1718] = 72
 metadata       [0x00000208eeff1718,0x00000208eeff1928] = 528
 scopes data    [0x00000208eeff1928,0x00000208eeff1c28] = 768
 scopes pcs     [0x00000208eeff1c28,0x00000208eeff1de8] = 448
 dependencies   [0x00000208eeff1de8,0x00000208eeff1e68] = 128
 handler table  [0x00000208eeff1e68,0x00000208eeff1f40] = 216
 nul chk table  [0x00000208eeff1f40,0x00000208eeff1f90] = 80

[Constant Pool (empty)]

[MachCode]
[Entry Point]
  # {method} {0x0000020949089b30} 'run' '()V' in 'dev/luxury/modules/impl/MediaPlayer$$Lambda+0x0000020882b2bc40'
  #           [sp+0x90]  (sp of caller)
  0x00000208eeff0980: 448b 5208 | 49bb 0000 | 0080 0802 | 0000 4d03 | d349 3bc2 

  0x00000208eeff0994: ;   {runtime_call ic_miss_stub}
  0x00000208eeff0994: 0f85 e6dd | 5afe 6690 | 0f1f 4000 
[Verified Entry Point]
  0x00000208eeff09a0: 8984 2400 | 80ff ff55 | 4881 ec80 | 0000 0090 | 4181 7f20 | b902 0000 | 0f85 be0c | 0000 4889 
  0x00000208eeff09c0: 5424 2044 | 8b52 0c44 | 8954 2428 | 4585 d20f | 84f7 0800 

  0x00000208eeff09d4: ;   {oop(a 'dev/redstones/mediaplayerinfo/MediaPlayerInfo$Instance'{0x00000007450de3b0})}
  0x00000208eeff09d4: 0049 bab0 | e30d 4507 | 0000 0041 | 8b6a 0c45 | 8b54 ec08 

  0x00000208eeff09e8: ;   {metadata('dev/redstones/mediaplayerinfo/impl/win/WindowsMediaPlayerInfo')}
  0x00000208eeff09e8: 4181 fa20 | 36a5 020f | 8523 0900 | 0049 8d14 | ec44 8b5c | 2428 4b8d | 2cdc 4889 

  0x00000208eeff0a04: ;   {optimized virtual_call}
  0x00000208eeff0a04: 6c24 30e8 

  0x00000208eeff0a08: ; ImmutableOopMap {rbp=Oop [32]=Oop [40]=NarrowOop [48]=Oop }
                      ;*invokeinterface getMediaSessions {reexecute=0 rethrow=0 return_oop=1}
                      ; - dev.redstones.mediaplayerinfo.MediaPlayerInfo$Instance::getMediaSessions@4
                      ; - dev.luxury.modules.impl.MediaPlayer::lambda$updateMediaInfo$1@3 (line 176)
                      ; - dev.luxury.modules.impl.MediaPlayer$$Lambda/0x0000020882b2bc40::run@4
  0x00000208eeff0a08: 54c6 75ff 

  0x00000208eeff0a0c: ;   {other}
  0x00000208eeff0a0c: 0f1f 8400 | fc02 0000 | 4c8b d844 | 8b50 080f | 1f44 0000 

  0x00000208eeff0a20: ;   {metadata('java/util/LinkedList')}
  0x00000208eeff0a20: 4181 fa68 | 6702 010f | 85ff 0800 | 0049 8b87 | b801 0000 | 4c8b d049 | 83c2 200f | 1f44 0000 
  0x00000208eeff0a40: 4d3b 97c8 | 0100 000f | 8366 0700 | 004d 8997 | b801 0000 | 410f 0d8a | c000 0000 | 48c7 0001 
  0x00000208eeff0a60: ;   {metadata('java/util/LinkedList$LLSpliterator')}
  0x00000208eeff0a60: 0000 00c7 | 4008 3041 | 1402 4c89 | 6010 4489 | 601c c740 | 0cff ffff | ff4d 8bd3 | 49c1 ea03 
  0x00000208eeff0a80: 4489 5018 | 488b d849 | 8b87 b801 | 0000 4c8b | d049 83c2 | 3866 6666 | 0f1f 8400 | 0000 0000 
  0x00000208eeff0aa0: 4d3b 97c8 | 0100 000f | 83b8 0700 | 004d 8997 | b801 0000 | 410f 0d8a | c000 0000 | 48c7 0001 
  0x00000208eeff0ac0: ;   {metadata('java/util/stream/ReferencePipeline$Head')}
  0x00000208eeff0ac0: 0000 00c7 | 4008 a830 | 0e00 4c89 | 6018 4c89 | 6020 4489 | 602c 4c89 | 6030 c740 | 0c50 0000 
  0x00000208eeff0ae0: 004c 8bd3 | 49c1 ea03 | 49bb 0000 | 0000 5f00 | 0000 4c89 | 5810 4489 | 5028 488b | f84c 8bd7 
  0x00000208eeff0b00: 49c1 ea03 | 4489 571c | 498b b7b8 | 0100 004c | 8bd6 4983 | c210 6666 | 0f1f 8400 | 0000 0000 
  0x00000208eeff0b20: 4d3b 97c8 | 0100 000f | 83b8 0600 | 004d 8997 | b801 0000 | 410f 0d8a | c000 0000 | 48c7 0601 
  0x00000208eeff0b40: ;   {metadata('java/util/Comparator$$Lambda+0x00000208810de330')}
  0x00000208eeff0b40: 0000 00c7 | 4608 30e3 

  0x00000208eeff0b48: ;   {oop(a 'dev/luxury/modules/impl/MediaPlayer$$Lambda+0x0000020882b2c2c8'{0x0000000752c08138})}
  0x00000208eeff0b48: 0d01 c746 | 0c27 1058 | ea49 8baf | b801 0000 | 4c8b d549 | 83c2 1090 | 4d3b 97c8 | 0100 000f 
  0x00000208eeff0b68: 83b8 0600 | 004d 8997 | b801 0000 | 410f 0d8a | c000 0000 | 48c7 4500 | 0100 0000 

  0x00000208eeff0b84: ;   {metadata('java/util/function/BinaryOperator$$Lambda+0x00000208810dea58')}
  0x00000208eeff0b84: c745 0858 | ea0d 014c | 8bd6 49c1 | ea03 4489 | 550c 6666 | 0f1f 8400 | 0000 0000 | 4180 7f40 
  0x00000208eeff0ba4: 000f 8575 | 0400 0044 | 8967 284d | 8b87 b801 | 0000 c647 | 1801 4d8b | d049 83c2 | 184d 3b97 
  0x00000208eeff0bc4: c801 0000 | 0f83 cd06 | 0000 4d89 | 97b8 0100 | 0041 0f0d | 8ac0 0000 | 0049 c700 | 0100 0000 
  0x00000208eeff0be4: ;   {metadata('java/util/stream/ReduceOps$2ReducingSink')}
  0x00000208eeff0be4: 41c7 4008 | 18ef 0d01 | 4589 600c | 4d89 6010 | 4889 5c24 | 3848 897c | 2440 4889 | 7424 484c 
  0x00000208eeff0c04: 8bd5 49c1 | ea03 4589 | 5014 488b | 5424 404c | 8b4c 2438 

  0x00000208eeff0c18: ;   {optimized virtual_call}
  0x00000208eeff0c18: 6666 90e8 

  0x00000208eeff0c1c: ; ImmutableOopMap {rbp=Oop [32]=Oop [40]=NarrowOop [48]=Oop [56]=Oop [64]=Oop [72]=Oop }
                      ;*invokevirtual wrapAndCopyInto {reexecute=0 rethrow=0 return_oop=1}
                      ; - java.util.stream.ReduceOps$ReduceOp::evaluateSequential@6 (line 921)
                      ; - java.util.stream.AbstractPipeline::evaluate@88 (line 234)
                      ; - java.util.stream.ReferencePipeline::reduce@5 (line 662)
                      ; - java.util.stream.ReferencePipeline::max@5 (line 698)
                      ; - dev.luxury.modules.impl.MediaPlayer::lambda$updateMediaInfo$1@19 (line 178)
                      ; - dev.luxury.modules.impl.MediaPlayer$$Lambda/0x0000020882b2bc40::run@4
  0x00000208eeff0c1c: 4023 4200 

  0x00000208eeff0c20: ;   {other}
  0x00000208eeff0c20: 0f1f 8400 | 1005 0001 | 4c8b d044 

  0x00000208eeff0c2c: ;   {metadata('java/util/stream/ReduceOps$AccumulatingSink')}
  0x00000208eeff0c2c: 8b58 0848 | b8b8 3c35 | 8008 0200 | 0048 be00 | 0000 8008 | 0200 0049 | 03f3 4c8b | 5e20 4c3b 
  0x00000208eeff0c4c: d80f 856c | 0300 0049 | 8bd2 6666 | 9048 b818 | ef0d 8108 

  0x00000208eeff0c60: ;   {virtual_call}
  0x00000208eeff0c60: 0200 00e8 

  0x00000208eeff0c64: ; ImmutableOopMap {rbp=Oop [32]=Oop [40]=NarrowOop [48]=Oop [56]=Oop [64]=Oop [72]=Oop }
                      ;*invokeinterface get {reexecute=0 rethrow=0 return_oop=1}
                      ; - java.util.stream.ReduceOps$ReduceOp::evaluateSequential@12 (line 921)
                      ; - java.util.stream.AbstractPipeline::evaluate@88 (line 234)
                      ; - java.util.stream.ReferencePipeline::reduce@5 (line 662)
                      ; - java.util.stream.ReferencePipeline::max@5 (line 698)
                      ; - dev.luxury.modules.impl.MediaPlayer::lambda$updateMediaInfo$1@19 (line 178)
                      ; - dev.luxury.modules.impl.MediaPlayer$$Lambda/0x0000020882b2bc40::run@4
  0x00000208eeff0c64: b8eb 6900 

  0x00000208eeff0c68: ;   {other}
  0x00000208eeff0c68: 0f1f 8400 | 5805 0002 

  0x00000208eeff0c70: ; implicit exception: dispatches to 0x00000208eeff1460
  0x00000208eeff0c70: 448b 5008 | 0f1f 8400 | 0000 0000 | 6666 6690 

  0x00000208eeff0c80: ;   {metadata('java/util/Optional')}
  0x00000208eeff0c80: 4181 fa20 | 790e 000f | 8558 0700 | 008b 680c | 85ed 0f84 | 1103 0000 | 458b 5cec | 0866 6690 
  0x00000208eeff0ca0: ;   {metadata('dev/redstones/mediaplayerinfo/impl/win/WindowsMediaSession')}
  0x00000208eeff0ca0: 4181 fb68 | 44a5 020f | 855b 0700 | 004d 8d34 | ec45 8b6e | 1043 8b6c | ec20 458b | 54ec 1490 
  0x00000208eeff0cc0: ; implicit exception: dispatches to 0x00000208eeff14c8
  0x00000208eeff0cc0: 478b 5cd4 | 0c45 85db | 0f86 8e06 | 0000 448b | 5424 2847 | 8b5c d438 

  0x00000208eeff0cd8: ; implicit exception: dispatches to 0x00000208eeff14e4
  0x00000208eeff0cd8: 478b 44dc | 2066 6690 

  0x00000208eeff0ce0: ; implicit exception: dispatches to 0x00000208eeff150c
  0x00000208eeff0ce0: 478b 54c4 

  0x00000208eeff0ce4: ;   {oop("0720=85 "@5:0"{0x00000007450de3f0})}
  0x00000208eeff0ce4: 1441 81f8 | 7ebc a1e8 | 0f84 f205 | 0000 4380 | 7cc4 1001 | 0f85 e100 | 0000 478b | 4cd4 0c41 
  0x00000208eeff0d04: 83f9 1c0f | 85d2 0000 | 004f 8d04 | d44b 8d7c | d410 b91c 

  0x00000208eeff0d18: ;   {oop([B{0x00000007450de3c0})}
  0x00000208eeff0d18: 0000 0048 | bec0 e30d | 4507 0000 | 0048 83c6 | 1085 c90f | 849d 0000 | 008b c183 | e00f 83e1 
  0x00000208eeff0d38: f00f 844b | 0000 0048 | 8d3c 0f48 | 8d34 0e48 | f7d9 f30f | 6f04 0ff3 | 0f6f 0c0e | 660f efc1 
  0x00000208eeff0d58: 660f 3817 | c00f 8572 | 0000 0048 | 83c1 1075 | e185 c00f | 845d 0000 | 00f3 0f6f | 4407 f0f3 
  0x00000208eeff0d78: 0f6f 4c06 | f066 0fef | c166 0f38 | 17c0 754d | eb44 8bc8 | 83e1 fc74 | 1948 8d3c | 0f48 8d34 
  0x00000208eeff0d98: 0e48 f7d9 | 8b1c 0f3b | 1c0e 7531 | 4883 c104 | 75f2 a802 | 7412 0fb7 | 1f0f b70e | 3bd9 751d 
  0x00000208eeff0db8: 488d 7f02 | 488d 7602 | a801 740a | 0fb6 1f0f | b60e 3bd9 | 7507 b801 | 0000 00eb | 0233 c085 
  0x00000208eeff0dd8: c00f 8505 | 0500 0047 | 8b5c dc28 | 478b 54ec | 284b 8d2c | ec49 c1e2 | 0349 8bfb | 48c1 e703 
  0x00000208eeff0df8: 498b f248 | 3bfe 0f84 | cb00 0000 | 4885 ff0f | 84c9 0000 | 0048 85f6 | 0f84 c000 | 0000 8b4f 
  0x00000208eeff0e18: ;   {no_reloc}
  0x00000208eeff0e18: 0c3b 4e0c | 0f85 b400 | 0000 85c9 | 0f84 a500 | 0000 488d | 7f10 488d | 7610 8bc1 | 83e0 0f83 
  0x00000208eeff0e38: e1f0 0f84 | 4b00 0000 | 488d 3c0f | 488d 340e | 48f7 d9f3 | 0f6f 040f | f30f 6f0c | 0e66 0fef 
  0x00000208eeff0e58: c166 0f38 | 17c0 0f85 | 7200 0000 | 4883 c110 | 75e1 85c0 | 0f84 5d00 | 0000 f30f | 6f44 07f0 
  0x00000208eeff0e78: f30f 6f4c | 06f0 660f | efc1 660f | 3817 c075 | 4deb 448b | c883 e1fc | 7419 488d | 3c0f 488d 
  0x00000208eeff0e98: 340e 48f7 | d98b 1c0f | 3b1c 0e75 | 3148 83c1 | 0475 f2a8 | 0274 120f | b71f 0fb7 | 0e3b d975 
  0x00000208eeff0eb8: 1d48 8d7f | 0248 8d76 | 02a8 0174 | 0a0f b61f | 0fb6 0e3b | d975 07b8 | 0100 0000 | eb02 33c0 
  0x00000208eeff0ed8: 0f1f 8400 | 0000 0000 | 85c0 0f84 | 9d02 0000 | 4180 7f40 | 000f 856c | 0100 0044 | 8b54 2428 
  0x00000208eeff0ef8: 4789 6cd4 | 3848 8b7c | 2430 4c8b | d749 8bde | 48c1 eb03 | 4c8b dd4d | 33da 49c1 | eb15 4d85 
  0x00000208eeff0f18: ;   {no_reloc}
  0x00000208eeff0f18: db74 1a49 | c1ea 0948 | b900 90c1 | f108 0200 | 0049 03ca | 8039 020f | 85aa 0100 | 0066 6666 
  0x00000208eeff0f38: 0f1f 8400 | 0000 0000 | 4180 7f40 | 000f 8554 | 0100 0044 | 8b54 2428 | 4389 5cd4 | 3c4d 8bd6 
  0x00000208eeff0f58: 4c8b df4d | 33d3 49c1 | ea15 4d85 | d274 2349 | c1eb 0949 | b800 90c1 | f108 0200 | 004d 03c3 
  0x00000208eeff0f78: 0f1f 8400 | 0000 0000 | 4180 3802 | 0f85 a301 | 0000 49ba | 0095 2469 | ff7f 0000 

  0x00000208eeff0f94: ;   {other}
  0x00000208eeff0f94: 41ff d20f | 1f84 0000 | 0000 0044 | 8b5c 2428 | 4b89 44dc | 1048 81c4 | 8000 0000 

  0x00000208eeff0fb0: ;   {poll_return}
  0x00000208eeff0fb0: 5d49 3ba7 | 4804 0000 | 0f87 a806 | 0000 c348 | 33ff 4c8b | 9ea0 0000 | 0049 8bd3 | 48c1 e23e 
  0x00000208eeff0fd0: 0f89 2000 | 0000 f348 | 0fb8 d248 | 8b5e 2848 | 3b04 d374 | 1449 0fba | e302 730a 

  0x00000208eeff0fec: ;   {runtime_call StubRoutines (compiler stubs)}
  0x00000208eeff0fec: 49d1 cbe8 | 667a 5efe | eb03 48ff | c70f 1f80 | 0000 0000 | 4885 ff0f | 844a fcff | ffba deff 
  0x00000208eeff100c: ffff 4c89 

  0x00000208eeff1010: ;   {runtime_call UncommonTrapBlob}
  0x00000208eeff1010: 5424 60e8 

  0x00000208eeff1014: ; ImmutableOopMap {rbp=Oop [32]=Oop [40]=NarrowOop [56]=Oop [64]=Oop [72]=Oop [96]=Oop }
                      ;*checkcast {reexecute=0 rethrow=0 return_oop=0}
                      ; - java.util.stream.ReduceOps$ReduceOp::evaluateSequential@9 (line 921)
                      ; - java.util.stream.AbstractPipeline::evaluate@88 (line 234)
                      ; - java.util.stream.ReferencePipeline::reduce@5 (line 662)
                      ; - java.util.stream.ReferencePipeline::max@5 (line 698)
                      ; - dev.luxury.modules.impl.MediaPlayer::lambda$updateMediaInfo$1@19 (line 178)
                      ; - dev.luxury.modules.impl.MediaPlayer$$Lambda/0x0000020882b2bc40::run@4
  0x00000208eeff1014: e835 5bfe 

  0x00000208eeff1018: ;   {other}
  0x00000208eeff1018: 0f1f 8400 | 0809 0003 | 448b 5f28 | 4585 db0f | 847e fbff | ff4d 8b57 | 2849 8bcb | 48c1 e103 
  0x00000208eeff1038: 0f1f 8400 | 0000 0000 | 4d85 d20f | 843f 0300 | 004d 8b5f | 384b 894c | 13f8 4983 | c2f8 4d89 
  0x00000208eeff1058: 5728 e94c | fbff ff44 | 8b5c 2428 | 478b 54dc | 3845 85d2 | 0f84 81fe | ffff 4d8b | 5f28 498b 
  0x00000208eeff1078: ca48 c1e1 | 0366 6690 | 4d85 db0f | 841c 0300 | 004d 8b57 | 384b 894c | 1af8 4983 | c3f8 4d89 
  0x00000208eeff1098: 5f28 e954 | feff ff44 | 8b5c 2428 | 478b 5cdc | 3c45 85db | 0f84 99fe | ffff 4d8b | 5728 498b 
  0x00000208eeff10b8: cb48 c1e1 | 0366 6690 | 4d85 d20f | 84fc 0200 | 004d 8b5f | 384b 894c | 13f8 4983 | c2f8 4d89 
  0x00000208eeff10d8: 5728 e96c | feff ff4d | 8b57 484d | 8b5f 58f0 | 8344 24c0 | 0080 3900 | 0f84 3ffe | ffff 4488 
  0x00000208eeff10f8: 214d 85d2 | 751d 498b | d749 bab0 | cae9 68ff | 7f00 0041 

  0x00000208eeff110c: ;   {other}
  0x00000208eeff110c: ffd2 0f1f | 8400 0000 | 0000 e91a | feff ff4b | 894c 13f8 | 4983 c2f8 | 4d89 5748 | e908 feff 
  0x00000208eeff112c: ff4d 8b57 | 484d 8b5f | 58f0 8344 | 24c0 000f | 1f44 0000 | 4180 3800 | 0f84 40fe | ffff 4588 
  0x00000208eeff114c: 204d 85d2 | 7520 498b | c849 8bd7 | 49ba b0ca | e968 ff7f | 0000 41ff 

  0x00000208eeff1164: ;   {other}
  0x00000208eeff1164: d20f 1f84 | 0000 0000 | 00e9 18fe | ffff 4f89 | 4413 f849 | 83c2 f84d | 8957 4890 | e905 feff 
  0x00000208eeff1184: ff44 896c | 242c 4c89 | 7424 3848 | 8b54 2430 

  0x00000208eeff1194: ;   {optimized virtual_call}
  0x00000208eeff1194: 4d8b c2e8 

  0x00000208eeff1198: ; ImmutableOopMap {rbp=Oop [32]=Oop [40]=NarrowOop [44]=NarrowOop [48]=Oop [56]=Oop }
                      ;*invokevirtual updateArtworkTexture {reexecute=0 rethrow=0 return_oop=0}
                      ; - dev.luxury.modules.impl.MediaPlayer::lambda$updateMediaInfo$1@100 (line 187)
                      ; - dev.luxury.modules.impl.MediaPlayer$$Lambda/0x0000020882b2bc40::run@4
  0x00000208eeff1198: ec04 0000 

  0x00000208eeff119c: ;   {other}
  0x00000208eeff119c: 0f1f 8400 | 8c0a 0004 | 4c8b 7424 | 3844 8b6c | 242c e935 | fdff ff4c | 895c 2438 | 488b 6c24 
  0x00000208eeff11bc: ;   {metadata('java/util/LinkedList$LLSpliterator')}
  0x00000208eeff11bc: 2048 ba30 | 4114 8208 

  0x00000208eeff11c4: ;   {runtime_call _new_instance_Java}
  0x00000208eeff11c4: 0200 00e8 

  0x00000208eeff11c8: ; ImmutableOopMap {rbp=Oop [40]=NarrowOop [48]=Oop [56]=Oop }
                      ;*new {reexecute=0 rethrow=0 return_oop=1}
                      ; - java.util.LinkedList::spliterator@0 (line 1184)
                      ; - java.util.Collection::stream@1 (line 750)
                      ; - dev.luxury.modules.impl.MediaPlayer::lambda$updateMediaInfo$1@6 (line 177)
                      ; - dev.luxury.modules.impl.MediaPlayer$$Lambda/0x0000020882b2bc40::run@4
  0x00000208eeff11c8: b4b5 68fe 

  0x00000208eeff11cc: ;   {other}
  0x00000208eeff11cc: 0f1f 8400 | bc0a 0005 | 4889 6c24 | 204c 8b5c | 2438 6690 | e98d f8ff | ff48 897c | 2440 4889 
  0x00000208eeff11ec: 5c24 3848 | 8b6c 2420 

  0x00000208eeff11f4: ;   {metadata('java/util/Comparator$$Lambda+0x00000208810de330')}
  0x00000208eeff11f4: 48ba 30e3 | 0d81 0802 

  0x00000208eeff11fc: ;   {runtime_call _new_instance_Java}
  0x00000208eeff11fc: 0000 90e8 

  0x00000208eeff1200: ; ImmutableOopMap {rbp=Oop [40]=NarrowOop [48]=Oop [56]=Oop [64]=Oop }
                      ;*invokevirtual allocateInstance {reexecute=0 rethrow=0 return_oop=1}
                      ; - java.lang.invoke.DirectMethodHandle::allocateInstance@12 (line 501)
                      ; - java.lang.invoke.DirectMethodHandle$Holder::newInvokeSpecial@1
                      ; - java.lang.invoke.Invokers$Holder::linkToTargetMethod@5
                      ; - java.util.Comparator::comparing@6 (line 472)
                      ; - dev.luxury.modules.impl.MediaPlayer::lambda$updateMediaInfo$1@16 (line 178)
                      ; - dev.luxury.modules.impl.MediaPlayer$$Lambda/0x0000020882b2bc40::run@4
  0x00000208eeff1200: 7cb5 68fe 

  0x00000208eeff1204: ;   {other}
  0x00000208eeff1204: 0f1f 8400 | f40a 0006 | 4889 6c24 | 2048 8b5c | 2438 488b | 7c24 4048 | 8bf0 6690 | e925 f9ff 
  0x00000208eeff1224: ff48 8974 | 2448 4889 | 7c24 4048 | 895c 2438 

  0x00000208eeff1234: ;   {metadata('java/util/function/BinaryOperator$$Lambda+0x00000208810dea58')}
  0x00000208eeff1234: 48ba 58ea | 0d81 0802 

  0x00000208eeff123c: ;   {runtime_call _new_instance_Java}
  0x00000208eeff123c: 0000 90e8 

  0x00000208eeff1240: ; ImmutableOopMap {[32]=Oop [40]=NarrowOop [48]=Oop [56]=Oop [64]=Oop [72]=Oop }
                      ;*invokevirtual allocateInstance {reexecute=0 rethrow=0 return_oop=1}
                      ; - java.lang.invoke.DirectMethodHandle::allocateInstance@12 (line 501)
                      ; - java.lang.invoke.DirectMethodHandle$Holder::newInvokeSpecial@1
                      ; - java.lang.invoke.Invokers$Holder::linkToTargetMethod@5
                      ; - java.util.function.BinaryOperator::maxBy@6 (line 74)
                      ; - java.util.stream.ReferencePipeline::max@2 (line 698)
                      ; - dev.luxury.modules.impl.MediaPlayer::lambda$updateMediaInfo$1@19 (line 178)
                      ; - dev.luxury.modules.impl.MediaPlayer$$Lambda/0x0000020882b2bc40::run@4
  0x00000208eeff1240: 3cb5 68fe 

  0x00000208eeff1244: ;   {other}
  0x00000208eeff1244: 0f1f 8400 | 340b 0007 | 488b e848 | 8b5c 2438 | 488b 7c24 | 4048 8b74 | 2448 6690 | e926 f9ff 
  0x00000208eeff1264: ff48 895c | 2438 488b 

  0x00000208eeff126c: ;   {metadata('java/util/stream/ReferencePipeline$Head')}
  0x00000208eeff126c: 6c24 2048 | baa8 300e | 8008 0200 | 004c 895c 

  0x00000208eeff127c: ;   {runtime_call _new_instance_Java}
  0x00000208eeff127c: 2440 90e8 

  0x00000208eeff1280: ; ImmutableOopMap {rbp=Oop [40]=NarrowOop [48]=Oop [56]=Oop [64]=Oop }
                      ;*new {reexecute=0 rethrow=0 return_oop=1}
                      ; - java.util.stream.StreamSupport::stream@5 (line 69)
                      ; - java.util.Collection::stream@7 (line 750)
                      ; - dev.luxury.modules.impl.MediaPlayer::lambda$updateMediaInfo$1@6 (line 177)
                      ; - dev.luxury.modules.impl.MediaPlayer$$Lambda/0x0000020882b2bc40::run@4
  0x00000208eeff1280: fcb4 68fe 

  0x00000208eeff1284: ;   {other}
  0x00000208eeff1284: 0f1f 8400 | 740b 0008 | 4889 6c24 | 2048 8b5c | 2438 e93f | f8ff ff48 | 8974 2448 | 4889 7c24 
  0x00000208eeff12a4: 4048 895c 

  0x00000208eeff12a8: ;   {metadata('java/util/stream/ReduceOps$2ReducingSink')}
  0x00000208eeff12a8: 2438 48ba | 18ef 0d81 | 0802 0000 

  0x00000208eeff12b4: ;   {runtime_call _new_instance_Java}
  0x00000208eeff12b4: 6666 90e8 

  0x00000208eeff12b8: ; ImmutableOopMap {rbp=Oop [32]=Oop [40]=NarrowOop [48]=Oop [56]=Oop [64]=Oop [72]=Oop }
                      ;*new {reexecute=0 rethrow=0 return_oop=1}
                      ; - java.util.stream.ReduceOps$2::makeSink@0 (line 141)
                      ; - java.util.stream.ReduceOps$2::makeSink@1 (line 138)
                      ; - java.util.stream.ReduceOps$ReduceOp::evaluateSequential@2 (line 921)
                      ; - java.util.stream.AbstractPipeline::evaluate@88 (line 234)
                      ; - java.util.stream.ReferencePipeline::reduce@5 (line 662)
                      ; - java.util.stream.ReferencePipeline::max@5 (line 698)
                      ; - dev.luxury.modules.impl.MediaPlayer::lambda$updateMediaInfo$1@19 (line 178)
                      ; - dev.luxury.modules.impl.MediaPlayer$$Lambda/0x0000020882b2bc40::run@4
  0x00000208eeff12b8: c4b4 68fe 

  0x00000208eeff12bc: ;   {other}
  0x00000208eeff12bc: 0f1f 8400 | ac0b 0009 | 4c8b c0e9 | 37f9 ffff | baf6 ffff | ff48 8b6c 

  0x00000208eeff12d4: ;   {runtime_call UncommonTrapBlob}
  0x00000208eeff12d4: 2420 90e8 

  0x00000208eeff12d8: ; ImmutableOopMap {rbp=Oop }
                      ;*invokevirtual lambda$updateMediaInfo$1 {reexecute=0 rethrow=0 return_oop=0}
                      ; - dev.luxury.modules.impl.MediaPlayer$$Lambda/0x0000020882b2bc40::run@4
  0x00000208eeff12d8: 2433 5bfe 

  0x00000208eeff12dc: ;   {other}
  0x00000208eeff12dc: 0f1f 8400 | cc0b 000a | ba45 ffff | ff48 8b6c | 2420 4889 | 4424 f88b | 4424 2889 | 4424 2048 
  0x00000208eeff12fc: 8b44 24f8 | 4c89 7424 | 2844 896c 

  0x00000208eeff1308: ;   {runtime_call UncommonTrapBlob}
  0x00000208eeff1308: 2424 90e8 

  0x00000208eeff130c: ; ImmutableOopMap {rbp=Oop [32]=NarrowOop [36]=NarrowOop [40]=Oop }
                      ;*ifne {reexecute=1 rethrow=0 return_oop=0}
                      ; - (reexecute) dev.luxury.modules.impl.MediaPlayer::lambda$updateMediaInfo$1@75 (line 185)
                      ; - dev.luxury.modules.impl.MediaPlayer$$Lambda/0x0000020882b2bc40::run@4
  0x00000208eeff130c: f032 5bfe 

  0x00000208eeff1310: ;   {other}
  0x00000208eeff1310: 0f1f 8400 | 000c 000b | bade ffff 

  0x00000208eeff131c: ;   {runtime_call UncommonTrapBlob}
  0x00000208eeff131c: ff66 90e8 

  0x00000208eeff1320: ; ImmutableOopMap {rbp=NarrowOop [32]=Oop [40]=NarrowOop }
                      ;*invokeinterface getMediaSessions {reexecute=0 rethrow=0 return_oop=0}
                      ; - dev.redstones.mediaplayerinfo.MediaPlayerInfo$Instance::getMediaSessions@4
                      ; - dev.luxury.modules.impl.MediaPlayer::lambda$updateMediaInfo$1@3 (line 176)
                      ; - dev.luxury.modules.impl.MediaPlayer$$Lambda/0x0000020882b2bc40::run@4
  0x00000208eeff1320: dc32 5bfe 

  0x00000208eeff1324: ;   {other}
  0x00000208eeff1324: 0f1f 8400 | 140c 000c | bade ffff | ff48 8b6c | 2420 4889 | 4424 f88b | 4424 2889 | 4424 2048 
  0x00000208eeff1344: 8b44 24f8 | 4889 4424 

  0x00000208eeff134c: ;   {runtime_call UncommonTrapBlob}
  0x00000208eeff134c: 2866 90e8 

  0x00000208eeff1350: ; ImmutableOopMap {rbp=Oop [32]=NarrowOop [40]=Oop }
                      ;*invokeinterface stream {reexecute=0 rethrow=0 return_oop=0}
                      ; - dev.luxury.modules.impl.MediaPlayer::lambda$updateMediaInfo$1@6 (line 177)
                      ; - dev.luxury.modules.impl.MediaPlayer$$Lambda/0x0000020882b2bc40::run@4
  0x00000208eeff1350: ac32 5bfe 

  0x00000208eeff1354: ;   {other}
  0x00000208eeff1354: 0f1f 8400 | 440c 000d | ba45 ffff | ff48 8b6c | 2420 448b | 5c24 2844 | 895c 2420 | 4c89 7424 
  0x00000208eeff1374: 2844 896c 

  0x00000208eeff1378: ;   {runtime_call UncommonTrapBlob}
  0x00000208eeff1378: 2424 90e8 

  0x00000208eeff137c: ; ImmutableOopMap {rbp=Oop [32]=NarrowOop [36]=NarrowOop [40]=Oop }
                      ;*ifeq {reexecute=1 rethrow=0 return_oop=0}
                      ; - (reexecute) dev.luxury.modules.impl.MediaPlayer::lambda$updateMediaInfo$1@50 (line 184)
                      ; - dev.luxury.modules.impl.MediaPlayer$$Lambda/0x0000020882b2bc40::run@4
  0x00000208eeff137c: 8032 5bfe 

  0x00000208eeff1380: ;   {other}
  0x00000208eeff1380: 0f1f 8400 | 700c 000e | 498b d749 | bad0 cae9 | 68ff 7f00 | 0041 ffd2 

  0x00000208eeff1398: ;   {other}
  0x00000208eeff1398: 0f1f 8400 | 0000 0000 | e906 f8ff | ff49 8bd7 | 49ba d0ca | e968 ff7f | 0000 41ff 

  0x00000208eeff13b4: ;   {other}
  0x00000208eeff13b4: d20f 1f84 | 0000 0000 | 0066 6690 | e92e fbff | ff49 8bd7 | 49ba d0ca | e968 ff7f | 0000 41ff 
  0x00000208eeff13d4: ;   {other}
  0x00000208eeff13d4: d20f 1f84 | 0000 0000 | 0066 6690 | e966 fbff | ffba deff | ffff 4c8b | 5424 484c | 8954 2438 
  0x00000208eeff13f4: 4889 4424 

  0x00000208eeff13f8: ;   {runtime_call UncommonTrapBlob}
  0x00000208eeff13f8: 4866 90e8 

  0x00000208eeff13fc: ; ImmutableOopMap {rbp=Oop [32]=Oop [40]=NarrowOop [56]=Oop [64]=Oop [72]=Oop }
                      ;*checkcast {reexecute=0 rethrow=0 return_oop=0}
                      ; - java.util.stream.ReferencePipeline::reduce@8 (line 662)
                      ; - java.util.stream.ReferencePipeline::max@5 (line 698)
                      ; - dev.luxury.modules.impl.MediaPlayer::lambda$updateMediaInfo$1@19 (line 178)
                      ; - dev.luxury.modules.impl.MediaPlayer$$Lambda/0x0000020882b2bc40::run@4
  0x00000208eeff13fc: 0032 5bfe 

  0x00000208eeff1400: ;   {other}
  0x00000208eeff1400: 0f1f 8400 | f00c 000f | bade ffff 

  0x00000208eeff140c: ;   {runtime_call UncommonTrapBlob}
  0x00000208eeff140c: ff66 90e8 

  0x00000208eeff1410: ; ImmutableOopMap {rbp=NarrowOop [32]=Oop [40]=NarrowOop }
                      ;*checkcast {reexecute=0 rethrow=0 return_oop=0}
                      ; - dev.luxury.modules.impl.MediaPlayer::lambda$updateMediaInfo$1@28 (line 179)
                      ; - dev.luxury.modules.impl.MediaPlayer$$Lambda/0x0000020882b2bc40::run@4
  0x00000208eeff1410: ec31 5bfe 

  0x00000208eeff1414: ;   {other}
  0x00000208eeff1414: 0f1f 8400 | 040d 0010 | baf6 ffff | ff48 8b6c 

  0x00000208eeff1424: ;   {runtime_call UncommonTrapBlob}
  0x00000208eeff1424: 2420 90e8 

  0x00000208eeff1428: ; ImmutableOopMap {rbp=Oop [40]=NarrowOop }
                      ;*invokeinterface getMediaSessions {reexecute=0 rethrow=0 return_oop=0}
                      ; - dev.redstones.mediaplayerinfo.MediaPlayerInfo$Instance::getMediaSessions@4
                      ; - dev.luxury.modules.impl.MediaPlayer::lambda$updateMediaInfo$1@3 (line 176)
                      ; - dev.luxury.modules.impl.MediaPlayer$$Lambda/0x0000020882b2bc40::run@4
  0x00000208eeff1428: d431 5bfe 

  0x00000208eeff142c: ;   {other}
  0x00000208eeff142c: 0f1f 8400 | 1c0d 0011 | baf6 ffff | ff48 8b6c 

  0x00000208eeff143c: ;   {runtime_call UncommonTrapBlob}
  0x00000208eeff143c: 2420 90e8 

  0x00000208eeff1440: ; ImmutableOopMap {rbp=Oop [40]=NarrowOop }
                      ;*invokeinterface stream {reexecute=0 rethrow=0 return_oop=0}
                      ; - dev.luxury.modules.impl.MediaPlayer::lambda$updateMediaInfo$1@6 (line 177)
                      ; - dev.luxury.modules.impl.MediaPlayer$$Lambda/0x0000020882b2bc40::run@4
  0x00000208eeff1440: bc31 5bfe 

  0x00000208eeff1444: ;   {other}
  0x00000208eeff1444: 0f1f 8400 | 340d 0012 | baf4 ffff 

  0x00000208eeff1450: ;   {runtime_call UncommonTrapBlob}
  0x00000208eeff1450: ff66 90e8 

  0x00000208eeff1454: ; ImmutableOopMap {rbp=Oop [32]=Oop [40]=NarrowOop [56]=Oop [64]=Oop [72]=Oop }
                      ;*checkcast {reexecute=0 rethrow=0 return_oop=0}
                      ; - java.util.stream.ReduceOps$ReduceOp::evaluateSequential@9 (line 921)
                      ; - java.util.stream.AbstractPipeline::evaluate@88 (line 234)
                      ; - java.util.stream.ReferencePipeline::reduce@5 (line 662)
                      ; - java.util.stream.ReferencePipeline::max@5 (line 698)
                      ; - dev.luxury.modules.impl.MediaPlayer::lambda$updateMediaInfo$1@19 (line 178)
                      ; - dev.luxury.modules.impl.MediaPlayer$$Lambda/0x0000020882b2bc40::run@4
  0x00000208eeff1454: a831 5bfe 

  0x00000208eeff1458: ;   {other}
  0x00000208eeff1458: 0f1f 8400 | 480d 0013 | baf4 ffff 

  0x00000208eeff1464: ;   {runtime_call UncommonTrapBlob}
  0x00000208eeff1464: ff66 90e8 

  0x00000208eeff1468: ; ImmutableOopMap {rbp=Oop [32]=Oop [40]=NarrowOop [64]=Oop [72]=Oop }
                      ;*checkcast {reexecute=0 rethrow=0 return_oop=0}
                      ; - java.util.stream.ReferencePipeline::reduce@8 (line 662)
                      ; - java.util.stream.ReferencePipeline::max@5 (line 698)
                      ; - dev.luxury.modules.impl.MediaPlayer::lambda$updateMediaInfo$1@19 (line 178)
                      ; - dev.luxury.modules.impl.MediaPlayer$$Lambda/0x0000020882b2bc40::run@4
  0x00000208eeff1468: 9431 5bfe 

  0x00000208eeff146c: ;   {other}
  0x00000208eeff146c: 0f1f 8400 | 5c0d 0014 | baf6 ffff | ff48 8b6c | 2420 448b | 5c24 2844 | 895c 2420 | 4c89 7424 
  0x00000208eeff148c: ;   {runtime_call UncommonTrapBlob}
  0x00000208eeff148c: 2866 90e8 

  0x00000208eeff1490: ; ImmutableOopMap {rbp=Oop [32]=NarrowOop [40]=Oop }
                      ;*invokevirtual getTitle {reexecute=0 rethrow=0 return_oop=0}
                      ; - dev.luxury.modules.impl.MediaPlayer::lambda$updateMediaInfo$1@44 (line 184)
                      ; - dev.luxury.modules.impl.MediaPlayer$$Lambda/0x0000020882b2bc40::run@4
  0x00000208eeff1490: 6c31 5bfe 

  0x00000208eeff1494: ;   {other}
  0x00000208eeff1494: 0f1f 8400 | 840d 0015 | baf6 ffff | ff48 8b6c | 2420 448b | 5c24 2844 | 895c 2420 | 4c89 7424 
  0x00000208eeff14b4: 2844 896c 

  0x00000208eeff14b8: ;   {runtime_call UncommonTrapBlob}
  0x00000208eeff14b8: 2424 90e8 

  0x00000208eeff14bc: ; ImmutableOopMap {rbp=Oop [32]=NarrowOop [36]=NarrowOop [40]=Oop }
                      ;*invokevirtual isEmpty {reexecute=0 rethrow=0 return_oop=0}
                      ; - dev.luxury.modules.impl.MediaPlayer::lambda$updateMediaInfo$1@47 (line 184)
                      ; - dev.luxury.modules.impl.MediaPlayer$$Lambda/0x0000020882b2bc40::run@4
  0x00000208eeff14bc: 4031 5bfe 

  0x00000208eeff14c0: ;   {other}
  0x00000208eeff14c0: 0f1f 8400 | b00d 0016 | baf6 ffff | ff4c 8974 | 2430 4489 

  0x00000208eeff14d4: ;   {runtime_call UncommonTrapBlob}
  0x00000208eeff14d4: 6c24 2ce8 

  0x00000208eeff14d8: ; ImmutableOopMap {rbp=NarrowOop [32]=Oop [40]=NarrowOop [44]=NarrowOop [48]=Oop }
                      ;*arraylength {reexecute=0 rethrow=0 return_oop=0}
                      ; - java.lang.String::isEmpty@4 (line 1532)
                      ; - dev.luxury.modules.impl.MediaPlayer::lambda$updateMediaInfo$1@47 (line 184)
                      ; - dev.luxury.modules.impl.MediaPlayer$$Lambda/0x0000020882b2bc40::run@4
  0x00000208eeff14d8: 2431 5bfe 

  0x00000208eeff14dc: ;   {other}
  0x00000208eeff14dc: 0f1f 8400 | cc0d 0017 | baf6 ffff | ff48 8b6c | 2420 4489 | 5424 204c | 8974 2428 | 4489 6c24 
  0x00000208eeff14fc: ;   {runtime_call UncommonTrapBlob}
  0x00000208eeff14fc: 2466 90e8 

  0x00000208eeff1500: ; ImmutableOopMap {rbp=Oop [32]=NarrowOop [36]=NarrowOop [40]=Oop }
                      ;*invokevirtual getTitle {reexecute=0 rethrow=0 return_oop=0}
                      ; - dev.luxury.modules.impl.MediaPlayer::lambda$updateMediaInfo$1@67 (line 185)
                      ; - dev.luxury.modules.impl.MediaPlayer$$Lambda/0x0000020882b2bc40::run@4
  0x00000208eeff1500: fc30 5bfe 

  0x00000208eeff1504: ;   {other}
  0x00000208eeff1504: 0f1f 8400 | f40d 0018 | baf6 ffff | ff48 8b6c | 2420 4889 | 4424 f88b | 4424 2889 | 4424 2048 
  0x00000208eeff1524: 8b44 24f8 | 4c89 7424 | 2844 896c 

  0x00000208eeff1530: ;   {runtime_call UncommonTrapBlob}
  0x00000208eeff1530: 2424 90e8 

  0x00000208eeff1534: ; ImmutableOopMap {rbp=Oop [32]=NarrowOop [36]=NarrowOop [40]=Oop }
                      ;*invokevirtual equals {reexecute=0 rethrow=0 return_oop=0}
                      ; - dev.luxury.modules.impl.MediaPlayer::lambda$updateMediaInfo$1@72 (line 185)
                      ; - dev.luxury.modules.impl.MediaPlayer$$Lambda/0x0000020882b2bc40::run@4
  0x00000208eeff1534: c830 5bfe 

  0x00000208eeff1538: ;   {other}
  0x00000208eeff1538: 0f1f 8400 | 280e 0019 | 448b 5808 | 49ba 0000 | 0080 0802 | 0000 4d03 | d34d 8b52 

  0x00000208eeff1554: ;   {metadata('java/lang/Exception')}
  0x00000208eeff1554: 4049 bb18 | c200 8008 | 0200 0090 | 4d3b d30f | 8440 faff | ff48 8bd0 | e9e8 0000 | 0044 8b50 
  0x00000208eeff1574: 0849 bb00 | 0000 8008 | 0200 004d | 03da 4d8b 

  0x00000208eeff1584: ;   {metadata('java/lang/Exception')}
  0x00000208eeff1584: 5340 49bb | 18c2 0080 | 0802 0000 | 4d3b d30f | 8410 faff | ff48 8bd0 | 0f1f 4000 | e9b4 0000 
  0x00000208eeff15a4: 0044 8b50 | 0849 bb00 | 0000 8008 | 0200 004d | 03da eb11 | 448b 5008 | 49bb 0000 | 0080 0802 
  0x00000208eeff15c4: 0000 4d03 | da4d 8b53 

  0x00000208eeff15cc: ;   {metadata('java/lang/Exception')}
  0x00000208eeff15cc: 4049 bb18 | c200 8008 | 0200 0066 | 0f1f 8400 | 0000 0000 | 4d3b d30f | 84c0 f9ff | ff48 8bd0 
  0x00000208eeff15ec: e968 0000 | 0044 8b50 | 08eb 08eb | 02eb 0044 | 8b50 0849 | bb00 0000 | 8008 0200 | 004d 03da 
  0x00000208eeff160c: 4d8b 5340 

  0x00000208eeff1610: ;   {metadata('java/lang/Exception')}
  0x00000208eeff1610: 49bb 18c2 | 0080 0802 | 0000 660f | 1f44 0000 | 4d3b d30f | 8480 f9ff | ff48 8bd0 | eb2b 448b 
  0x00000208eeff1630: 5008 49bb | 0000 0080 | 0802 0000 | 4d03 da4d 

  0x00000208eeff1640: ;   {metadata('java/lang/Exception')}
  0x00000208eeff1640: 8b53 4049 | bb18 c200 | 8008 0200 | 004d 3bd3 | 0f84 53f9 | ffff 488b | d048 81c4 | 8000 0000 
  0x00000208eeff1660: ;   {runtime_call _rethrow_Java}
  0x00000208eeff1660: 5de9 1a1c 

  0x00000208eeff1664: ;   {internal_word}
  0x00000208eeff1664: 69fe 49ba | b10f ffee | 0802 0000 | 4d89 9760 

  0x00000208eeff1674: ;   {runtime_call SafepointBlob}
  0x00000208eeff1674: 0400 00e9 | 043c 5bfe 

  0x00000208eeff167c: ;   {runtime_call StubRoutines (final stubs)}
  0x00000208eeff167c: e85f 3659 | fee9 38f3 | ffff f4f4 
[Stub Code]
  0x00000208eeff1688: ;   {no_reloc}
  0x00000208eeff1688: 48bb d046 | 0849 0902 

  0x00000208eeff1690: ;   {runtime_call I2C/C2I adapters}
  0x00000208eeff1690: 0000 e950 

  0x00000208eeff1694: ;   {static_stub}
  0x00000208eeff1694: 2b5b fe48 | bb00 0000 | 0000 0000 

  0x00000208eeff16a0: ;   {runtime_call nmethod}
  0x00000208eeff16a0: 00e9 fbff 

  0x00000208eeff16a4: ;   {static_stub}
  0x00000208eeff16a4: ffff 48bb | 0000 0000 | 0000 0000 

  0x00000208eeff16b0: ;   {runtime_call nmethod}
  0x00000208eeff16b0: e9fb ffff 

  0x00000208eeff16b4: ;   {runtime_call ExceptionBlob}
  0x00000208eeff16b4: ffe9 c6b3 | 68fe e800 | 0000 0048 | 832c 2405 

  0x00000208eeff16c4: ;   {runtime_call DeoptimizationBlob}
  0x00000208eeff16c4: e9d7 345b | fef4 f4f4 | f4f4 f4f4 
[/MachCode]


Compiled method (c2) 7638397 38663   !   4       java.util.concurrent.FutureTask::run$$$capture (123 bytes)
 total in heap  [0x00000208ef423390,0x00000208ef429818] = 25736
 relocation     [0x00000208ef4234f0,0x00000208ef4237d0] = 736
 main code      [0x00000208ef4237e0,0x00000208ef427858] = 16504
 stub code      [0x00000208ef427858,0x00000208ef427918] = 192
 oops           [0x00000208ef427918,0x00000208ef427928] = 16
 metadata       [0x00000208ef427928,0x00000208ef427c60] = 824
 scopes data    [0x00000208ef427c60,0x00000208ef428e70] = 4624
 scopes pcs     [0x00000208ef428e70,0x00000208ef429400] = 1424
 dependencies   [0x00000208ef429400,0x00000208ef4294c0] = 192
 handler table  [0x00000208ef4294c0,0x00000208ef429778] = 696
 nul chk table  [0x00000208ef429778,0x00000208ef429818] = 160

[Constant Pool (empty)]

[MachCode]
[Entry Point]
  # {method} {0x00000208c21c4b60} 'run$$$capture' '()V' in 'java/util/concurrent/FutureTask'
  #           [sp+0x160]  (sp of caller)
  0x00000208ef4237e0: 448b 5208 | 49bb 0000 | 0080 0802 | 0000 4d03 | d349 3bc2 

  0x00000208ef4237f4: ;   {runtime_call ic_miss_stub}
  0x00000208ef4237f4: 0f85 86af | 17fe 6690 | 0f1f 4000 
[Verified Entry Point]
  0x00000208ef423800: 8984 2400 | 80ff ff55 | 4881 ec50 | 0100 0090 | 4181 7f20 | b902 0000 | 0f85 2c40 | 0000 488b 
  0x00000208ef423820: fa44 8b52 | 0c4d 8b9f | 8003 0000 | 4d8b 1b45 | 85d2 0f85 | 3c2a 0000 | 488b f248 | 83c6 184d 
  0x00000208ef423840: 8bd3 49c1 | ea03 4833 | c0f0 440f | b116 0f94 | c30f b6db | 85db 7431 | 4d8b d34c | 8bde 4d33 
  0x00000208ef423860: d349 c1ea | 154d 85d2 | 741f 49c1 | eb09 48b9 | 0090 c1f1 | 0802 0000 | 4903 cb0f | 1f44 0000 
  0x00000208ef423880: 8039 020f | 8548 1800 | 0085 db0f | 847b 2d00 | 0044 8b47 | 1047 8b54 | c408 448b | 5f0c 6690 
  0x00000208ef4238a0: 4585 db0f | 85e7 2900 | 004f 8d2c 

  0x00000208ef4238ac: ;   {metadata('java/util/concurrent/Executors$RunnableAdapter')}
  0x00000208ef4238ac: c441 81fa | 9066 1f01 | 0f85 cb20 | 0000 458b | 550c 6690 

  0x00000208ef4238c0: ; implicit exception: dispatches to 0x00000208ef426f1d
  0x00000208ef4238c0: 478b 4cd4 | 084b 8d14 

  0x00000208ef4238c8: ;   {metadata('net/fabricmc/loader/impl/lib/tinyremapper/TinyRemapper$$Lambda+0x0000020881236340')}
  0x00000208ef4238c8: d441 81f9 | 4063 2301 | 0f85 6f12 | 0000 488b | da8b 6b0c | 8b4b 1444 | 8b5b 1085 | ed0f 8494 
  0x00000208ef4238e8: 2400 0049 | 8b87 b801 | 0000 4c8b | d049 83c2 | 3049 8d14 | ec66 6690 | 4d3b 97c8 | 0100 000f 
  0x00000208ef423908: 83bb 2000 | 004d 8997 | b801 0000 | 410f 0d8a | c000 0000 | 48c7 0001 

  0x00000208ef423920: ;   {metadata('org/objectweb/asm/ClassReader')}
  0x00000208ef423920: 0000 00c7 | 4008 c869 | 0801 4489 | 600c 4c89 | 6010 4c89 | 6018 4c89 | 6020 4c89 | 6028 6690 
  0x00000208ef423940: ; implicit exception: dispatches to 0x00000208ef426f38
  0x00000208ef423940: 458b 54cc | 2c47 8b4c | d40c 4889 | 4424 6048 | 8954 2448 | 4489 5c24 | 5889 4c24 | 5089 6c24 
  0x00000208ef423960: 5448 895c | 2440 4c89 | ac24 9000 | 0000 4489 | 4424 5c48 | 89b4 2488 | 0000 0048 | 897c 2470 
  0x00000208ef423980: 4f8d 04d4 | 4d8d 14cc | 4c89 5424 | 384c 8944 | 2428 4489 | 4c24 3048 | 8bd0 4533 | c9bf 0100 
  0x00000208ef4239a0: 0000 4c89 | 6c24 6844 | 8b54 2458 | 4489 5424 | 3448 8be8 

  0x00000208ef4239b4: ;   {optimized virtual_call}
  0x00000208ef4239b4: 6666 90e8 

  0x00000208ef4239b8: ; ImmutableOopMap {rbp=Oop [40]=Oop [52]=NarrowOop [56]=Oop [64]=Oop [72]=Oop [80]=NarrowOop [84]=NarrowOop [88]=NarrowOop [92]=NarrowOop [96]=Oop [104]=Oop [112]=Oop [136]=Derived_oop_[112] [144]=Oop }
                      ;*invokespecial <init> {reexecute=0 rethrow=0 return_oop=0}
                      ; - org.objectweb.asm.ClassReader::<init>@4 (line 180)
                      ; - org.objectweb.asm.ClassReader::<init>@5 (line 166)
                      ; - net.fabricmc.loader.impl.lib.tinyremapper.TinyRemapper::apply@8 (line 1087)
                      ; - net.fabricmc.loader.impl.lib.tinyremapper.TinyRemapper::lambda$apply$5@4 (line 939)
                      ; - net.fabricmc.loader.impl.lib.tinyremapper.TinyRemapper$$Lambda/0x0000020881236340::run@12
                      ; - java.util.concurrent.Executors$RunnableAdapter::call@4 (line 572)
                      ; - java.util.concurrent.FutureTask::run$$$capture@39 (line 317)
  0x00000208ef4239b8: c4b0 17fe 

  0x00000208ef4239bc: ;   {other}
  0x00000208ef4239bc: 0f1f 8400 | 2c06 0000 | 4d8b 9fb8 | 0100 004d | 8bd3 4981 | c298 0000 | 0066 6666 | 0f1f 8400 
  0x00000208ef4239dc: 0000 0000 | 4d3b 97c8 | 0100 000f | 83ef 2000 | 004d 8997 | b801 0000 | 410f 0d8a | c000 0000 
  0x00000208ef4239fc: 49c7 0301 | 0000 0049 | 8bfb 4883 

  0x00000208ef423a08: ;   {metadata('org/objectweb/asm/ClassWriter')}
  0x00000208ef423a08: c710 41c7 | 4308 3805 | 0801 b911 | 0000 0048 | 33c0 48c1 | e103 f348 | aa41 c743 | 0c00 0009 
  0x00000208ef423a28: 004d 8b87 | b801 0000 | 4589 6314 | 4d8b d049 | 83c2 480f | 1f44 0000 | 4d3b 97c8 | 0100 000f 
  0x00000208ef423a48: 8324 2000 | 004d 8997 | b801 0000 | 410f 0d8a | c000 0000 | 49c7 0001 

  0x00000208ef423a60: ;   {metadata('org/objectweb/asm/SymbolTable')}
  0x00000208ef423a60: 0000 0041 | c740 08e8 | d31a 0145 | 8960 0c4d | 8960 104d | 8960 1845 | 8960 204d | 8960 284d 
  0x00000208ef423a80: 8960 304d | 8960 384d | 8960 404d | 8bcb 49c1 | e903 4c89 | 5c24 6845 | 8948 2444 | 894c 2428 
  0x00000208ef423aa0: 4c89 4424 | 204d 8b9f | b801 0000 | 4d8b d349 | 81c2 1004 | 0000 6666 | 0f1f 8400 | 0000 0000 
  0x00000208ef423ac0: 4d3b 97c8 | 0100 000f | 83d8 1f00 | 004d 8997 | b801 0000 | 410f 0d8a | c000 0000 | 49c7 0301 
  0x00000208ef423ae0: 0000 0041 | 0f0d 8a00 

  0x00000208ef423ae8: ;   {metadata('org/objectweb/asm/SymbolTable$Entry'[])}
  0x00000208ef423ae8: 0100 0041 | c743 0828 | dc1a 0141 | 0f0d 8a40 | 0100 0041 | c743 0c00 | 0100 0041 | 0f0d 8a80 
  0x00000208ef423b08: 0100 0049 | 8bfb 4883 | c710 b980 | 0000 0048 | 33c0 48c1 | e103 f348 | aa4c 8b54 | 2420 498b 
  0x00000208ef423b28: ea48 c1ed | 034d 8bd3 | 49c1 ea03 | 4c8b 4424 | 2045 8950 | 304d 8bd3 | 4d8b d84d | 33d3 49c1 
  0x00000208ef423b48: ea15 4d85 | d274 1a49 | c1eb 0948 | b900 90c1 | f108 0200 | 0049 03cb | 8039 020f | 858e 1300 
  0x00000208ef423b68: 004d 8b9f | b801 0000 | 4c8b 5424 | 2041 c742 | 1401 0000 | 004d 8bd3 | 4983 c218 | 4d3b 97c8 
  0x00000208ef423b88: 0100 000f | 837b 1f00 | 004d 8997 | b801 0000 | 410f 0d8a | c000 0000 | 49c7 0301 

  0x00000208ef423ba4: ;   {metadata('org/objectweb/asm/ByteVector')}
  0x00000208ef423ba4: 0000 0041 | c743 0820 | de1a 0145 | 8963 0c4d | 8963 104c | 895c 2430 | 498b 87b8 | 0100 004c 
  0x00000208ef423bc4: 8bd0 4983 | c250 4d3b | 97c8 0100 | 000f 8366 | 1e00 004d | 8997 b801 | 0000 410f | 0d8a c000 
  0x00000208ef423be4: 0000 48c7 | 0001 0000 | 0041 0f0d | 8a00 0100 

  0x00000208ef423bf4: ;   {metadata({type array byte})}
  0x00000208ef423bf4: 00c7 4008 | 1823 0000 | 410f 0d8a | 4001 0000 | c740 0c40 | 0000 0041 | 0f0d 8a80 | 0100 004c 
  0x00000208ef423c14: 8960 104c | 8960 184c | 8960 204c | 8960 284c | 8960 304c | 8960 384c | 8960 404c | 8960 484c 
  0x00000208ef423c34: 8b54 2430 | 498b da48 | c1eb 034c | 8bd0 49c1 | ea03 4c8b | 5c24 3045 | 8953 104c | 8bd0 4d33 
  0x00000208ef423c54: d349 c1ea | 154d 85d2 | 741a 49c1 | eb09 48b9 | 0090 c1f1 | 0802 0000 | 4903 cb80 | 3902 0f85 
  0x00000208ef423c74: cd12 0000 | 0f1f 8400 | 0000 0000 | 4180 7f40 | 000f 85ba | 1000 004c | 8b54 2420 | 4189 5a34 
  0x00000208ef423c94: 4c8b 5424 | 304c 8b5c | 2420 4d33 | d349 c1ea | 154d 85d2 | 741f 49c1 | eb09 48b9 | 0090 c1f1 
  0x00000208ef423cb4: 0802 0000 | 4903 cb0f | 1f44 0000 | 8039 020f | 85dc 1100 | 0041 807f | 4000 0f85 | 3110 0000 
  0x00000208ef423cd4: 4c8b 5424 | 6841 896a | 504c 8b54 | 2420 4c8b | 5c24 684d | 33d3 49c1 | ea15 4d85 | d274 1a49 
  0x00000208ef423cf4: ;   {no_reloc}
  0x00000208ef423cf4: c1eb 0948 | b900 90c1 | f108 0200 | 0049 03cb | 8039 020f | 8542 1100 | 004c 8b54 | 2468 4589 
  0x00000208ef423d14: 624c 448b | 5c24 5447 | 0fb6 5cdc | 1345 85db | 0f85 3229 | 0000 448b | 5424 5447 | 8b5c d440 
  0x00000208ef423d34: ; implicit exception: dispatches to 0x00000208ef426fa0
  0x00000208ef423d34: 478b 54dc | 080f 1f80 | 0000 0000 

  0x00000208ef423d40: ;   {metadata('java/util/ArrayList')}
  0x00000208ef423d40: 4181 fad0 | a70b 000f | 85b7 2100 | 004f 8d14 | dc45 8b5a | 1041 ffcb | 4489 5c24 | 7866 6690 
  0x00000208ef423d60: 4585 db0f | 8d4f 2900 | 004d 8b9f | b801 0000 | 4d8b d349 | 83c2 3066 | 0f1f 8400 | 0000 0000 
  0x00000208ef423d80: 4d3b 97c8 | 0100 000f | 83af 1d00 | 004d 8997 | b801 0000 | 410f 0d8a | c000 0000 | 49c7 0301 
  0x00000208ef423da0: ;   {metadata('net/fabricmc/loader/impl/lib/tinyremapper/AsmClassRemapper')}
  0x00000208ef423da0: 0000 0041 | c743 0800 | c821 0145 | 8963 0c4d | 8963 104d | 8963 184d | 8963 204d | 8963 284c 
  0x00000208ef423dc0: 899c 2480 | 0000 0044 | 8b5c 2450 | 478b 5cdc | 2043 8b6c | dc1c 4c8b | 9424 8000 | 0000 448b 
  0x00000208ef423de0: 5c24 2845 | 895a 1044 | 8b5c 2454 | 478b 54dc | 3044 8954 | 2428 470f | b644 dc18 | 4c8b 9424 
  0x00000208ef423e00: 8000 0000 | 41c7 420c | 0000 0900 | 470f b65c | dc16 448b | 5424 5443 | 0fb6 5cd4 | 1943 0fb6 
  0x00000208ef423e20: 74d4 1a43 | 0fb6 7cd4 | 1b44 8b6c | 2428 49c1 | e503 4c8b | 5424 684d | 8bca 4c8b | 9424 8000 
  0x00000208ef423e40: 0000 4d33 | ca4c 8bf5 | 49c1 e603 | 49c1 e915 | 4d85 c974 | 1a49 c1ea | 0948 b900 | 90c1 f108 
  0x00000208ef423e60: 0200 0049 | 03ca 8039 | 020f 8528 | 1100 0041 | 807f 4000 | 0f85 0b0f | 0000 4c8b | 9424 8000 
  0x00000208ef423e80: 0000 4189 | 6a14 4d8b | ce4d 33ca | 49c1 e915 | 4d85 c974 | 1e85 ed74 | 1a49 c1ea | 0948 b900 
  0x00000208ef423ea0: ;   {no_reloc}
  0x00000208ef423ea0: 90c1 f108 | 0200 0049 | 03ca 8039 | 020f 854a | 1100 0041 | 807f 4000 | 0f85 070f | 0000 4c8b 
  0x00000208ef423ec0: 9424 8000 | 0000 8b6c | 2428 4189 | 6a24 4188 | 721f 4188 | 5a1e 4588 | 421c 4588 | 5a1d 4d8b 
  0x00000208ef423ee0: d54c 8b9c | 2480 0000 | 004d 33d3 | 49c1 ea15 | 4d85 d274 | 1e85 ed74 | 1a49 c1eb | 0948 b900 
  0x00000208ef423f00: 90c1 f108 | 0200 0049 | 03cb 8039 | 020f 854a | 1100 004c | 8b94 2480 | 0000 0041 | 887a 2044 
  0x00000208ef423f20: 8b54 2454 | 478b 5cd4 | 3c47 8b54 

  0x00000208ef423f2c: ;   {metadata('java/util/ArrayList')}
  0x00000208ef423f2c: dc08 4181 | fad0 a70b | 000f 8525 | 2000 004f | 8d14 dc45 | 8b42 1041 | ffc8 4489 | 4424 7845 
  0x00000208ef423f4c: 85c0 0f8c | 1304 0000 | 4585 c00f | 8e4a 2400 | 0049 ba00 | 90c1 f108 | 0200 0045 | 33c0 4c89 
  0x00000208ef423f6c: 9424 3001 | 0000 4c89 | 8424 3801 | 0000 478b | 54dc 0890 

  0x00000208ef423f80: ;   {metadata('java/util/ArrayList')}
  0x00000208ef423f80: 4181 fad0 | a70b 000f | 85cf 2000 | 004f 8d14 | dc4c 8994 | 2498 0000 | 0041 8b6a | 1089 ac24 
  0x00000208ef423fa0: a000 0000 | 448b 5c24 | 7845 85db | 0f8c d724 | 0000 443b | dd0f 8d2a | 1300 004c | 8b94 2498 
  0x00000208ef423fc0: 0000 0041 | 8b6a 1445 | 8b54 ec0c | 453b da0f | 83d3 1d00 | 004d 8d14 | ec47 8b5c | 9a10 6690 
  0x00000208ef423fe0: ; implicit exception: dispatches to 0x00000208ef4274f0
  0x00000208ef423fe0: 478b 44dc 

  0x00000208ef423fe4: ;   {metadata('net/fabricmc/loader/impl/lib/tinyremapper/extension/mixin/MixinExtension$PreApplyVisitorProvider')}
  0x00000208ef423fe4: 0841 81f8 | d030 2201 | 0f85 be2e | 0000 448b | 5424 5047 | 8b54 d424 | 4489 9424 | a000 0000 
  0x00000208ef424004: 448b 4424 | 5047 0fb6 | 54c4 1849 | c1e3 034c | 899c 24a8 | 0000 000f | 1f44 0000 | 4585 d20f 
  0x00000208ef424024: 84f7 2600 | 0045 8b53 | 0c44 8994 | 2408 0100 | 0043 8b6c | d418 660f | 1f44 0000 | 85ed 0f84 
  0x00000208ef424044: 5c27 0000 | 448b 9424 | a000 0000 

  0x00000208ef424050: ; implicit exception: dispatches to 0x00000208ef4275e0
  0x00000208ef424050: 478b 5cd4 | 0c44 899c | 24a4 0000 | 0066 6690 | 4585 db0f | 86a5 0200 | 0041 ffcb | 443b 9c24 
  0x00000208ef424070: a400 0000 | 0f83 6221 | 0000 49c1 | e203 4c89 | 9424 9800 | 0000 4533 | c04c 8b94 | 2498 0000 
  0x00000208ef424090: 0047 8b54 | 8210 4489 | 9424 b000 | 0000 448b | 9c24 0801 | 0000 438b | 6cdc 1845 | 8b5c ec08 
  0x00000208ef4240b0: ;   {metadata('net/fabricmc/loader/impl/discovery/RuntimeModRemapper$$Lambda+0x0000020881221af8')}
  0x00000208ef4240b0: 4181 fbf8 | 1a22 010f | 8507 2000 | 004d 8d14 | ec4c 8994 | 24b8 0000 | 0041 8b6a | 0c45 8b54 
  0x00000208ef4240d0: ;   {metadata('java/util/HashSet')}
  0x00000208ef4240d0: ec08 4181 | fae0 e20d | 000f 8555 | 2000 004d | 8d14 ec4c | 8994 24c0 | 0000 0045 | 8b52 0c47 
  0x00000208ef4240f0: 8b4c d408 | 4f8d 1cd4 | 0f1f 8400 | 0000 0000 

  0x00000208ef424100: ;   {metadata('java/util/HashMap')}
  0x00000208ef424100: 4181 f900 | c408 000f | 8518 1000 | 004c 899c | 24c8 0000 | 0045 8b53 | 240f 1f80 | 0000 0000 
  0x00000208ef424120: 4585 d20f | 8468 0a00 | 0047 8b4c | d40c 4489 | 8c24 b400 | 0000 4585 | c90f 86c9 | 2300 0045 
  0x00000208ef424140: 8bd9 41ff | cb44 899c | 24d0 0000 | 0044 8b9c | 24b0 0000 | 0045 85db | 0f84 a61c | 0000 49c1 
  0x00000208ef424160: e203 4c89 | 5424 204f | 8d14 dc4c | 8954 2428 | 4d8b 124d | 8bda 4983 | e303 660f | 1f44 0000 
  0x00000208ef424180: 4983 fb01 | 0f85 210f | 0000 49c1 | ea08 418b | c225 ffff | ff7f 85c0 | 0f84 0d0f | 0000 4489 
  0x00000208ef4241a0: 8424 d400 | 0000 448b | d041 c1ea | 1044 33d0 | 4489 5424 | 308b ac24 | d000 0000 | 4123 ea4c 
  0x00000208ef4241c0: 8b54 2420 | 458b 54aa | 1045 85d2 | 0f84 f300 | 0000 478b | 44d4 0c44 | 3b44 2430 | 751f 478b 
  0x00000208ef4241e0: 4cd4 1044 | 8b9c 24b0 | 0000 0045 | 3bcb 0f84 | 7300 0000 | 453b d90f | 846a 0000 

  0x00000208ef4241fc: ;   {no_reloc}
  0x00000208ef4241fc: 0047 8b5c | d418 4585 | db0f 84ba | 0000 0047 | 8b4c d408 | 4b8d 14d4 | 4b8d 2cdc | 0f1f 8400 
  0x00000208ef42421c: 0000 0000 

  0x00000208ef424220: ;   {metadata('java/util/HashMap$TreeNode')}
  0x00000208ef424220: 4181 f9d8 | 2a1a 000f | 8557 0000 | 0044 8b44 | 2430 4c8b | 4c24 2844 | 8b54 2458 | 4489 5424 
  0x00000208ef424240: 3448 8994 | 2410 0100 

  0x00000208ef424248: ;   {optimized virtual_call}
  0x00000208ef424248: 0066 90e8 

  0x00000208ef42424c: ; ImmutableOopMap {rbp=Oop [32]=Oop [40]=Oop [52]=NarrowOop [56]=Oop [64]=Oop [72]=Oop [80]=NarrowOop [84]=NarrowOop [88]=NarrowOop [92]=NarrowOop [96]=Oop [104]=Oop [112]=Oop [136]=Derived_oop_[112] [128]=Oop [144]=Oop [152]=Oop [160]=NarrowOop [168]=Oop [176]=NarrowOop [184]=Oop [192]=Oop [200]=Oop [272]=Oop }
                      ;*invokevirtual getTreeNode {reexecute=0 rethrow=0 return_oop=1}
                      ; - java.util.HashMap::getNode@95 (line 582)
                      ; - java.util.HashMap::containsKey@2 (line 602)
                      ; - java.util.HashSet::contains@5 (line 213)
                      ; - net.fabricmc.loader.impl.discovery.RuntimeModRemapper$$Lambda/0x0000020881221af8::test@8
                      ; - net.fabricmc.loader.impl.lib.tinyremapper.extension.mixin.MixinExtension$PreApplyVisitorProvider::insertApplyVisitor@66 (line 177)
                      ; - net.fabricmc.loader.impl.lib.tinyremapper.TinyRemapper::apply@172 (line 1105)
                      ; - net.fabricmc.loader.impl.lib.tinyremapper.TinyRemapper::lambda$apply$5@4 (line 939)
                      ; - net.fabricmc.loader.impl.lib.tinyremapper.TinyRemapper$$Lambda/0x0000020881236340::run@12
                      ; - java.util.concurrent.Executors$RunnableAdapter::call@4 (line 572)
                      ; - java.util.concurrent.FutureTask::run$$$capture@39 (line 317)
  0x00000208ef42424c: 30a8 17fe 

  0x00000208ef424250: ;   {other}
  0x00000208ef424250: 0f1f 8400 | c00e 0001 | 4533 db48 | 85c0 410f | 95c3 e961 | 0000 0041 | bb01 0000 | 00e9 5600 
  0x00000208ef424270: 0000 6666 | 0f1f 8400 | 0000 0000 | 6666 6690 | 4b8d 2cc4 | 448b 550c | 443b 5424 | 3075 2344 
  0x00000208ef424290: 8b55 1044 | 8b9c 24b0 | 0000 000f | 1f44 0000 | 453b d374 | 0545 3bda | 7508 41bb | 0100 0000 
  0x00000208ef4242b0: eb16 4d8b | 9750 0400 | 0044 8b45 

  0x00000208ef4242bc: ; ImmutableOopMap {r8=NarrowOop rdx=Oop [32]=Oop [40]=Oop [56]=Oop [64]=Oop [72]=Oop [80]=NarrowOop [84]=NarrowOop [88]=NarrowOop [92]=NarrowOop [96]=Oop [104]=Oop [112]=Oop [136]=Derived_oop_[112] [128]=Oop [144]=Oop [152]=Oop [160]=NarrowOop [168]=Oop [176]=NarrowOop [184]=Oop [192]=Oop [200]=Oop }
                      ;*ifnonnull {reexecute=1 rethrow=0 return_oop=0}
                      ; - (reexecute) java.util.HashMap::getNode@145 (line 587)
                      ; - java.util.HashMap::containsKey@2 (line 602)
                      ; - java.util.HashSet::contains@5 (line 213)
                      ; - net.fabricmc.loader.impl.discovery.RuntimeModRemapper$$Lambda/0x0000020881221af8::test@8
                      ; - net.fabricmc.loader.impl.lib.tinyremapper.extension.mixin.MixinExtension$PreApplyVisitorProvider::insertApplyVisitor@66 (line 177)
                      ; - net.fabricmc.loader.impl.lib.tinyremapper.TinyRemapper::apply@172 (line 1105)
                      ; - net.fabricmc.loader.impl.lib.tinyremapper.TinyRemapper::lambda$apply$5@4 (line 939)
                      ; - net.fabricmc.loader.impl.lib.tinyremapper.TinyRemapper$$Lambda/0x0000020881236340::run@12
                      ; - java.util.concurrent.Executors$RunnableAdapter::call@4 (line 572)
                      ; - java.util.concurrent.FutureTask::run$$$capture@39 (line 317)
                      ;   {poll}
  0x00000208ef4242bc: 1841 8502 | 4585 c075 | bb45 33db | 4c8b 9424 | a800 0000 | 458b 420c | 4489 8424 | 0801 0000 
  0x00000208ef4242dc: 0f1f 4000 | 4585 db0f | 8506 0300 | 0044 8b84 | 24d4 0000 | 0041 ffc0 | 0f1f 8400 | 0000 0000 
  0x00000208ef4242fc: 6666 6690 | 443b 8424 | a400 0000 | 0f8c 7bfd | ffff 4c8b | 9424 8000 | 0000 4c89 | 9424 b800 
  0x00000208ef42431c: 0000 448b | 5c24 7841 | ffcb 4183 | fbff 7e24 | 4489 5c24 | 7844 8b5c | 2454 478b | 5cdc 3c4c 
  0x00000208ef42433c: 8b94 24b8 | 0000 004c | 8994 2480 | 0000 00e9 | 2afc ffff | 4c8b 9424 | b800 0000 | 4c89 9424 
  0x00000208ef42435c: 8000 0000 | 4489 5c24 | 78eb 1d49 | ba00 90c1 | f108 0200 | 0045 33db | 4c89 9424 | 3001 0000 
  0x00000208ef42437c: 4c89 9c24 | 3801 0000 | 4d8b 8fb8 | 0100 004d | 8bd1 4983 | c210 4d3b | 97c8 0100 | 000f 83d1 
  0x00000208ef42439c: 1700 004d | 8997 b801 | 0000 410f | 0d8a c000 | 0000 49c7 | 0101 0000 | 0041 0f0d | 8a00 0100 
  0x00000208ef4243bc: ;   {no_reloc}
  0x00000208ef4243bc: 0041 c741 | 0828 6609 | 0141 0f0d | 8a40 0100 | 0045 8961 | 0c41 0f0d | 8a80 0100 | 00bf 0800 
  0x00000208ef4243dc: 0000 488b | 5424 604c | 8b84 2480 | 0000 0044 | 8b54 2458 | 4489 5424 | 2044 8b5c | 2450 4489 
  0x00000208ef4243fc: 5c24 244c | 8b54 2448 | 4c89 5424 | 2848 8954 

  0x00000208ef42440c: ;   {optimized virtual_call}
  0x00000208ef42440c: 2430 90e8 

  0x00000208ef424410: ; ImmutableOopMap {[32]=NarrowOop [36]=NarrowOop [40]=Oop [48]=Oop [56]=Oop [64]=Oop [72]=Oop [80]=NarrowOop [84]=NarrowOop [88]=NarrowOop [92]=NarrowOop [96]=Oop [104]=Oop [112]=Oop [136]=Derived_oop_[112] [128]=Oop [144]=Oop }
                      ;*invokevirtual accept {reexecute=0 rethrow=0 return_oop=0}
                      ; - org.objectweb.asm.ClassReader::accept@7 (line 425)
                      ; - net.fabricmc.loader.impl.lib.tinyremapper.TinyRemapper::apply@190 (line 1108)
                      ; - net.fabricmc.loader.impl.lib.tinyremapper.TinyRemapper::lambda$apply$5@4 (line 939)
                      ; - net.fabricmc.loader.impl.lib.tinyremapper.TinyRemapper$$Lambda/0x0000020881236340::run@12
                      ; - java.util.concurrent.Executors$RunnableAdapter::call@4 (line 572)
                      ; - java.util.concurrent.FutureTask::run$$$capture@39 (line 317)
  0x00000208ef424410: 6ca6 17fe 

  0x00000208ef424414: ;   {other}
  0x00000208ef424414: 0f1f 8400 | 8410 0003 | 448b 4424 | 5447 0fb6 | 4cc4 1145 | 85c9 0f85 | dc1f 0000 | 4180 7f40 
  0x00000208ef424434: 000f 85ca | 0900 0044 | 8b4c 2424 | 4789 64cc | 2c44 894c | 247c 488b | 5424 6844 | 894c 2424 
  0x00000208ef424454: 488b 6c24 

  0x00000208ef424458: ;   {optimized virtual_call}
  0x00000208ef424458: 2866 90e8 

  0x00000208ef42445c: ; ImmutableOopMap {rbp=Oop [32]=NarrowOop [36]=NarrowOop [48]=Oop [56]=Oop [64]=Oop [72]=Oop [84]=NarrowOop [88]=NarrowOop [92]=NarrowOop [104]=Oop [112]=Oop [136]=Derived_oop_[112] [124]=NarrowOop [128]=Oop [144]=Oop }
                      ;*invokevirtual toByteArray {reexecute=0 rethrow=0 return_oop=1}
                      ; - net.fabricmc.loader.impl.lib.tinyremapper.TinyRemapper::apply@206 (line 1114)
                      ; - net.fabricmc.loader.impl.lib.tinyremapper.TinyRemapper::lambda$apply$5@4 (line 939)
                      ; - net.fabricmc.loader.impl.lib.tinyremapper.TinyRemapper$$Lambda/0x0000020881236340::run@12
                      ; - java.util.concurrent.Executors$RunnableAdapter::call@4 (line 572)
                      ; - java.util.concurrent.FutureTask::run$$$capture@39 (line 317)
  0x00000208ef42445c: 20a6 17fe 

  0x00000208ef424460: ;   {other}
  0x00000208ef424460: 0f1f 8400 | d010 0004 | 4889 4424 | 3844 8b5c | 2420 478b | 54dc 0866 | 0f1f 8400 | 0000 0000 
  0x00000208ef424480: ;   {metadata('net/fabricmc/loader/impl/lib/tinyremapper/TinyRemapper$$Lambda+0x000002088122d790')}
  0x00000208ef424480: 4181 fa90 | d722 010f | 853b 1b00 | 004f 8d0c | dc45 8b51 | 0c47 8b44 | d408 660f | 1f44 0000 
  0x00000208ef4244a0: ;   {metadata('java/util/concurrent/ConcurrentHashMap')}
  0x00000208ef4244a0: 4181 f890 | 4206 000f | 855b 1b00 | 004b 8d14 | d444 8b54 | 2424 4d8b | c249 c1e0 | 034c 894c 
  0x00000208ef4244c0: 2430 4489 | 5424 2c48 | 8954 2450 | 4489 5424 | 584c 8bc8 | 33ff 488b | ac24 9000 

  0x00000208ef4244dc: ;   {optimized virtual_call}
  0x00000208ef4244dc: 0000 90e8 

  0x00000208ef4244e0: ; ImmutableOopMap {rbp=Oop [44]=NarrowOop [48]=Oop [56]=Oop [64]=Oop [72]=Oop [80]=Oop [88]=NarrowOop [92]=NarrowOop [112]=Oop [136]=Derived_oop_[112] [144]=Oop }
                      ;*invokevirtual putVal {reexecute=0 rethrow=0 return_oop=1}
                      ; - java.util.concurrent.ConcurrentHashMap::put@4 (line 1006)
                      ; - net.fabricmc.loader.impl.lib.tinyremapper.TinyRemapper$$Lambda/0x000002088122d790::accept@12
                      ; - net.fabricmc.loader.impl.lib.tinyremapper.TinyRemapper::lambda$apply$5@7 (line 939)
                      ; - net.fabricmc.loader.impl.lib.tinyremapper.TinyRemapper$$Lambda/0x0000020881236340::run@12
                      ; - java.util.concurrent.Executors$RunnableAdapter::call@4 (line 572)
                      ; - java.util.concurrent.FutureTask::run$$$capture@39 (line 317)
  0x00000208ef4244e0: 9ca5 17fe 

  0x00000208ef4244e4: ;   {other}
  0x00000208ef4244e4: 0f1f 8400 | 5411 0005 | 488b bc24 | 3001 0000 | 488b 9c24 | 3801 0000 | 4c8b 9424 | 9000 0000 
  0x00000208ef424504: 458b 5210 | 498b ea48 | c1e5 0348 | 8b74 2470 | 33c0 41ba | 0100 0000 | f044 0fb1 | 560c 410f 
  0x00000208ef424524: 94c3 450f | b6db 4585 | db0f 84f5 | 2000 0041 | 807f 4000 | 0f85 f506 | 0000 4c8b | d64c 8bdd 
  0x00000208ef424544: 49c1 eb03 | 4489 5e14 | 4c8b dd4d | 33da 49c1 | eb15 4d85 | db74 1a0f | 1f44 0000 | 4885 ed74 
  0x00000208ef424564: 1049 c1ea | 0949 03fa | 803f 020f | 853e 0700 | 00c7 460c | 0200 0000 | 448b 5e1c | 4585 db0f 
  0x00000208ef424584: 8515 0600 | 0044 8b56 

  0x00000208ef42458c: ;   {metadata('java/util/concurrent/FutureTask')}
  0x00000208ef42458c: 0841 81fa | 6063 1f01 | 0f85 0d0d | 0000 660f | 1f44 0000 | 4180 7f40 | 000f 85c8 | 0600 0044 
  0x00000208ef4245ac: 8966 1041 | 807f 4000 | 0f85 3506 | 0000 488b | 9c24 8800 | 0000 4489 | 23f0 8344 | 24c0 0044 
  0x00000208ef4245cc: 8b56 0c41 | 83fa 050f | 8d67 2000 | 0048 81c4 | 5001 0000 

  0x00000208ef4245e0: ;   {poll_return}
  0x00000208ef4245e0: 5d49 3ba7 | 4804 0000 | 0f87 4632 | 0000 c34d | 8b9f b801 | 0000 4d8b | d349 83c2 | 2866 6690 
  0x00000208ef424600: 4d3b 97c8 | 0100 000f | 831f 1600 | 004d 8997 | b801 0000 | 410f 0d8a | c000 0000 | 49c7 0301 
  0x00000208ef424620: ;   {metadata('net/fabricmc/loader/impl/lib/tinyremapper/extension/mixin/soft/SoftTargetMixinClassVisitor')}
  0x00000208ef424620: 0000 0041 | c743 0800 | 3322 0145 | 8963 0c4d | 8963 104d | 8963 184d | 8963 204c | 899c 24b8 
  0x00000208ef424640: 0000 004d | 8b9f b801 | 0000 4d8b | d349 83c2 | 204d 3b97 | c801 0000 | 0f83 9b15 | 0000 4d89 
  0x00000208ef424660: 97b8 0100 | 0041 0f0d | 8ac0 0000 | 0049 c703 | 0100 0000 

  0x00000208ef424674: ;   {metadata('net/fabricmc/loader/impl/lib/tinyremapper/extension/mixin/common/data/CommonData')}
  0x00000208ef424674: 41c7 4308 | f8a3 2201 | 4589 630c | 4d89 6310 | 4d89 6318 | 4c89 9c24 | c000 0000 | 448b 5424 
  0x00000208ef424694: 5047 8b54 | d420 4489 | 9424 b400 | 0000 448b | 9424 0801 | 0000 478b | 5cd4 0c44 | 899c 24c8 
  0x00000208ef4246b4: 0000 0044 | 8b9c 24b4 | 0000 0090 | 4585 db0f | 843c 2200 | 004c 8b94 | 24c0 0000 | 004d 8bda 
  0x00000208ef4246d4: 448b 9424 | b400 0000 | 4b8d 2cd4 | 4c8b d54d | 33d3 4c8b | c549 c1e8 | 0344 8944 | 2420 4c8b 
  0x00000208ef4246f4: 8424 c000 | 0000 448b | 4c24 2045 | 8948 0c49 | c1ea 154d | 85d2 741d | 49c1 eb09 | 48b9 0090 
  0x00000208ef424714: c1f1 0802 | 0000 4903 | cb66 6690 | 8039 020f | 8536 0f00 | 0044 8b94 | 24c8 0000 | 0045 85d2 
  0x00000208ef424734: 0f84 5622 | 0000 660f | 1f44 0000 | 4180 7f40 | 000f 855e | 0d00 004c | 8b94 24c0 | 0000 0044 
  0x00000208ef424754: 8b84 24c8 | 0000 0045 | 8942 104f | 8d14 c44c | 8954 2428 | 4c8b 9424 | c000 0000 

  0x00000208ef424770: ;   {no_reloc}
  0x00000208ef424770: 4c8b 5c24 | 284d 33da | 49c1 eb15 | 0f1f 4000 | 4d85 db74 | 1a49 c1ea | 0948 b900 | 90c1 f108 
  0x00000208ef424790: 0200 0049 | 03ca 8039 | 020f 850e | 0f00 0049 | 8b9f b801 | 0000 4c8b | d349 83c2 | 184d 3b97 
  0x00000208ef4247b0: c801 0000 | 0f83 ab14 | 0000 4d89 | 97b8 0100 | 0041 0f0d | 8ac0 0000 | 0048 c703 | 0100 0000 
  0x00000208ef4247d0: ;   {metadata('net/fabricmc/loader/impl/lib/tinyremapper/extension/mixin/common/ResolveUtility')}
  0x00000208ef4247d0: c743 0840 | e222 0144 | 8963 0c4c | 8963 1044 | 8b5c 2420 | 4489 5b0c | 448b 9424 | c800 0000 
  0x00000208ef4247f0: 4489 5310 | 4180 7f40 | 000f 856b | 0c00 004c | 8bd3 4c8b | db49 c1eb | 034c 8b84 | 24c0 0000 
  0x00000208ef424810: 0045 8958 | 144d 8bd8 | 4d33 d349 | c1ea 1590 | 4d85 d274 | 1a49 c1eb | 0948 b900 | 90c1 f108 
  0x00000208ef424830: 0200 0049 | 03cb 8039 | 020f 85c6 | 0e00 0049 | 8bbf b801 | 0000 4c8b | d749 83c2 | 184d 3b97 
  0x00000208ef424850: c801 0000 | 0f83 2b14 | 0000 4d89 | 97b8 0100 | 0041 0f0d | 8ac0 0000 | 0048 c707 | 0100 0000 
  0x00000208ef424870: ;   {metadata('net/fabricmc/loader/impl/lib/tinyremapper/extension/mixin/common/MapUtility')}
  0x00000208ef424870: c747 0850 | e422 0144 | 8967 0c4c | 8967 1044 | 8b9c 24b4 | 0000 0043 | 8b6c dc1c | 85ed 0f84 
  0x00000208ef424890: 8821 0000 | 896f 0c48 | 8bf7 48c1 | ee03 4c8b | 9424 c000 | 0000 49c1 | ea03 4489 | 9424 2001 
  0x00000208ef4248b0: 0000 4d8d | 14ec 4c8b | df4d 33d3 | 4c8b 8424 | 8000 0000 | 498b d848 | c1eb 0349 | c1ea 154d 
  0x00000208ef4248d0: 85d2 741a | 49c1 eb09 | 48b9 0090 | c1f1 0802 | 0000 4903 | cb80 3902 | 0f85 570f | 0000 4180 
  0x00000208ef4248f0: 7f40 000f | 852c 0d00 | 0044 8b94 | 24c8 0000 | 0044 8957 | 104c 8b54 | 2428 4c8b | df4d 33d3 
  0x00000208ef424910: 49c1 ea15 | 4d85 d274 | 1a49 c1eb | 0948 b900 | 90c1 f108 | 0200 0049 | 03cb 8039 | 020f 85b2 
  0x00000208ef424930: 0f00 0041 | 807f 4000 | 0f85 e90b | 0000 4c8b | 9424 c000 | 0000 4189 | 7218 4c8b | df4d 33da 
  0x00000208ef424950: 49c1 eb15 | 4d85 db74 | 1a49 c1ea | 0948 b900 | 90c1 f108 | 0200 0049 | 03ca 8039 

  0x00000208ef42496c: ;   {no_reloc}
  0x00000208ef42496c: 020f 85c4 | 0f00 0041 | 807f 4000 | 0f85 670c | 0000 4c8b | 9424 b800 | 0000 4189 | 5a10 41c7 
  0x00000208ef42498c: 420c 0000 | 0900 4c8b | 9424 8000 | 0000 4c8b | 9c24 b800 | 0000 4d33 | d349 c1ea | 154d 85d2 
  0x00000208ef4249ac: 741b 49c1 | eb09 48b9 | 0090 c1f1 | 0802 0000 | 4903 cb90 | 8039 020f | 85dc 0d00 | 0049 8b9f 
  0x00000208ef4249cc: b801 0000 | 4c8b d349 | 83c2 1066 | 0f1f 8400 | 0000 0000 | 4d3b 97c8 | 0100 000f | 83b8 1200 
  0x00000208ef4249ec: 004d 8997 | b801 0000 | 410f 0d8a | c000 0000 | 48c7 0301 

  0x00000208ef424a00: ;   {metadata('java/util/concurrent/atomic/AtomicBoolean')}
  0x00000208ef424a00: 0000 00c7 | 4308 68d0 | 1c01 4489 | 630c 4180 | 7f40 000f | 854d 0b00 | 004c 8bd3 | 4c8b c349 
  0x00000208ef424a20: c1e8 034c | 8b9c 24b8 | 0000 0045 | 8943 1c4d | 33d3 49c1 | ea15 4d85 | d274 1a49 | c1eb 0948 
  0x00000208ef424a40: b900 90c1 | f108 0200 | 0049 03cb | 8039 020f | 8542 0e00 | 0049 8b9f | b801 0000 | 4c8b d349 
  0x00000208ef424a60: 83c2 184d | 3b97 c801 | 0000 0f83 | 6812 0000 | 4d89 97b8 | 0100 0041 | 0f0d 8ac0 | 0000 0048 
  0x00000208ef424a80: c703 0100 

  0x00000208ef424a84: ;   {metadata('java/util/ArrayList')}
  0x00000208ef424a84: 0000 c743 | 08d0 a70b | 0044 8963 | 0c44 8963 

  0x00000208ef424a94: ;   {oop(a 'java/lang/Object'[0] {0x0000000741770840})}
  0x00000208ef424a94: 10c7 4314 | 08e1 2ee8 | 0f1f 4000 | 4180 7f40 | 000f 853d | 0a00 004c | 8bdb 49c1 | eb03 4c8b 
  0x00000208ef424ab4: 9424 b800 | 0000 4589 | 5a20 4c8b | db4d 33da | 49c1 eb15 | 4d85 db74 | 1c49 c1ea | 0948 b900 
  0x00000208ef424ad4: 90c1 f108 | 0200 0049 | 03ca 6690 | 8039 020f | 850e 0d00 | 0041 807f | 4000 0f85 | b10a 0000 
  0x00000208ef424af4: 4c8b 9424 | b800 0000 | 448b 8424 | 2001 0000 | 4589 4214 | 4c8b 9424 | c000 0000 | 4c8b 9c24 
  0x00000208ef424b14: b800 0000 | 4d33 d349 | c1ea 1590 | 4d85 d274 | 1a49 c1eb | 0948 b900 | 90c1 f108 | 0200 0049 
  0x00000208ef424b34: 03cb 8039 | 020f 8518 | 0c00 0090 | e9d9 f7ff | ff4c 89ac | 2490 0000 | 0044 8944 | 245c 4889 
  0x00000208ef424b54: b424 8800 | 0000 4889 | 7c24 7048 | 8bef 4c89 | 6c24 2866 | 9048 b830 | cf0c 4b09 

  0x00000208ef424b70: ;   {virtual_call}
  0x00000208ef424b70: 0200 00e8 

  0x00000208ef424b74: ; ImmutableOopMap {rbp=Oop [136]=Derived_oop_rbp [40]=Oop [92]=NarrowOop [112]=Oop [144]=Oop }
                      ;*invokeinterface run {reexecute=0 rethrow=0 return_oop=0}
                      ; - java.util.concurrent.Executors$RunnableAdapter::call@4 (line 572)
                      ; - java.util.concurrent.FutureTask::run$$$capture@39 (line 317)
  0x00000208ef424b74: 189d 25fe 

  0x00000208ef424b78: ;   {other}
  0x00000208ef424b78: 0f1f 8400 | e817 0006 | 48bf 0090 | c1f1 0802 | 0000 33db | e96b f9ff | ff44 8984 | 24d4 0000 
  0x00000208ef424b98: 00e9 27f7 | ffff 4f8d | 2cdc 4180 | 7f40 000f | 8570 1100 | 0049 8bc5 | 48c1 e803 | 4d33 d2f0 
  0x00000208ef424bb8: 440f b156 | 1c41 0f94 | c245 0fb6 | d249 8bbf | 5004 0000 

  0x00000208ef424bcc: ; ImmutableOopMap {r11=Oop [136]=Derived_oop_r11 rsi=Oop rbp=Oop r13=Oop [92]=NarrowOop }
                      ;*ifeq {reexecute=1 rethrow=0 return_oop=0}
                      ; - (reexecute) java.util.concurrent.FutureTask::finishCompletion@18 (line 417)
                      ; - java.util.concurrent.FutureTask::set@26 (line 285)
                      ; - java.util.concurrent.FutureTask::run$$$capture@68 (line 325)
                      ;   {poll}
  0x00000208ef424bcc: 4c8b de85 | 0745 85d2 | 0f85 cd07 | 0000 458b | 531c 6690 | 4585 d20f | 84a0 f9ff | ff4f 8d2c 
  0x00000208ef424bec: d4eb b348 | 8b9c 2488 | 0000 0044 | 8b1b 660f | 1f44 0000 | 4585 db0f | 84b9 f9ff | ff4d 8b57 
  0x00000208ef424c0c: 2849 8bcb | 48c1 e103 | 4d85 d20f | 84cd 1600 | 004d 8b5f | 384b 894c | 13f8 4983 | c2f8 4d89 
  0x00000208ef424c2c: 5728 e98f | f9ff ff44 | 8b5e 1466 | 0f1f 8400 | 0000 0000 | 4585 db0f | 84f5 f8ff | ff4d 8b57 
  0x00000208ef424c4c: 2849 8bcb | 48c1 e103 | 4d85 d20f | 8470 1600 | 004d 8b5f | 384b 894c | 13f8 4983 | c2f8 4d89 
  0x00000208ef424c6c: 5728 e9cb | f8ff ff44 | 8b5e 1066 | 0f1f 8400 | 0000 0000 | 4585 db0f | 8422 f9ff | ff4d 8b57 
  0x00000208ef424c8c: 2849 8bcb | 48c1 e103 | 4d85 d20f | 8413 1600 | 004d 8b5f | 384b 894c | 13f8 4983 | c2f8 4d89 
  0x00000208ef424cac: 5728 e9f8 | f8ff ff4d | 8b57 484d | 8b5f 58f0 | 8344 24c0 | 0080 3f00 | 0f84 abf8 | ffff 4488 
  0x00000208ef424ccc: ;   {no_reloc}
  0x00000208ef424ccc: 274d 85d2 | 7520 488b | cf49 8bd7 | 49ba b0ca | e968 ff7f | 0000 41ff 

  0x00000208ef424ce4: ;   {other}
  0x00000208ef424ce4: d20f 1f84 | 0000 0000 | 00e9 83f8 | ffff 4b89 | 7c13 f849 | 83c2 f84d | 8957 4890 | e970 f8ff 
  0x00000208ef424d04: ff4c 8b54 | 2468 458b | 5250 4585 | d20f 84bd | efff ff4d | 8b5f 2849 | 8bca 48c1 | e103 4d85 
  0x00000208ef424d24: db0f 84fa | 1500 004d | 8b57 384b | 894c 1af8 | 4983 c3f8 | 4d89 5f28 | 0f1f 4000 | e98f efff 
  0x00000208ef424d44: ff4c 8b54 | 2420 458b | 5a34 4585 | db0f 8434 | efff ff4d | 8b57 2849 | 8bcb 48c1 | e103 4d85 
  0x00000208ef424d64: d20f 849c | 1500 004d | 8b5f 384b | 894c 13f8 | 4983 c2f8 | 4d89 5728 | 0f1f 4000 | e906 efff 
  0x00000208ef424d84: ff4c 8b94 | 2480 0000 | 0045 8b4a | 1445 85c9 | 0f84 e0f0 | ffff 4d8b | 5728 498b | c948 c1e1 
  0x00000208ef424da4: 034d 85d2 | 0f84 c415 | 0000 4d8b | 4f38 4b89 | 4c11 f849 | 83c2 f84d | 8957 2890 | e9b5 f0ff 
  0x00000208ef424dc4: ff4c 8b94 | 2480 0000 | 0045 8b52 | 2445 85d2 | 0f84 e4f0 | ffff 4d8b | 4f28 498b | ca48 c1e1 
  0x00000208ef424de4: ;   {no_reloc}
  0x00000208ef424de4: 034d 85c9 | 0f84 5715 | 0000 4d8b | 5738 4b89 | 4c0a f849 | 83c1 f84d | 894f 2890 | e9b9 f0ff 
  0x00000208ef424e04: ff44 8b4c | 2424 478b | 5ccc 2c45 | 85db 7431 | 418b f141 | 8bd8 4d8b | 5728 498b | cb48 c1e1 
  0x00000208ef424e24: 034d 85d2 | 0f84 3e16 | 0000 4d8b | 5f38 4b89 | 4c13 f849 | 83c2 f84d | 8957 2844 | 8bc3 448b 
  0x00000208ef424e44: ce44 8944 | 2454 e9f1 | f5ff ff4d | 8b57 484d | 8b5f 58f0 | 8344 24c0 | 0066 6690 | 8039 000f 
  0x00000208ef424e64: 84a4 eeff | ff44 8821 | 4d85 d275 | 1d49 8bd7 | 49ba b0ca | e968 ff7f | 0000 41ff 

  0x00000208ef424e80: ;   {other}
  0x00000208ef424e80: d20f 1f84 | 0000 0000 | 00e9 7fee | ffff 4b89 | 4c13 f849 | 83c2 f84d | 8957 480f | 1f44 0000 
  0x00000208ef424ea0: e968 eeff | ff4d 8b57 | 484d 8b5f | 58f0 8344 | 24c0 0080 | 3900 0f84 | 0dee ffff | 4488 2190 
  0x00000208ef424ec0: 4d85 d275 | 2049 8bd7 | 49ba b0ca | e968 ff7f | 0000 41ff 

  0x00000208ef424ed4: ;   {other}
  0x00000208ef424ed4: d20f 1f84 | 0000 0000 | 0066 6690 | e9e4 edff | ff4b 894c | 13f8 4983 | c2f8 4d89 | 5748 e9d2 
  0x00000208ef424ef4: edff ff4d | 8b57 584d | 8b5f 48f0 | 8344 24c0 | 0080 3900 | 0f84 5bec | ffff 4488 | 214d 85db 
  0x00000208ef424f14: 751d 498b | d749 bab0 | cae9 68ff | 7f00 0041 

  0x00000208ef424f24: ;   {other}
  0x00000208ef424f24: ffd2 0f1f | 8400 0000 | 0000 e936 | ecff ff4b | 894c 1af8 | 4983 c3f8 | 4d89 5f48 | e924 ecff 
  0x00000208ef424f44: ff4d 8b57 | 584d 8b5f | 48f0 8344 | 24c0 0080 | 3900 0f84 | 1ced ffff | 4488 2190 | 4d85 db75 
  0x00000208ef424f64: 2049 8bd7 | 49ba b0ca | e968 ff7f | 0000 41ff 

  0x00000208ef424f74: ;   {other}
  0x00000208ef424f74: d20f 1f84 | 0000 0000 | 0066 6690 | e9f3 ecff | ff4b 894c | 1af8 4983 | c3f8 4d89 | 5f48 e9e1 
  0x00000208ef424f94: ecff ff4d | 8b57 484d | 8b4f 58f0 | 8344 24c0 | 0080 3900 | 0f84 c1ee | ffff 4488 | 214d 85d2 
  0x00000208ef424fb4: 7535 897c | 2424 4489 | 5c24 2041 | 8bf8 498b | d749 bab0 | cae9 68ff | 7f00 0041 

  0x00000208ef424fd0: ;   {other}
  0x00000208ef424fd0: ffd2 0f1f | 8400 0000 | 0000 448b | c744 8b5c | 2420 8b7c | 2424 e984 | eeff ff4b | 894c 11f8 
  0x00000208ef424ff0: 4983 c2f8 | 4d89 5748 | e972 eeff | ff4d 8b57 | 584d 8b4f | 48f0 8344 | 24c0 0080 | 3900 0f84 
  0x00000208ef425010: 9fee ffff | 4488 214d | 85c9 752f | 448b f741 | 8bfb 418b | e849 8bd7 | 49ba b0ca | e968 ff7f 
  0x00000208ef425030: 0000 41ff 

  0x00000208ef425034: ;   {other}
  0x00000208ef425034: d20f 1f84 | 0000 0000 | 0044 8bc5 | 448b df41 | 8bfe e968 | eeff ff4b | 894c 0af8 | 4983 c1f8 
  0x00000208ef425054: 4d89 4f48 | e956 eeff | ff4d 8b57 | 584d 8b5f | 48f0 8344 | 24c0 0080 | 3900 0f84 | 9fee ffff 
  0x00000208ef425074: 4488 214d | 85db 751d | 498b d749 | bab0 cae9 | 68ff 7f00 | 0041 ffd2 

  0x00000208ef42508c: ;   {other}
  0x00000208ef42508c: 0f1f 8400 | 0000 0000 | e97a eeff | ff4b 894c | 1af8 4983 | c3f8 4d89 | 5f48 e968 | eeff ff44 
  0x00000208ef4250ac: 8984 24d4 | 0000 0048 | 8b54 2428 | 488b 6c24 

  0x00000208ef4250bc: ;   {optimized virtual_call}
  0x00000208ef4250bc: 7066 90e8 

  0x00000208ef4250c0: ; ImmutableOopMap {rbp=Oop [136]=Derived_oop_rbp [32]=Oop [40]=Oop [56]=Oop [64]=Oop [72]=Oop [80]=NarrowOop [84]=NarrowOop [88]=NarrowOop [92]=NarrowOop [96]=Oop [104]=Oop [112]=Oop [128]=Oop [144]=Oop [152]=Oop [160]=NarrowOop [168]=Oop [176]=NarrowOop [184]=Oop [192]=Oop [200]=Oop }
                      ;*invokevirtual hashCode {reexecute=0 rethrow=0 return_oop=0}
                      ; - java.util.HashMap::hash@9 (line 338)
                      ; - java.util.HashMap::getNode@23 (line 576)
                      ; - java.util.HashMap::containsKey@2 (line 602)
                      ; - java.util.HashSet::contains@5 (line 213)
                      ; - net.fabricmc.loader.impl.discovery.RuntimeModRemapper$$Lambda/0x0000020881221af8::test@8
                      ; - net.fabricmc.loader.impl.lib.tinyremapper.extension.mixin.MixinExtension$PreApplyVisitorProvider::insertApplyVisitor@66 (line 177)
                      ; - net.fabricmc.loader.impl.lib.tinyremapper.TinyRemapper::apply@172 (line 1105)
                      ; - net.fabricmc.loader.impl.lib.tinyremapper.TinyRemapper::lambda$apply$5@4 (line 939)
                      ; - net.fabricmc.loader.impl.lib.tinyremapper.TinyRemapper$$Lambda/0x0000020881236340::run@12
                      ; - java.util.concurrent.Executors$RunnableAdapter::call@4 (line 572)
                      ; - java.util.concurrent.FutureTask::run$$$capture@39 (line 317)
  0x00000208ef4250c0: bc99 17fe 

  0x00000208ef4250c4: ;   {other}
  0x00000208ef4250c4: 0f1f 8400 | 341d 0008 | e9d5 f0ff | ff4d 8b57 | 484d 8b5f | 58f0 8344 | 24c0 0090 | 8039 000f 
  0x00000208ef4250e4: 84a0 e7ff | ff44 8821 | 4d85 d275 | 1d49 8bd7 | 49ba b0ca | e968 ff7f | 0000 41ff 

  0x00000208ef425100: ;   {other}
  0x00000208ef425100: d20f 1f84 | 0000 0000 | 00e9 7be7 | ffff 4b89 | 4c13 f849 | 83c2 f84d | 8957 480f | 1f44 0000 
  0x00000208ef425120: e964 e7ff 

  0x00000208ef425124: ;   {metadata('java/util/LinkedHashMap')}
  0x00000208ef425124: ff41 81f9 | 60d4 0f00 | 0f85 ae1a | 0000 4d8b | d34c 8994 | 24c8 0000 | 0045 8b52 | 2445 8bca 
  0x00000208ef425144: 4585 d20f | 84c3 0b00 | 0047 8b5c | d40c 4489 | 9c24 b400 | 0000 660f | 1f44 0000 | 4585 db0f 
  0x00000208ef425164: 8643 1b00 | 0041 ffcb | 4489 9c24 | d000 0000 | 448b 9424 | b000 0000 | 0f1f 4000 | 4585 d20f 
  0x00000208ef425184: 845c 1900 | 004f 8d14 | cc4c 8954 | 2420 448b | 9424 b000 | 0000 49c1 | e203 4c89 | 5424 284d 
  0x00000208ef4251a4: 8b12 4d8b | da49 83e3 | 0349 83fb | 010f 8539 | 1600 0049 | c1ea 0841 | 8bc2 25ff | ffff 7f85 
  0x00000208ef4251c4: c00f 8425 | 1600 0044 | 8984 24d4 | 0000 0044 | 8bd8 41c1 | eb10 4433 | d845 8bd3 | 448b 9c24 
  0x00000208ef4251e4: d000 0000 | 4523 da45 | 8bc3 4c8b | 5c24 2043 | 8b4c 8310 | 0f1f 8400 | 0000 0000 | 85c9 0f84 
  0x00000208ef425204: e909 0000 | 458b 5ccc | 0c45 3bda | 7523 458b | 5ccc 1044 | 8b8c 24b0 | 0000 0090 | 453b d975 
  0x00000208ef425224: ;   {no_reloc}
  0x00000208ef425224: 0b41 bb01 | 0000 00e9 | 98f0 ffff | 453b cb74 | f045 8b44 | cc18 660f | 1f44 0000 | 4585 c00f 
  0x00000208ef425244: 84a8 0900 | 0045 8b4c | cc08 4d8d | 1ccc 4b8d | 2cc4 6666 | 0f1f 8400 | 0000 0000 

  0x00000208ef425260: ;   {metadata('java/util/HashMap$TreeNode')}
  0x00000208ef425260: 4181 f9d8 | 2a1a 000f | 8547 0900 | 0049 8bd3 | 458b c24c | 8b4c 2428 | 4c89 9c24 | 1801 0000 
  0x00000208ef425280: 4489 9424 | 0c01 0000 

  0x00000208ef425288: ;   {optimized virtual_call}
  0x00000208ef425288: 6666 90e8 

  0x00000208ef42528c: ; ImmutableOopMap {rbp=Oop [32]=Oop [40]=Oop [56]=Oop [64]=Oop [72]=Oop [80]=NarrowOop [84]=NarrowOop [88]=NarrowOop [92]=NarrowOop [96]=Oop [104]=Oop [112]=Oop [136]=Derived_oop_[112] [128]=Oop [144]=Oop [152]=Oop [160]=NarrowOop [168]=Oop [176]=NarrowOop [184]=Oop [192]=Oop [200]=Oop [280]=Oop }
                      ;*invokevirtual getTreeNode {reexecute=0 rethrow=0 return_oop=1}
                      ; - java.util.HashMap::getNode@95 (line 582)
                      ; - java.util.HashMap::containsKey@2 (line 602)
                      ; - java.util.HashSet::contains@5 (line 213)
                      ; - net.fabricmc.loader.impl.discovery.RuntimeModRemapper$$Lambda/0x0000020881221af8::test@8
                      ; - net.fabricmc.loader.impl.lib.tinyremapper.extension.mixin.MixinExtension$PreApplyVisitorProvider::insertApplyVisitor@66 (line 177)
                      ; - net.fabricmc.loader.impl.lib.tinyremapper.TinyRemapper::apply@172 (line 1105)
                      ; - net.fabricmc.loader.impl.lib.tinyremapper.TinyRemapper::lambda$apply$5@4 (line 939)
                      ; - net.fabricmc.loader.impl.lib.tinyremapper.TinyRemapper$$Lambda/0x0000020881236340::run@12
                      ; - java.util.concurrent.Executors$RunnableAdapter::call@4 (line 572)
                      ; - java.util.concurrent.FutureTask::run$$$capture@39 (line 317)
  0x00000208ef42528c: f097 17fe 

  0x00000208ef425290: ;   {other}
  0x00000208ef425290: 0f1f 8400 | 001f 0009 | 4533 db48 | 85c0 410f | 95c3 e921 | f0ff ff48 | 8974 2470 | 4889 5c24 
  0x00000208ef4252b0: 2848 8bd6 | 4889 7424 | 3848 8974 | 2440 6666 | 9048 b8f0 | bf3b 4d09 

  0x00000208ef4252c8: ;   {virtual_call}
  0x00000208ef4252c8: 0200 00e8 

  0x00000208ef4252cc: ; ImmutableOopMap {rbp=Oop [40]=Oop [56]=Oop [136]=Derived_oop_[56] [64]=Oop [92]=NarrowOop [112]=Oop }
                      ;*invokevirtual done {reexecute=0 rethrow=0 return_oop=0}
                      ; - java.util.concurrent.FutureTask::finishCompletion@62 (line 434)
                      ; - java.util.concurrent.FutureTask::set@26 (line 285)
                      ; - java.util.concurrent.FutureTask::run$$$capture@68 (line 325)
  0x00000208ef4252cc: 61e1 17fe 

  0x00000208ef4252d0: ;   {other}
  0x00000208ef4252d0: 0f1f 8400 | 401f 000a | 488b 7424 | 3866 6690 | e9b5 f2ff | ff48 8b6c | 2448 4c8b | 5424 384c 
  0x00000208ef4252f0: 8954 2428 | 488b 9424 | 3801 0000 | 448b 4424 | 7844 8b8c | 24a0 0000 | 004c 8b94 | 2490 0000 
  0x00000208ef425310: 004c 8954 

  0x00000208ef425314: ;   {static_call}
  0x00000208ef425314: 2448 90e8 

  0x00000208ef425318: ; ImmutableOopMap {rbp=Oop [40]=Oop [64]=Oop [72]=Oop [80]=NarrowOop [84]=NarrowOop [88]=NarrowOop [92]=NarrowOop [96]=Oop [104]=Oop [112]=Oop [136]=Derived_oop_[112] [128]=Oop [144]=Oop [152]=Oop }
                      ;*invokestatic outOfBoundsCheckIndex {reexecute=0 rethrow=0 return_oop=1}
                      ; - jdk.internal.util.Preconditions::checkIndex@12 (line 302)
                      ; - java.util.Objects::checkIndex@3 (line 385)
                      ; - java.util.ArrayList::get@5 (line 427)
                      ; - net.fabricmc.loader.impl.lib.tinyremapper.TinyRemapper::apply@157 (line 1105)
                      ; - net.fabricmc.loader.impl.lib.tinyremapper.TinyRemapper::lambda$apply$5@4 (line 939)
                      ; - net.fabricmc.loader.impl.lib.tinyremapper.TinyRemapper$$Lambda/0x0000020881236340::run@12
                      ; - java.util.concurrent.Executors$RunnableAdapter::call@4 (line 572)
                      ; - java.util.concurrent.FutureTask::run$$$capture@39 (line 317)
  0x00000208ef425318: 649d 17fe 

  0x00000208ef42531c: ;   {other}
  0x00000208ef42531c: 0f1f 8400 | 8c1f 000b | 4885 c00f | 8483 1a00 | 0045 8b97 | dc05 0000 | 4585 d20f | 85ef 1a00 
  0x00000208ef42533c: 004c 8bd0 | eb09 eb04 | eb02 eb00 | 4c8b d048 | 8b54 2470 | 4d8b c24c | 8954 2428 

  0x00000208ef425358: ;   {optimized virtual_call}
  0x00000208ef425358: 6666 90e8 

  0x00000208ef42535c: ; ImmutableOopMap {[40]=Oop [92]=NarrowOop [112]=Oop [136]=Derived_oop_[112] }
                      ;*invokevirtual setException {reexecute=0 rethrow=0 return_oop=0}
                      ; - java.util.concurrent.FutureTask::run$$$capture@59 (line 322)
  0x00000208ef42535c: 2097 17fe 

  0x00000208ef425360: ;   {other}
  0x00000208ef425360: 0f1f 8400 | d01f 000c | ba45 ffff 

  0x00000208ef42536c: ;   {runtime_call UncommonTrapBlob}
  0x00000208ef42536c: ff66 90e8 

  0x00000208ef425370: ; ImmutableOopMap {[92]=NarrowOop [112]=Oop }
                      ;*ifeq {reexecute=1 rethrow=0 return_oop=0}
                      ; - (reexecute) java.util.concurrent.FutureTask::run$$$capture@63 (line 324)
  0x00000208ef425370: 8cf2 17fe 

  0x00000208ef425374: ;   {other}
  0x00000208ef425374: 0f1f 8400 | e41f 000d | 4d8b 5738 | 4b89 4c1a | f849 83c3 | f84d 895f | 2866 6690 | 4589 6510 
  0x00000208ef425394: f083 4424 | c000 498b | 9750 0400 | 004d 8d2c 

  0x00000208ef4253a4: ; ImmutableOopMap {rdi=Oop rsi=Oop [136]=Derived_oop_rsi rbp=Oop r13=Oop [92]=NarrowOop }
                      ;*goto {reexecute=1 rethrow=0 return_oop=0}
                      ; - (reexecute) java.util.concurrent.FutureTask::finishCompletion@58 (line 429)
                      ; - java.util.concurrent.FutureTask::set@26 (line 285)
                      ; - java.util.concurrent.FutureTask::run$$$capture@68 (line 325)
                      ;   {poll}
  0x00000208ef4253a4: dc85 0241 | 8b7d 0c85 | ff0f 84a9 | 0000 0041 | 807f 4000 | 0f85 8709 | 0000 4889 | 7424 7045 
  0x00000208ef4253c4: 8965 0c4c | 896c 2420 | f083 4424 | c000 4d8d | 14fc 4c89 | 5424 2849 | 8bd2 4889 | 7424 4048 
  0x00000208ef4253e4: 8974 2448 

  0x00000208ef4253e8: ;   {static_call}
  0x00000208ef4253e8: 6666 90e8 

  0x00000208ef4253ec: ; ImmutableOopMap {rbp=Oop [32]=Oop [40]=Oop [64]=Oop [136]=Derived_oop_[64] [72]=Oop [92]=NarrowOop [112]=Oop }
                      ;*invokestatic unpark {reexecute=0 rethrow=0 return_oop=0}
                      ; - java.util.concurrent.FutureTask::finishCompletion@36 (line 422)
                      ; - java.util.concurrent.FutureTask::set@26 (line 285)
                      ; - java.util.concurrent.FutureTask::run$$$capture@68 (line 325)
  0x00000208ef4253ec: 909c 17fe 

  0x00000208ef4253f0: ;   {other}
  0x00000208ef4253f0: 0f1f 8400 | 6020 000f | 488b 7c24 | 2848 8b74 | 2440 4c8b | 6c24 2041 | 8b5d 1085 | db0f 844f 
  0x00000208ef425410: 0000 0041 | 807f 4000 | 0f84 72ff | ffff 458b | 5510 4585 | d20f 8465 | ffff ff4d | 8b5f 2849 
  0x00000208ef425430: 8bca 48c1 | e103 4d85 | db0f 853d | ffff ff49 | 8bd7 49ba | d0ca e968 | ff7f 0000 

  0x00000208ef42544c: ;   {other}
  0x00000208ef42544c: 41ff d20f | 1f84 0000 | 0000 00e9 | 34ff ffff | 33ff 6690 | eba5 498b | dde9 1ff1 | ffff 4c8b 
  0x00000208ef42546c: 9424 c000 | 0000 458b | 5214 4585 | d20f 8480 | f3ff ff4d | 8b5f 2849 | 8bca 48c1 | e103 4d85 
  0x00000208ef42548c: db0f 849f | 1300 004d | 8b57 384b | 894c 1af8 | 4983 c3f8 | 4d89 5f28 | e956 f3ff | ff4c 8b94 
  0x00000208ef4254ac: 24c0 0000 | 0045 8b52 | 1045 85d2 | 0f84 8df2 | ffff 4d8b | 5f28 498b | ca48 c1e1 | 034d 85db 
  0x00000208ef4254cc: 0f84 4313 | 0000 4d8b | 5738 4b89 | 4c1a f849 | 83c3 f84d | 895f 28e9 | 63f2 ffff | 4c8b 9424 
  0x00000208ef4254ec: b800 0000 | 458b 5220 | 4585 d20f | 84ae f5ff | ff4d 8b5f | 2849 8bca | 48c1 e103 | 4d85 db0f 
  0x00000208ef42550c: 84b4 1300 | 004d 8b57 | 384b 894c | 1af8 4983 | c3f8 4d89 | 5f28 e984 | f5ff ff4c | 8b94 24c0 
  0x00000208ef42552c: 0000 0045 | 8b52 1845 | 85d2 0f84 | 02f4 ffff | 4d8b 5f28 | 498b ca48 | c1e1 034d | 85db 0f84 
  0x00000208ef42554c: ;   {no_reloc}
  0x00000208ef42554c: 9513 0000 | 4d8b 5738 | 4b89 4c1a | f849 83c3 | f84d 895f | 28e9 d8f3 | ffff 4c8b | 9424 b800 
  0x00000208ef42556c: 0000 458b | 521c 4585 | d20f 849e | f4ff ff4d | 8b5f 2849 | 8bca 48c1 | e103 4d85 | db0f 84c0 
  0x00000208ef42558c: 1200 004d | 8b57 384b | 894c 1af8 | 4983 c3f8 | 4d89 5f28 | e974 f4ff | ff4c 8b94 | 24b8 0000 
  0x00000208ef4255ac: 0045 8b52 | 1445 85d2 | 0f84 3af5 | ffff 4d8b | 5f28 498b | ca48 c1e1 | 034d 85db | 0f84 bb12 
  0x00000208ef4255cc: 0000 4d8b | 5738 4b89 | 4c1a f849 | 83c3 f84d | 895f 2890 | e90f f5ff | ff4c 8b94 | 24b8 0000 
  0x00000208ef4255ec: 0045 8b52 | 1045 85d2 | 0f84 84f3 | ffff 4d8b | 5f28 498b | ca48 c1e1 | 034d 85db | 0f84 9812 
  0x00000208ef42560c: 0000 4d8b | 5738 4b89 | 4c1a f849 | 83c3 f84d | 895f 2890 | e959 f3ff | ff44 8b57 | 1045 85d2 
  0x00000208ef42562c: 0f84 c7f2 | ffff 4d8b | 5f28 498b | ca48 c1e1 | 0366 6690 | 4d85 db0f | 8423 1200 | 004d 8b57 
  0x00000208ef42564c: ;   {no_reloc}
  0x00000208ef42564c: 384b 894c | 1af8 4983 | c3f8 4d89 | 5f28 e99a | f2ff ff4d | 8b57 484d | 8b5f 58f0 | 8344 24c0 
  0x00000208ef42566c: 0080 3900 | 0f84 b3f0 | ffff 4488 | 214d 85d2 | 751d 498b | d749 bab0 | cae9 68ff | 7f00 0041 
  0x00000208ef42568c: ;   {other}
  0x00000208ef42568c: ffd2 0f1f | 8400 0000 | 0000 e98e | f0ff ff4b | 894c 13f8 | 4983 c2f8 | 4d89 5748 | e97c f0ff 
  0x00000208ef4256ac: ff4d 8b57 | 584d 8b5f | 48f0 8344 | 24c0 000f | 1f44 0000 | 8039 000f | 84d6 f0ff | ff44 8821 
  0x00000208ef4256cc: 4d85 db75 | 1d49 8bd7 | 49ba b0ca | e968 ff7f | 0000 41ff 

  0x00000208ef4256e0: ;   {other}
  0x00000208ef4256e0: d20f 1f84 | 0000 0000 | 00e9 b1f0 | ffff 4b89 | 4c1a f849 | 83c3 f84d | 895f 480f | 1f44 0000 
  0x00000208ef425700: e99a f0ff | ff4d 8b57 | 584d 8b5f | 48f0 8344 | 24c0 0080 | 3900 0f84 | 23f1 ffff | 4488 2190 
  0x00000208ef425720: 4d85 db75 | 2049 8bd7 | 49ba b0ca | e968 ff7f | 0000 41ff 

  0x00000208ef425734: ;   {other}
  0x00000208ef425734: d20f 1f84 | 0000 0000 | 0066 6690 | e9fa f0ff | ff4b 894c | 1af8 4983 | c3f8 4d89 | 5f48 e9e8 
  0x00000208ef425754: f0ff ff4d | 8b57 484d | 8b5f 58f0 | 8344 24c0 | 0080 3900 | 0f84 d1f3 | ffff 4488 | 214d 85d2 
  0x00000208ef425774: 751d 498b | d749 bab0 | cae9 68ff | 7f00 0041 

  0x00000208ef425784: ;   {other}
  0x00000208ef425784: ffd2 0f1f | 8400 0000 | 0000 e9ac | f3ff ff4b | 894c 13f8 | 4983 c2f8 | 4d89 5748 | e99a f3ff 
  0x00000208ef4257a4: ff4d 8b57 | 484d 8b5f | 58f0 8344 | 24c0 0080 | 3900 0f84 | 0df2 ffff | 4488 2190 | 4d85 d275 
  0x00000208ef4257c4: 2049 8bd7 | 49ba b0ca | e968 ff7f | 0000 41ff 

  0x00000208ef4257d4: ;   {other}
  0x00000208ef4257d4: d20f 1f84 | 0000 0000 | 0066 6690 | e9e4 f1ff | ff4b 894c | 13f8 4983 | c2f8 4d89 | 5748 e9d2 
  0x00000208ef4257f4: f1ff ff4d | 8b57 584d | 8b5f 48f0 | 8344 24c0 | 0080 3900 | 0f84 dbf2 | ffff 4488 | 214d 85db 
  0x00000208ef425814: 751d 498b | d749 bab0 | cae9 68ff | 7f00 0041 

  0x00000208ef425824: ;   {other}
  0x00000208ef425824: ffd2 0f1f | 8400 0000 | 0000 e9b6 | f2ff ff4b | 894c 1af8 | 4983 c3f8 | 4d89 5f48 | e9a4 f2ff 
  0x00000208ef425844: ff4d 8b57 | 584d 8b5f | 48f0 8344 | 24c0 0080 | 3900 0f84 | 92f0 ffff | 4488 2190 | 4d85 db75 
  0x00000208ef425864: 2049 8bd7 | 49ba b0ca | e968 ff7f | 0000 41ff 

  0x00000208ef425874: ;   {other}
  0x00000208ef425874: d20f 1f84 | 0000 0000 | 0066 6690 | e969 f0ff | ff4b 894c | 1af8 4983 | c3f8 4d89 | 5f48 e957 
  0x00000208ef425894: f0ff ff4d | 8b57 584d | 8b5f 48f0 | 8344 24c0 | 0080 3900 | 0f84 a7f1 | ffff 4488 | 214d 85db 
  0x00000208ef4258b4: 751d 498b | d749 bab0 | cae9 68ff | 7f00 0041 

  0x00000208ef4258c4: ;   {other}
  0x00000208ef4258c4: ffd2 0f1f | 8400 0000 | 0000 e982 | f1ff ff4b | 894c 1af8 | 4983 c3f8 | 4d89 5f48 | e970 f1ff 
  0x00000208ef4258e4: ff4d 8b57 | 584d 8b5f | 48f0 8344 | 24c0 0080 | 3900 0f84 | 37f0 ffff | 4488 2190 | 4d85 db75 
  0x00000208ef425904: 2049 8bd7 | 49ba b0ca | e968 ff7f | 0000 41ff 

  0x00000208ef425914: ;   {other}
  0x00000208ef425914: d20f 1f84 | 0000 0000 | 0066 6690 | e90e f0ff | ff4b 894c | 1af8 4983 | c3f8 4d89 | 5f48 e9fc 
  0x00000208ef425934: efff ff4d | 8b57 584d | 8b5f 48f0 | 8344 24c0 | 0080 3900 | 0f84 25f0 | ffff 4488 | 214d 85db 
  0x00000208ef425954: 751d 498b | d749 bab0 | cae9 68ff | 7f00 0041 

  0x00000208ef425964: ;   {other}
  0x00000208ef425964: ffd2 0f1f | 8400 0000 | 0000 e900 | f0ff ff4b | 894c 1af8 | 4983 c3f8 | 4d89 5f48 | e9ee efff 
  0x00000208ef425984: ff44 8944 | 245c 4889 | b424 8800 | 0000 4889 | 7c24 7049 | 8bed 498b | d548 b8ff | ffff ffff 
  0x00000208ef4259a4: ;   {virtual_call}
  0x00000208ef4259a4: ffff ffe8 

  0x00000208ef4259a8: ; ImmutableOopMap {rbp=Oop [92]=NarrowOop [112]=Oop [136]=Derived_oop_[112] }
                      ;*invokeinterface call {reexecute=0 rethrow=0 return_oop=1}
                      ; - java.util.concurrent.FutureTask::run$$$capture@39 (line 317)
  0x00000208ef4259a8: d493 17fe 

  0x00000208ef4259ac: ;   {other}
  0x00000208ef4259ac: 0f1f 8400 | 1c26 0010 | 488b e848 | bf00 90c1 | f108 0200 | 0033 dbe9 | 47eb ffff | 4889 5424 
  0x00000208ef4259cc: 3844 895c | 2430 894c | 242c 896c | 2428 4889 | 5c24 2049 | 8bed 4489 | 4424 5c48 | 89b4 2488 
  0x00000208ef4259ec: 0000 0048 | 897c 2470 

  0x00000208ef4259f4: ;   {metadata('org/objectweb/asm/ClassReader')}
  0x00000208ef4259f4: 48ba c869 | 0881 0802 

  0x00000208ef4259fc: ;   {runtime_call _new_instance_Java}
  0x00000208ef4259fc: 0000 90e8 

  0x00000208ef425a00: ; ImmutableOopMap {rbp=Oop [32]=Oop [40]=NarrowOop [44]=NarrowOop [48]=NarrowOop [56]=Oop [92]=NarrowOop [112]=Oop [136]=Derived_oop_[112] }
                      ;*new {reexecute=0 rethrow=0 return_oop=1}
                      ; - net.fabricmc.loader.impl.lib.tinyremapper.TinyRemapper::apply@0 (line 1087)
                      ; - net.fabricmc.loader.impl.lib.tinyremapper.TinyRemapper::lambda$apply$5@4 (line 939)
                      ; - net.fabricmc.loader.impl.lib.tinyremapper.TinyRemapper$$Lambda/0x0000020881236340::run@12
                      ; - java.util.concurrent.Executors$RunnableAdapter::call@4 (line 572)
                      ; - java.util.concurrent.FutureTask::run$$$capture@39 (line 317)
  0x00000208ef425a00: 7c6d 25fe 

  0x00000208ef425a04: ;   {other}
  0x00000208ef425a04: 0f1f 8400 | 7426 0011 | 488b 7c24 | 7048 8bb4 | 2488 0000 | 0044 8b44 | 245c 4c8b | ed48 8b5c 
  0x00000208ef425a24: 2420 8b6c | 2428 8b4c | 242c 448b | 5c24 3048 | 8b54 2438 | e901 dfff | ff41 b840 

  0x00000208ef425a40: ;   {metadata({type array byte})}
  0x00000208ef425a40: 0000 0048 | ba18 2300 | 8008 0200 | 004c 8b94 | 2490 0000 | 004c 8994 | 2480 0000 

  0x00000208ef425a5c: ;   {runtime_call _new_array_Java}
  0x00000208ef425a5c: 0066 90e8 

  0x00000208ef425a60: ; ImmutableOopMap {rbp=NarrowOop [32]=Oop [40]=NarrowOop [48]=Oop [56]=Oop [64]=Oop [72]=Oop [80]=NarrowOop [84]=NarrowOop [88]=NarrowOop [92]=NarrowOop [96]=Oop [104]=Oop [112]=Oop [136]=Derived_oop_[112] [128]=Oop [144]=Oop }
                      ;*newarray {reexecute=0 rethrow=0 return_oop=1}
                      ; - org.objectweb.asm.ByteVector::<init>@7 (line 46)
                      ; - org.objectweb.asm.SymbolTable::<init>@34 (line 150)
                      ; - org.objectweb.asm.ClassWriter::<init>@21 (line 266)
                      ; - org.objectweb.asm.ClassWriter::<init>@3 (line 236)
                      ; - net.fabricmc.loader.impl.lib.tinyremapper.TinyRemapper::apply@17 (line 1088)
                      ; - net.fabricmc.loader.impl.lib.tinyremapper.TinyRemapper::lambda$apply$5@4 (line 939)
                      ; - net.fabricmc.loader.impl.lib.tinyremapper.TinyRemapper$$Lambda/0x0000020881236340::run@12
                      ; - java.util.concurrent.Executors$RunnableAdapter::call@4 (line 572)
                      ; - java.util.concurrent.FutureTask::run$$$capture@39 (line 317)
  0x00000208ef425a60: 1c6a 25fe 

  0x00000208ef425a64: ;   {other}
  0x00000208ef425a64: 0f1f 8400 | d426 0012 | e9c2 e1ff | ff49 8beb 

  0x00000208ef425a74: ;   {metadata('org/objectweb/asm/SymbolTable')}
  0x00000208ef425a74: 48ba e8d3 | 1a81 0802 | 0000 4c8b | 9424 9000 | 0000 4c89 

  0x00000208ef425a88: ;   {runtime_call _new_instance_Java}
  0x00000208ef425a88: 5424 30e8 

  0x00000208ef425a8c: ; ImmutableOopMap {rbp=Oop [48]=Oop [56]=Oop [64]=Oop [72]=Oop [80]=NarrowOop [84]=NarrowOop [88]=NarrowOop [92]=NarrowOop [96]=Oop [112]=Oop [136]=Derived_oop_[112] [144]=Oop }
                      ;*new {reexecute=0 rethrow=0 return_oop=1}
                      ; - org.objectweb.asm.ClassWriter::<init>@16 (line 266)
                      ; - org.objectweb.asm.ClassWriter::<init>@3 (line 236)
                      ; - net.fabricmc.loader.impl.lib.tinyremapper.TinyRemapper::apply@17 (line 1088)
                      ; - net.fabricmc.loader.impl.lib.tinyremapper.TinyRemapper::lambda$apply$5@4 (line 939)
                      ; - net.fabricmc.loader.impl.lib.tinyremapper.TinyRemapper$$Lambda/0x0000020881236340::run@12
                      ; - java.util.concurrent.Executors$RunnableAdapter::call@4 (line 572)
                      ; - java.util.concurrent.FutureTask::run$$$capture@39 (line 317)
  0x00000208ef425a8c: f06c 25fe 

  0x00000208ef425a90: ;   {other}
  0x00000208ef425a90: 0f1f 8400 | 0027 0013 | 4c8b c04c | 8bdd 6690 | e9e6 dfff | ff41 b800 

  0x00000208ef425aa8: ;   {metadata('org/objectweb/asm/SymbolTable$Entry'[])}
  0x00000208ef425aa8: 0100 0048 | ba28 dc1a | 8108 0200 | 0048 8b6c | 2470 4c8b | 9424 9000 | 0000 4c89 

  0x00000208ef425ac4: ;   {runtime_call _new_array_Java}
  0x00000208ef425ac4: 5424 78e8 

  0x00000208ef425ac8: ; ImmutableOopMap {rbp=Oop [136]=Derived_oop_rbp [32]=Oop [40]=NarrowOop [56]=Oop [64]=Oop [72]=Oop [80]=NarrowOop [84]=NarrowOop [88]=NarrowOop [92]=NarrowOop [96]=Oop [104]=Oop [112]=Oop [120]=Oop [144]=Oop }
                      ;*anewarray {reexecute=0 rethrow=0 return_oop=1}
                      ; - org.objectweb.asm.SymbolTable::<init>@18 (line 148)
                      ; - org.objectweb.asm.ClassWriter::<init>@21 (line 266)
                      ; - org.objectweb.asm.ClassWriter::<init>@3 (line 236)
                      ; - net.fabricmc.loader.impl.lib.tinyremapper.TinyRemapper::apply@17 (line 1088)
                      ; - net.fabricmc.loader.impl.lib.tinyremapper.TinyRemapper::lambda$apply$5@4 (line 939)
                      ; - net.fabricmc.loader.impl.lib.tinyremapper.TinyRemapper$$Lambda/0x0000020881236340::run@12
                      ; - java.util.concurrent.Executors$RunnableAdapter::call@4 (line 572)
                      ; - java.util.concurrent.FutureTask::run$$$capture@39 (line 317)
  0x00000208ef425ac8: b469 25fe 

  0x00000208ef425acc: ;   {other}
  0x00000208ef425acc: 0f1f 8400 | 3c27 0014 | 4c8b d8e9 | 45e0 ffff 

  0x00000208ef425adc: ;   {metadata('org/objectweb/asm/ClassWriter')}
  0x00000208ef425adc: 48ba 3805 | 0881 0802 | 0000 488b | 6c24 704c | 8b54 2468 | 4c89 5424 

  0x00000208ef425af4: ;   {runtime_call _new_instance_Java}
  0x00000208ef425af4: 2866 90e8 

  0x00000208ef425af8: ; ImmutableOopMap {rbp=Oop [136]=Derived_oop_rbp [40]=Oop [56]=Oop [64]=Oop [72]=Oop [80]=NarrowOop [84]=NarrowOop [88]=NarrowOop [92]=NarrowOop [96]=Oop [112]=Oop [144]=Oop }
                      ;*new {reexecute=0 rethrow=0 return_oop=1}
                      ; - net.fabricmc.loader.impl.lib.tinyremapper.TinyRemapper::apply@12 (line 1088)
                      ; - net.fabricmc.loader.impl.lib.tinyremapper.TinyRemapper::lambda$apply$5@4 (line 939)
                      ; - net.fabricmc.loader.impl.lib.tinyremapper.TinyRemapper$$Lambda/0x0000020881236340::run@12
                      ; - java.util.concurrent.Executors$RunnableAdapter::call@4 (line 572)
                      ; - java.util.concurrent.FutureTask::run$$$capture@39 (line 317)
  0x00000208ef425af8: 846c 25fe 

  0x00000208ef425afc: ;   {other}
  0x00000208ef425afc: 0f1f 8400 | 6c27 0015 | 4c8b d8e9 | 15df ffff 

  0x00000208ef425b0c: ;   {metadata('org/objectweb/asm/ByteVector')}
  0x00000208ef425b0c: 48ba 20de | 1a81 0802 | 0000 4c8b | 9424 9000 | 0000 4c89 | 9424 8000 

  0x00000208ef425b24: ;   {runtime_call _new_instance_Java}
  0x00000208ef425b24: 0000 90e8 

  0x00000208ef425b28: ; ImmutableOopMap {rbp=NarrowOop [32]=Oop [40]=NarrowOop [56]=Oop [64]=Oop [72]=Oop [80]=NarrowOop [84]=NarrowOop [88]=NarrowOop [92]=NarrowOop [96]=Oop [104]=Oop [112]=Oop [136]=Derived_oop_[112] [128]=Oop [144]=Oop }
                      ;*new {reexecute=0 rethrow=0 return_oop=1}
                      ; - org.objectweb.asm.SymbolTable::<init>@30 (line 150)
                      ; - org.objectweb.asm.ClassWriter::<init>@21 (line 266)
                      ; - org.objectweb.asm.ClassWriter::<init>@3 (line 236)
                      ; - net.fabricmc.loader.impl.lib.tinyremapper.TinyRemapper::apply@17 (line 1088)
                      ; - net.fabricmc.loader.impl.lib.tinyremapper.TinyRemapper::lambda$apply$5@4 (line 939)
                      ; - net.fabricmc.loader.impl.lib.tinyremapper.TinyRemapper$$Lambda/0x0000020881236340::run@12
                      ; - java.util.concurrent.Executors$RunnableAdapter::call@4 (line 572)
                      ; - java.util.concurrent.FutureTask::run$$$capture@39 (line 317)
  0x00000208ef425b28: 546c 25fe 

  0x00000208ef425b2c: ;   {other}
  0x00000208ef425b2c: 0f1f 8400 | 9c27 0016 | 4c8b d8e9 | 7be0 ffff 

  0x00000208ef425b3c: ;   {metadata('net/fabricmc/loader/impl/lib/tinyremapper/AsmClassRemapper')}
  0x00000208ef425b3c: 48ba 00c8 | 2181 0802 | 0000 488b | 6c24 704c | 8b94 2490 | 0000 004c | 8954 2430 

  0x00000208ef425b58: ;   {runtime_call _new_instance_Java}
  0x00000208ef425b58: 6666 90e8 

  0x00000208ef425b5c: ; ImmutableOopMap {rbp=Oop [136]=Derived_oop_rbp [40]=NarrowOop [48]=Oop [56]=Oop [64]=Oop [72]=Oop [80]=NarrowOop [84]=NarrowOop [88]=NarrowOop [92]=NarrowOop [96]=Oop [104]=Oop [112]=Oop [144]=Oop }
                      ;*new {reexecute=0 rethrow=0 return_oop=1}
                      ; - net.fabricmc.loader.impl.lib.tinyremapper.TinyRemapper::apply@91 (line 1101)
                      ; - net.fabricmc.loader.impl.lib.tinyremapper.TinyRemapper::lambda$apply$5@4 (line 939)
                      ; - net.fabricmc.loader.impl.lib.tinyremapper.TinyRemapper$$Lambda/0x0000020881236340::run@12
                      ; - java.util.concurrent.Executors$RunnableAdapter::call@4 (line 572)
                      ; - java.util.concurrent.FutureTask::run$$$capture@39 (line 317)
  0x00000208ef425b5c: 206c 25fe 

  0x00000208ef425b60: ;   {other}
  0x00000208ef425b60: 0f1f 8400 | d027 0017 | 4c8b d8e9 | 4fe2 ffff 

  0x00000208ef425b70: ;   {metadata('org/objectweb/asm/Attribute'[])}
  0x00000208ef425b70: 48ba 2866 | 0981 0802 | 0000 4533 | c048 8b6c | 2470 4c8b | 9424 9000 | 0000 4c89 

  0x00000208ef425b8c: ;   {runtime_call _new_array_Java}
  0x00000208ef425b8c: 5424 28e8 

  0x00000208ef425b90: ; ImmutableOopMap {rbp=Oop [136]=Derived_oop_rbp [40]=Oop [56]=Oop [64]=Oop [72]=Oop [80]=NarrowOop [84]=NarrowOop [88]=NarrowOop [92]=NarrowOop [96]=Oop [104]=Oop [112]=Oop [128]=Oop [144]=Oop }
                      ;*anewarray {reexecute=0 rethrow=0 return_oop=1}
                      ; - org.objectweb.asm.ClassReader::accept@3 (line 425)
                      ; - net.fabricmc.loader.impl.lib.tinyremapper.TinyRemapper::apply@190 (line 1108)
                      ; - net.fabricmc.loader.impl.lib.tinyremapper.TinyRemapper::lambda$apply$5@4 (line 939)
                      ; - net.fabricmc.loader.impl.lib.tinyremapper.TinyRemapper$$Lambda/0x0000020881236340::run@12
                      ; - java.util.concurrent.Executors$RunnableAdapter::call@4 (line 572)
                      ; - java.util.concurrent.FutureTask::run$$$capture@39 (line 317)
  0x00000208ef425b90: ec68 25fe 

  0x00000208ef425b94: ;   {other}
  0x00000208ef425b94: 0f1f 8400 | 0428 0018 | 4c8b c890 | e934 e8ff | ff66 6666 | 0f1f 8400 | 0000 0000 | 4b8d 2ccc 
  0x00000208ef425bb4: 448b 4d0c | 453b ca75 | 2144 8b4d | 1044 8b84 | 24b0 0000 | 0045 3bc8 | 7405 453b | c175 0b41 
  0x00000208ef425bd4: bb01 0000 | 00e9 eae6 | ffff 4d8b | 8750 0400 | 0044 8b4d 

  0x00000208ef425be8: ; ImmutableOopMap {r11=Oop r9=NarrowOop [32]=Oop [40]=Oop [56]=Oop [64]=Oop [72]=Oop [80]=NarrowOop [84]=NarrowOop [88]=NarrowOop [92]=NarrowOop [96]=Oop [104]=Oop [112]=Oop [136]=Derived_oop_[112] [128]=Oop [144]=Oop [152]=Oop [160]=NarrowOop [168]=Oop [176]=NarrowOop [184]=Oop [192]=Oop [200]=Oop }
                      ;*ifnonnull {reexecute=1 rethrow=0 return_oop=0}
                      ; - (reexecute) java.util.HashMap::getNode@145 (line 587)
                      ; - java.util.HashMap::containsKey@2 (line 602)
                      ; - java.util.HashSet::contains@5 (line 213)
                      ; - net.fabricmc.loader.impl.discovery.RuntimeModRemapper$$Lambda/0x0000020881221af8::test@8
                      ; - net.fabricmc.loader.impl.lib.tinyremapper.extension.mixin.MixinExtension$PreApplyVisitorProvider::insertApplyVisitor@66 (line 177)
                      ; - net.fabricmc.loader.impl.lib.tinyremapper.TinyRemapper::apply@172 (line 1105)
                      ; - net.fabricmc.loader.impl.lib.tinyremapper.TinyRemapper::lambda$apply$5@4 (line 939)
                      ; - net.fabricmc.loader.impl.lib.tinyremapper.TinyRemapper$$Lambda/0x0000020881236340::run@12
                      ; - java.util.concurrent.Executors$RunnableAdapter::call@4 (line 572)
                      ; - java.util.concurrent.FutureTask::run$$$capture@39 (line 317)
                      ;   {poll}
  0x00000208ef425be8: 1841 8500 | 4585 c975 | bf45 33db | e9cf e6ff 

  0x00000208ef425bf8: ;   {metadata('net/fabricmc/loader/impl/lib/tinyremapper/extension/mixin/common/data/CommonData')}
  0x00000208ef425bf8: ff48 baf8 | a322 8108 | 0200 0048 | 8b6c 2470 | 4c8b 9424 | 9000 0000 | 4c89 5424 

  0x00000208ef425c14: ;   {runtime_call _new_instance_Java}
  0x00000208ef425c14: 2866 90e8 

  0x00000208ef425c18: ; ImmutableOopMap {rbp=Oop [136]=Derived_oop_rbp [40]=Oop [56]=Oop [64]=Oop [72]=Oop [80]=NarrowOop [84]=NarrowOop [88]=NarrowOop [92]=NarrowOop [96]=Oop [104]=Oop [112]=Oop [128]=Oop [144]=Oop [152]=Oop [160]=NarrowOop [168]=Oop [176]=NarrowOop [184]=Oop [264]=NarrowOop }
                      ;*new {reexecute=0 rethrow=0 return_oop=1}
                      ; - net.fabricmc.loader.impl.lib.tinyremapper.extension.mixin.MixinExtension$PreApplyVisitorProvider::insertApplyVisitor@4 (line 166)
                      ; - net.fabricmc.loader.impl.lib.tinyremapper.extension.mixin.MixinExtension$PreApplyVisitorProvider::insertApplyVisitor@77 (line 178)
                      ; - net.fabricmc.loader.impl.lib.tinyremapper.TinyRemapper::apply@172 (line 1105)
                      ; - net.fabricmc.loader.impl.lib.tinyremapper.TinyRemapper::lambda$apply$5@4 (line 939)
                      ; - net.fabricmc.loader.impl.lib.tinyremapper.TinyRemapper$$Lambda/0x0000020881236340::run@12
                      ; - java.util.concurrent.Executors$RunnableAdapter::call@4 (line 572)
                      ; - java.util.concurrent.FutureTask::run$$$capture@39 (line 317)
  0x00000208ef425c18: 646b 25fe 

  0x00000208ef425c1c: ;   {other}
  0x00000208ef425c1c: 0f1f 8400 | 8c28 001a | 4c8b d8e9 | 5cea ffff 

  0x00000208ef425c2c: ;   {metadata('net/fabricmc/loader/impl/lib/tinyremapper/extension/mixin/soft/SoftTargetMixinClassVisitor')}
  0x00000208ef425c2c: 48ba 0033 | 2281 0802 | 0000 488b | 6c24 704c | 8b94 2490 | 0000 004c | 8954 2428 

  0x00000208ef425c48: ;   {runtime_call _new_instance_Java}
  0x00000208ef425c48: 6666 90e8 

  0x00000208ef425c4c: ; ImmutableOopMap {rbp=Oop [136]=Derived_oop_rbp [40]=Oop [56]=Oop [64]=Oop [72]=Oop [80]=NarrowOop [84]=NarrowOop [88]=NarrowOop [92]=NarrowOop [96]=Oop [104]=Oop [112]=Oop [128]=Oop [144]=Oop [152]=Oop [160]=NarrowOop [168]=Oop [176]=NarrowOop [264]=NarrowOop }
                      ;*new {reexecute=0 rethrow=0 return_oop=1}
                      ; - net.fabricmc.loader.impl.lib.tinyremapper.extension.mixin.MixinExtension$PreApplyVisitorProvider::insertApplyVisitor@0 (line 166)
                      ; - net.fabricmc.loader.impl.lib.tinyremapper.extension.mixin.MixinExtension$PreApplyVisitorProvider::insertApplyVisitor@77 (line 178)
                      ; - net.fabricmc.loader.impl.lib.tinyremapper.TinyRemapper::apply@172 (line 1105)
                      ; - net.fabricmc.loader.impl.lib.tinyremapper.TinyRemapper::lambda$apply$5@4 (line 939)
                      ; - net.fabricmc.loader.impl.lib.tinyremapper.TinyRemapper$$Lambda/0x0000020881236340::run@12
                      ; - java.util.concurrent.Executors$RunnableAdapter::call@4 (line 572)
                      ; - java.util.concurrent.FutureTask::run$$$capture@39 (line 317)
  0x00000208ef425c4c: 306b 25fe 

  0x00000208ef425c50: ;   {other}
  0x00000208ef425c50: 0f1f 8400 | c028 001b | 4c8b d80f | 1f44 0000 | e9d6 e9ff 

  0x00000208ef425c64: ;   {metadata('net/fabricmc/loader/impl/lib/tinyremapper/extension/mixin/common/ResolveUtility')}
  0x00000208ef425c64: ff48 ba40 | e222 8108 

  0x00000208ef425c6c: ;   {runtime_call _new_instance_Java}
  0x00000208ef425c6c: 0200 00e8 

  0x00000208ef425c70: ; ImmutableOopMap {rbp=Oop [32]=NarrowOop [40]=Oop [56]=Oop [64]=Oop [72]=Oop [80]=NarrowOop [84]=NarrowOop [88]=NarrowOop [92]=NarrowOop [96]=Oop [104]=Oop [112]=Oop [136]=Derived_oop_[112] [128]=Oop [144]=Oop [152]=Oop [160]=NarrowOop [168]=Oop [176]=NarrowOop [180]=NarrowOop [184]=Oop [192]=Oop [200]=NarrowOop }
                      ;*new {reexecute=0 rethrow=0 return_oop=1}
                      ; - net.fabricmc.loader.impl.lib.tinyremapper.extension.mixin.common.data.CommonData::<init>@27 (line 40)
                      ; - net.fabricmc.loader.impl.lib.tinyremapper.extension.mixin.MixinExtension$PreApplyVisitorProvider::insertApplyVisitor@21 (line 166)
                      ; - net.fabricmc.loader.impl.lib.tinyremapper.extension.mixin.MixinExtension$PreApplyVisitorProvider::insertApplyVisitor@77 (line 178)
                      ; - net.fabricmc.loader.impl.lib.tinyremapper.TinyRemapper::apply@172 (line 1105)
                      ; - net.fabricmc.loader.impl.lib.tinyremapper.TinyRemapper::lambda$apply$5@4 (line 939)
                      ; - net.fabricmc.loader.impl.lib.tinyremapper.TinyRemapper$$Lambda/0x0000020881236340::run@12
                      ; - java.util.concurrent.Executors$RunnableAdapter::call@4 (line 572)
                      ; - java.util.concurrent.FutureTask::run$$$capture@39 (line 317)
  0x00000208ef425c70: 0c6b 25fe 

  0x00000208ef425c74: ;   {other}
  0x00000208ef425c74: 0f1f 8400 | e428 001c | 488b d890 | e95a ebff 

  0x00000208ef425c84: ;   {metadata('net/fabricmc/loader/impl/lib/tinyremapper/extension/mixin/common/MapUtility')}
  0x00000208ef425c84: ff48 ba50 | e422 8108 

  0x00000208ef425c8c: ;   {runtime_call _new_instance_Java}
  0x00000208ef425c8c: 0200 00e8 

  0x00000208ef425c90: ; ImmutableOopMap {rbp=Oop [40]=Oop [56]=Oop [64]=Oop [72]=Oop [80]=NarrowOop [84]=NarrowOop [88]=NarrowOop [92]=NarrowOop [96]=Oop [104]=Oop [112]=Oop [136]=Derived_oop_[112] [128]=Oop [144]=Oop [152]=Oop [160]=NarrowOop [168]=Oop [176]=NarrowOop [180]=NarrowOop [184]=Oop [192]=Oop [200]=NarrowOop }
                      ;*new {reexecute=0 rethrow=0 return_oop=1}
                      ; - net.fabricmc.loader.impl.lib.tinyremapper.extension.mixin.common.data.CommonData::<init>@40 (line 41)
                      ; - net.fabricmc.loader.impl.lib.tinyremapper.extension.mixin.MixinExtension$PreApplyVisitorProvider::insertApplyVisitor@21 (line 166)
                      ; - net.fabricmc.loader.impl.lib.tinyremapper.extension.mixin.MixinExtension$PreApplyVisitorProvider::insertApplyVisitor@77 (line 178)
                      ; - net.fabricmc.loader.impl.lib.tinyremapper.TinyRemapper::apply@172 (line 1105)
                      ; - net.fabricmc.loader.impl.lib.tinyremapper.TinyRemapper::lambda$apply$5@4 (line 939)
                      ; - net.fabricmc.loader.impl.lib.tinyremapper.TinyRemapper$$Lambda/0x0000020881236340::run@12
                      ; - java.util.concurrent.Executors$RunnableAdapter::call@4 (line 572)
                      ; - java.util.concurrent.FutureTask::run$$$capture@39 (line 317)
  0x00000208ef425c90: ec6a 25fe 

  0x00000208ef425c94: ;   {other}
  0x00000208ef425c94: 0f1f 8400 | 0429 001d | 488b f890 | e9da ebff 

  0x00000208ef425ca4: ;   {metadata('java/util/concurrent/atomic/AtomicBoolean')}
  0x00000208ef425ca4: ff48 ba68 | d01c 8108 | 0200 0048 | 8b6c 2470 | 4c8b 9424 | 9000 0000 | 4c89 5424 

  0x00000208ef425cc0: ;   {runtime_call _new_instance_Java}
  0x00000208ef425cc0: 2866 90e8 

  0x00000208ef425cc4: ; ImmutableOopMap {rbp=Oop [136]=Derived_oop_rbp [40]=Oop [56]=Oop [64]=Oop [72]=Oop [80]=NarrowOop [84]=NarrowOop [88]=NarrowOop [92]=NarrowOop [96]=Oop [104]=Oop [112]=Oop [128]=Oop [144]=Oop [152]=Oop [168]=Oop [176]=NarrowOop [184]=Oop [192]=Oop [288]=NarrowOop }
                      ;*new {reexecute=0 rethrow=0 return_oop=1}
                      ; - net.fabricmc.loader.impl.lib.tinyremapper.extension.mixin.soft.SoftTargetMixinClassVisitor::<init>@8 (line 43)
                      ; - net.fabricmc.loader.impl.lib.tinyremapper.extension.mixin.MixinExtension$PreApplyVisitorProvider::insertApplyVisitor@25 (line 166)
                      ; - net.fabricmc.loader.impl.lib.tinyremapper.extension.mixin.MixinExtension$PreApplyVisitorProvider::insertApplyVisitor@77 (line 178)
                      ; - net.fabricmc.loader.impl.lib.tinyremapper.TinyRemapper::apply@172 (line 1105)
                      ; - net.fabricmc.loader.impl.lib.tinyremapper.TinyRemapper::lambda$apply$5@4 (line 939)
                      ; - net.fabricmc.loader.impl.lib.tinyremapper.TinyRemapper$$Lambda/0x0000020881236340::run@12
                      ; - java.util.concurrent.Executors$RunnableAdapter::call@4 (line 572)
                      ; - java.util.concurrent.FutureTask::run$$$capture@39 (line 317)
  0x00000208ef425cc4: b86a 25fe 

  0x00000208ef425cc8: ;   {other}
  0x00000208ef425cc8: 0f1f 8400 | 3829 001e | 488b d8e9 | 36ed ffff 

  0x00000208ef425cd8: ;   {metadata('java/util/ArrayList')}
  0x00000208ef425cd8: 48ba d0a7 | 0b80 0802 | 0000 488b | ac24 8000 | 0000 448b | 9424 d400 | 0000 4489 | 9424 b400 
  0x00000208ef425cf8: ;   {runtime_call _new_instance_Java}
  0x00000208ef425cf8: 0000 90e8 

  0x00000208ef425cfc: ; ImmutableOopMap {rbp=Oop [56]=Oop [64]=Oop [72]=Oop [80]=NarrowOop [84]=NarrowOop [88]=NarrowOop [92]=NarrowOop [96]=Oop [104]=Oop [112]=Oop [136]=Derived_oop_[112] [144]=Oop [152]=Oop [168]=Oop [176]=NarrowOop [184]=Oop [192]=Oop [288]=NarrowOop }
                      ;*new {reexecute=0 rethrow=0 return_oop=1}
                      ; - net.fabricmc.loader.impl.lib.tinyremapper.extension.mixin.soft.SoftTargetMixinClassVisitor::<init>@19 (line 44)
                      ; - net.fabricmc.loader.impl.lib.tinyremapper.extension.mixin.MixinExtension$PreApplyVisitorProvider::insertApplyVisitor@25 (line 166)
                      ; - net.fabricmc.loader.impl.lib.tinyremapper.extension.mixin.MixinExtension$PreApplyVisitorProvider::insertApplyVisitor@77 (line 178)
                      ; - net.fabricmc.loader.impl.lib.tinyremapper.TinyRemapper::apply@172 (line 1105)
                      ; - net.fabricmc.loader.impl.lib.tinyremapper.TinyRemapper::lambda$apply$5@4 (line 939)
                      ; - net.fabricmc.loader.impl.lib.tinyremapper.TinyRemapper$$Lambda/0x0000020881236340::run@12
                      ; - java.util.concurrent.Executors$RunnableAdapter::call@4 (line 572)
                      ; - java.util.concurrent.FutureTask::run$$$capture@39 (line 317)
  0x00000208ef425cfc: 806a 25fe 

  0x00000208ef425d00: ;   {other}
  0x00000208ef425d00: 0f1f 8400 | 7029 001f | 488b d8e9 | 85ed ffff | 4489 8424 | d400 0000 | e9d4 feff | ff4d 8b57 
  0x00000208ef425d20: 284d 85d2 | 0f84 760d | 0000 4d8b | 5f38 4f89 | 6c13 f849 | 83c2 f84d | 8957 280f | 1f44 0000 
  0x00000208ef425d40: e968 eeff | ff45 8b5d | 0c45 85db | 0f84 6cf6 | ffff 4d8b | 5728 498b | cb48 c1e1 | 0366 6690 
  0x00000208ef425d60: 4d85 d20f | 845c 0d00 | 004d 8b5f | 384b 894c | 13f8 4983 | c2f8 4d89 | 5728 e93f | f6ff ffba 
  0x00000208ef425d80: f6ff ffff | 488b ef4c | 896c 2428 | 4889 5c24 | 3044 895c | 2438 894c 

  0x00000208ef425d98: ;   {runtime_call UncommonTrapBlob}
  0x00000208ef425d98: 243c 90e8 

  0x00000208ef425d9c: ; ImmutableOopMap {rbp=Oop [40]=Oop [48]=Oop [56]=NarrowOop [60]=NarrowOop }
                      ;*invokevirtual lambda$apply$5 {reexecute=0 rethrow=0 return_oop=0}
                      ; - net.fabricmc.loader.impl.lib.tinyremapper.TinyRemapper$$Lambda/0x0000020881236340::run@12
                      ; - java.util.concurrent.Executors$RunnableAdapter::call@4 (line 572)
                      ; - java.util.concurrent.FutureTask::run$$$capture@39 (line 317)
  0x00000208ef425d9c: 60e8 17fe 

  0x00000208ef425da0: ;   {other}
  0x00000208ef425da0: 0f1f 8400 | 102a 0020 | bae6 ffff | ff4c 8b54 | 2470 4c89 | 5424 204c | 8b94 2490 | 0000 004c 
  0x00000208ef425dc0: 8954 2430 | 4c8b 5424 | 404c 8954 | 2438 448b | 5424 5844 | 8954 2444 | 4c8b 9424 | 8000 0000 
  0x00000208ef425de0: 4c89 5424 | 704c 8b94 | 2498 0000 | 004c 8994 | 2490 0000 

  0x00000208ef425df4: ;   {runtime_call UncommonTrapBlob}
  0x00000208ef425df4: 0066 90e8 

  0x00000208ef425df8: ; ImmutableOopMap {rbp=NarrowOop [32]=Oop [48]=Oop [56]=Oop [68]=NarrowOop [80]=NarrowOop [84]=NarrowOop [96]=Oop [104]=Oop [112]=Oop [144]=Oop [152]=Oop }
                      ;*aaload {reexecute=0 rethrow=0 return_oop=0}
                      ; - java.util.ArrayList::elementData@5 (line 411)
                      ; - java.util.ArrayList::get@11 (line 428)
                      ; - net.fabricmc.loader.impl.lib.tinyremapper.TinyRemapper::apply@157 (line 1105)
                      ; - net.fabricmc.loader.impl.lib.tinyremapper.TinyRemapper::lambda$apply$5@4 (line 939)
                      ; - net.fabricmc.loader.impl.lib.tinyremapper.TinyRemapper$$Lambda/0x0000020881236340::run@12
                      ; - java.util.concurrent.Executors$RunnableAdapter::call@4 (line 572)
                      ; - java.util.concurrent.FutureTask::run$$$capture@39 (line 317)
  0x00000208ef425df8: 04e8 17fe 

  0x00000208ef425dfc: ;   {other}
  0x00000208ef425dfc: 0f1f 8400 | 6c2a 0021 | 458b c8ba | 5cff ffff | 488b 6c24 | 704c 8b9c | 2490 0000 | 004c 895c 
  0x00000208ef425e1c: 2428 4c8b | 5c24 404c | 895c 2430 | 448b 5c24 | 5444 895c | 2438 448b | 4424 5844 | 8b5c 2450 
  0x00000208ef425e3c: 4489 5c24 | 4045 8bd8 | 4489 5c24 | 444c 8b5c | 2460 4c89 | 5c24 584c | 8b5c 2468 | 4c89 5c24 
  0x00000208ef425e5c: 6044 8b44 | 2478 4489 | 4424 544c | 8b9c 2480 | 0000 004c | 895c 2478 | 4c8b 9c24 | a800 0000 
  0x00000208ef425e7c: 4c89 9c24 | 8000 0000 | 448b 8424 | a000 0000 | 4489 8424 | 8800 0000 | 448b 8424 | a400 0000 
  0x00000208ef425e9c: 4489 8424 | 8c00 0000 | 4489 8c24 | 9000 0000 | 448b 9c24 | b000 0000 | 4489 9c24 | 9400 0000 
  0x00000208ef425ebc: 4c8b 9c24 | b800 0000 | 4c89 9c24 | 9800 0000 | 4c8b 9c24 | c000 0000 | 4c89 9c24 | a800 0000 
  0x00000208ef425edc: 4c8b 9c24 | c800 0000 | 4c89 9c24 | c000 0000 | 4489 9424 | d400 0000 

  0x00000208ef425ef4: ;   {runtime_call UncommonTrapBlob}
  0x00000208ef425ef4: 6666 90e8 

  0x00000208ef425ef8: ; ImmutableOopMap {rbp=Oop [40]=Oop [48]=Oop [56]=NarrowOop [64]=NarrowOop [68]=NarrowOop [88]=Oop [96]=Oop [120]=Oop [128]=Oop [136]=NarrowOop [148]=NarrowOop [152]=Oop [168]=Oop [192]=Oop [212]=NarrowOop }
                      ;*ifnonnull {reexecute=1 rethrow=0 return_oop=0}
                      ; - (reexecute) java.util.HashMap::hash@1 (line 338)
                      ; - java.util.HashMap::getNode@23 (line 576)
                      ; - java.util.HashMap::containsKey@2 (line 602)
                      ; - java.util.HashSet::contains@5 (line 213)
                      ; - net.fabricmc.loader.impl.discovery.RuntimeModRemapper$$Lambda/0x0000020881221af8::test@8
                      ; - net.fabricmc.loader.impl.lib.tinyremapper.extension.mixin.MixinExtension$PreApplyVisitorProvider::insertApplyVisitor@66 (line 177)
                      ; - net.fabricmc.loader.impl.lib.tinyremapper.TinyRemapper::apply@172 (line 1105)
                      ; - net.fabricmc.loader.impl.lib.tinyremapper.TinyRemapper::lambda$apply$5@4 (line 939)
                      ; - net.fabricmc.loader.impl.lib.tinyremapper.TinyRemapper$$Lambda/0x0000020881236340::run@12
                      ; - java.util.concurrent.Executors$RunnableAdapter::call@4 (line 572)
                      ; - java.util.concurrent.FutureTask::run$$$capture@39 (line 317)
  0x00000208ef425ef8: 04e7 17fe 

  0x00000208ef425efc: ;   {other}
  0x00000208ef425efc: 0f1f 8400 | 6c2b 0022 | bade ffff | ff48 8b6c | 2470 4c8b | 9424 9000 | 0000 4c89 | 5424 284c 
  0x00000208ef425f1c: 8b54 2440 | 4c89 5424 | 3044 8b54 | 2454 4489 | 5424 3844 | 8b44 2458 | 448b 5424 | 5044 8954 
  0x00000208ef425f3c: 2440 4489 | 4424 444c | 8b54 2460 | 4c89 5424 | 5844 895c 

  0x00000208ef425f50: ;   {runtime_call UncommonTrapBlob}
  0x00000208ef425f50: 2454 90e8 

  0x00000208ef425f54: ; ImmutableOopMap {rbp=Oop [40]=Oop [48]=Oop [56]=NarrowOop [64]=NarrowOop [68]=NarrowOop [84]=NarrowOop [88]=Oop [104]=Oop [144]=Oop }
                      ;*invokeinterface size {reexecute=0 rethrow=0 return_oop=0}
                      ; - net.fabricmc.loader.impl.lib.tinyremapper.TinyRemapper::apply@43 (line 1097)
                      ; - net.fabricmc.loader.impl.lib.tinyremapper.TinyRemapper::lambda$apply$5@4 (line 939)
                      ; - net.fabricmc.loader.impl.lib.tinyremapper.TinyRemapper$$Lambda/0x0000020881236340::run@12
                      ; - java.util.concurrent.Executors$RunnableAdapter::call@4 (line 572)
                      ; - java.util.concurrent.FutureTask::run$$$capture@39 (line 317)
  0x00000208ef425f54: a8e6 17fe 

  0x00000208ef425f58: ;   {other}
  0x00000208ef425f58: 0f1f 8400 | c82b 0023 | bade ffff | ff48 8b6c | 2470 4c8b | 9424 9000 | 0000 4c89 | 5424 284c 
  0x00000208ef425f78: 8b54 2440 | 4c89 5424 | 3044 8b44 | 2454 4489 | 4424 3844 | 8b54 2458 | 4489 5424 | 3c44 8b54 
  0x00000208ef425f98: 2450 4489 | 5424 484c | 8b54 2460 | 4c89 5424 | 584c 8b54 | 2468 4c89 | 5424 6044 | 895c 2470 
  0x00000208ef425fb8: ;   {runtime_call UncommonTrapBlob}
  0x00000208ef425fb8: 6666 90e8 

  0x00000208ef425fbc: ; ImmutableOopMap {rbp=Oop [40]=Oop [48]=Oop [56]=NarrowOop [60]=NarrowOop [72]=NarrowOop [80]=NarrowOop [88]=Oop [96]=Oop [112]=NarrowOop [128]=Oop [144]=Oop }
                      ;*invokeinterface size {reexecute=0 rethrow=0 return_oop=0}
                      ; - net.fabricmc.loader.impl.lib.tinyremapper.TinyRemapper::apply@137 (line 1104)
                      ; - net.fabricmc.loader.impl.lib.tinyremapper.TinyRemapper::lambda$apply$5@4 (line 939)
                      ; - net.fabricmc.loader.impl.lib.tinyremapper.TinyRemapper$$Lambda/0x0000020881236340::run@12
                      ; - java.util.concurrent.Executors$RunnableAdapter::call@4 (line 572)
                      ; - java.util.concurrent.FutureTask::run$$$capture@39 (line 317)
  0x00000208ef425fbc: 40e6 17fe 

  0x00000208ef425fc0: ;   {other}
  0x00000208ef425fc0: 0f1f 8400 | 302c 0024 | bade ffff | ff48 8b6c | 2470 4c8b | 9424 9000 | 0000 4c89 | 5424 284c 
  0x00000208ef425fe0: 8b54 2440 | 4c89 5424 | 3044 8b44 | 247c 4489 | 5c24 4c44 | 8944 2450 

  0x00000208ef425ff8: ;   {runtime_call UncommonTrapBlob}
  0x00000208ef425ff8: 6666 90e8 

  0x00000208ef425ffc: ; ImmutableOopMap {rbp=Oop [40]=Oop [48]=Oop [56]=Oop [76]=NarrowOop [80]=NarrowOop [84]=NarrowOop [88]=NarrowOop [124]=NarrowOop [144]=Oop }
                      ;*invokeinterface accept {reexecute=0 rethrow=0 return_oop=0}
                      ; - net.fabricmc.loader.impl.lib.tinyremapper.TinyRemapper::lambda$apply$5@7 (line 939)
                      ; - net.fabricmc.loader.impl.lib.tinyremapper.TinyRemapper$$Lambda/0x0000020881236340::run@12
                      ; - java.util.concurrent.Executors$RunnableAdapter::call@4 (line 572)
                      ; - java.util.concurrent.FutureTask::run$$$capture@39 (line 317)
  0x00000208ef425ffc: 00e6 17fe 

  0x00000208ef426000: ;   {other}
  0x00000208ef426000: 0f1f 8400 | 702c 0025 | bade ffff | ff48 8b6c | 2470 4c8b | 9c24 9000 | 0000 4c89 | 5c24 284c 
  0x00000208ef426020: 8b5c 2440 | 4c89 5c24 | 3044 8b5c | 2454 4489 | 5c24 4044 | 8b5c 247c | 4c89 4c24 | 5044 895c 
  0x00000208ef426040: 2458 4489 | 5424 5c44 | 895c 2460 

  0x00000208ef42604c: ;   {runtime_call UncommonTrapBlob}
  0x00000208ef42604c: 6666 90e8 

  0x00000208ef426050: ; ImmutableOopMap {rbp=Oop [40]=Oop [48]=Oop [56]=Oop [64]=NarrowOop [80]=Oop [88]=NarrowOop [92]=NarrowOop [96]=NarrowOop [144]=Oop }
                      ;*invokeinterface put {reexecute=0 rethrow=0 return_oop=0}
                      ; - net.fabricmc.loader.impl.lib.tinyremapper.TinyRemapper$$Lambda/0x000002088122d790::accept@12
                      ; - net.fabricmc.loader.impl.lib.tinyremapper.TinyRemapper::lambda$apply$5@7 (line 939)
                      ; - net.fabricmc.loader.impl.lib.tinyremapper.TinyRemapper$$Lambda/0x0000020881236340::run@12
                      ; - java.util.concurrent.Executors$RunnableAdapter::call@4 (line 572)
                      ; - java.util.concurrent.FutureTask::run$$$capture@39 (line 317)
  0x00000208ef426050: ace5 17fe 

  0x00000208ef426054: ;   {other}
  0x00000208ef426054: 0f1f 8400 | c42c 0026 | bade ffff | ff48 8b6c | 2470 4c8b | 9424 9000 | 0000 4c89 | 5424 284c 
  0x00000208ef426074: 8b54 2440 | 4c89 5424 | 3044 8b54 | 2454 4489 | 5424 3844 | 8b44 2458 | 448b 5424 | 5044 8954 
  0x00000208ef426094: 2440 4489 | 4424 444c | 8b54 2460 | 4c89 5424 | 584c 8b54 | 2468 4c89 | 5424 6044 | 895c 2470 
  0x00000208ef4260b4: ;   {runtime_call UncommonTrapBlob}
  0x00000208ef4260b4: 6666 90e8 

  0x00000208ef4260b8: ; ImmutableOopMap {rbp=Oop [40]=Oop [48]=Oop [56]=NarrowOop [64]=NarrowOop [68]=NarrowOop [88]=Oop [96]=Oop [112]=NarrowOop [128]=Oop [144]=Oop }
                      ;*invokeinterface get {reexecute=0 rethrow=0 return_oop=0}
                      ; - net.fabricmc.loader.impl.lib.tinyremapper.TinyRemapper::apply@157 (line 1105)
                      ; - net.fabricmc.loader.impl.lib.tinyremapper.TinyRemapper::lambda$apply$5@4 (line 939)
                      ; - net.fabricmc.loader.impl.lib.tinyremapper.TinyRemapper$$Lambda/0x0000020881236340::run@12
                      ; - java.util.concurrent.Executors$RunnableAdapter::call@4 (line 572)
                      ; - java.util.concurrent.FutureTask::run$$$capture@39 (line 317)
  0x00000208ef4260b8: 44e5 17fe 

  0x00000208ef4260bc: ;   {other}
  0x00000208ef4260bc: 0f1f 8400 | 2c2d 0027 | bade ffff | ff4c 8b54 | 2470 4c89 | 5424 204c | 8b94 2490 | 0000 004c 
  0x00000208ef4260dc: 8954 2430 | 4c8b 5424 | 404c 8954 | 2438 448b | 5424 5844 | 8954 244c | 448b 5424 | 7844 8954 
  0x00000208ef4260fc: 245c 448b | 9424 a000 | 0000 4489 | 9424 9000 | 0000 4489 | 8424 9800 | 0000 448b | 9424 b000 
  0x00000208ef42611c: 0000 4489 | 9424 a000 

  0x00000208ef426124: ;   {runtime_call UncommonTrapBlob}
  0x00000208ef426124: 0000 90e8 

  0x00000208ef426128: ; ImmutableOopMap {rbp=NarrowOop [32]=Oop [48]=Oop [56]=Oop [76]=NarrowOop [80]=NarrowOop [84]=NarrowOop [96]=Oop [104]=Oop [128]=Oop [144]=NarrowOop [160]=NarrowOop [168]=Oop [176]=NarrowOop }
                      ;*invokeinterface test {reexecute=0 rethrow=0 return_oop=0}
                      ; - net.fabricmc.loader.impl.lib.tinyremapper.extension.mixin.MixinExtension$PreApplyVisitorProvider::insertApplyVisitor@66 (line 177)
                      ; - net.fabricmc.loader.impl.lib.tinyremapper.TinyRemapper::apply@172 (line 1105)
                      ; - net.fabricmc.loader.impl.lib.tinyremapper.TinyRemapper::lambda$apply$5@4 (line 939)
                      ; - net.fabricmc.loader.impl.lib.tinyremapper.TinyRemapper$$Lambda/0x0000020881236340::run@12
                      ; - java.util.concurrent.Executors$RunnableAdapter::call@4 (line 572)
                      ; - java.util.concurrent.FutureTask::run$$$capture@39 (line 317)
  0x00000208ef426128: d4e4 17fe 

  0x00000208ef42612c: ;   {other}
  0x00000208ef42612c: 0f1f 8400 | 9c2d 0028 | bade ffff | ff4c 8b54 | 2470 4c89 | 5424 204c | 8b94 2490 | 0000 004c 
  0x00000208ef42614c: 8954 2430 | 4c8b 5424 | 404c 8954 | 2438 448b | 5c24 5844 | 8b54 2450 | 4489 5424 | 4844 895c 
  0x00000208ef42616c: 244c 448b | 5c24 7844 | 895c 245c | 4c8b 9424 | a800 0000 | 4c89 9424 | 8800 0000 | 448b 9c24 
  0x00000208ef42618c: a000 0000 | 458b d344 | 8994 2490 | 0000 0044 | 8b9c 24a4 | 0000 0044 | 899c 2494 | 0000 0044 
  0x00000208ef4261ac: 8984 2498 | 0000 0044 | 8b9c 24b0 | 0000 0045 | 8bd3 4489 | 9424 a800 | 0000 4489 | 9424 ac00 
  0x00000208ef4261cc: ;   {runtime_call UncommonTrapBlob}
  0x00000208ef4261cc: 0000 90e8 

  0x00000208ef4261d0: ; ImmutableOopMap {rbp=NarrowOop [32]=Oop [48]=Oop [56]=Oop [72]=NarrowOop [76]=NarrowOop [84]=NarrowOop [96]=Oop [104]=Oop [128]=Oop [136]=Oop [144]=NarrowOop [168]=NarrowOop [172]=NarrowOop [184]=Oop }
                      ;*invokeinterface contains {reexecute=0 rethrow=0 return_oop=0}
                      ; - net.fabricmc.loader.impl.discovery.RuntimeModRemapper$$Lambda/0x0000020881221af8::test@8
                      ; - net.fabricmc.loader.impl.lib.tinyremapper.extension.mixin.MixinExtension$PreApplyVisitorProvider::insertApplyVisitor@66 (line 177)
                      ; - net.fabricmc.loader.impl.lib.tinyremapper.TinyRemapper::apply@172 (line 1105)
                      ; - net.fabricmc.loader.impl.lib.tinyremapper.TinyRemapper::lambda$apply$5@4 (line 939)
                      ; - net.fabricmc.loader.impl.lib.tinyremapper.TinyRemapper$$Lambda/0x0000020881236340::run@12
                      ; - java.util.concurrent.Executors$RunnableAdapter::call@4 (line 572)
                      ; - java.util.concurrent.FutureTask::run$$$capture@39 (line 317)
  0x00000208ef4261d0: 2ce4 17fe 

  0x00000208ef4261d4: ;   {other}
  0x00000208ef4261d4: 0f1f 8400 | 442e 0029 | ba76 ffff | ff48 8b6c | 2470 4c8b | 9424 9000 | 0000 4c89 | 5424 284c 
  0x00000208ef4261f4: 8b54 2440 | 4c89 5424 | 3044 8b5c | 2454 4489 | 5c24 3844 | 8b54 2458 | 4489 5424 | 4444 8944 
  0x00000208ef426214: 2448 4c8b | 5424 604c | 8954 2458 | 4c8b 5424 | 684c 8954 | 2460 448b | 5424 7844 | 8954 2454 
  0x00000208ef426234: 4c8b 9424 | 8000 0000 | 4c89 5424 | 7844 8b94 | 24a0 0000 | 0044 8994 | 2488 0000 | 0044 8b94 
  0x00000208ef426254: 24a4 0000 | 0045 8bda | 4489 9c24 | 9000 0000 

  0x00000208ef426264: ;   {runtime_call UncommonTrapBlob}
  0x00000208ef426264: 6666 90e8 

  0x00000208ef426268: ; ImmutableOopMap {rbp=Oop [40]=Oop [48]=Oop [56]=NarrowOop [68]=NarrowOop [72]=NarrowOop [80]=NarrowOop [88]=Oop [96]=Oop [120]=Oop [136]=NarrowOop [160]=NarrowOop [168]=Oop }
                      ;*if_icmpge {reexecute=1 rethrow=0 return_oop=0}
                      ; - (reexecute) net.fabricmc.loader.impl.lib.tinyremapper.extension.mixin.MixinExtension$PreApplyVisitorProvider::insertApplyVisitor@47 (line 176)
                      ; - net.fabricmc.loader.impl.lib.tinyremapper.TinyRemapper::apply@172 (line 1105)
                      ; - net.fabricmc.loader.impl.lib.tinyremapper.TinyRemapper::lambda$apply$5@4 (line 939)
                      ; - net.fabricmc.loader.impl.lib.tinyremapper.TinyRemapper$$Lambda/0x0000020881236340::run@12
                      ; - java.util.concurrent.Executors$RunnableAdapter::call@4 (line 572)
                      ; - java.util.concurrent.FutureTask::run$$$capture@39 (line 317)
  0x00000208ef426268: 94e3 17fe 

  0x00000208ef42626c: ;   {other}
  0x00000208ef42626c: 0f1f 8400 | dc2e 002a | ba45 ffff | ff48 8bef | 4489 5424 

  0x00000208ef426280: ;   {runtime_call UncommonTrapBlob}
  0x00000208ef426280: 2066 90e8 

  0x00000208ef426284: ; ImmutableOopMap {rbp=Oop }
                      ;*ifne {reexecute=1 rethrow=0 return_oop=0}
                      ; - (reexecute) java.util.concurrent.FutureTask::run$$$capture@4 (line 308)
  0x00000208ef426284: 78e3 17fe 

  0x00000208ef426288: ;   {other}
  0x00000208ef426288: 0f1f 8400 | f82e 002b | ba45 ffff | ff48 8bef | 4489 4424 | 2044 895c 

  0x00000208ef4262a0: ;   {runtime_call UncommonTrapBlob}
  0x00000208ef4262a0: 2424 90e8 

  0x00000208ef4262a4: ; ImmutableOopMap {rbp=Oop [32]=NarrowOop }
                      ;*ifne {reexecute=1 rethrow=0 return_oop=0}
                      ; - (reexecute) java.util.concurrent.FutureTask::run$$$capture@35 (line 313)
  0x00000208ef4262a4: 58e3 17fe 

  0x00000208ef4262a8: ;   {other}
  0x00000208ef4262a8: 0f1f 8400 | 182f 002c | 498b d749 | bad0 cae9 | 68ff 7f00 | 0041 ffd2 

  0x00000208ef4262c0: ;   {other}
  0x00000208ef4262c0: 0f1f 8400 | 0000 0000 | e9de e2ff | ff49 8bd7 | 49ba d0ca | e968 ff7f | 0000 41ff 

  0x00000208ef4262dc: ;   {other}
  0x00000208ef4262dc: d20f 1f84 | 0000 0000 | 00e9 54e2 | ffff 498b | d749 bad0 | cae9 68ff | 7f00 0041 

  0x00000208ef4262f8: ;   {other}
  0x00000208ef4262f8: ffd2 0f1f | 8400 0000 | 0000 e9bb | e2ff ff49 | 8bd7 49ba | d0ca e968 | ff7f 0000 

  0x00000208ef426314: ;   {other}
  0x00000208ef426314: 41ff d20f | 1f84 0000 | 0000 0090 | e966 d9ff | ff49 8bd7 | 49ba d0ca | e968 ff7f | 0000 41ff 
  0x00000208ef426334: ;   {other}
  0x00000208ef426334: d20f 1f84 | 0000 0000 | 0066 6690 | e98f d9ff | ff8b ef45 | 8bf3 418b | f849 8bd7 | 49ba d0ca 
  0x00000208ef426354: e968 ff7f | 0000 41ff 

  0x00000208ef42635c: ;   {other}
  0x00000208ef42635c: d20f 1f84 | 0000 0000 | 0044 8bc7 | 458b de8b | fde9 4cdb | ffff 897c | 2424 4489 | 5c24 2041 
  0x00000208ef42637c: 8bf8 498b | d749 bad0 | cae9 68ff | 7f00 0041 

  0x00000208ef42638c: ;   {other}
  0x00000208ef42638c: ffd2 0f1f | 8400 0000 | 0000 448b | c744 8b5c | 2420 8b7c | 2424 e9d3 | daff ffba | 6eff ffff 
  0x00000208ef4263ac: 488b 6c24 | 704c 8b94 | 2490 0000 | 004c 8954 | 2428 4c8b | 5424 404c | 8954 2430 | 448b 5c24 
  0x00000208ef4263cc: 5444 895c | 2438 448b | 5424 5844 | 8b5c 2450 | 4489 5424 | 4444 895c | 2448 4c8b | 5424 604c 
  0x00000208ef4263ec: 8954 2458 | 4c8b 5424 | 684c 8954 | 2460 4489 

  0x00000208ef4263fc: ;   {runtime_call UncommonTrapBlob}
  0x00000208ef4263fc: 4424 70e8 

  0x00000208ef426400: ; ImmutableOopMap {rbp=Oop [40]=Oop [48]=Oop [56]=NarrowOop [68]=NarrowOop [72]=NarrowOop [80]=NarrowOop [88]=Oop [96]=Oop [128]=Oop [144]=Oop }
                      ;*iflt {reexecute=1 rethrow=0 return_oop=0}
                      ; - (reexecute) net.fabricmc.loader.impl.lib.tinyremapper.TinyRemapper::apply@148 (line 1104)
                      ; - net.fabricmc.loader.impl.lib.tinyremapper.TinyRemapper::lambda$apply$5@4 (line 939)
                      ; - net.fabricmc.loader.impl.lib.tinyremapper.TinyRemapper$$Lambda/0x0000020881236340::run@12
                      ; - java.util.concurrent.Executors$RunnableAdapter::call@4 (line 572)
                      ; - java.util.concurrent.FutureTask::run$$$capture@39 (line 317)
  0x00000208ef426400: fce1 17fe 

  0x00000208ef426404: ;   {other}
  0x00000208ef426404: 0f1f 8400 | 7430 002d | ba45 ffff | ff48 8b6c | 2470 4c8b | 9424 9000 | 0000 4c89 | 5424 284c 
  0x00000208ef426424: 8b54 2440 | 4c89 5424 | 3044 8b54 | 2458 448b | 5c24 5044 | 8954 2444 | 4489 5c24 | 4844 8944 
  0x00000208ef426444: 244c 4c8b | 5424 604c | 8954 2458 | 4c8b 5424 | 684c 8954 | 2460 4489 

  0x00000208ef42645c: ;   {runtime_call UncommonTrapBlob}
  0x00000208ef42645c: 4c24 70e8 

  0x00000208ef426460: ; ImmutableOopMap {rbp=Oop [40]=Oop [48]=Oop [68]=NarrowOop [72]=NarrowOop [76]=NarrowOop [80]=NarrowOop [88]=Oop [96]=Oop [128]=Oop [144]=Oop }
                      ;*ifne {reexecute=1 rethrow=0 return_oop=0}
                      ; - (reexecute) net.fabricmc.loader.impl.lib.tinyremapper.TinyRemapper::apply@197 (line 1112)
                      ; - net.fabricmc.loader.impl.lib.tinyremapper.TinyRemapper::lambda$apply$5@4 (line 939)
                      ; - net.fabricmc.loader.impl.lib.tinyremapper.TinyRemapper$$Lambda/0x0000020881236340::run@12
                      ; - java.util.concurrent.Executors$RunnableAdapter::call@4 (line 572)
                      ; - java.util.concurrent.FutureTask::run$$$capture@39 (line 317)
  0x00000208ef426460: 9ce1 17fe 

  0x00000208ef426464: ;   {other}
  0x00000208ef426464: 0f1f 8400 | d430 002e | 498b d749 | bad0 cae9 | 68ff 7f00 | 0041 ffd2 

  0x00000208ef42647c: ;   {other}
  0x00000208ef42647c: 0f1f 8400 | 0000 0000 | e9b6 e9ff | ffba 45ff | ffff 488b | 6c24 704c | 8b94 2490 | 0000 004c 
  0x00000208ef42649c: 8954 2428 | 4c8b 5424 | 404c 8954 | 2430 448b | 5c24 5444 | 895c 2438 | 448b 5424 | 5844 8b5c 
  0x00000208ef4264bc: 2450 4489 | 5424 4444 | 895c 2448 | 4c8b 5424 | 604c 8954 | 2458 4c8b | 5424 684c | 8954 2460 
  0x00000208ef4264dc: 4c8b 9424 | 8000 0000 | 4c89 5424 | 6844 8b9c | 24a0 0000 | 0044 899c | 248c 0000 

  0x00000208ef4264f8: ;   {runtime_call UncommonTrapBlob}
  0x00000208ef4264f8: 0066 90e8 

  0x00000208ef4264fc: ; ImmutableOopMap {rbp=Oop [40]=Oop [48]=Oop [56]=NarrowOop [68]=NarrowOop [72]=NarrowOop [80]=NarrowOop [88]=Oop [96]=Oop [104]=Oop [144]=Oop [152]=Oop }
                      ;*iflt {reexecute=1 rethrow=0 return_oop=0}
                      ; - (reexecute) jdk.internal.util.Preconditions::checkIndex@1 (line 301)
                      ; - java.util.Objects::checkIndex@3 (line 385)
                      ; - java.util.ArrayList::get@5 (line 427)
                      ; - net.fabricmc.loader.impl.lib.tinyremapper.TinyRemapper::apply@157 (line 1105)
                      ; - net.fabricmc.loader.impl.lib.tinyremapper.TinyRemapper::lambda$apply$5@4 (line 939)
                      ; - net.fabricmc.loader.impl.lib.tinyremapper.TinyRemapper$$Lambda/0x0000020881236340::run@12
                      ; - java.util.concurrent.Executors$RunnableAdapter::call@4 (line 572)
                      ; - java.util.concurrent.FutureTask::run$$$capture@39 (line 317)
  0x00000208ef4264fc: 00e1 17fe 

  0x00000208ef426500: ;   {other}
  0x00000208ef426500: 0f1f 8400 | 7031 002f | 418b c8ba | 45ff ffff | 488b 6c24 | 704c 8b9c | 2490 0000 | 004c 895c 
  0x00000208ef426520: 2428 4c8b | 5c24 404c | 895c 2430 | 448b 4424 | 5444 8944 | 2438 448b | 5c24 5844 | 895c 243c 
  0x00000208ef426540: 448b 5c24 | 5044 895c | 2440 4c8b | 5c24 604c | 895c 2458 | 4c8b 5c24 | 684c 895c | 2460 448b 
  0x00000208ef426560: 5c24 7844 | 895c 2454 | 4c8b 9c24 | 8000 0000 | 4c89 5c24 | 784c 8b9c | 24a8 0000 | 004c 899c 
  0x00000208ef426580: 2480 0000 | 0044 8b9c | 24a0 0000 | 0044 899c | 2488 0000 | 0044 8b9c | 24a4 0000 | 0044 899c 
  0x00000208ef4265a0: 248c 0000 | 0089 8c24 | 9000 0000 | 448b 8424 | b000 0000 | 4c8b 9c24 | b800 0000 | 4c89 9c24 
  0x00000208ef4265c0: 9800 0000 | 4489 8424 | a000 0000 | 4c8b 9c24 | c000 0000 | 4c89 9c24 | a800 0000 | 4489 8424 
  0x00000208ef4265e0: a400 0000 | 4c8b 9c24 | c800 0000 | 4c89 9c24 | c000 0000 | 4489 9424 | cc00 0000 

  0x00000208ef4265fc: ;   {runtime_call UncommonTrapBlob}
  0x00000208ef4265fc: 6666 90e8 

  0x00000208ef426600: ; ImmutableOopMap {rbp=Oop [40]=Oop [48]=Oop [56]=NarrowOop [60]=NarrowOop [64]=NarrowOop [88]=Oop [96]=Oop [120]=Oop [128]=Oop [136]=NarrowOop [152]=Oop [160]=NarrowOop [164]=NarrowOop [168]=Oop [192]=Oop [204]=NarrowOop }
                      ;*ifle {reexecute=1 rethrow=0 return_oop=0}
                      ; - (reexecute) java.util.HashMap::getNode@14 (line 575)
                      ; - java.util.HashMap::containsKey@2 (line 602)
                      ; - java.util.HashSet::contains@5 (line 213)
                      ; - net.fabricmc.loader.impl.discovery.RuntimeModRemapper$$Lambda/0x0000020881221af8::test@8
                      ; - net.fabricmc.loader.impl.lib.tinyremapper.extension.mixin.MixinExtension$PreApplyVisitorProvider::insertApplyVisitor@66 (line 177)
                      ; - net.fabricmc.loader.impl.lib.tinyremapper.TinyRemapper::apply@172 (line 1105)
                      ; - net.fabricmc.loader.impl.lib.tinyremapper.TinyRemapper::lambda$apply$5@4 (line 939)
                      ; - net.fabricmc.loader.impl.lib.tinyremapper.TinyRemapper$$Lambda/0x0000020881236340::run@12
                      ; - java.util.concurrent.Executors$RunnableAdapter::call@4 (line 572)
                      ; - java.util.concurrent.FutureTask::run$$$capture@39 (line 317)
  0x00000208ef426600: fcdf 17fe 

  0x00000208ef426604: ;   {other}
  0x00000208ef426604: 0f1f 8400 | 7432 0030 | ba45 ffff | ff48 8bef | 895c 2420 

  0x00000208ef426618: ;   {runtime_call UncommonTrapBlob}
  0x00000208ef426618: 6666 90e8 

  0x00000208ef42661c: ; ImmutableOopMap {rbp=Oop }
                      ;*ifne {reexecute=1 rethrow=0 return_oop=0}
                      ; - (reexecute) java.util.concurrent.FutureTask::run$$$capture@18 (line 309)
  0x00000208ef42661c: e0df 17fe 

  0x00000208ef426620: ;   {other}
  0x00000208ef426620: 0f1f 8400 | 9032 0031 | ba45 ffff | ff44 895c 

  0x00000208ef426630: ;   {runtime_call UncommonTrapBlob}
  0x00000208ef426630: 242c 90e8 

  0x00000208ef426634: ; ImmutableOopMap {rbp=Oop [92]=NarrowOop [112]=Oop }
                      ;*ifeq {reexecute=1 rethrow=0 return_oop=0}
                      ; - (reexecute) java.util.concurrent.FutureTask::set@9 (line 282)
                      ; - java.util.concurrent.FutureTask::run$$$capture@68 (line 325)
  0x00000208ef426634: c8df 17fe 

  0x00000208ef426638: ;   {other}
  0x00000208ef426638: 0f1f 8400 | a832 0032 | ba45 ffff | ff48 8974 | 2420 4489 

  0x00000208ef42664c: ;   {runtime_call UncommonTrapBlob}
  0x00000208ef42664c: 5424 2ce8 

  0x00000208ef426650: ; ImmutableOopMap {rbp=Oop [32]=Oop }
                      ;*if_icmplt {reexecute=1 rethrow=0 return_oop=0}
                      ; - (reexecute) java.util.concurrent.FutureTask::run$$$capture@83 (line 334)
  0x00000208ef426650: acdf 17fe 

  0x00000208ef426654: ;   {other}
  0x00000208ef426654: 0f1f 8400 | c432 0033 | ba45 ffff | ff48 8b6c | 2470 4c8b | 9424 9000 | 0000 4c89 | 5424 284c 
  0x00000208ef426674: 8b54 2440 | 4c89 5424 | 3044 8b44 | 2454 4489 | 4424 3844 | 8b54 2458 | 448b 4424 | 5044 8944 
  0x00000208ef426694: 2440 4489 | 5424 444c | 8b54 2460 | 4c89 5424 | 5844 895c 

  0x00000208ef4266a8: ;   {runtime_call UncommonTrapBlob}
  0x00000208ef4266a8: 2454 90e8 

  0x00000208ef4266ac: ; ImmutableOopMap {rbp=Oop [40]=Oop [48]=Oop [56]=NarrowOop [64]=NarrowOop [68]=NarrowOop [88]=Oop [104]=Oop [144]=Oop }
                      ;*ifeq {reexecute=1 rethrow=0 return_oop=0}
                      ; - (reexecute) net.fabricmc.loader.impl.lib.tinyremapper.TinyRemapper::apply@25 (line 1089)
                      ; - net.fabricmc.loader.impl.lib.tinyremapper.TinyRemapper::lambda$apply$5@4 (line 939)
                      ; - net.fabricmc.loader.impl.lib.tinyremapper.TinyRemapper$$Lambda/0x0000020881236340::run@12
                      ; - java.util.concurrent.Executors$RunnableAdapter::call@4 (line 572)
                      ; - java.util.concurrent.FutureTask::run$$$capture@39 (line 317)
  0x00000208ef4266ac: 50df 17fe 

  0x00000208ef4266b0: ;   {other}
  0x00000208ef4266b0: 0f1f 8400 | 2033 0034 | ba45 ffff | ff48 8b6c | 2470 4c8b | 9424 9000 | 0000 4c89 | 5424 284c 
  0x00000208ef4266d0: 8b54 2440 | 4c89 5424 | 3044 8b5c | 2454 4489 | 5c24 3844 | 8b54 2458 | 448b 5c24 | 5044 895c 
  0x00000208ef4266f0: 2440 458b | da44 895c | 2444 4c8b | 5424 604c | 8954 2458 | 448b 5424 | 7845 8bda | 4489 5c24 
  0x00000208ef426710: ;   {runtime_call UncommonTrapBlob}
  0x00000208ef426710: 7066 90e8 

  0x00000208ef426714: ; ImmutableOopMap {rbp=Oop [40]=Oop [48]=Oop [56]=NarrowOop [64]=NarrowOop [68]=NarrowOop [88]=Oop [104]=Oop [144]=Oop }
                      ;*iflt {reexecute=1 rethrow=0 return_oop=0}
                      ; - (reexecute) net.fabricmc.loader.impl.lib.tinyremapper.TinyRemapper::apply@54 (line 1097)
                      ; - net.fabricmc.loader.impl.lib.tinyremapper.TinyRemapper::lambda$apply$5@4 (line 939)
                      ; - net.fabricmc.loader.impl.lib.tinyremapper.TinyRemapper$$Lambda/0x0000020881236340::run@12
                      ; - java.util.concurrent.Executors$RunnableAdapter::call@4 (line 572)
                      ; - java.util.concurrent.FutureTask::run$$$capture@39 (line 317)
  0x00000208ef426714: e8de 17fe 

  0x00000208ef426718: ;   {other}
  0x00000208ef426718: 0f1f 8400 | 8833 0035 | ba45 ffff | ff48 8b6c | 2470 4c8b | 9c24 9000 | 0000 4c89 | 5c24 284c 
  0x00000208ef426738: 8b5c 2440 | 4c89 5c24 | 3044 8b5c | 2454 4489 | 5c24 3844 | 8b44 2458 | 448b 5c24 | 5044 895c 
  0x00000208ef426758: 2440 458b | d844 895c | 2444 4c8b | 5c24 604c | 895c 2458 | 4c8b 5c24 | 684c 895c | 2460 448b 
  0x00000208ef426778: 4424 7844 | 8944 2454 | 4c8b 9c24 | 8000 0000 | 4c89 5c24 | 7844 8994 | 2488 0000 

  0x00000208ef426794: ;   {runtime_call UncommonTrapBlob}
  0x00000208ef426794: 0066 90e8 

  0x00000208ef426798: ; ImmutableOopMap {rbp=Oop [40]=Oop [48]=Oop [56]=NarrowOop [64]=NarrowOop [68]=NarrowOop [88]=Oop [96]=Oop [120]=Oop [144]=Oop [160]=NarrowOop [168]=Oop }
                      ;*ifne {reexecute=1 rethrow=0 return_oop=0}
                      ; - (reexecute) net.fabricmc.loader.impl.lib.tinyremapper.extension.mixin.MixinExtension$PreApplyVisitorProvider::insertApplyVisitor@6 (line 171)
                      ; - net.fabricmc.loader.impl.lib.tinyremapper.TinyRemapper::apply@172 (line 1105)
                      ; - net.fabricmc.loader.impl.lib.tinyremapper.TinyRemapper::lambda$apply$5@4 (line 939)
                      ; - net.fabricmc.loader.impl.lib.tinyremapper.TinyRemapper$$Lambda/0x0000020881236340::run@12
                      ; - java.util.concurrent.Executors$RunnableAdapter::call@4 (line 572)
                      ; - java.util.concurrent.FutureTask::run$$$capture@39 (line 317)
  0x00000208ef426798: 64de 17fe 

  0x00000208ef42679c: ;   {other}
  0x00000208ef42679c: 0f1f 8400 | 0c34 0036 | ba45 ffff | ff4c 8b54 | 2470 4c89 | 5424 204c | 8b94 2490 | 0000 004c 
  0x00000208ef4267bc: 8954 2430 | 4c8b 5424 | 404c 8954 | 2438 448b | 5424 5845 | 8bda 4489 | 5c24 4c44 | 8b5c 2478 
  0x00000208ef4267dc: 4489 5c24 

  0x00000208ef4267e0: ;   {runtime_call UncommonTrapBlob}
  0x00000208ef4267e0: 5c66 90e8 

  0x00000208ef4267e4: ; ImmutableOopMap {rbp=NarrowOop [32]=Oop [48]=Oop [56]=Oop [76]=NarrowOop [80]=NarrowOop [84]=NarrowOop [96]=Oop [104]=Oop [128]=Oop [144]=Oop [160]=NarrowOop [168]=Oop }
                      ;*ifnull {reexecute=1 rethrow=0 return_oop=0}
                      ; - (reexecute) net.fabricmc.loader.impl.lib.tinyremapper.extension.mixin.MixinExtension$PreApplyVisitorProvider::insertApplyVisitor@18 (line 173)
                      ; - net.fabricmc.loader.impl.lib.tinyremapper.TinyRemapper::apply@172 (line 1105)
                      ; - net.fabricmc.loader.impl.lib.tinyremapper.TinyRemapper::lambda$apply$5@4 (line 939)
                      ; - net.fabricmc.loader.impl.lib.tinyremapper.TinyRemapper$$Lambda/0x0000020881236340::run@12
                      ; - java.util.concurrent.Executors$RunnableAdapter::call@4 (line 572)
                      ; - java.util.concurrent.FutureTask::run$$$capture@39 (line 317)
  0x00000208ef4267e4: 18de 17fe 

  0x00000208ef4267e8: ;   {other}
  0x00000208ef4267e8: 0f1f 8400 | 5834 0037 | 4489 8424 | d400 0000 | 488b 5424 | 2848 8b6c 

  0x00000208ef426800: ;   {optimized virtual_call}
  0x00000208ef426800: 2470 90e8 

  0x00000208ef426804: ; ImmutableOopMap {rbp=Oop [136]=Derived_oop_rbp [32]=Oop [40]=Oop [56]=Oop [64]=Oop [72]=Oop [80]=NarrowOop [84]=NarrowOop [88]=NarrowOop [92]=NarrowOop [96]=Oop [104]=Oop [112]=Oop [128]=Oop [144]=Oop [152]=Oop [160]=NarrowOop [168]=Oop [176]=NarrowOop [184]=Oop [192]=Oop [200]=Oop }
                      ;*invokevirtual hashCode {reexecute=0 rethrow=0 return_oop=0}
                      ; - java.util.HashMap::hash@9 (line 338)
                      ; - java.util.HashMap::getNode@23 (line 576)
                      ; - java.util.HashMap::containsKey@2 (line 602)
                      ; - java.util.HashSet::contains@5 (line 213)
                      ; - net.fabricmc.loader.impl.discovery.RuntimeModRemapper$$Lambda/0x0000020881221af8::test@8
                      ; - net.fabricmc.loader.impl.lib.tinyremapper.extension.mixin.MixinExtension$PreApplyVisitorProvider::insertApplyVisitor@66 (line 177)
                      ; - net.fabricmc.loader.impl.lib.tinyremapper.TinyRemapper::apply@172 (line 1105)
                      ; - net.fabricmc.loader.impl.lib.tinyremapper.TinyRemapper::lambda$apply$5@4 (line 939)
                      ; - net.fabricmc.loader.impl.lib.tinyremapper.TinyRemapper$$Lambda/0x0000020881236340::run@12
                      ; - java.util.concurrent.Executors$RunnableAdapter::call@4 (line 572)
                      ; - java.util.concurrent.FutureTask::run$$$capture@39 (line 317)
  0x00000208ef426804: 7882 17fe 

  0x00000208ef426808: ;   {other}
  0x00000208ef426808: 0f1f 8400 | 7834 0038 | e9be e9ff | ff49 8bd7 | 49ba d0ca | e968 ff7f | 0000 41ff 

  0x00000208ef426824: ;   {other}
  0x00000208ef426824: d20f 1f84 | 0000 0000 | 00e9 19df | ffff 498b | d749 bad0 | cae9 68ff | 7f00 0041 

  0x00000208ef426840: ;   {other}
  0x00000208ef426840: ffd2 0f1f | 8400 0000 | 0000 e9b0 | dfff ff49 | 8bd7 49ba | d0ca e968 | ff7f 0000 

  0x00000208ef42685c: ;   {other}
  0x00000208ef42685c: 41ff d20f | 1f84 0000 | 0000 00e9 | ade1 ffff | 498b d749 | bad0 cae9 | 68ff 7f00 | 0041 ffd2 
  0x00000208ef42687c: ;   {other}
  0x00000208ef42687c: 0f1f 8400 | 0000 0000 | e970 e0ff | ff49 8bd7 | 49ba d0ca | e968 ff7f | 0000 41ff 

  0x00000208ef426898: ;   {other}
  0x00000208ef426898: d20f 1f84 | 0000 0000 | 00e9 4ee2 | ffff 498b | d749 bad0 | cae9 68ff | 7f00 0041 

  0x00000208ef4268b4: ;   {other}
  0x00000208ef4268b4: ffd2 0f1f | 8400 0000 | 0000 6690 | e9b9 e0ff | ff49 8bd7 | 49ba d0ca | e968 ff7f | 0000 41ff 
  0x00000208ef4268d4: ;   {other}
  0x00000208ef4268d4: d20f 1f84 | 0000 0000 | 0066 6690 | e9c6 e1ff | ff49 8bd7 | 49ba d0ca | e968 ff7f | 0000 41ff 
  0x00000208ef4268f4: ;   {other}
  0x00000208ef4268f4: d20f 1f84 | 0000 0000 | 0066 6690 | e939 e0ff | ffba 45ff | ffff 488b | 6c24 704c | 8b94 2490 
  0x00000208ef426914: 0000 004c | 8954 2428 | 4c8b 5424 | 404c 8954 | 2430 448b | 5c24 5444 | 895c 2438 | 448b 5424 
  0x00000208ef426934: 5844 8b5c | 2450 4489 | 5c24 4044 | 8954 2444 | 4c8b 5424 | 604c 8954 | 2458 4c8b | 5424 684c 
  0x00000208ef426954: 8954 2460 | 448b 5424 | 7844 8954 | 2454 4c8b | 9424 b800 | 0000 4c89 | 9424 9000 | 0000 448b 
  0x00000208ef426974: 9424 d400 | 0000 4489 | 9424 bc00 

  0x00000208ef426980: ;   {runtime_call UncommonTrapBlob}
  0x00000208ef426980: 0000 90e8 

  0x00000208ef426984: ; ImmutableOopMap {rbp=Oop [40]=Oop [48]=Oop [56]=NarrowOop [64]=NarrowOop [68]=NarrowOop [88]=Oop [96]=Oop [128]=Oop [144]=Oop [160]=NarrowOop [168]=Oop [176]=NarrowOop [180]=NarrowOop [192]=Oop [200]=NarrowOop }
                      ;*ifnonnull {reexecute=1 rethrow=0 return_oop=0}
                      ; - (reexecute) java.util.Objects::requireNonNull@1 (line 232)
                      ; - net.fabricmc.loader.impl.lib.tinyremapper.extension.mixin.common.data.CommonData::<init>@6 (line 37)
                      ; - net.fabricmc.loader.impl.lib.tinyremapper.extension.mixin.MixinExtension$PreApplyVisitorProvider::insertApplyVisitor@21 (line 166)
                      ; - net.fabricmc.loader.impl.lib.tinyremapper.extension.mixin.MixinExtension$PreApplyVisitorProvider::insertApplyVisitor@77 (line 178)
                      ; - net.fabricmc.loader.impl.lib.tinyremapper.TinyRemapper::apply@172 (line 1105)
                      ; - net.fabricmc.loader.impl.lib.tinyremapper.TinyRemapper::lambda$apply$5@4 (line 939)
                      ; - net.fabricmc.loader.impl.lib.tinyremapper.TinyRemapper$$Lambda/0x0000020881236340::run@12
                      ; - java.util.concurrent.Executors$RunnableAdapter::call@4 (line 572)
                      ; - java.util.concurrent.FutureTask::run$$$capture@39 (line 317)
  0x00000208ef426984: 78dc 17fe 

  0x00000208ef426988: ;   {other}
  0x00000208ef426988: 0f1f 8400 | f835 0039 | ba45 ffff | ff48 8b6c | 2470 4c8b | 9424 9000 | 0000 4c89 | 5424 284c 
  0x00000208ef4269a8: 8b54 2440 | 4c89 5424 | 3044 8b5c | 2454 4489 | 5c24 3844 | 8b54 2458 | 448b 5c24 | 5044 895c 
  0x00000208ef4269c8: 2440 4489 | 5424 444c | 8b54 2460 | 4c89 5424 | 584c 8b54 | 2468 4c89 | 5424 6044 | 8b54 2478 
  0x00000208ef4269e8: 4489 5424 | 544c 8b94 | 24b8 0000 | 004c 8994 | 2490 0000 | 0044 8b94 | 24d4 0000 | 0044 8994 
  0x00000208ef426a08: 24bc 0000 

  0x00000208ef426a0c: ;   {runtime_call UncommonTrapBlob}
  0x00000208ef426a0c: 0066 90e8 

  0x00000208ef426a10: ; ImmutableOopMap {rbp=Oop [40]=Oop [48]=Oop [56]=NarrowOop [64]=NarrowOop [68]=NarrowOop [88]=Oop [96]=Oop [128]=Oop [144]=Oop [160]=NarrowOop [168]=Oop [176]=NarrowOop [180]=NarrowOop [192]=Oop [200]=NarrowOop }
                      ;*ifnonnull {reexecute=1 rethrow=0 return_oop=0}
                      ; - (reexecute) java.util.Objects::requireNonNull@1 (line 232)
                      ; - net.fabricmc.loader.impl.lib.tinyremapper.extension.mixin.common.data.CommonData::<init>@17 (line 38)
                      ; - net.fabricmc.loader.impl.lib.tinyremapper.extension.mixin.MixinExtension$PreApplyVisitorProvider::insertApplyVisitor@21 (line 166)
                      ; - net.fabricmc.loader.impl.lib.tinyremapper.extension.mixin.MixinExtension$PreApplyVisitorProvider::insertApplyVisitor@77 (line 178)
                      ; - net.fabricmc.loader.impl.lib.tinyremapper.TinyRemapper::apply@172 (line 1105)
                      ; - net.fabricmc.loader.impl.lib.tinyremapper.TinyRemapper::lambda$apply$5@4 (line 939)
                      ; - net.fabricmc.loader.impl.lib.tinyremapper.TinyRemapper$$Lambda/0x0000020881236340::run@12
                      ; - java.util.concurrent.Executors$RunnableAdapter::call@4 (line 572)
                      ; - java.util.concurrent.FutureTask::run$$$capture@39 (line 317)
  0x00000208ef426a10: ecdb 17fe 

  0x00000208ef426a14: ;   {other}
  0x00000208ef426a14: 0f1f 8400 | 8436 003a | ba45 ffff | ff4c 8b54 | 2470 4c89 | 5424 204c | 8b94 2490 | 0000 004c 
  0x00000208ef426a34: 8954 2430 | 4c8b 5424 | 404c 8954 | 2438 448b | 5424 5844 | 8954 2444 | 448b 5424 | 5044 8954 
  0x00000208ef426a54: 2448 448b | 5424 7844 | 8954 245c | 4c8b 9424 | b800 0000 | 4c89 9424 | 9800 0000 | 448b 9424 
  0x00000208ef426a74: d400 0000 | 4489 9424 | bc00 0000 | 4889 bc24 | f000 0000 | 4889 bc24 | f800 0000 

  0x00000208ef426a90: ;   {runtime_call UncommonTrapBlob}
  0x00000208ef426a90: 6666 90e8 

  0x00000208ef426a94: ; ImmutableOopMap {rbp=NarrowOop [32]=Oop [48]=Oop [56]=Oop [68]=NarrowOop [72]=NarrowOop [84]=NarrowOop [96]=Oop [104]=Oop [128]=Oop [152]=Oop [160]=NarrowOop [168]=Oop [176]=NarrowOop [180]=NarrowOop [192]=Oop [200]=NarrowOop [240]=Oop [248]=Oop }
                      ;*ifnonnull {reexecute=1 rethrow=0 return_oop=0}
                      ; - (reexecute) java.util.Objects::requireNonNull@1 (line 232)
                      ; - net.fabricmc.loader.impl.lib.tinyremapper.extension.mixin.common.MapUtility::<init>@6 (line 36)
                      ; - net.fabricmc.loader.impl.lib.tinyremapper.extension.mixin.common.data.CommonData::<init>@51 (line 41)
                      ; - net.fabricmc.loader.impl.lib.tinyremapper.extension.mixin.MixinExtension$PreApplyVisitorProvider::insertApplyVisitor@21 (line 166)
                      ; - net.fabricmc.loader.impl.lib.tinyremapper.extension.mixin.MixinExtension$PreApplyVisitorProvider::insertApplyVisitor@77 (line 178)
                      ; - net.fabricmc.loader.impl.lib.tinyremapper.TinyRemapper::apply@172 (line 1105)
                      ; - net.fabricmc.loader.impl.lib.tinyremapper.TinyRemapper::lambda$apply$5@4 (line 939)
                      ; - net.fabricmc.loader.impl.lib.tinyremapper.TinyRemapper$$Lambda/0x0000020881236340::run@12
                      ; - java.util.concurrent.Executors$RunnableAdapter::call@4 (line 572)
                      ; - java.util.concurrent.FutureTask::run$$$capture@39 (line 317)
  0x00000208ef426a94: 68db 17fe 

  0x00000208ef426a98: ;   {other}
  0x00000208ef426a98: 0f1f 8400 | 0837 003b | 498b cd49 | 8bd7 49ba | d0ca e968 | ff7f 0000 

  0x00000208ef426ab0: ;   {other}
  0x00000208ef426ab0: 41ff d20f | 1f84 0000 | 0000 000f | 1f44 0000 | e9e8 e0ff | ff49 8bd7 | 49ba d0ca | e968 ff7f 
  0x00000208ef426ad0: 0000 41ff 

  0x00000208ef426ad4: ;   {other}
  0x00000208ef426ad4: d20f 1f84 | 0000 0000 | 0066 6690 | e9d9 e8ff | ffba 5cff | ffff 488b | 6c24 704c | 8b94 2490 
  0x00000208ef426af4: 0000 004c | 8954 2428 | 4c8b 5424 | 404c 8954 | 2430 448b | 5c24 5444 | 895c 2438 | 448b 5c24 
  0x00000208ef426b14: 5844 8b54 | 2450 4489 | 5424 4044 | 895c 2444 | 4c8b 5424 | 604c 8954 | 2458 4c8b | 5424 684c 
  0x00000208ef426b34: 8954 2460 | 448b 5c24 | 7844 895c | 2454 4c8b | 9424 8000 | 0000 4c89 | 5424 784c | 8b94 24a8 
  0x00000208ef426b54: 0000 004c | 8994 2480 | 0000 0044 | 8b9c 24a0 | 0000 0045 | 8bd3 4489 | 9424 8800 | 0000 448b 
  0x00000208ef426b74: 9c24 a400 | 0000 4489 | 9c24 8c00 | 0000 4489 | 8424 9000 | 0000 448b | 9424 b000 | 0000 4489 
  0x00000208ef426b94: 9424 9400 | 0000 4c8b | 9424 b800 | 0000 4c89 | 9424 9800 | 0000 4c8b | 9424 c000 | 0000 4c89 
  0x00000208ef426bb4: 9424 a800 | 0000 4c8b | 9424 c800 | 0000 4c89 | 9424 c000 | 0000 4489 | 8c24 d400 

  0x00000208ef426bd0: ;   {runtime_call UncommonTrapBlob}
  0x00000208ef426bd0: 0000 90e8 

  0x00000208ef426bd4: ; ImmutableOopMap {rbp=Oop [40]=Oop [48]=Oop [56]=NarrowOop [64]=NarrowOop [68]=NarrowOop [88]=Oop [96]=Oop [120]=Oop [128]=Oop [136]=NarrowOop [148]=NarrowOop [152]=Oop [168]=Oop [192]=Oop [212]=NarrowOop }
                      ;*ifnonnull {reexecute=1 rethrow=0 return_oop=0}
                      ; - (reexecute) java.util.HashMap::hash@1 (line 338)
                      ; - java.util.HashMap::getNode@23 (line 576)
                      ; - java.util.HashMap::containsKey@2 (line 602)
                      ; - java.util.HashSet::contains@5 (line 213)
                      ; - net.fabricmc.loader.impl.discovery.RuntimeModRemapper$$Lambda/0x0000020881221af8::test@8
                      ; - net.fabricmc.loader.impl.lib.tinyremapper.extension.mixin.MixinExtension$PreApplyVisitorProvider::insertApplyVisitor@66 (line 177)
                      ; - net.fabricmc.loader.impl.lib.tinyremapper.TinyRemapper::apply@172 (line 1105)
                      ; - net.fabricmc.loader.impl.lib.tinyremapper.TinyRemapper::lambda$apply$5@4 (line 939)
                      ; - net.fabricmc.loader.impl.lib.tinyremapper.TinyRemapper$$Lambda/0x0000020881236340::run@12
                      ; - java.util.concurrent.Executors$RunnableAdapter::call@4 (line 572)
                      ; - java.util.concurrent.FutureTask::run$$$capture@39 (line 317)
  0x00000208ef426bd4: 28da 17fe 

  0x00000208ef426bd8: ;   {other}
  0x00000208ef426bd8: 0f1f 8400 | 4838 003c | 458b c8ba | c6ff ffff | 488b 6c24 | 704c 8b9c | 2490 0000 | 004c 895c 
  0x00000208ef426bf8: 2428 4c8b | 5c24 404c | 895c 2430 | 448b 4424 | 5444 8944 | 2438 448b | 5c24 5844 | 8b44 2450 
  0x00000208ef426c18: 4489 4424 | 4044 895c | 2444 4c8b | 5c24 604c | 895c 2458 | 4c8b 5c24 | 684c 895c | 2460 448b 
  0x00000208ef426c38: 4424 7844 | 8944 2454 | 4c8b 9c24 | 8000 0000 | 4c89 5c24 | 784c 8b9c | 24a8 0000 | 004c 899c 
  0x00000208ef426c58: 2480 0000 | 0044 8b84 | 24a0 0000 | 0044 8984 | 2488 0000 | 0044 8b84 | 24a4 0000 | 0044 8984 
  0x00000208ef426c78: 248c 0000 | 0044 898c | 2490 0000 | 0044 8b9c | 24b0 0000 | 0044 899c | 2494 0000 | 0044 8994 
  0x00000208ef426c98: 24b4 0000 

  0x00000208ef426c9c: ;   {runtime_call UncommonTrapBlob}
  0x00000208ef426c9c: 0066 90e8 

  0x00000208ef426ca0: ; ImmutableOopMap {rbp=Oop [40]=Oop [48]=Oop [56]=NarrowOop [64]=NarrowOop [68]=NarrowOop [88]=Oop [96]=Oop [120]=Oop [128]=Oop [136]=NarrowOop [148]=NarrowOop [180]=NarrowOop [184]=Oop [192]=Oop }
                      ;*invokevirtual containsKey {reexecute=0 rethrow=0 return_oop=0}
                      ; - java.util.HashSet::contains@5 (line 213)
                      ; - net.fabricmc.loader.impl.discovery.RuntimeModRemapper$$Lambda/0x0000020881221af8::test@8
                      ; - net.fabricmc.loader.impl.lib.tinyremapper.extension.mixin.MixinExtension$PreApplyVisitorProvider::insertApplyVisitor@66 (line 177)
                      ; - net.fabricmc.loader.impl.lib.tinyremapper.TinyRemapper::apply@172 (line 1105)
                      ; - net.fabricmc.loader.impl.lib.tinyremapper.TinyRemapper::lambda$apply$5@4 (line 939)
                      ; - net.fabricmc.loader.impl.lib.tinyremapper.TinyRemapper$$Lambda/0x0000020881236340::run@12
                      ; - java.util.concurrent.Executors$RunnableAdapter::call@4 (line 572)
                      ; - java.util.concurrent.FutureTask::run$$$capture@39 (line 317)
  0x00000208ef426ca0: 5cd9 17fe 

  0x00000208ef426ca4: ;   {other}
  0x00000208ef426ca4: 0f1f 8400 | 1439 003d | ba45 ffff | ff48 8b6c | 2470 4c8b | 9424 9000 | 0000 4c89 | 5424 284c 
  0x00000208ef426cc4: 8b54 2440 | 4c89 5424 | 3044 8b54 | 2454 4489 | 5424 3844 | 8b5c 2458 | 448b 5424 | 5044 8954 
  0x00000208ef426ce4: 2440 4489 | 5c24 444c | 8b54 2460 | 4c89 5424 | 584c 8b54 | 2468 4c89 | 5424 6044 | 8b54 2478 
  0x00000208ef426d04: 4489 5424 | 544c 8b94 | 2480 0000 | 004c 8954 | 2478 4c8b | 9424 a800 | 0000 4c89 | 9424 8000 
  0x00000208ef426d24: 0000 448b | 9424 a000 | 0000 4489 | 9424 8800 | 0000 448b | 9424 a400 | 0000 4489 | 9424 8c00 
  0x00000208ef426d44: 0000 4489 | 8424 9000 | 0000 448b | 9c24 b000 | 0000 4c8b | 9424 b800 | 0000 4c89 | 9424 9800 
  0x00000208ef426d64: 0000 458b | d344 8994 | 24a0 0000 | 004c 8b94 | 24c0 0000 | 004c 8994 | 24a8 0000 | 0044 899c 
  0x00000208ef426d84: 24a4 0000 | 004c 8b94 | 24c8 0000 | 004c 8994 | 24c0 0000 | 0044 898c | 24cc 0000 

  0x00000208ef426da0: ;   {runtime_call UncommonTrapBlob}
  0x00000208ef426da0: 0066 90e8 

  0x00000208ef426da4: ; ImmutableOopMap {rbp=Oop [40]=Oop [48]=Oop [56]=NarrowOop [64]=NarrowOop [68]=NarrowOop [88]=Oop [96]=Oop [120]=Oop [128]=Oop [136]=NarrowOop [152]=Oop [160]=NarrowOop [164]=NarrowOop [168]=Oop [192]=Oop [204]=NarrowOop }
                      ;*ifle {reexecute=1 rethrow=0 return_oop=0}
                      ; - (reexecute) java.util.HashMap::getNode@14 (line 575)
                      ; - java.util.HashMap::containsKey@2 (line 602)
                      ; - java.util.HashSet::contains@5 (line 213)
                      ; - net.fabricmc.loader.impl.discovery.RuntimeModRemapper$$Lambda/0x0000020881221af8::test@8
                      ; - net.fabricmc.loader.impl.lib.tinyremapper.extension.mixin.MixinExtension$PreApplyVisitorProvider::insertApplyVisitor@66 (line 177)
                      ; - net.fabricmc.loader.impl.lib.tinyremapper.TinyRemapper::apply@172 (line 1105)
                      ; - net.fabricmc.loader.impl.lib.tinyremapper.TinyRemapper::lambda$apply$5@4 (line 939)
                      ; - net.fabricmc.loader.impl.lib.tinyremapper.TinyRemapper$$Lambda/0x0000020881236340::run@12
                      ; - java.util.concurrent.Executors$RunnableAdapter::call@4 (line 572)
                      ; - java.util.concurrent.FutureTask::run$$$capture@39 (line 317)
  0x00000208ef426da4: 58d8 17fe 

  0x00000208ef426da8: ;   {other}
  0x00000208ef426da8: 0f1f 8400 | 183a 003e | baf6 ffff | ff48 8b6c | 2470 4c8b | 5424 484c | 8954 2428 | 4c8b 5424 
  0x00000208ef426dc8: 404c 8954 | 2430 448b | 5424 5444 | 8954 2438 | 448b 5c24 | 5844 8b54 | 2450 4489 | 5c24 4444 
  0x00000208ef426de8: 8954 2448 | 4c8b 5424 | 604c 8954 | 2458 4c8b | 5424 684c | 8954 2460 | 4c8b 9424 | 8000 0000 
  0x00000208ef426e08: 4c89 5424 | 6844 8b9c | 24a0 0000 | 0044 899c | 2488 0000 

  0x00000208ef426e1c: ;   {runtime_call UncommonTrapBlob}
  0x00000208ef426e1c: 0066 90e8 

  0x00000208ef426e20: ; ImmutableOopMap {rbp=Oop [40]=Oop [48]=Oop [56]=NarrowOop [68]=NarrowOop [72]=NarrowOop [80]=NarrowOop [88]=Oop [96]=Oop [104]=Oop [144]=Oop [152]=Oop }
                      ;*athrow {reexecute=1 rethrow=0 return_oop=0}
                      ; - (reexecute) jdk.internal.util.Preconditions::checkIndex@15 (line 302)
                      ; - java.util.Objects::checkIndex@3 (line 385)
                      ; - java.util.ArrayList::get@5 (line 427)
                      ; - net.fabricmc.loader.impl.lib.tinyremapper.TinyRemapper::apply@157 (line 1105)
                      ; - net.fabricmc.loader.impl.lib.tinyremapper.TinyRemapper::lambda$apply$5@4 (line 939)
                      ; - net.fabricmc.loader.impl.lib.tinyremapper.TinyRemapper$$Lambda/0x0000020881236340::run@12
                      ; - java.util.concurrent.Executors$RunnableAdapter::call@4 (line 572)
                      ; - java.util.concurrent.FutureTask::run$$$capture@39 (line 317)
  0x00000208ef426e20: dcd7 17fe 

  0x00000208ef426e24: ;   {other}
  0x00000208ef426e24: 0f1f 8400 | 943a 003f | ba97 ffff | ff48 8b6c | 2470 4c8b | 5424 484c | 8954 2428 | 4c8b 5424 
  0x00000208ef426e44: 404c 8954 | 2430 448b | 5c24 5444 | 895c 2438 | 448b 5424 | 5844 8b5c | 2450 4489 | 5424 4444 
  0x00000208ef426e64: 895c 2448 | 4c8b 5424 | 604c 8954 | 2458 4c8b | 5424 684c | 8954 2460 | 4c8b 9424 | 8000 0000 
  0x00000208ef426e84: 4c89 5424 | 6844 8b94 | 24a0 0000 | 0044 8994 | 2488 0000 | 0048 8984 | 2490 0000 

  0x00000208ef426ea0: ;   {runtime_call UncommonTrapBlob}
  0x00000208ef426ea0: 0066 90e8 

  0x00000208ef426ea4: ; ImmutableOopMap {rbp=Oop [40]=Oop [48]=Oop [56]=NarrowOop [68]=NarrowOop [72]=NarrowOop [80]=NarrowOop [88]=Oop [96]=Oop [104]=Oop [144]=Oop [152]=Oop }
                      ;*athrow {reexecute=1 rethrow=0 return_oop=0}
                      ; - (reexecute) jdk.internal.util.Preconditions::checkIndex@15 (line 302)
                      ; - java.util.Objects::checkIndex@3 (line 385)
                      ; - java.util.ArrayList::get@5 (line 427)
                      ; - net.fabricmc.loader.impl.lib.tinyremapper.TinyRemapper::apply@157 (line 1105)
                      ; - net.fabricmc.loader.impl.lib.tinyremapper.TinyRemapper::lambda$apply$5@4 (line 939)
                      ; - net.fabricmc.loader.impl.lib.tinyremapper.TinyRemapper$$Lambda/0x0000020881236340::run@12
                      ; - java.util.concurrent.Executors$RunnableAdapter::call@4 (line 572)
                      ; - java.util.concurrent.FutureTask::run$$$capture@39 (line 317)
  0x00000208ef426ea4: 58d7 17fe 

  0x00000208ef426ea8: ;   {other}
  0x00000208ef426ea8: 0f1f 8400 | 183b 0040 | bade ffff | ff48 8b6c | 2470 4c8b | 9424 9000 | 0000 4c89 | 5424 284c 
  0x00000208ef426ec8: 8b54 2440 | 4c89 5424 | 3044 8b44 | 2454 4489 | 4424 3844 | 8b54 2458 | 448b 4424 | 5044 8944 
  0x00000208ef426ee8: 2440 4489 | 5424 444c | 8b54 2460 | 4c89 5424 | 584c 8b54 | 2468 4c89 | 5424 6044 | 895c 2470 
  0x00000208ef426f08: ;   {runtime_call UncommonTrapBlob}
  0x00000208ef426f08: 6666 90e8 

  0x00000208ef426f0c: ; ImmutableOopMap {rbp=Oop [40]=Oop [48]=Oop [56]=NarrowOop [64]=NarrowOop [68]=NarrowOop [88]=Oop [96]=Oop [112]=NarrowOop [128]=Oop [144]=Oop }
                      ;*checkcast {reexecute=0 rethrow=0 return_oop=0}
                      ; - net.fabricmc.loader.impl.lib.tinyremapper.TinyRemapper::apply@162 (line 1105)
                      ; - net.fabricmc.loader.impl.lib.tinyremapper.TinyRemapper::lambda$apply$5@4 (line 939)
                      ; - net.fabricmc.loader.impl.lib.tinyremapper.TinyRemapper$$Lambda/0x0000020881236340::run@12
                      ; - java.util.concurrent.Executors$RunnableAdapter::call@4 (line 572)
                      ; - java.util.concurrent.FutureTask::run$$$capture@39 (line 317)
  0x00000208ef426f0c: f0d6 17fe 

  0x00000208ef426f10: ;   {other}
  0x00000208ef426f10: 0f1f 8400 | 803b 0041 | e92b e4ff | ffba f6ff | ffff 488b | ef4c 896c 

  0x00000208ef426f28: ;   {runtime_call UncommonTrapBlob}
  0x00000208ef426f28: 2428 90e8 

  0x00000208ef426f2c: ; ImmutableOopMap {rbp=Oop [40]=Oop }
                      ;*invokeinterface run {reexecute=0 rethrow=0 return_oop=0}
                      ; - java.util.concurrent.Executors$RunnableAdapter::call@4 (line 572)
                      ; - java.util.concurrent.FutureTask::run$$$capture@39 (line 317)
  0x00000208ef426f2c: d0d6 17fe 

  0x00000208ef426f30: ;   {other}
  0x00000208ef426f30: 0f1f 8400 | a03b 0042 | baf6 ffff | ff48 897c | 2420 4c89 | 6c24 3048 | 895c 2438 | 4489 5c24 
  0x00000208ef426f50: 4889 4c24 | 4c48 8944 

  0x00000208ef426f58: ;   {runtime_call UncommonTrapBlob}
  0x00000208ef426f58: 2460 90e8 

  0x00000208ef426f5c: ; ImmutableOopMap {rbp=NarrowOop [32]=Oop [48]=Oop [56]=Oop [72]=NarrowOop [76]=NarrowOop [96]=Oop }
                      ;*getfield data {reexecute=1 rethrow=0 return_oop=0}
                      ; - (reexecute) net.fabricmc.loader.impl.lib.tinyremapper.TinyRemapper::apply@5 (line 1087)
                      ; - net.fabricmc.loader.impl.lib.tinyremapper.TinyRemapper::lambda$apply$5@4 (line 939)
                      ; - net.fabricmc.loader.impl.lib.tinyremapper.TinyRemapper$$Lambda/0x0000020881236340::run@12
                      ; - java.util.concurrent.Executors$RunnableAdapter::call@4 (line 572)
                      ; - java.util.concurrent.FutureTask::run$$$capture@39 (line 317)
  0x00000208ef426f5c: a0d6 17fe 

  0x00000208ef426f60: ;   {other}
  0x00000208ef426f60: 0f1f 8400 | d03b 0043 | baf6 ffff | ff48 897c | 2420 4c89 | 6c24 3048 | 895c 2438 | 4489 5c24 
  0x00000208ef426f80: 4889 4c24 | 4c89 4c24 | 5448 8944 | 2460 4889 

  0x00000208ef426f90: ;   {runtime_call UncommonTrapBlob}
  0x00000208ef426f90: 4424 68e8 

  0x00000208ef426f94: ; ImmutableOopMap {rbp=NarrowOop [32]=Oop [48]=Oop [56]=Oop [72]=NarrowOop [76]=NarrowOop [84]=NarrowOop [96]=Oop [104]=Oop }
                      ;*arraylength {reexecute=0 rethrow=0 return_oop=0}
                      ; - org.objectweb.asm.ClassReader::<init>@4 (line 166)
                      ; - net.fabricmc.loader.impl.lib.tinyremapper.TinyRemapper::apply@8 (line 1087)
                      ; - net.fabricmc.loader.impl.lib.tinyremapper.TinyRemapper::lambda$apply$5@4 (line 939)
                      ; - net.fabricmc.loader.impl.lib.tinyremapper.TinyRemapper$$Lambda/0x0000020881236340::run@12
                      ; - java.util.concurrent.Executors$RunnableAdapter::call@4 (line 572)
                      ; - java.util.concurrent.FutureTask::run$$$capture@39 (line 317)
  0x00000208ef426f94: 68d6 17fe 

  0x00000208ef426f98: ;   {other}
  0x00000208ef426f98: 0f1f 8400 | 083c 0044 | baf6 ffff | ff48 8b6c | 2470 4c8b | 9424 9000 | 0000 4c89 | 5424 284c 
  0x00000208ef426fb8: 8b54 2440 | 4c89 5424 | 3044 8b5c | 2454 4489 | 5c24 3844 | 8b54 2458 | 448b 5c24 | 5044 8954 
  0x00000208ef426fd8: 2444 4489 | 5c24 484c | 8b54 2460 | 4c89 5424 

  0x00000208ef426fe8: ;   {runtime_call UncommonTrapBlob}
  0x00000208ef426fe8: 5866 90e8 

  0x00000208ef426fec: ; ImmutableOopMap {rbp=Oop [40]=Oop [48]=Oop [56]=NarrowOop [68]=NarrowOop [72]=NarrowOop [80]=NarrowOop [88]=Oop [104]=Oop [144]=Oop }
                      ;*invokeinterface size {reexecute=0 rethrow=0 return_oop=0}
                      ; - net.fabricmc.loader.impl.lib.tinyremapper.TinyRemapper::apply@43 (line 1097)
                      ; - net.fabricmc.loader.impl.lib.tinyremapper.TinyRemapper::lambda$apply$5@4 (line 939)
                      ; - net.fabricmc.loader.impl.lib.tinyremapper.TinyRemapper$$Lambda/0x0000020881236340::run@12
                      ; - java.util.concurrent.Executors$RunnableAdapter::call@4 (line 572)
                      ; - java.util.concurrent.FutureTask::run$$$capture@39 (line 317)
  0x00000208ef426fec: 10d6 17fe 

  0x00000208ef426ff0: ;   {other}
  0x00000208ef426ff0: 0f1f 8400 | 603c 0045 | baf6 ffff | ff48 8b6c | 2470 4c8b | 9424 9000 | 0000 4c89 | 5424 284c 
  0x00000208ef427010: 8b54 2440 | 4c89 5424 | 3044 8b54 | 2454 4489 | 5424 3844 | 8b5c 2458 | 448b 5424 | 5044 8954 
  0x00000208ef427030: 2440 4489 | 5c24 444c | 8b54 2460 | 4c89 5424 | 584c 8b54 | 2468 4c89 | 5424 6044 | 8b54 2478 
  0x00000208ef427050: 4489 5424 | 544c 8b94 | 2480 0000 | 004c 8954 

  0x00000208ef427060: ;   {runtime_call UncommonTrapBlob}
  0x00000208ef427060: 2478 90e8 

  0x00000208ef427064: ; ImmutableOopMap {rbp=Oop [40]=Oop [48]=Oop [56]=NarrowOop [64]=NarrowOop [68]=NarrowOop [88]=Oop [96]=Oop [120]=Oop [144]=Oop }
                      ;*getfield remapper {reexecute=1 rethrow=0 return_oop=0}
                      ; - (reexecute) net.fabricmc.loader.impl.lib.tinyremapper.TinyRemapper::apply@101 (line 1101)
                      ; - net.fabricmc.loader.impl.lib.tinyremapper.TinyRemapper::lambda$apply$5@4 (line 939)
                      ; - net.fabricmc.loader.impl.lib.tinyremapper.TinyRemapper$$Lambda/0x0000020881236340::run@12
                      ; - java.util.concurrent.Executors$RunnableAdapter::call@4 (line 572)
                      ; - java.util.concurrent.FutureTask::run$$$capture@39 (line 317)
  0x00000208ef427064: 98d5 17fe 

  0x00000208ef427068: ;   {other}
  0x00000208ef427068: 0f1f 8400 | d83c 0046 | baf6 ffff | ff48 8b6c | 2470 4c8b | 9424 9000 | 0000 4c89 | 5424 284c 
  0x00000208ef427088: 8b54 2440 | 4c89 5424 | 3044 8b5c | 2454 4489 | 5c24 3844 | 8b54 2458 | 448b 5c24 | 5044 895c 
  0x00000208ef4270a8: 2440 458b | da44 895c | 2444 4c8b | 5424 604c | 8954 2458 | 4c8b 5424 | 684c 8954 

  0x00000208ef4270c4: ;   {runtime_call UncommonTrapBlob}
  0x00000208ef4270c4: 2460 90e8 

  0x00000208ef4270c8: ; ImmutableOopMap {rbp=Oop [40]=Oop [48]=Oop [56]=NarrowOop [64]=NarrowOop [68]=NarrowOop [88]=Oop [96]=Oop [128]=Oop [144]=Oop }
                      ;*invokeinterface size {reexecute=0 rethrow=0 return_oop=0}
                      ; - net.fabricmc.loader.impl.lib.tinyremapper.TinyRemapper::apply@137 (line 1104)
                      ; - net.fabricmc.loader.impl.lib.tinyremapper.TinyRemapper::lambda$apply$5@4 (line 939)
                      ; - net.fabricmc.loader.impl.lib.tinyremapper.TinyRemapper$$Lambda/0x0000020881236340::run@12
                      ; - java.util.concurrent.Executors$RunnableAdapter::call@4 (line 572)
                      ; - java.util.concurrent.FutureTask::run$$$capture@39 (line 317)
  0x00000208ef4270c8: 34d5 17fe 

  0x00000208ef4270cc: ;   {other}
  0x00000208ef4270cc: 0f1f 8400 | 3c3d 0047 | baf6 ffff | ff48 8b6c | 2470 4c8b | 9424 9000 | 0000 4c89 | 5424 284c 
  0x00000208ef4270ec: 8b54 2440 | 4c89 5424 | 3044 8b54 | 247c 4489 

  0x00000208ef4270fc: ;   {runtime_call UncommonTrapBlob}
  0x00000208ef4270fc: 5424 48e8 

  0x00000208ef427100: ; ImmutableOopMap {rbp=Oop [40]=Oop [48]=Oop [56]=Oop [72]=NarrowOop [84]=NarrowOop [124]=NarrowOop [144]=Oop }
                      ;*invokeinterface accept {reexecute=0 rethrow=0 return_oop=0}
                      ; - net.fabricmc.loader.impl.lib.tinyremapper.TinyRemapper::lambda$apply$5@7 (line 939)
                      ; - net.fabricmc.loader.impl.lib.tinyremapper.TinyRemapper$$Lambda/0x0000020881236340::run@12
                      ; - java.util.concurrent.Executors$RunnableAdapter::call@4 (line 572)
                      ; - java.util.concurrent.FutureTask::run$$$capture@39 (line 317)
  0x00000208ef427100: fcd4 17fe 

  0x00000208ef427104: ;   {other}
  0x00000208ef427104: 0f1f 8400 | 743d 0048 | baf6 ffff | ff48 8b6c | 2470 4c8b | 9424 9000 | 0000 4c89 | 5424 284c 
  0x00000208ef427124: 8b54 2440 | 4c89 5424 | 3044 8b5c | 2454 4489 | 5c24 4044 | 8b54 247c | 4c89 4c24 | 5044 8954 
  0x00000208ef427144: 2458 4489 

  0x00000208ef427148: ;   {runtime_call UncommonTrapBlob}
  0x00000208ef427148: 5424 5ce8 

  0x00000208ef42714c: ; ImmutableOopMap {rbp=Oop [40]=Oop [48]=Oop [56]=Oop [64]=NarrowOop [80]=Oop [88]=NarrowOop [92]=NarrowOop [144]=Oop }
                      ;*invokeinterface put {reexecute=0 rethrow=0 return_oop=0}
                      ; - net.fabricmc.loader.impl.lib.tinyremapper.TinyRemapper$$Lambda/0x000002088122d790::accept@12
                      ; - net.fabricmc.loader.impl.lib.tinyremapper.TinyRemapper::lambda$apply$5@7 (line 939)
                      ; - net.fabricmc.loader.impl.lib.tinyremapper.TinyRemapper$$Lambda/0x0000020881236340::run@12
                      ; - java.util.concurrent.Executors$RunnableAdapter::call@4 (line 572)
                      ; - java.util.concurrent.FutureTask::run$$$capture@39 (line 317)
  0x00000208ef42714c: b0d4 17fe 

  0x00000208ef427150: ;   {other}
  0x00000208ef427150: 0f1f 8400 | c03d 0049 | baf6 ffff | ff48 8b6c | 2470 4c8b | 9424 9000 | 0000 4c89 | 5424 284c 
  0x00000208ef427170: 8b54 2440 | 4c89 5424 | 3044 8b5c | 2454 4489 | 5c24 3844 | 8b54 2458 | 448b 5c24 | 5044 8954 
  0x00000208ef427190: 2444 4489 | 5c24 484c | 8b54 2460 | 4c89 5424 | 584c 8b54 | 2468 4c89 

  0x00000208ef4271a8: ;   {runtime_call UncommonTrapBlob}
  0x00000208ef4271a8: 5424 60e8 

  0x00000208ef4271ac: ; ImmutableOopMap {rbp=Oop [40]=Oop [48]=Oop [56]=NarrowOop [68]=NarrowOop [72]=NarrowOop [80]=NarrowOop [88]=Oop [96]=Oop [128]=Oop [144]=Oop }
                      ;*invokeinterface get {reexecute=0 rethrow=0 return_oop=0}
                      ; - net.fabricmc.loader.impl.lib.tinyremapper.TinyRemapper::apply@157 (line 1105)
                      ; - net.fabricmc.loader.impl.lib.tinyremapper.TinyRemapper::lambda$apply$5@4 (line 939)
                      ; - net.fabricmc.loader.impl.lib.tinyremapper.TinyRemapper$$Lambda/0x0000020881236340::run@12
                      ; - java.util.concurrent.Executors$RunnableAdapter::call@4 (line 572)
                      ; - java.util.concurrent.FutureTask::run$$$capture@39 (line 317)
  0x00000208ef4271ac: 50d4 17fe 

  0x00000208ef4271b0: ;   {other}
  0x00000208ef4271b0: 0f1f 8400 | 203e 004a | baf6 ffff | ff48 8b6c | 2470 4c8b | 9424 9000 | 0000 4c89 | 5424 284c 
  0x00000208ef4271d0: 8b54 2440 | 4c89 5424 | 3044 8b54 | 2454 4489 | 5424 3844 | 8b5c 2458 | 448b 5424 | 5044 8954 
  0x00000208ef4271f0: 2440 4489 | 5c24 444c | 8b54 2460 | 4c89 5424 | 584c 8b54 | 2468 4c89 | 5424 6044 | 8b5c 2478 
  0x00000208ef427210: 4489 5c24 | 544c 8b94 | 2480 0000 | 004c 8954 | 2478 448b | 9c24 a000 | 0000 458b | d344 8994 
  0x00000208ef427230: 2488 0000 | 0044 8984 | 2490 0000 

  0x00000208ef42723c: ;   {runtime_call UncommonTrapBlob}
  0x00000208ef42723c: 0066 90e8 

  0x00000208ef427240: ; ImmutableOopMap {rbp=Oop [40]=Oop [48]=Oop [56]=NarrowOop [64]=NarrowOop [68]=NarrowOop [88]=Oop [96]=Oop [120]=Oop [136]=NarrowOop [160]=NarrowOop [168]=Oop [176]=NarrowOop }
                      ;*getfield inputTagFilter {reexecute=1 rethrow=0 return_oop=0}
                      ; - (reexecute) net.fabricmc.loader.impl.lib.tinyremapper.extension.mixin.MixinExtension::access$300@1 (line 54)
                      ; - net.fabricmc.loader.impl.lib.tinyremapper.extension.mixin.MixinExtension$PreApplyVisitorProvider::insertApplyVisitor@61 (line 177)
                      ; - net.fabricmc.loader.impl.lib.tinyremapper.TinyRemapper::apply@172 (line 1105)
                      ; - net.fabricmc.loader.impl.lib.tinyremapper.TinyRemapper::lambda$apply$5@4 (line 939)
                      ; - net.fabricmc.loader.impl.lib.tinyremapper.TinyRemapper$$Lambda/0x0000020881236340::run@12
                      ; - java.util.concurrent.Executors$RunnableAdapter::call@4 (line 572)
                      ; - java.util.concurrent.FutureTask::run$$$capture@39 (line 317)
  0x00000208ef427240: bcd3 17fe 

  0x00000208ef427244: ;   {other}
  0x00000208ef427244: 0f1f 8400 | b43e 004b | baf6 ffff | ff48 8b6c | 2470 4c8b | 9424 9000 | 0000 4c89 | 5424 284c 
  0x00000208ef427264: 8b54 2440 | 4c89 5424 | 3044 8b5c | 2454 4489 | 5c24 3844 | 8b54 2458 | 448b 5c24 | 5044 895c 
  0x00000208ef427284: 2440 458b | da44 895c | 2444 4c8b | 5424 604c | 8954 2458 | 4c8b 5424 | 684c 8954 | 2460 448b 
  0x00000208ef4272a4: 5424 7844 | 8954 2454 | 4c8b 9424 | 8000 0000 | 4c89 5424 | 7844 8b94 | 24a0 0000 | 0044 8994 
  0x00000208ef4272c4: 2488 0000 | 0044 8984 | 2490 0000 | 0044 8b94 | 24b0 0000 | 0044 8994 | 2498 0000 

  0x00000208ef4272e0: ;   {runtime_call UncommonTrapBlob}
  0x00000208ef4272e0: 0066 90e8 

  0x00000208ef4272e4: ; ImmutableOopMap {rbp=Oop [40]=Oop [48]=Oop [56]=NarrowOop [64]=NarrowOop [68]=NarrowOop [88]=Oop [96]=Oop [120]=Oop [136]=NarrowOop [152]=NarrowOop [160]=NarrowOop [168]=Oop [176]=NarrowOop }
                      ;*invokeinterface test {reexecute=0 rethrow=0 return_oop=0}
                      ; - net.fabricmc.loader.impl.lib.tinyremapper.extension.mixin.MixinExtension$PreApplyVisitorProvider::insertApplyVisitor@66 (line 177)
                      ; - net.fabricmc.loader.impl.lib.tinyremapper.TinyRemapper::apply@172 (line 1105)
                      ; - net.fabricmc.loader.impl.lib.tinyremapper.TinyRemapper::lambda$apply$5@4 (line 939)
                      ; - net.fabricmc.loader.impl.lib.tinyremapper.TinyRemapper$$Lambda/0x0000020881236340::run@12
                      ; - java.util.concurrent.Executors$RunnableAdapter::call@4 (line 572)
                      ; - java.util.concurrent.FutureTask::run$$$capture@39 (line 317)
  0x00000208ef4272e4: 18d3 17fe 

  0x00000208ef4272e8: ;   {other}
  0x00000208ef4272e8: 0f1f 8400 | 583f 004c | baf6 ffff | ff48 8b6c | 2470 4c8b | 9424 9000 | 0000 4c89 | 5424 284c 
  0x00000208ef427308: 8b54 2440 | 4c89 5424 | 3044 8b54 | 2454 4489 | 5424 3844 | 8b5c 2458 | 448b 5424 | 5044 8954 
  0x00000208ef427328: 2440 4489 | 5c24 444c | 8b54 2460 | 4c89 5424 | 584c 8b54 | 2468 4c89 | 5424 6044 | 8b54 2478 
  0x00000208ef427348: 4489 5424 | 544c 8b94 | 2480 0000 | 004c 8954 | 2478 448b | 9424 a000 | 0000 4489 | 9424 8800 
  0x00000208ef427368: 0000 448b | 9424 a400 | 0000 4489 | 9424 8c00 | 0000 4489 | 8424 9000 | 0000 448b | 9424 b000 
  0x00000208ef427388: 0000 4489 | 9424 9400 

  0x00000208ef427390: ;   {runtime_call UncommonTrapBlob}
  0x00000208ef427390: 0000 90e8 

  0x00000208ef427394: ; ImmutableOopMap {rbp=Oop [40]=Oop [48]=Oop [56]=NarrowOop [64]=NarrowOop [68]=NarrowOop [88]=Oop [96]=Oop [120]=Oop [136]=NarrowOop [148]=NarrowOop [168]=Oop [184]=Oop }
                      ;*invokeinterface contains {reexecute=0 rethrow=0 return_oop=0}
                      ; - net.fabricmc.loader.impl.discovery.RuntimeModRemapper$$Lambda/0x0000020881221af8::test@8
                      ; - net.fabricmc.loader.impl.lib.tinyremapper.extension.mixin.MixinExtension$PreApplyVisitorProvider::insertApplyVisitor@66 (line 177)
                      ; - net.fabricmc.loader.impl.lib.tinyremapper.TinyRemapper::apply@172 (line 1105)
                      ; - net.fabricmc.loader.impl.lib.tinyremapper.TinyRemapper::lambda$apply$5@4 (line 939)
                      ; - net.fabricmc.loader.impl.lib.tinyremapper.TinyRemapper$$Lambda/0x0000020881236340::run@12
                      ; - java.util.concurrent.Executors$RunnableAdapter::call@4 (line 572)
                      ; - java.util.concurrent.FutureTask::run$$$capture@39 (line 317)
  0x00000208ef427394: 68d2 17fe 

  0x00000208ef427398: ;   {other}
  0x00000208ef427398: 0f1f 8400 | 0840 004d | baf6 ffff | ff48 8b6c | 2470 4c8b | 9424 9000 | 0000 4c89 | 5424 284c 
  0x00000208ef4273b8: 8b54 2440 | 4c89 5424 | 3044 8b5c | 2454 4489 | 5c24 3844 | 8b54 2458 | 448b 5c24 | 5044 895c 
  0x00000208ef4273d8: 2440 458b | da44 895c | 2444 4c8b | 5424 604c | 8954 2458 | 4c8b 5424 | 684c 8954 | 2460 448b 
  0x00000208ef4273f8: 5c24 7844 | 895c 2454 | 4c8b 9424 | 8000 0000 | 4c89 5424 | 784c 8b94 | 24a8 0000 | 004c 8994 
  0x00000208ef427418: 2480 0000 | 0044 8b9c | 24a0 0000 | 0045 8bd3 | 4489 9424 | 8800 0000 | 448b 9c24 | a400 0000 
  0x00000208ef427438: 4489 9c24 | 8c00 0000 | 4489 8424 | 9000 0000 | 448b 9c24 | b000 0000 | 458b d344 | 8994 24a0 
  0x00000208ef427458: 0000 0044 | 899c 24a4 

  0x00000208ef427460: ;   {runtime_call UncommonTrapBlob}
  0x00000208ef427460: 0000 00e8 

  0x00000208ef427464: ; ImmutableOopMap {rbp=Oop [40]=Oop [48]=Oop [56]=NarrowOop [64]=NarrowOop [68]=NarrowOop [88]=Oop [96]=Oop [120]=Oop [128]=Oop [136]=NarrowOop [160]=NarrowOop [164]=NarrowOop [184]=Oop [192]=Oop }
                      ;*invokevirtual containsKey {reexecute=0 rethrow=0 return_oop=0}
                      ; - java.util.HashSet::contains@5 (line 213)
                      ; - net.fabricmc.loader.impl.discovery.RuntimeModRemapper$$Lambda/0x0000020881221af8::test@8
                      ; - net.fabricmc.loader.impl.lib.tinyremapper.extension.mixin.MixinExtension$PreApplyVisitorProvider::insertApplyVisitor@66 (line 177)
                      ; - net.fabricmc.loader.impl.lib.tinyremapper.TinyRemapper::apply@172 (line 1105)
                      ; - net.fabricmc.loader.impl.lib.tinyremapper.TinyRemapper::lambda$apply$5@4 (line 939)
                      ; - net.fabricmc.loader.impl.lib.tinyremapper.TinyRemapper$$Lambda/0x0000020881236340::run@12
                      ; - java.util.concurrent.Executors$RunnableAdapter::call@4 (line 572)
                      ; - java.util.concurrent.FutureTask::run$$$capture@39 (line 317)
  0x00000208ef427464: 98d1 17fe 

  0x00000208ef427468: ;   {other}
  0x00000208ef427468: 0f1f 8400 | d840 004e | baf6 ffff | ff48 8b6c | 2470 4c8b | 9424 9000 | 0000 4c89 | 5424 284c 
  0x00000208ef427488: 8b54 2440 | 4c89 5424 | 3044 8b5c | 2454 4489 | 5c24 3844 | 8b54 2458 | 4489 5424 | 3c44 8b54 
  0x00000208ef4274a8: 2450 4489 | 5424 484c | 8b54 2460 | 4c89 5424 | 584c 8b54 | 2468 4c89 | 5424 604c | 8b94 2480 
  0x00000208ef4274c8: 0000 004c | 8954 2468 | 4c8b 9424 | 9800 0000 | 4c89 9424 | 8800 0000 

  0x00000208ef4274e0: ;   {runtime_call UncommonTrapBlob}
  0x00000208ef4274e0: 6666 90e8 

  0x00000208ef4274e4: ; ImmutableOopMap {rbp=Oop [40]=Oop [48]=Oop [56]=NarrowOop [60]=NarrowOop [72]=NarrowOop [80]=NarrowOop [88]=Oop [96]=Oop [104]=Oop [136]=Oop [144]=Oop [152]=Oop }
                      ;*aaload {reexecute=0 rethrow=0 return_oop=0}
                      ; - java.util.ArrayList::elementData@5 (line 411)
                      ; - java.util.ArrayList::get@11 (line 428)
                      ; - net.fabricmc.loader.impl.lib.tinyremapper.TinyRemapper::apply@157 (line 1105)
                      ; - net.fabricmc.loader.impl.lib.tinyremapper.TinyRemapper::lambda$apply$5@4 (line 939)
                      ; - net.fabricmc.loader.impl.lib.tinyremapper.TinyRemapper$$Lambda/0x0000020881236340::run@12
                      ; - java.util.concurrent.Executors$RunnableAdapter::call@4 (line 572)
                      ; - java.util.concurrent.FutureTask::run$$$capture@39 (line 317)
  0x00000208ef4274e4: 18d1 17fe 

  0x00000208ef4274e8: ;   {other}
  0x00000208ef4274e8: 0f1f 8400 | 5841 004f | baf4 ffff | ff48 8b6c | 2470 4c8b | 9424 9000 | 0000 4c89 | 5424 284c 
  0x00000208ef427508: 8b54 2440 | 4c89 5424 | 3044 8b54 | 2454 4489 | 5424 3844 | 8b5c 2458 | 448b 5424 | 5044 895c 
  0x00000208ef427528: 2444 4489 | 5424 484c | 8b54 2460 | 4c89 5424 | 584c 8b54 | 2468 4c89 

  0x00000208ef427540: ;   {runtime_call UncommonTrapBlob}
  0x00000208ef427540: 5424 60e8 

  0x00000208ef427544: ; ImmutableOopMap {rbp=Oop [40]=Oop [48]=Oop [56]=NarrowOop [68]=NarrowOop [72]=NarrowOop [80]=NarrowOop [88]=Oop [96]=Oop [128]=Oop [144]=Oop }
                      ;*checkcast {reexecute=0 rethrow=0 return_oop=0}
                      ; - net.fabricmc.loader.impl.lib.tinyremapper.TinyRemapper::apply@162 (line 1105)
                      ; - net.fabricmc.loader.impl.lib.tinyremapper.TinyRemapper::lambda$apply$5@4 (line 939)
                      ; - net.fabricmc.loader.impl.lib.tinyremapper.TinyRemapper$$Lambda/0x0000020881236340::run@12
                      ; - java.util.concurrent.Executors$RunnableAdapter::call@4 (line 572)
                      ; - java.util.concurrent.FutureTask::run$$$capture@39 (line 317)
  0x00000208ef427544: b8d0 17fe 

  0x00000208ef427548: ;   {other}
  0x00000208ef427548: 0f1f 8400 | b841 0050 | baf6 ffff | ff48 8b6c | 2470 4c8b | 9424 9000 | 0000 4c89 | 5424 284c 
  0x00000208ef427568: 8b54 2440 | 4c89 5424 | 3044 8b54 | 2454 4489 | 5424 3844 | 8b5c 2458 | 4489 5c24 | 4444 8944 
  0x00000208ef427588: 2448 4c8b | 5424 604c | 8954 2458 | 4c8b 5424 | 684c 8954 | 2460 448b | 5c24 7844 | 895c 2454 
  0x00000208ef4275a8: 4c8b 9424 | 8000 0000 | 4c89 5424 

  0x00000208ef4275b4: ;   {runtime_call UncommonTrapBlob}
  0x00000208ef4275b4: 7866 90e8 

  0x00000208ef4275b8: ; ImmutableOopMap {rbp=Oop [40]=Oop [48]=Oop [56]=NarrowOop [68]=NarrowOop [72]=NarrowOop [80]=NarrowOop [88]=Oop [96]=Oop [120]=Oop [144]=Oop [160]=NarrowOop [168]=Oop }
                      ;*getfield inputTagFilter {reexecute=1 rethrow=0 return_oop=0}
                      ; - (reexecute) net.fabricmc.loader.impl.lib.tinyremapper.extension.mixin.MixinExtension::access$300@1 (line 54)
                      ; - net.fabricmc.loader.impl.lib.tinyremapper.extension.mixin.MixinExtension$PreApplyVisitorProvider::insertApplyVisitor@15 (line 173)
                      ; - net.fabricmc.loader.impl.lib.tinyremapper.TinyRemapper::apply@172 (line 1105)
                      ; - net.fabricmc.loader.impl.lib.tinyremapper.TinyRemapper::lambda$apply$5@4 (line 939)
                      ; - net.fabricmc.loader.impl.lib.tinyremapper.TinyRemapper$$Lambda/0x0000020881236340::run@12
                      ; - java.util.concurrent.Executors$RunnableAdapter::call@4 (line 572)
                      ; - java.util.concurrent.FutureTask::run$$$capture@39 (line 317)
  0x00000208ef4275b8: 44d0 17fe 

  0x00000208ef4275bc: ;   {other}
  0x00000208ef4275bc: 0f1f 8400 | 2c42 0051 | ba45 ffff | ff48 8bef | 4489 4424 

  0x00000208ef4275d0: ;   {runtime_call UncommonTrapBlob}
  0x00000208ef4275d0: 2466 90e8 

  0x00000208ef4275d4: ; ImmutableOopMap {rbp=Oop [36]=NarrowOop }
                      ;*ifnull {reexecute=1 rethrow=0 return_oop=0}
                      ; - (reexecute) java.util.concurrent.FutureTask::run$$$capture@28 (line 313)
  0x00000208ef4275d4: 28d0 17fe 

  0x00000208ef4275d8: ;   {other}
  0x00000208ef4275d8: 0f1f 8400 | 4842 0052 | ba45 ffff | ff48 8b6c | 2470 4c8b | 9424 9000 | 0000 4c89 | 5424 284c 
  0x00000208ef4275f8: 8b54 2440 | 4c89 5424 | 3044 8b5c | 2454 4489 | 5c24 3844 | 8b54 2458 | 4489 5424 | 4444 8944 
  0x00000208ef427618: 2448 4c8b | 5424 604c | 8954 2458 | 4c8b 5424 | 684c 8954 | 2460 448b | 5c24 7844 | 895c 2454 
  0x00000208ef427638: 4c8b 9424 | 8000 0000 | 4c89 5424 | 7844 8b9c | 24a0 0000 | 0045 8bd3 | 4489 9424 | 8800 0000 
  0x00000208ef427658: ;   {runtime_call UncommonTrapBlob}
  0x00000208ef427658: 6666 90e8 

  0x00000208ef42765c: ; ImmutableOopMap {rbp=Oop [40]=Oop [48]=Oop [56]=NarrowOop [68]=NarrowOop [72]=NarrowOop [80]=NarrowOop [88]=Oop [96]=Oop [120]=Oop [136]=NarrowOop [144]=Oop [160]=NarrowOop [168]=Oop }
                      ;*ifnonnull {reexecute=1 rethrow=0 return_oop=0}
                      ; - (reexecute) net.fabricmc.loader.impl.lib.tinyremapper.extension.mixin.MixinExtension$PreApplyVisitorProvider::insertApplyVisitor@22 (line 173)
                      ; - net.fabricmc.loader.impl.lib.tinyremapper.TinyRemapper::apply@172 (line 1105)
                      ; - net.fabricmc.loader.impl.lib.tinyremapper.TinyRemapper::lambda$apply$5@4 (line 939)
                      ; - net.fabricmc.loader.impl.lib.tinyremapper.TinyRemapper$$Lambda/0x0000020881236340::run@12
                      ; - java.util.concurrent.Executors$RunnableAdapter::call@4 (line 572)
                      ; - java.util.concurrent.FutureTask::run$$$capture@39 (line 317)
  0x00000208ef42765c: a0cf 17fe 

  0x00000208ef427660: ;   {other}
  0x00000208ef427660: 0f1f 8400 | d042 0053 | baf6 ffff | ff48 8b6c | 2470 4c8b | 9424 9000 | 0000 4c89 | 5424 284c 
  0x00000208ef427680: 8b54 2440 | 4c89 5424 | 3044 8b5c | 2454 4489 | 5c24 3844 | 8b54 2458 | 448b 5c24 | 5044 895c 
  0x00000208ef4276a0: 2440 4489 | 5424 444c | 8b54 2460 | 4c89 5424 | 584c 8b54 | 2468 4c89 | 5424 6044 | 8b54 2478 
  0x00000208ef4276c0: 4489 5424 | 544c 8b94 | 24b8 0000 | 004c 8994 | 2490 0000 

  0x00000208ef4276d4: ;   {runtime_call UncommonTrapBlob}
  0x00000208ef4276d4: 0066 90e8 

  0x00000208ef4276d8: ; ImmutableOopMap {rbp=Oop [40]=Oop [48]=Oop [56]=NarrowOop [64]=NarrowOop [68]=NarrowOop [88]=Oop [96]=Oop [128]=Oop [144]=Oop [160]=NarrowOop [168]=Oop [176]=NarrowOop [180]=NarrowOop [192]=Oop }
                      ;*getfield logger {reexecute=1 rethrow=0 return_oop=0}
                      ; - (reexecute) net.fabricmc.loader.impl.lib.tinyremapper.extension.mixin.MixinExtension::access$400@1 (line 54)
                      ; - net.fabricmc.loader.impl.lib.tinyremapper.extension.mixin.MixinExtension$PreApplyVisitorProvider::insertApplyVisitor@18 (line 166)
                      ; - net.fabricmc.loader.impl.lib.tinyremapper.extension.mixin.MixinExtension$PreApplyVisitorProvider::insertApplyVisitor@77 (line 178)
                      ; - net.fabricmc.loader.impl.lib.tinyremapper.TinyRemapper::apply@172 (line 1105)
                      ; - net.fabricmc.loader.impl.lib.tinyremapper.TinyRemapper::lambda$apply$5@4 (line 939)
                      ; - net.fabricmc.loader.impl.lib.tinyremapper.TinyRemapper$$Lambda/0x0000020881236340::run@12
                      ; - java.util.concurrent.Executors$RunnableAdapter::call@4 (line 572)
                      ; - java.util.concurrent.FutureTask::run$$$capture@39 (line 317)
  0x00000208ef4276d8: 24cf 17fe 

  0x00000208ef4276dc: ;   {other}
  0x00000208ef4276dc: 0f1f 8400 | 4c43 0054 | e95f dcff | ffe9 5adc | ffff e955 | dcff ffe9 | 50dc ffff | e94b dcff 
  0x00000208ef4276fc: ff66 6690 | e943 dcff | ffe9 3edc | ffff e939 | dcff ffe9 | 34dc ffff | e92f dcff | ffe9 2adc 
  0x00000208ef42771c: ffff 6690 | e923 dcff | ffe9 1edc | ffff e919 | dcff ffe9 | 14dc ffff | e90f dcff | ffe9 0adc 
  0x00000208ef42773c: ffff 6690 | e903 dcff | ffe9 fedb | ffff e9f9 | dbff ff49 | 8bd7 49ba | d0ca e968 | ff7f 0000 
  0x00000208ef42775c: ;   {other}
  0x00000208ef42775c: 41ff d20f | 1f84 0000 | 0000 00eb | 2a48 8bd0 | e964 0000 | 0048 8944 | 2420 eb07 | eb00 4889 
  0x00000208ef42777c: 4424 2090 | 4180 7f40 | 000f 8557 | 0000 0048 | 8b9c 2488 | 0000 0044 | 8923 f083 | 4424 c000 
  0x00000208ef42779c: 4c8b 5424 | 7041 8b6a | 0c83 fd05 | 7c16 488b | 5424 7044 

  0x00000208ef4277b0: ;   {optimized virtual_call}
  0x00000208ef4277b0: 8bc5 90e8 

  0x00000208ef4277b4: ; ImmutableOopMap {[32]=Oop [112]=Oop }
                      ;*invokevirtual handlePossibleCancellationInterrupt {reexecute=0 rethrow=0 return_oop=0}
                      ; - java.util.concurrent.FutureTask::run$$$capture@116 (line 335)
  0x00000208ef4277b4: c872 17fe 

  0x00000208ef4277b8: ;   {other}
  0x00000208ef4277b8: 0f1f 8400 | 2844 0055 | 458b 97dc | 0500 0045 | 85d2 0f85 | 4f00 0000 | 488b 5424 | 2048 81c4 
  0x00000208ef4277d8: 5001 0000 

  0x00000208ef4277dc: ;   {runtime_call _rethrow_Java}
  0x00000208ef4277dc: 5de9 9eba | 25fe 488b | 9c24 8800 | 0000 448b | 1b45 85db | 74a1 4d8b | 5728 498b | cb48 c1e1 
  0x00000208ef4277fc: 0366 6690 | 4d85 d20f | 8446 ffff | ff4d 8b5f | 384b 894c | 13f8 4983 | c2f8 4d89 | 5728 e974 
  0x00000208ef42781c: ffff ffba | 97ff ffff 

  0x00000208ef427824: ;   {runtime_call UncommonTrapBlob}
  0x00000208ef427824: 6666 90e8 

  0x00000208ef427828: ; ImmutableOopMap {[32]=Oop [112]=Oop }
                      ;*athrow {reexecute=1 rethrow=0 return_oop=0}
                      ; - (reexecute) java.util.concurrent.FutureTask::run$$$capture@121 (line 336)
  0x00000208ef427828: d4cd 17fe 

  0x00000208ef42782c: ;   {other}
  0x00000208ef42782c: 0f1f 8400 | 9c44 0056 

  0x00000208ef427834: ;   {internal_word}
  0x00000208ef427834: 49ba e145 | 42ef 0802 | 0000 4d89 | 9760 0400 

  0x00000208ef427844: ;   {runtime_call SafepointBlob}
  0x00000208ef427844: 00e9 36da 

  0x00000208ef427848: ;   {runtime_call StubRoutines (final stubs)}
  0x00000208ef427848: 17fe e891 | d415 fee9 | cabf ffff | f4f4 f4f4 
[Stub Code]
  0x00000208ef427858: ;   {no_reloc}
  0x00000208ef427858: 48bb 0000 | 0000 0000 

  0x00000208ef427860: ;   {runtime_call nmethod}
  0x00000208ef427860: 0000 e9fb 

  0x00000208ef427864: ;   {static_stub}
  0x00000208ef427864: ffff ff48 | bb00 0000 | 0000 0000 

  0x00000208ef427870: ;   {runtime_call nmethod}
  0x00000208ef427870: 00e9 fbff 

  0x00000208ef427874: ;   {static_stub}
  0x00000208ef427874: ffff 48bb | 0000 0000 | 0000 0000 

  0x00000208ef427880: ;   {runtime_call nmethod}
  0x00000208ef427880: e9fb ffff 

  0x00000208ef427884: ;   {static_stub}
  0x00000208ef427884: ff48 bb00 | 0000 0000 

  0x00000208ef42788c: ;   {runtime_call nmethod}
  0x00000208ef42788c: 0000 00e9 | fbff ffff 

  0x00000208ef427894: ;   {static_stub}
  0x00000208ef427894: 48bb 0000 | 0000 0000 

  0x00000208ef42789c: ;   {runtime_call nmethod}
  0x00000208ef42789c: 0000 e9fb 

  0x00000208ef4278a0: ;   {static_stub}
  0x00000208ef4278a0: ffff ff48 | bb00 0000 | 0000 0000 

  0x00000208ef4278ac: ;   {runtime_call nmethod}
  0x00000208ef4278ac: 00e9 fbff 

  0x00000208ef4278b0: ;   {static_stub}
  0x00000208ef4278b0: ffff 48bb | 0000 0000 | 0000 0000 

  0x00000208ef4278bc: ;   {runtime_call nmethod}
  0x00000208ef4278bc: e9fb ffff 

  0x00000208ef4278c0: ;   {static_stub}
  0x00000208ef4278c0: ff48 bb00 | 0000 0000 

  0x00000208ef4278c8: ;   {runtime_call nmethod}
  0x00000208ef4278c8: 0000 00e9 | fbff ffff 

  0x00000208ef4278d0: ;   {static_stub}
  0x00000208ef4278d0: 48bb 0000 | 0000 0000 

  0x00000208ef4278d8: ;   {runtime_call nmethod}
  0x00000208ef4278d8: 0000 e9fb 

  0x00000208ef4278dc: ;   {static_stub}
  0x00000208ef4278dc: ffff ff48 | bb00 0000 | 0000 0000 

  0x00000208ef4278e8: ;   {runtime_call nmethod}
  0x00000208ef4278e8: 00e9 fbff 

  0x00000208ef4278ec: ;   {static_stub}
  0x00000208ef4278ec: ffff 48bb | 0000 0000 | 0000 0000 

  0x00000208ef4278f8: ;   {runtime_call nmethod}
  0x00000208ef4278f8: e9fb ffff 

  0x00000208ef4278fc: ;   {runtime_call ExceptionBlob}
  0x00000208ef4278fc: ffe9 7e51 | 25fe e800 | 0000 0048 | 832c 2405 

  0x00000208ef42790c: ;   {runtime_call DeoptimizationBlob}
  0x00000208ef42790c: e98f d217 | fef4 f4f4 | f4f4 f4f4 
[/MachCode]


---------------  P R O C E S S  ---------------

Threads class SMR info:
_java_thread_list=0x000002097e330350, length=83, elements={
0x00000208db6cd920, 0x00000208fb0a42f0, 0x00000208fb0a5100, 0x00000208fb0ac6a0,
0x00000208fb0ad0f0, 0x00000208fb0ae2e0, 0x00000208fb0b0610, 0x00000208fb0b6170,
0x00000208fb0b9760, 0x00000208c50a8260, 0x00000208c52b2c80, 0x00000208c52b7260,
0x00000208c52d7060, 0x00000208c533ced0, 0x00000208c5545740, 0x00000208cc6b7840,
0x00000208cc6b5770, 0x00000208c8bd89c0, 0x00000208d0789ef0, 0x00000208d078c650,
0x00000208d49744d0, 0x00000208d4976c30, 0x00000208d49772c0, 0x00000208d4973e40,
0x00000208d4978670, 0x00000208d497c810, 0x00000208d497f600, 0x00000208d497c180,
0x00000208d4978d00, 0x00000208d4a90100, 0x00000208d4a95ce0, 0x00000208d4a942a0,
0x00000208fb4883e0, 0x00000208d4a91b40, 0x00000208d4975f10, 0x0000020909e23a30,
0x0000020909e1d7c0, 0x0000020909e26190, 0x0000020909e3a320, 0x000002090a87bf20,
0x00000208fb490db0, 0x00000208fb493ba0, 0x000002090a87a4e0, 0x000002090a874900,
0x000002090a885610, 0x000002090a879e50, 0x0000020955006690, 0x0000020955007a40,
0x000002095500cf90, 0x0000020955005970, 0x000002095501c8f0, 0x000002095501dca0,
0x0000020955008760, 0x0000020909e33390, 0x0000020909e33a20, 0x0000020909e34740,
0x000002090a87dff0, 0x000002090a877060, 0x000002095500fd80, 0x0000020955015ff0,
0x00000208fb48c580, 0x00000208fb48dfc0, 0x00000208fb487030, 0x00000208fb48cc10,
0x00000208fb48e650, 0x00000208fb48b860, 0x00000208fb488a70, 0x00000208fb487d50,
0x00000208fb48fa00, 0x00000208fb490090, 0x00000208fb489100, 0x00000208fb489790,
0x00000208fb493510, 0x00000208fb496300, 0x00000208fb494230, 0x00000208fb4948c0,
0x0000020906b5c860, 0x000002095ff30960, 0x000002095ff302d0, 0x000002095fb2da00,
0x00000208d0888ce0, 0x000002090a889120, 0x000002090a88e670
}

Java Threads: ( => current thread )
  0x00000208db6cd920 JavaThread "Render thread"                     [_thread_in_native, id=5104, stack(0x00000070cfa00000,0x00000070cfb00000) (1024K)]
  0x00000208fb0a42f0 JavaThread "Reference Handler"          daemon [_thread_blocked, id=5468, stack(0x00000070d0200000,0x00000070d0300000) (1024K)]
  0x00000208fb0a5100 JavaThread "Finalizer"                  daemon [_thread_blocked, id=8376, stack(0x00000070d0300000,0x00000070d0400000) (1024K)]
  0x00000208fb0ac6a0 JavaThread "Signal Dispatcher"          daemon [_thread_blocked, id=6984, stack(0x00000070d0400000,0x00000070d0500000) (1024K)]
  0x00000208fb0ad0f0 JavaThread "Attach Listener"            daemon [_thread_blocked, id=9388, stack(0x00000070d0500000,0x00000070d0600000) (1024K)]
  0x00000208fb0ae2e0 JavaThread "Service Thread"             daemon [_thread_blocked, id=4444, stack(0x00000070d0600000,0x00000070d0700000) (1024K)]
  0x00000208fb0b0610 JavaThread "Monitor Deflation Thread"   daemon [_thread_blocked, id=3964, stack(0x00000070d0700000,0x00000070d0800000) (1024K)]
  0x00000208fb0b6170 JavaThread "C2 CompilerThread0"         daemon [_thread_blocked, id=3720, stack(0x00000070d0800000,0x00000070d0900000) (1024K)]
  0x00000208fb0b9760 JavaThread "C1 CompilerThread0"         daemon [_thread_blocked, id=8224, stack(0x00000070d0900000,0x00000070d0a00000) (1024K)]
  0x00000208c50a8260 JavaThread "Common-Cleaner"             daemon [_thread_blocked, id=944, stack(0x00000070d0a00000,0x00000070d0b00000) (1024K)]
  0x00000208c52b2c80 JavaThread "JDWP Transport Listener: dt_socket" daemon [_thread_blocked, id=8732, stack(0x00000070d0b00000,0x00000070d0c00000) (1024K)]
  0x00000208c52b7260 JavaThread "JDWP Event Helper Thread"   daemon [_thread_blocked, id=7572, stack(0x00000070d0c00000,0x00000070d0d00000) (1024K)]
  0x00000208c52d7060 JavaThread "JDWP Command Reader"        daemon [_thread_in_native, id=4596, stack(0x00000070d0d00000,0x00000070d0e00000) (1024K)]
  0x00000208c533ced0 JavaThread "IntelliJ Suspend Helper"    daemon [_thread_blocked, id=8388, stack(0x00000070d0e00000,0x00000070d0f00000) (1024K)]
  0x00000208c5545740 JavaThread "Notification Thread"        daemon [_thread_blocked, id=7140, stack(0x00000070d0f00000,0x00000070d1000000) (1024K)]
  0x00000208cc6b7840 JavaThread "c2me-worker-0"              daemon [_thread_blocked, id=3840, stack(0x00000070d1400000,0x00000070d1500000) (1024K)]
  0x00000208cc6b5770 JavaThread "c2me-sched"                 daemon [_thread_blocked, id=4276, stack(0x00000070d1500000,0x00000070d1600000) (1024K)]
  0x00000208c8bd89c0 JavaThread "JNA Cleaner"                daemon [_thread_blocked, id=3968, stack(0x00000070d1c00000,0x00000070d1d00000) (1024K)]
  0x00000208d0789ef0 JavaThread "Timer hack thread"          daemon [_thread_blocked, id=7304, stack(0x00000070d1b00000,0x00000070d1c00000) (1024K)]
  0x00000208d078c650 JavaThread "Yggdrasil Key Fetcher"      daemon [_thread_blocked, id=9568, stack(0x00000070d1e00000,0x00000070d1f00000) (1024K)]
  0x00000208d49744d0 JavaThread "FileSystemWatchService"     daemon [_thread_in_native, id=3472, stack(0x00000070d2500000,0x00000070d2600000) (1024K)]
  0x00000208d4976c30 JavaThread "HttpClient-1-SelectorManager" daemon [_thread_in_native, id=9412, stack(0x00000070d2700000,0x00000070d2800000) (1024K)]
  0x00000208d49772c0 JavaThread "Java2D Disposer"            daemon [_thread_blocked, id=9500, stack(0x00000070d2800000,0x00000070d2900000) (1024K)]
  0x00000208d4973e40 JavaThread "AWT-Windows"                daemon [_thread_in_native, id=9348, stack(0x00000070d2a00000,0x00000070d2b00000) (1024K)]
  0x00000208d4978670 JavaThread "Read-Poller"                daemon [_thread_in_native, id=4792, stack(0x00000070d3200000,0x00000070d3300000) (1024K)]
  0x00000208d497c810 JavaThread "Read-Updater"               daemon [_thread_blocked, id=1212, stack(0x00000070d3300000,0x00000070d3400000) (1024K)]
  0x00000208d497f600 JavaThread "Write-Poller"               daemon [_thread_in_native, id=6756, stack(0x00000070d3400000,0x00000070d3500000) (1024K)]
  0x00000208d497c180 JavaThread "Write-Updater"              daemon [_thread_blocked, id=1484, stack(0x00000070d3500000,0x00000070d3600000) (1024K)]
  0x00000208d4978d00 JavaThread "HttpClient-2-SelectorManager" daemon [_thread_in_native, id=7400, stack(0x00000070d3600000,0x00000070d3700000) (1024K)]
  0x00000208d4a90100 JavaThread "FileSystemWatchService"     daemon [_thread_in_native, id=2640, stack(0x00000070d3900000,0x00000070d3a00000) (1024K)]
  0x00000208d4a95ce0 JavaThread "config-file-watcher-0-0"    daemon [_thread_blocked, id=5928, stack(0x00000070d3a00000,0x00000070d3b00000) (1024K)]
  0x00000208d4a942a0 JavaThread "IAS"                               [_thread_blocked, id=4532, stack(0x00000070d3d00000,0x00000070d3e00000) (1024K)]
  0x00000208fb4883e0 JavaThread "CullThread"                        [_thread_blocked, id=1536, stack(0x00000070d4900000,0x00000070d4a00000) (1024K)]
  0x00000208d4a91b40 JavaThread "RxCachedWorkerPoolEvictor-1" daemon [_thread_blocked, id=5332, stack(0x00000070d2e00000,0x00000070d2f00000) (1024K)]
  0x00000208d4975f10 JavaThread "ThreadStateHolderCleaner"   daemon [_thread_blocked, id=3216, stack(0x00000070d4700000,0x00000070d4800000) (1024K)]
  0x0000020909e23a30 JavaThread "Netty Server IO #0"         daemon [_thread_in_native, id=4768, stack(0x00000070d5300000,0x00000070d5400000) (1024K)]
  0x0000020909e1d7c0 JavaThread "Netty Local Client IO #0"   daemon [_thread_blocked, id=9480, stack(0x00000070d5400000,0x00000070d5500000) (1024K)]
  0x0000020909e26190 JavaThread "Netty Server IO #1"         daemon [_thread_in_native, id=1824, stack(0x00000070d5500000,0x00000070d5600000) (1024K)]
  0x0000020909e3a320 JavaThread "pool-19-thread-1"                  [_thread_blocked, id=2180, stack(0x00000070d5b00000,0x00000070d5c00000) (1024K)]
=>0x000002090a87bf20 JavaThread "pool-5-thread-1"                   [_thread_in_native, id=9644, stack(0x00000070d5f00000,0x00000070d6000000) (1024K)]
  0x00000208fb490db0 JavaThread "Server Pinger #0"           daemon [_thread_blocked, id=11080, stack(0x00000070d2900000,0x00000070d2a00000) (1024K)]
  0x00000208fb493ba0 JavaThread "Jndi-Dns-address-change-listener" daemon [_thread_in_native, id=2596, stack(0x00000070d2b00000,0x00000070d2c00000) (1024K)]
  0x000002090a87a4e0 JavaThread "Netty Client IO #0"         daemon [_thread_in_native, id=1240, stack(0x00000070d3100000,0x00000070d3200000) (1024K)]
  0x000002090a874900 JavaThread "Netty Client IO #1"         daemon [_thread_in_native, id=4204, stack(0x00000070d3700000,0x00000070d3800000) (1024K)]
  0x000002090a885610 JavaThread "pool-19-thread-2"                  [_thread_blocked, id=10276, stack(0x00000070d2600000,0x00000070d2700000) (1024K)]
  0x000002090a879e50 JavaThread "Netty Client IO #2"         daemon [_thread_in_native, id=2644, stack(0x00000070d2c00000,0x00000070d2d00000) (1024K)]
  0x0000020955006690 JavaThread "Server Pinger #1"           daemon [_thread_blocked, id=1556, stack(0x00000070d2d00000,0x00000070d2e00000) (1024K)]
  0x0000020955007a40 JavaThread "Netty Client IO #3"         daemon [_thread_in_native, id=11136, stack(0x00000070d2f00000,0x00000070d3000000) (1024K)]
  0x000002095500cf90 JavaThread "Netty Client IO #4"         daemon [_thread_in_native, id=9168, stack(0x00000070d3800000,0x00000070d3900000) (1024K)]
  0x0000020955005970 JavaThread "Netty Client IO #5"         daemon [_thread_in_native, id=1860, stack(0x00000070d3b00000,0x00000070d3c00000) (1024K)]
  0x000002095501c8f0 JavaThread "Netty Client IO #6"         daemon [_thread_in_native, id=10800, stack(0x00000070d3000000,0x00000070d3100000) (1024K)]
  0x000002095501dca0 JavaThread "Netty Client IO #7"         daemon [_thread_in_native, id=2192, stack(0x00000070d1f00000,0x00000070d2000000) (1024K)]
  0x0000020955008760 JavaThread "Server Pinger #2"           daemon [_thread_blocked, id=3956, stack(0x00000070d5200000,0x00000070d5300000) (1024K)]
  0x0000020909e33390 JavaThread "Server thread"                     [_thread_blocked, id=3244, stack(0x00000070d2400000,0x00000070d2500000) (1024K)]
  0x0000020909e33a20 JavaThread "C2ME Storage #10"           daemon [_thread_blocked, id=1092, stack(0x00000070d4300000,0x00000070d4400000) (1024K)]
  0x0000020909e34740 JavaThread "C2ME Storage #11"           daemon [_thread_blocked, id=10936, stack(0x00000070d4c00000,0x00000070d4d00000) (1024K)]
  0x000002090a87dff0 JavaThread "C2ME Storage #12"           daemon [_thread_blocked, id=7520, stack(0x00000070d5000000,0x00000070d5100000) (1024K)]
  0x000002090a877060 JavaThread "chunksystem-minecraft_overworld"        [_thread_blocked, id=4484, stack(0x00000070d5100000,0x00000070d5200000) (1024K)]
  0x000002095500fd80 JavaThread "C2ME Storage #13"           daemon [_thread_blocked, id=8392, stack(0x00000070d5700000,0x00000070d5800000) (1024K)]
  0x0000020955015ff0 JavaThread "C2ME Storage #14"           daemon [_thread_blocked, id=11256, stack(0x00000070d5800000,0x00000070d5900000) (1024K)]
  0x00000208fb48c580 JavaThread "C2ME Storage #15"           daemon [_thread_blocked, id=5036, stack(0x00000070d5900000,0x00000070d5a00000) (1024K)]
  0x00000208fb48dfc0 JavaThread "chunksystem-minecraft_the_end"        [_thread_blocked, id=5428, stack(0x00000070d5c00000,0x00000070d5d00000) (1024K)]
  0x00000208fb487030 JavaThread "C2ME Storage #16"           daemon [_thread_blocked, id=916, stack(0x00000070d5d00000,0x00000070d5e00000) (1024K)]
  0x00000208fb48cc10 JavaThread "C2ME Storage #17"           daemon [_thread_blocked, id=8344, stack(0x00000070d6000000,0x00000070d6100000) (1024K)]
  0x00000208fb48e650 JavaThread "C2ME Storage #18"           daemon [_thread_blocked, id=8316, stack(0x00000070d6100000,0x00000070d6200000) (1024K)]
  0x00000208fb48b860 JavaThread "chunksystem-minecraft_the_nether"        [_thread_blocked, id=9956, stack(0x00000070d6200000,0x00000070d6300000) (1024K)]
  0x00000208fb488a70 JavaThread "minecraft_overworld - Light" daemon [_thread_blocked, id=2308, stack(0x00000070d2000000,0x00000070d2100000) (1024K)]
  0x00000208fb487d50 JavaThread "ForkJoinPool-4-worker-25"   daemon [_thread_blocked, id=1300, stack(0x00000070d6400000,0x00000070d6500000) (1024K)]
  0x00000208fb48fa00 JavaThread "ModernFix integrated server watchdog" daemon [_thread_blocked, id=10680, stack(0x00000070d6500000,0x00000070d6600000) (1024K)]
  0x00000208fb490090 JavaThread "Netty Server IO #2"         daemon [_thread_in_native, id=10664, stack(0x00000070d6600000,0x00000070d6700000) (1024K)]
  0x00000208fb489100 JavaThread "Netty Local Client IO #1"   daemon [_thread_blocked, id=1640, stack(0x00000070d6700000,0x00000070d6800000) (1024K)]
  0x00000208fb489790 JavaThread "ForkJoinPool-4-worker-26"   daemon [_thread_blocked, id=8984, stack(0x00000070d6800000,0x00000070d6900000) (1024K)]
  0x00000208fb493510 JavaThread "Netty Server IO #3"         daemon [_thread_in_native, id=11236, stack(0x00000070d6900000,0x00000070d6a00000) (1024K)]
  0x00000208fb496300 JavaThread "ForkJoinPool-4-worker-27"   daemon [_thread_blocked, id=10628, stack(0x00000070d6a00000,0x00000070d6b00000) (1024K)]
  0x00000208fb494230 JavaThread "Sound engine"               daemon [_thread_blocked, id=4500, stack(0x00000070d1700000,0x00000070d1800000) (1024K)]
  0x00000208fb4948c0 JavaThread "Chunk Render Task Executor #0"        [_thread_blocked, id=4872, stack(0x00000070d6b00000,0x00000070d6c00000) (1024K)]
  0x0000020906b5c860 JavaThread "Worker-Main-38"             daemon [_thread_blocked, id=11064, stack(0x00000070d2300000,0x00000070d2400000) (1024K)]
  0x000002095ff30960 JavaThread "Worker-Main-39"             daemon [_thread_blocked, id=3228, stack(0x00000070d1600000,0x00000070d1700000) (1024K)]
  0x000002095ff302d0 JavaThread "Worker-Main-40"             daemon [_thread_blocked, id=5020, stack(0x00000070d2100000,0x00000070d2200000) (1024K)]
  0x000002095fb2da00 JavaThread "ForkJoinPool-4-worker-29"   daemon [_thread_blocked, id=4584, stack(0x00000070d4a00000,0x00000070d4b00000) (1024K)]
  0x00000208d0888ce0 JavaThread "Download-43"                daemon [_thread_blocked, id=3324, stack(0x00000070d4d00000,0x00000070d4e00000) (1024K)]
  0x000002090a889120 JavaThread "IO-Worker-18"                      [_thread_blocked, id=8352, stack(0x00000070d4f00000,0x00000070d5000000) (1024K)]
  0x000002090a88e670 JavaThread "ForkJoinPool.commonPool-worker-53" daemon [_thread_blocked, id=4488, stack(0x00000070d6c00000,0x00000070d6d00000) (1024K)]
Total: 83

Other Threads:
  0x00000208db69cc30 VMThread "VM Thread"                           [id=5656, stack(0x00000070d0100000,0x00000070d0200000) (1024K)]
  0x00000208fb078870 WatcherThread "VM Periodic Task Thread"        [id=5972, stack(0x00000070d0000000,0x00000070d0100000) (1024K)]
  0x00000208db69c890 WorkerThread "GC Thread#0"                     [id=1268, stack(0x00000070cfb00000,0x00000070cfc00000) (1024K)]
  0x00000208c5a03530 WorkerThread "GC Thread#1"                     [id=5600, stack(0x00000070d1100000,0x00000070d1200000) (1024K)]
  0x00000208c5a00270 WorkerThread "GC Thread#2"                     [id=4372, stack(0x00000070d1200000,0x00000070d1300000) (1024K)]
  0x00000208c5a01830 WorkerThread "GC Thread#3"                     [id=9924, stack(0x00000070d1300000,0x00000070d1400000) (1024K)]
  0x00000208dd998570 ConcurrentGCThread "G1 Main Marker"            [id=3892, stack(0x00000070cfc00000,0x00000070cfd00000) (1024K)]
  0x00000208db69c4f0 WorkerThread "G1 Conc#0"                       [id=7752, stack(0x00000070cfd00000,0x00000070cfe00000) (1024K)]
  0x00000208faf4d120 ConcurrentGCThread "G1 Refine#0"               [id=3240, stack(0x00000070cfe00000,0x00000070cff00000) (1024K)]
  0x00000208c77deb00 ConcurrentGCThread "G1 Refine#1"               [id=2056, stack(0x00000070d1800000,0x00000070d1900000) (1024K)]
  0x00000208c77dde10 ConcurrentGCThread "G1 Refine#2"               [id=4048, stack(0x00000070d1900000,0x00000070d1a00000) (1024K)]
  0x00000208c77df3a0 ConcurrentGCThread "G1 Refine#3"               [id=2452, stack(0x00000070d1a00000,0x00000070d1b00000) (1024K)]
  0x00000208dd9de040 ConcurrentGCThread "G1 Service"                [id=5480, stack(0x00000070cff00000,0x00000070d0000000) (1024K)]
Total: 13

Threads with active compile tasks:
Total: 0

VM state: not at safepoint (normal execution)

VM Mutex/Monitor currently owned by a thread: None

Heap address: 0x0000000740e00000, size: 3058 MB, Compressed Oops mode: Zero based, Oop shift amount: 3

CDS archive(s) mapped at: [0x0000020880000000-0x0000020880c80000-0x0000020880c80000), size 13107200, SharedBaseAddress: 0x0000020880000000, ArchiveRelocationMode: 1.
Compressed class space mapped at: 0x0000020881000000-0x00000208c1000000, reserved size: 1073741824
Narrow klass base: 0x0000020880000000, Narrow klass shift: 0, Narrow klass range: 0x100000000

GC Precious Log:
 CardTable entry size: 512
 Card Set container configuration: InlinePtr #cards 4 size 8 Array Of Cards #cards 16 size 48 Howl #buckets 8 coarsen threshold 3686 Howl Bitmap #cards 512 size 80 coarsen threshold 460 Card regions per heap region 1 cards per card region 4096
 CPUs: 4 total, 4 available
 Memory: 12230M
 Large Page Support: Disabled
 NUMA Support: Disabled
 Compressed Oops: Enabled (Zero based)
 Heap Region Size: 2M
 Heap Min Capacity: 8M
 Heap Initial Capacity: 192M
 Heap Max Capacity: 3058M
 Pre-touch: Disabled
 Parallel Workers: 4
 Concurrent Workers: 1
 Concurrent Refinement Workers: 4
 Periodic GC: Disabled

Heap:
 garbage-first heap   total 1136640K, used 794510K [0x0000000740e00000, 0x0000000800000000)
  region size 2048K, 93 young (190464K), 15 survivors (30720K)
 Metaspace       used 195815K, committed 197504K, reserved 1245184K
  class space    used 27670K, committed 28480K, reserved 1048576K

Heap Regions: E=young(eden), S=young(survivor), O=old, HS=humongous(starts), HC=humongous(continues), CS=collection set, F=free, TAMS=top-at-mark-start, PB=parsable bottom
|   0|0x0000000740e00000, 0x0000000741000000, 0x0000000741000000|100%|HS|  |TAMS 0x0000000740e00000| PB 0x0000000740e00000| Complete 
|   1|0x0000000741000000, 0x0000000741200000, 0x0000000741200000|100%|HS|  |TAMS 0x0000000741000000| PB 0x0000000741000000| Complete 
|   2|0x0000000741200000, 0x0000000741400000, 0x0000000741400000|100%|HC|  |TAMS 0x0000000741200000| PB 0x0000000741200000| Complete 
|   3|0x0000000741400000, 0x00000007415ffff8, 0x0000000741600000| 99%| O|  |TAMS 0x0000000741400000| PB 0x0000000741400000| Untracked 
|   4|0x0000000741600000, 0x0000000741800000, 0x0000000741800000|100%| O|  |TAMS 0x0000000741600000| PB 0x0000000741600000| Untracked 
|   5|0x0000000741800000, 0x0000000741a00000, 0x0000000741a00000|100%| O|  |TAMS 0x0000000741800000| PB 0x0000000741800000| Untracked 
|   6|0x0000000741a00000, 0x0000000741bffff8, 0x0000000741c00000| 99%| O|  |TAMS 0x0000000741a00000| PB 0x0000000741a00000| Untracked 
|   7|0x0000000741c00000, 0x0000000741dff828, 0x0000000741e00000| 99%| O|  |TAMS 0x0000000741c00000| PB 0x0000000741c00000| Untracked 
|   8|0x0000000741e00000, 0x0000000741fffff0, 0x0000000742000000| 99%| O|  |TAMS 0x0000000741e00000| PB 0x0000000741e00000| Untracked 
|   9|0x0000000742000000, 0x00000007421fb5e8, 0x0000000742200000| 99%| O|  |TAMS 0x0000000742000000| PB 0x0000000742000000| Untracked 
|  10|0x0000000742200000, 0x00000007423fffe0, 0x0000000742400000| 99%| O|  |TAMS 0x0000000742200000| PB 0x0000000742200000| Untracked 
|  11|0x0000000742400000, 0x00000007425ffff8, 0x0000000742600000| 99%| O|  |TAMS 0x0000000742400000| PB 0x0000000742400000| Untracked 
|  12|0x0000000742600000, 0x00000007427ffff0, 0x0000000742800000| 99%| O|  |TAMS 0x0000000742600000| PB 0x0000000742600000| Untracked 
|  13|0x0000000742800000, 0x00000007429fffd8, 0x0000000742a00000| 99%| O|  |TAMS 0x0000000742800000| PB 0x0000000742800000| Untracked 
|  14|0x0000000742a00000, 0x0000000742c00000, 0x0000000742c00000|100%| O|  |TAMS 0x0000000742a00000| PB 0x0000000742a00000| Untracked 
|  15|0x0000000742c00000, 0x0000000742dffff8, 0x0000000742e00000| 99%| O|  |TAMS 0x0000000742c00000| PB 0x0000000742c00000| Untracked 
|  16|0x0000000742e00000, 0x0000000742ffba88, 0x0000000743000000| 99%| O|  |TAMS 0x0000000742e00000| PB 0x0000000742e00000| Untracked 
|  17|0x0000000743000000, 0x0000000743200000, 0x0000000743200000|100%| O|  |TAMS 0x0000000743000000| PB 0x0000000743000000| Untracked 
|  18|0x0000000743200000, 0x0000000743400000, 0x0000000743400000|100%| O|  |TAMS 0x0000000743200000| PB 0x0000000743200000| Untracked 
|  19|0x0000000743400000, 0x0000000743600000, 0x0000000743600000|100%| O|  |TAMS 0x0000000743400000| PB 0x0000000743400000| Untracked 
|  20|0x0000000743600000, 0x0000000743800000, 0x0000000743800000|100%| O|  |TAMS 0x0000000743600000| PB 0x0000000743600000| Untracked 
|  21|0x0000000743800000, 0x0000000743a00000, 0x0000000743a00000|100%| O|  |TAMS 0x0000000743800000| PB 0x0000000743800000| Untracked 
|  22|0x0000000743a00000, 0x0000000743c00000, 0x0000000743c00000|100%| O|  |TAMS 0x0000000743a00000| PB 0x0000000743a00000| Untracked 
|  23|0x0000000743c00000, 0x0000000743e00000, 0x0000000743e00000|100%| O|  |TAMS 0x0000000743c00000| PB 0x0000000743c00000| Untracked 
|  24|0x0000000743e00000, 0x0000000744000000, 0x0000000744000000|100%| O|  |TAMS 0x0000000743e00000| PB 0x0000000743e00000| Untracked 
|  25|0x0000000744000000, 0x0000000744200000, 0x0000000744200000|100%| O|  |TAMS 0x0000000744000000| PB 0x0000000744000000| Untracked 
|  26|0x0000000744200000, 0x0000000744400000, 0x0000000744400000|100%| O|  |TAMS 0x0000000744200000| PB 0x0000000744200000| Untracked 
|  27|0x0000000744400000, 0x0000000744600000, 0x0000000744600000|100%| O|  |TAMS 0x0000000744400000| PB 0x0000000744400000| Untracked 
|  28|0x0000000744600000, 0x0000000744800000, 0x0000000744800000|100%| O|  |TAMS 0x0000000744600000| PB 0x0000000744600000| Untracked 
|  29|0x0000000744800000, 0x0000000744a00000, 0x0000000744a00000|100%| O|  |TAMS 0x0000000744800000| PB 0x0000000744800000| Untracked 
|  30|0x0000000744a00000, 0x0000000744c00000, 0x0000000744c00000|100%| O|  |TAMS 0x0000000744a00000| PB 0x0000000744a00000| Untracked 
|  31|0x0000000744c00000, 0x0000000744e00000, 0x0000000744e00000|100%| O|  |TAMS 0x0000000744c00000| PB 0x0000000744c00000| Untracked 
|  32|0x0000000744e00000, 0x0000000745000000, 0x0000000745000000|100%| O|  |TAMS 0x0000000744e00000| PB 0x0000000744e00000| Untracked 
|  33|0x0000000745000000, 0x0000000745200000, 0x0000000745200000|100%| O|  |TAMS 0x0000000745000000| PB 0x0000000745000000| Untracked 
|  34|0x0000000745200000, 0x0000000745200000, 0x0000000745400000|  0%| F|  |TAMS 0x0000000745200000| PB 0x0000000745200000| Untracked 
|  35|0x0000000745400000, 0x00000007455fffb0, 0x0000000745600000| 99%| O|  |TAMS 0x0000000745400000| PB 0x0000000745400000| Untracked 
|  36|0x0000000745600000, 0x0000000745800000, 0x0000000745800000|100%| O|  |TAMS 0x0000000745600000| PB 0x0000000745600000| Untracked 
|  37|0x0000000745800000, 0x0000000745a00000, 0x0000000745a00000|100%| O|  |TAMS 0x0000000745800000| PB 0x0000000745800000| Untracked 
|  38|0x0000000745a00000, 0x0000000745c00000, 0x0000000745c00000|100%| O|  |TAMS 0x0000000745a00000| PB 0x0000000745a00000| Untracked 
|  39|0x0000000745c00000, 0x0000000745e00000, 0x0000000745e00000|100%| O|  |TAMS 0x0000000745c00000| PB 0x0000000745c00000| Untracked 
|  40|0x0000000745e00000, 0x0000000746000000, 0x0000000746000000|100%| O|  |TAMS 0x0000000745e00000| PB 0x0000000745e00000| Untracked 
|  41|0x0000000746000000, 0x0000000746200000, 0x0000000746200000|100%| O|  |TAMS 0x0000000746000000| PB 0x0000000746000000| Untracked 
|  42|0x0000000746200000, 0x00000007463ffff8, 0x0000000746400000| 99%| O|  |TAMS 0x0000000746200000| PB 0x0000000746200000| Untracked 
|  43|0x0000000746400000, 0x00000007465ffff0, 0x0000000746600000| 99%| O|  |TAMS 0x0000000746400000| PB 0x0000000746400000| Untracked 
|  44|0x0000000746600000, 0x0000000746800000, 0x0000000746800000|100%| O|  |TAMS 0x0000000746600000| PB 0x0000000746600000| Untracked 
|  45|0x0000000746800000, 0x0000000746a00000, 0x0000000746a00000|100%| O|  |TAMS 0x0000000746800000| PB 0x0000000746800000| Untracked 
|  46|0x0000000746a00000, 0x0000000746c00000, 0x0000000746c00000|100%| O|  |TAMS 0x0000000746a00000| PB 0x0000000746a00000| Untracked 
|  47|0x0000000746c00000, 0x0000000746dffff8, 0x0000000746e00000| 99%| O|  |TAMS 0x0000000746c00000| PB 0x0000000746c00000| Untracked 
|  48|0x0000000746e00000, 0x0000000747000000, 0x0000000747000000|100%| O|  |TAMS 0x0000000746e00000| PB 0x0000000746e00000| Untracked 
|  49|0x0000000747000000, 0x0000000747200000, 0x0000000747200000|100%| O|  |TAMS 0x0000000747000000| PB 0x0000000747000000| Untracked 
|  50|0x0000000747200000, 0x0000000747400000, 0x0000000747400000|100%| O|  |TAMS 0x0000000747200000| PB 0x0000000747200000| Untracked 
|  51|0x0000000747400000, 0x0000000747600000, 0x0000000747600000|100%|HS|  |TAMS 0x0000000747400000| PB 0x0000000747400000| Complete 
|  52|0x0000000747600000, 0x0000000747800000, 0x0000000747800000|100%|HC|  |TAMS 0x0000000747600000| PB 0x0000000747600000| Complete 
|  53|0x0000000747800000, 0x00000007479ff5c0, 0x0000000747a00000| 99%| O|  |TAMS 0x0000000747800000| PB 0x0000000747800000| Untracked 
|  54|0x0000000747a00000, 0x0000000747c00000, 0x0000000747c00000|100%|HS|  |TAMS 0x0000000747a00000| PB 0x0000000747a00000| Complete 
|  55|0x0000000747c00000, 0x0000000747e00000, 0x0000000747e00000|100%|HC|  |TAMS 0x0000000747c00000| PB 0x0000000747c00000| Complete 
|  56|0x0000000747e00000, 0x0000000748000000, 0x0000000748000000|100%| O|  |TAMS 0x0000000747e00000| PB 0x0000000747e00000| Untracked 
|  57|0x0000000748000000, 0x0000000748200000, 0x0000000748200000|100%| O|  |TAMS 0x0000000748000000| PB 0x0000000748000000| Untracked 
|  58|0x0000000748200000, 0x0000000748400000, 0x0000000748400000|100%| O|  |TAMS 0x0000000748200000| PB 0x0000000748200000| Untracked 
|  59|0x0000000748400000, 0x00000007485ffff8, 0x0000000748600000| 99%| O|  |TAMS 0x0000000748400000| PB 0x0000000748400000| Untracked 
|  60|0x0000000748600000, 0x0000000748800000, 0x0000000748800000|100%| O|  |TAMS 0x0000000748600000| PB 0x0000000748600000| Untracked 
|  61|0x0000000748800000, 0x0000000748a00000, 0x0000000748a00000|100%| O|  |TAMS 0x0000000748800000| PB 0x0000000748800000| Untracked 
|  62|0x0000000748a00000, 0x0000000748c00000, 0x0000000748c00000|100%| O|  |TAMS 0x0000000748a00000| PB 0x0000000748a00000| Untracked 
|  63|0x0000000748c00000, 0x0000000748e00000, 0x0000000748e00000|100%| O|  |TAMS 0x0000000748c00000| PB 0x0000000748c00000| Untracked 
|  64|0x0000000748e00000, 0x0000000749000000, 0x0000000749000000|100%| O|  |TAMS 0x0000000748e00000| PB 0x0000000748e00000| Untracked 
|  65|0x0000000749000000, 0x0000000749200000, 0x0000000749200000|100%| O|  |TAMS 0x0000000749000000| PB 0x0000000749000000| Untracked 
|  66|0x0000000749200000, 0x0000000749400000, 0x0000000749400000|100%| O|  |TAMS 0x0000000749200000| PB 0x0000000749200000| Untracked 
|  67|0x0000000749400000, 0x00000007495fffb0, 0x0000000749600000| 99%| O|  |TAMS 0x0000000749400000| PB 0x0000000749400000| Untracked 
|  68|0x0000000749600000, 0x0000000749800000, 0x0000000749800000|100%| O|  |TAMS 0x0000000749600000| PB 0x0000000749600000| Untracked 
|  69|0x0000000749800000, 0x00000007499fda00, 0x0000000749a00000| 99%| O|  |TAMS 0x0000000749800000| PB 0x0000000749800000| Untracked 
|  70|0x0000000749a00000, 0x0000000749c00000, 0x0000000749c00000|100%| O|  |TAMS 0x0000000749a00000| PB 0x0000000749a00000| Untracked 
|  71|0x0000000749c00000, 0x0000000749e00000, 0x0000000749e00000|100%| O|Cm|TAMS 0x0000000749c00000| PB 0x0000000749c00000| Complete 
|  72|0x0000000749e00000, 0x000000074a000000, 0x000000074a000000|100%| O|  |TAMS 0x0000000749e00000| PB 0x0000000749e00000| Untracked 
|  73|0x000000074a000000, 0x000000074a200000, 0x000000074a200000|100%| O|  |TAMS 0x000000074a000000| PB 0x000000074a000000| Untracked 
|  74|0x000000074a200000, 0x000000074a3ffff8, 0x000000074a400000| 99%| O|  |TAMS 0x000000074a200000| PB 0x000000074a200000| Untracked 
|  75|0x000000074a400000, 0x000000074a600000, 0x000000074a600000|100%| O|  |TAMS 0x000000074a400000| PB 0x000000074a400000| Untracked 
|  76|0x000000074a600000, 0x000000074a800000, 0x000000074a800000|100%| O|  |TAMS 0x000000074a600000| PB 0x000000074a600000| Untracked 
|  77|0x000000074a800000, 0x000000074aa00000, 0x000000074aa00000|100%| O|Cm|TAMS 0x000000074a800000| PB 0x000000074a800000| Complete 
|  78|0x000000074aa00000, 0x000000074ac00000, 0x000000074ac00000|100%| O|  |TAMS 0x000000074aa00000| PB 0x000000074aa00000| Untracked 
|  79|0x000000074ac00000, 0x000000074ae00000, 0x000000074ae00000|100%| O|  |TAMS 0x000000074ac00000| PB 0x000000074ac00000| Untracked 
|  80|0x000000074ae00000, 0x000000074b000000, 0x000000074b000000|100%|HS|  |TAMS 0x000000074ae00000| PB 0x000000074ae00000| Complete 
|  81|0x000000074b000000, 0x000000074b200000, 0x000000074b200000|100%|HC|  |TAMS 0x000000074b000000| PB 0x000000074b000000| Complete 
|  82|0x000000074b200000, 0x000000074b400000, 0x000000074b400000|100%|HC|  |TAMS 0x000000074b200000| PB 0x000000074b200000| Complete 
|  83|0x000000074b400000, 0x000000074b600000, 0x000000074b600000|100%| O|  |TAMS 0x000000074b400000| PB 0x000000074b400000| Untracked 
|  84|0x000000074b600000, 0x000000074b800000, 0x000000074b800000|100%| O|  |TAMS 0x000000074b600000| PB 0x000000074b600000| Untracked 
|  85|0x000000074b800000, 0x000000074ba00000, 0x000000074ba00000|100%| O|  |TAMS 0x000000074b800000| PB 0x000000074b800000| Untracked 
|  86|0x000000074ba00000, 0x000000074bc00000, 0x000000074bc00000|100%| O|  |TAMS 0x000000074ba00000| PB 0x000000074ba00000| Untracked 
|  87|0x000000074bc00000, 0x000000074bc00000, 0x000000074be00000|  0%| F|  |TAMS 0x000000074bc00000| PB 0x000000074bc00000| Untracked 
|  88|0x000000074be00000, 0x000000074c000000, 0x000000074c000000|100%| O|  |TAMS 0x000000074be00000| PB 0x000000074be00000| Untracked 
|  89|0x000000074c000000, 0x000000074c200000, 0x000000074c200000|100%| O|  |TAMS 0x000000074c000000| PB 0x000000074c000000| Untracked 
|  90|0x000000074c200000, 0x000000074c400000, 0x000000074c400000|100%| O|  |TAMS 0x000000074c200000| PB 0x000000074c200000| Untracked 
|  91|0x000000074c400000, 0x000000074c600000, 0x000000074c600000|100%| O|  |TAMS 0x000000074c400000| PB 0x000000074c400000| Untracked 
|  92|0x000000074c600000, 0x000000074c800000, 0x000000074c800000|100%| O|  |TAMS 0x000000074c600000| PB 0x000000074c600000| Untracked 
|  93|0x000000074c800000, 0x000000074ca00000, 0x000000074ca00000|100%| O|  |TAMS 0x000000074c800000| PB 0x000000074c800000| Untracked 
|  94|0x000000074ca00000, 0x000000074cc00000, 0x000000074cc00000|100%| O|  |TAMS 0x000000074ca00000| PB 0x000000074ca00000| Untracked 
|  95|0x000000074cc00000, 0x000000074ce00000, 0x000000074ce00000|100%| O|  |TAMS 0x000000074cc00000| PB 0x000000074cc00000| Untracked 
|  96|0x000000074ce00000, 0x000000074d000000, 0x000000074d000000|100%| O|  |TAMS 0x000000074ce00000| PB 0x000000074ce00000| Untracked 
|  97|0x000000074d000000, 0x000000074d200000, 0x000000074d200000|100%| O|  |TAMS 0x000000074d000000| PB 0x000000074d000000| Untracked 
|  98|0x000000074d200000, 0x000000074d400000, 0x000000074d400000|100%| O|  |TAMS 0x000000074d200000| PB 0x000000074d200000| Untracked 
|  99|0x000000074d400000, 0x000000074d600000, 0x000000074d600000|100%| O|  |TAMS 0x000000074d400000| PB 0x000000074d400000| Untracked 
| 100|0x000000074d600000, 0x000000074d800000, 0x000000074d800000|100%| O|  |TAMS 0x000000074d600000| PB 0x000000074d600000| Untracked 
| 101|0x000000074d800000, 0x000000074d800000, 0x000000074da00000|  0%| F|  |TAMS 0x000000074d800000| PB 0x000000074d800000| Untracked 
| 102|0x000000074da00000, 0x000000074dc00000, 0x000000074dc00000|100%| O|  |TAMS 0x000000074da00000| PB 0x000000074da00000| Untracked 
| 103|0x000000074dc00000, 0x000000074de00000, 0x000000074de00000|100%| O|  |TAMS 0x000000074dc00000| PB 0x000000074dc00000| Untracked 
| 104|0x000000074de00000, 0x000000074e000000, 0x000000074e000000|100%| O|  |TAMS 0x000000074de00000| PB 0x000000074de00000| Untracked 
| 105|0x000000074e000000, 0x000000074e200000, 0x000000074e200000|100%| O|  |TAMS 0x000000074e000000| PB 0x000000074e000000| Untracked 
| 106|0x000000074e200000, 0x000000074e400000, 0x000000074e400000|100%| O|  |TAMS 0x000000074e200000| PB 0x000000074e200000| Untracked 
| 107|0x000000074e400000, 0x000000074e600000, 0x000000074e600000|100%| O|  |TAMS 0x000000074e400000| PB 0x000000074e400000| Untracked 
| 108|0x000000074e600000, 0x000000074e800000, 0x000000074e800000|100%| O|  |TAMS 0x000000074e600000| PB 0x000000074e600000| Untracked 
| 109|0x000000074e800000, 0x000000074ea00000, 0x000000074ea00000|100%| O|  |TAMS 0x000000074e800000| PB 0x000000074e800000| Untracked 
| 110|0x000000074ea00000, 0x000000074ec00000, 0x000000074ec00000|100%| O|  |TAMS 0x000000074ea00000| PB 0x000000074ea00000| Untracked 
| 111|0x000000074ec00000, 0x000000074ee00000, 0x000000074ee00000|100%| O|  |TAMS 0x000000074ec00000| PB 0x000000074ec00000| Untracked 
| 112|0x000000074ee00000, 0x000000074f000000, 0x000000074f000000|100%| O|  |TAMS 0x000000074ee00000| PB 0x000000074ee00000| Untracked 
| 113|0x000000074f000000, 0x000000074f200000, 0x000000074f200000|100%| O|  |TAMS 0x000000074f000000| PB 0x000000074f000000| Untracked 
| 114|0x000000074f200000, 0x000000074f400000, 0x000000074f400000|100%| O|  |TAMS 0x000000074f200000| PB 0x000000074f200000| Untracked 
| 115|0x000000074f400000, 0x000000074f600000, 0x000000074f600000|100%| O|  |TAMS 0x000000074f400000| PB 0x000000074f400000| Untracked 
| 116|0x000000074f600000, 0x000000074f800000, 0x000000074f800000|100%| O|  |TAMS 0x000000074f600000| PB 0x000000074f600000| Untracked 
| 117|0x000000074f800000, 0x000000074fa00000, 0x000000074fa00000|100%| O|  |TAMS 0x000000074f800000| PB 0x000000074f800000| Untracked 
| 118|0x000000074fa00000, 0x000000074fc00000, 0x000000074fc00000|100%| O|  |TAMS 0x000000074fa00000| PB 0x000000074fa00000| Untracked 
| 119|0x000000074fc00000, 0x000000074fe00000, 0x000000074fe00000|100%| O|  |TAMS 0x000000074fc00000| PB 0x000000074fc00000| Untracked 
| 120|0x000000074fe00000, 0x0000000750000000, 0x0000000750000000|100%| O|  |TAMS 0x000000074fe00000| PB 0x000000074fe00000| Untracked 
| 121|0x0000000750000000, 0x0000000750200000, 0x0000000750200000|100%| O|  |TAMS 0x0000000750000000| PB 0x0000000750000000| Untracked 
| 122|0x0000000750200000, 0x0000000750400000, 0x0000000750400000|100%| O|  |TAMS 0x0000000750200000| PB 0x0000000750200000| Untracked 
| 123|0x0000000750400000, 0x0000000750600000, 0x0000000750600000|100%| O|  |TAMS 0x0000000750400000| PB 0x0000000750400000| Untracked 
| 124|0x0000000750600000, 0x0000000750800000, 0x0000000750800000|100%| O|  |TAMS 0x0000000750600000| PB 0x0000000750600000| Untracked 
| 125|0x0000000750800000, 0x0000000750a00000, 0x0000000750a00000|100%| O|  |TAMS 0x0000000750800000| PB 0x0000000750800000| Untracked 
| 126|0x0000000750a00000, 0x0000000750c00000, 0x0000000750c00000|100%| O|  |TAMS 0x0000000750a00000| PB 0x0000000750a00000| Untracked 
| 127|0x0000000750c00000, 0x0000000750e00000, 0x0000000750e00000|100%| O|  |TAMS 0x0000000750c00000| PB 0x0000000750c00000| Untracked 
| 128|0x0000000750e00000, 0x0000000751000000, 0x0000000751000000|100%| O|  |TAMS 0x0000000750e00000| PB 0x0000000750e00000| Untracked 
| 129|0x0000000751000000, 0x0000000751200000, 0x0000000751200000|100%| O|  |TAMS 0x0000000751000000| PB 0x0000000751000000| Untracked 
| 130|0x0000000751200000, 0x0000000751400000, 0x0000000751400000|100%| O|  |TAMS 0x0000000751200000| PB 0x0000000751200000| Untracked 
| 131|0x0000000751400000, 0x0000000751600000, 0x0000000751600000|100%| O|  |TAMS 0x0000000751400000| PB 0x0000000751400000| Untracked 
| 132|0x0000000751600000, 0x0000000751800000, 0x0000000751800000|100%| O|  |TAMS 0x0000000751600000| PB 0x0000000751600000| Untracked 
| 133|0x0000000751800000, 0x0000000751a00000, 0x0000000751a00000|100%| O|  |TAMS 0x0000000751800000| PB 0x0000000751800000| Untracked 
| 134|0x0000000751a00000, 0x0000000751c00000, 0x0000000751c00000|100%| O|  |TAMS 0x0000000751a00000| PB 0x0000000751a00000| Untracked 
| 135|0x0000000751c00000, 0x0000000751e00000, 0x0000000751e00000|100%| O|  |TAMS 0x0000000751c00000| PB 0x0000000751c00000| Untracked 
| 136|0x0000000751e00000, 0x0000000752000000, 0x0000000752000000|100%| O|  |TAMS 0x0000000751e00000| PB 0x0000000751e00000| Untracked 
| 137|0x0000000752000000, 0x0000000752200000, 0x0000000752200000|100%| O|  |TAMS 0x0000000752000000| PB 0x0000000752000000| Untracked 
| 138|0x0000000752200000, 0x0000000752400000, 0x0000000752400000|100%| O|  |TAMS 0x0000000752200000| PB 0x0000000752200000| Untracked 
| 139|0x0000000752400000, 0x0000000752600000, 0x0000000752600000|100%| O|  |TAMS 0x0000000752400000| PB 0x0000000752400000| Untracked 
| 140|0x0000000752600000, 0x0000000752800000, 0x0000000752800000|100%| O|  |TAMS 0x0000000752600000| PB 0x0000000752600000| Untracked 
| 141|0x0000000752800000, 0x0000000752a00000, 0x0000000752a00000|100%| O|  |TAMS 0x0000000752800000| PB 0x0000000752800000| Untracked 
| 142|0x0000000752a00000, 0x0000000752c00000, 0x0000000752c00000|100%| O|  |TAMS 0x0000000752a00000| PB 0x0000000752a00000| Untracked 
| 143|0x0000000752c00000, 0x0000000752e00000, 0x0000000752e00000|100%| O|  |TAMS 0x0000000752c00000| PB 0x0000000752c00000| Untracked 
| 144|0x0000000752e00000, 0x0000000753000000, 0x0000000753000000|100%| O|  |TAMS 0x0000000752e00000| PB 0x0000000752e00000| Untracked 
| 145|0x0000000753000000, 0x0000000753200000, 0x0000000753200000|100%| O|  |TAMS 0x0000000753000000| PB 0x0000000753000000| Untracked 
| 146|0x0000000753200000, 0x0000000753400000, 0x0000000753400000|100%| O|  |TAMS 0x0000000753200000| PB 0x0000000753200000| Untracked 
| 147|0x0000000753400000, 0x0000000753600000, 0x0000000753600000|100%| O|  |TAMS 0x0000000753400000| PB 0x0000000753400000| Untracked 
| 148|0x0000000753600000, 0x0000000753800000, 0x0000000753800000|100%| O|  |TAMS 0x0000000753600000| PB 0x0000000753600000| Untracked 
| 149|0x0000000753800000, 0x0000000753800000, 0x0000000753a00000|  0%| F|  |TAMS 0x0000000753800000| PB 0x0000000753800000| Untracked 
| 150|0x0000000753a00000, 0x0000000753c00000, 0x0000000753c00000|100%| O|  |TAMS 0x0000000753a00000| PB 0x0000000753a00000| Untracked 
| 151|0x0000000753c00000, 0x0000000753e00000, 0x0000000753e00000|100%| O|  |TAMS 0x0000000753c00000| PB 0x0000000753c00000| Untracked 
| 152|0x0000000753e00000, 0x0000000754000000, 0x0000000754000000|100%| O|  |TAMS 0x0000000753e00000| PB 0x0000000753e00000| Untracked 
| 153|0x0000000754000000, 0x0000000754200000, 0x0000000754200000|100%| O|Cm|TAMS 0x0000000754000000| PB 0x0000000754000000| Complete 
| 154|0x0000000754200000, 0x0000000754400000, 0x0000000754400000|100%| O|  |TAMS 0x0000000754200000| PB 0x0000000754200000| Untracked 
| 155|0x0000000754400000, 0x0000000754600000, 0x0000000754600000|100%| O|  |TAMS 0x0000000754400000| PB 0x0000000754400000| Untracked 
| 156|0x0000000754600000, 0x0000000754800000, 0x0000000754800000|100%| O|  |TAMS 0x0000000754600000| PB 0x0000000754600000| Untracked 
| 157|0x0000000754800000, 0x0000000754a00000, 0x0000000754a00000|100%| O|  |TAMS 0x0000000754800000| PB 0x0000000754800000| Untracked 
| 158|0x0000000754a00000, 0x0000000754c00000, 0x0000000754c00000|100%| O|  |TAMS 0x0000000754a00000| PB 0x0000000754a00000| Untracked 
| 159|0x0000000754c00000, 0x0000000754e00000, 0x0000000754e00000|100%| O|  |TAMS 0x0000000754c00000| PB 0x0000000754c00000| Untracked 
| 160|0x0000000754e00000, 0x0000000755000000, 0x0000000755000000|100%| O|  |TAMS 0x0000000754e00000| PB 0x0000000754e00000| Untracked 
| 161|0x0000000755000000, 0x0000000755200000, 0x0000000755200000|100%| O|  |TAMS 0x0000000755000000| PB 0x0000000755000000| Untracked 
| 162|0x0000000755200000, 0x0000000755400000, 0x0000000755400000|100%| O|  |TAMS 0x0000000755200000| PB 0x0000000755200000| Untracked 
| 163|0x0000000755400000, 0x0000000755600000, 0x0000000755600000|100%| O|  |TAMS 0x0000000755400000| PB 0x0000000755400000| Untracked 
| 164|0x0000000755600000, 0x0000000755800000, 0x0000000755800000|100%| O|  |TAMS 0x0000000755600000| PB 0x0000000755600000| Untracked 
| 165|0x0000000755800000, 0x0000000755800000, 0x0000000755a00000|  0%| F|  |TAMS 0x0000000755800000| PB 0x0000000755800000| Untracked 
| 166|0x0000000755a00000, 0x0000000755c00000, 0x0000000755c00000|100%| O|  |TAMS 0x0000000755a00000| PB 0x0000000755a00000| Untracked 
| 167|0x0000000755c00000, 0x0000000755e00000, 0x0000000755e00000|100%| O|  |TAMS 0x0000000755c00000| PB 0x0000000755c00000| Untracked 
| 168|0x0000000755e00000, 0x0000000756000000, 0x0000000756000000|100%| O|  |TAMS 0x0000000755e00000| PB 0x0000000755e00000| Untracked 
| 169|0x0000000756000000, 0x0000000756200000, 0x0000000756200000|100%| O|  |TAMS 0x0000000756000000| PB 0x0000000756000000| Untracked 
| 170|0x0000000756200000, 0x0000000756400000, 0x0000000756400000|100%| O|  |TAMS 0x0000000756200000| PB 0x0000000756200000| Untracked 
| 171|0x0000000756400000, 0x0000000756600000, 0x0000000756600000|100%| O|  |TAMS 0x0000000756400000| PB 0x0000000756400000| Untracked 
| 172|0x0000000756600000, 0x0000000756800000, 0x0000000756800000|100%|HS|  |TAMS 0x0000000756600000| PB 0x0000000756600000| Complete 
| 173|0x0000000756800000, 0x0000000756a00000, 0x0000000756a00000|100%|HC|  |TAMS 0x0000000756800000| PB 0x0000000756800000| Complete 
| 174|0x0000000756a00000, 0x0000000756c00000, 0x0000000756c00000|100%|HC|  |TAMS 0x0000000756a00000| PB 0x0000000756a00000| Complete 
| 175|0x0000000756c00000, 0x0000000756e00000, 0x0000000756e00000|100%|HS|  |TAMS 0x0000000756c00000| PB 0x0000000756c00000| Complete 
| 176|0x0000000756e00000, 0x0000000757000000, 0x0000000757000000|100%|HC|  |TAMS 0x0000000756e00000| PB 0x0000000756e00000| Complete 
| 177|0x0000000757000000, 0x0000000757200000, 0x0000000757200000|100%|HC|  |TAMS 0x0000000757000000| PB 0x0000000757000000| Complete 
| 178|0x0000000757200000, 0x0000000757400000, 0x0000000757400000|100%| O|  |TAMS 0x0000000757200000| PB 0x0000000757200000| Untracked 
| 179|0x0000000757400000, 0x0000000757600000, 0x0000000757600000|100%| O|  |TAMS 0x0000000757400000| PB 0x0000000757400000| Untracked 
| 180|0x0000000757600000, 0x0000000757800000, 0x0000000757800000|100%| O|  |TAMS 0x0000000757600000| PB 0x0000000757600000| Untracked 
| 181|0x0000000757800000, 0x0000000757a00000, 0x0000000757a00000|100%| O|  |TAMS 0x0000000757800000| PB 0x0000000757800000| Untracked 
| 182|0x0000000757a00000, 0x0000000757c00000, 0x0000000757c00000|100%| O|  |TAMS 0x0000000757a00000| PB 0x0000000757a00000| Untracked 
| 183|0x0000000757c00000, 0x0000000757e00000, 0x0000000757e00000|100%| O|  |TAMS 0x0000000757c00000| PB 0x0000000757c00000| Untracked 
| 184|0x0000000757e00000, 0x0000000758000000, 0x0000000758000000|100%| O|  |TAMS 0x0000000757e00000| PB 0x0000000757e00000| Untracked 
| 185|0x0000000758000000, 0x0000000758200000, 0x0000000758200000|100%|HS|  |TAMS 0x0000000758000000| PB 0x0000000758000000| Complete 
| 186|0x0000000758200000, 0x0000000758400000, 0x0000000758400000|100%|HC|  |TAMS 0x0000000758200000| PB 0x0000000758200000| Complete 
| 187|0x0000000758400000, 0x0000000758600000, 0x0000000758600000|100%|HC|  |TAMS 0x0000000758400000| PB 0x0000000758400000| Complete 
| 188|0x0000000758600000, 0x0000000758800000, 0x0000000758800000|100%|HS|  |TAMS 0x0000000758600000| PB 0x0000000758600000| Complete 
| 189|0x0000000758800000, 0x0000000758a00000, 0x0000000758a00000|100%|HC|  |TAMS 0x0000000758800000| PB 0x0000000758800000| Complete 
| 190|0x0000000758a00000, 0x0000000758c00000, 0x0000000758c00000|100%|HC|  |TAMS 0x0000000758a00000| PB 0x0000000758a00000| Complete 
| 191|0x0000000758c00000, 0x0000000758e00000, 0x0000000758e00000|100%| O|  |TAMS 0x0000000758c00000| PB 0x0000000758c00000| Untracked 
| 192|0x0000000758e00000, 0x0000000759000000, 0x0000000759000000|100%| O|  |TAMS 0x0000000758e00000| PB 0x0000000758e00000| Untracked 
| 193|0x0000000759000000, 0x0000000759200000, 0x0000000759200000|100%| O|  |TAMS 0x0000000759000000| PB 0x0000000759000000| Untracked 
| 194|0x0000000759200000, 0x0000000759400000, 0x0000000759400000|100%| O|  |TAMS 0x0000000759200000| PB 0x0000000759200000| Untracked 
| 195|0x0000000759400000, 0x0000000759600000, 0x0000000759600000|100%| O|  |TAMS 0x0000000759400000| PB 0x0000000759400000| Untracked 
| 196|0x0000000759600000, 0x0000000759800000, 0x0000000759800000|100%| O|  |TAMS 0x0000000759600000| PB 0x0000000759600000| Untracked 
| 197|0x0000000759800000, 0x0000000759a00000, 0x0000000759a00000|100%| O|  |TAMS 0x0000000759800000| PB 0x0000000759800000| Untracked 
| 198|0x0000000759a00000, 0x0000000759c00000, 0x0000000759c00000|100%| O|  |TAMS 0x0000000759a00000| PB 0x0000000759a00000| Untracked 
| 199|0x0000000759c00000, 0x0000000759e00000, 0x0000000759e00000|100%| O|  |TAMS 0x0000000759c00000| PB 0x0000000759c00000| Untracked 
| 200|0x0000000759e00000, 0x000000075a000000, 0x000000075a000000|100%| O|  |TAMS 0x0000000759e00000| PB 0x0000000759e00000| Untracked 
| 201|0x000000075a000000, 0x000000075a200000, 0x000000075a200000|100%| O|  |TAMS 0x000000075a000000| PB 0x000000075a000000| Untracked 
| 202|0x000000075a200000, 0x000000075a400000, 0x000000075a400000|100%| O|  |TAMS 0x000000075a200000| PB 0x000000075a200000| Untracked 
| 203|0x000000075a400000, 0x000000075a600000, 0x000000075a600000|100%| O|  |TAMS 0x000000075a400000| PB 0x000000075a400000| Untracked 
| 204|0x000000075a600000, 0x000000075a800000, 0x000000075a800000|100%| O|  |TAMS 0x000000075a600000| PB 0x000000075a600000| Untracked 
| 205|0x000000075a800000, 0x000000075aa00000, 0x000000075aa00000|100%| O|  |TAMS 0x000000075a800000| PB 0x000000075a800000| Untracked 
| 206|0x000000075aa00000, 0x000000075ac00000, 0x000000075ac00000|100%| O|  |TAMS 0x000000075aa00000| PB 0x000000075aa00000| Untracked 
| 207|0x000000075ac00000, 0x000000075ae00000, 0x000000075ae00000|100%| O|  |TAMS 0x000000075ac00000| PB 0x000000075ac00000| Untracked 
| 208|0x000000075ae00000, 0x000000075b000000, 0x000000075b000000|100%| O|  |TAMS 0x000000075ae00000| PB 0x000000075ae00000| Untracked 
| 209|0x000000075b000000, 0x000000075b200000, 0x000000075b200000|100%| O|  |TAMS 0x000000075b000000| PB 0x000000075b000000| Untracked 
| 210|0x000000075b200000, 0x000000075b400000, 0x000000075b400000|100%| O|  |TAMS 0x000000075b200000| PB 0x000000075b200000| Untracked 
| 211|0x000000075b400000, 0x000000075b600000, 0x000000075b600000|100%| O|  |TAMS 0x000000075b400000| PB 0x000000075b400000| Untracked 
| 212|0x000000075b600000, 0x000000075b800000, 0x000000075b800000|100%| O|  |TAMS 0x000000075b600000| PB 0x000000075b600000| Untracked 
| 213|0x000000075b800000, 0x000000075ba00000, 0x000000075ba00000|100%| O|  |TAMS 0x000000075b800000| PB 0x000000075b800000| Untracked 
| 214|0x000000075ba00000, 0x000000075bc00000, 0x000000075bc00000|100%| O|  |TAMS 0x000000075ba00000| PB 0x000000075ba00000| Untracked 
| 215|0x000000075bc00000, 0x000000075be00000, 0x000000075be00000|100%| O|  |TAMS 0x000000075bc00000| PB 0x000000075bc00000| Untracked 
| 216|0x000000075be00000, 0x000000075c000000, 0x000000075c000000|100%| O|  |TAMS 0x000000075be00000| PB 0x000000075be00000| Untracked 
| 217|0x000000075c000000, 0x000000075c200000, 0x000000075c200000|100%| O|  |TAMS 0x000000075c000000| PB 0x000000075c000000| Untracked 
| 218|0x000000075c200000, 0x000000075c400000, 0x000000075c400000|100%| O|  |TAMS 0x000000075c200000| PB 0x000000075c200000| Untracked 
| 219|0x000000075c400000, 0x000000075c600000, 0x000000075c600000|100%| O|  |TAMS 0x000000075c400000| PB 0x000000075c400000| Untracked 
| 220|0x000000075c600000, 0x000000075c800000, 0x000000075c800000|100%| O|  |TAMS 0x000000075c600000| PB 0x000000075c600000| Untracked 
| 221|0x000000075c800000, 0x000000075ca00000, 0x000000075ca00000|100%| O|  |TAMS 0x000000075c800000| PB 0x000000075c800000| Untracked 
| 222|0x000000075ca00000, 0x000000075cc00000, 0x000000075cc00000|100%| O|  |TAMS 0x000000075ca00000| PB 0x000000075ca00000| Untracked 
| 223|0x000000075cc00000, 0x000000075ce00000, 0x000000075ce00000|100%| O|  |TAMS 0x000000075cc00000| PB 0x000000075cc00000| Untracked 
| 224|0x000000075ce00000, 0x000000075d000000, 0x000000075d000000|100%| O|  |TAMS 0x000000075ce00000| PB 0x000000075ce00000| Untracked 
| 225|0x000000075d000000, 0x000000075d200000, 0x000000075d200000|100%| O|  |TAMS 0x000000075d000000| PB 0x000000075d000000| Untracked 
| 226|0x000000075d200000, 0x000000075d400000, 0x000000075d400000|100%| O|  |TAMS 0x000000075d200000| PB 0x000000075d200000| Untracked 
| 227|0x000000075d400000, 0x000000075d600000, 0x000000075d600000|100%| O|  |TAMS 0x000000075d400000| PB 0x000000075d400000| Untracked 
| 228|0x000000075d600000, 0x000000075d800000, 0x000000075d800000|100%| O|  |TAMS 0x000000075d600000| PB 0x000000075d600000| Untracked 
| 229|0x000000075d800000, 0x000000075da00000, 0x000000075da00000|100%| O|  |TAMS 0x000000075d800000| PB 0x000000075d800000| Untracked 
| 230|0x000000075da00000, 0x000000075dc00000, 0x000000075dc00000|100%| O|  |TAMS 0x000000075da00000| PB 0x000000075da00000| Untracked 
| 231|0x000000075dc00000, 0x000000075de00000, 0x000000075de00000|100%| O|  |TAMS 0x000000075dc00000| PB 0x000000075dc00000| Untracked 
| 232|0x000000075de00000, 0x000000075e000000, 0x000000075e000000|100%| O|  |TAMS 0x000000075de00000| PB 0x000000075de00000| Untracked 
| 233|0x000000075e000000, 0x000000075e200000, 0x000000075e200000|100%| O|  |TAMS 0x000000075e000000| PB 0x000000075e000000| Untracked 
| 234|0x000000075e200000, 0x000000075e400000, 0x000000075e400000|100%| O|  |TAMS 0x000000075e200000| PB 0x000000075e200000| Untracked 
| 235|0x000000075e400000, 0x000000075e600000, 0x000000075e600000|100%| O|  |TAMS 0x000000075e400000| PB 0x000000075e400000| Untracked 
| 236|0x000000075e600000, 0x000000075e800000, 0x000000075e800000|100%| O|  |TAMS 0x000000075e600000| PB 0x000000075e600000| Untracked 
| 237|0x000000075e800000, 0x000000075ea00000, 0x000000075ea00000|100%| O|  |TAMS 0x000000075e800000| PB 0x000000075e800000| Untracked 
| 238|0x000000075ea00000, 0x000000075ec00000, 0x000000075ec00000|100%| O|  |TAMS 0x000000075ea00000| PB 0x000000075ea00000| Untracked 
| 239|0x000000075ec00000, 0x000000075ee00000, 0x000000075ee00000|100%| O|  |TAMS 0x000000075ec00000| PB 0x000000075ec00000| Untracked 
| 240|0x000000075ee00000, 0x000000075f000000, 0x000000075f000000|100%| O|  |TAMS 0x000000075ee00000| PB 0x000000075ee00000| Untracked 
| 241|0x000000075f000000, 0x000000075f200000, 0x000000075f200000|100%| O|  |TAMS 0x000000075f000000| PB 0x000000075f000000| Untracked 
| 242|0x000000075f200000, 0x000000075f400000, 0x000000075f400000|100%| O|  |TAMS 0x000000075f200000| PB 0x000000075f200000| Untracked 
| 243|0x000000075f400000, 0x000000075f600000, 0x000000075f600000|100%| O|  |TAMS 0x000000075f400000| PB 0x000000075f400000| Untracked 
| 244|0x000000075f600000, 0x000000075f800000, 0x000000075f800000|100%| O|  |TAMS 0x000000075f600000| PB 0x000000075f600000| Untracked 
| 245|0x000000075f800000, 0x000000075fa00000, 0x000000075fa00000|100%| O|  |TAMS 0x000000075f800000| PB 0x000000075f800000| Untracked 
| 246|0x000000075fa00000, 0x000000075fc00000, 0x000000075fc00000|100%| O|  |TAMS 0x000000075fa00000| PB 0x000000075fa00000| Untracked 
| 247|0x000000075fc00000, 0x000000075fe00000, 0x000000075fe00000|100%| O|  |TAMS 0x000000075fc00000| PB 0x000000075fc00000| Untracked 
| 248|0x000000075fe00000, 0x0000000760000000, 0x0000000760000000|100%| O|  |TAMS 0x000000075fe00000| PB 0x000000075fe00000| Untracked 
| 249|0x0000000760000000, 0x0000000760200000, 0x0000000760200000|100%| O|  |TAMS 0x0000000760000000| PB 0x0000000760000000| Untracked 
| 250|0x0000000760200000, 0x0000000760400000, 0x0000000760400000|100%| O|  |TAMS 0x0000000760200000| PB 0x0000000760200000| Untracked 
| 251|0x0000000760400000, 0x0000000760600000, 0x0000000760600000|100%| O|  |TAMS 0x0000000760400000| PB 0x0000000760400000| Untracked 
| 252|0x0000000760600000, 0x0000000760800000, 0x0000000760800000|100%| O|  |TAMS 0x0000000760600000| PB 0x0000000760600000| Untracked 
| 253|0x0000000760800000, 0x0000000760800000, 0x0000000760a00000|  0%| F|  |TAMS 0x0000000760800000| PB 0x0000000760800000| Untracked 
| 254|0x0000000760a00000, 0x0000000760c00000, 0x0000000760c00000|100%| O|  |TAMS 0x0000000760a00000| PB 0x0000000760a00000| Untracked 
| 255|0x0000000760c00000, 0x0000000760c00000, 0x0000000760e00000|  0%| F|  |TAMS 0x0000000760c00000| PB 0x0000000760c00000| Untracked 
| 256|0x0000000760e00000, 0x0000000761000000, 0x0000000761000000|100%|HS|  |TAMS 0x0000000760e00000| PB 0x0000000760e00000| Complete 
| 257|0x0000000761000000, 0x0000000761200000, 0x0000000761200000|100%|HC|  |TAMS 0x0000000761000000| PB 0x0000000761000000| Complete 
| 258|0x0000000761200000, 0x0000000761400000, 0x0000000761400000|100%| O|  |TAMS 0x0000000761200000| PB 0x0000000761200000| Untracked 
| 259|0x0000000761400000, 0x0000000761600000, 0x0000000761600000|100%| O|  |TAMS 0x0000000761400000| PB 0x0000000761400000| Untracked 
| 260|0x0000000761600000, 0x0000000761800000, 0x0000000761800000|100%| O|  |TAMS 0x0000000761600000| PB 0x0000000761600000| Untracked 
| 261|0x0000000761800000, 0x0000000761a00000, 0x0000000761a00000|100%| O|Cm|TAMS 0x0000000761800000| PB 0x0000000761800000| Complete 
| 262|0x0000000761a00000, 0x0000000761c00000, 0x0000000761c00000|100%| O|  |TAMS 0x0000000761a00000| PB 0x0000000761a00000| Untracked 
| 263|0x0000000761c00000, 0x0000000761e00000, 0x0000000761e00000|100%| O|  |TAMS 0x0000000761c00000| PB 0x0000000761c00000| Untracked 
| 264|0x0000000761e00000, 0x0000000762000000, 0x0000000762000000|100%| O|  |TAMS 0x0000000761e00000| PB 0x0000000761e00000| Untracked 
| 265|0x0000000762000000, 0x0000000762200000, 0x0000000762200000|100%| O|Cm|TAMS 0x0000000762000000| PB 0x0000000762000000| Complete 
| 266|0x0000000762200000, 0x0000000762200000, 0x0000000762400000|  0%| F|  |TAMS 0x0000000762200000| PB 0x0000000762200000| Untracked 
| 267|0x0000000762400000, 0x0000000762600000, 0x0000000762600000|100%| O|  |TAMS 0x0000000762400000| PB 0x0000000762400000| Untracked 
| 268|0x0000000762600000, 0x0000000762800000, 0x0000000762800000|100%| O|Cm|TAMS 0x0000000762600000| PB 0x0000000762600000| Complete 
| 269|0x0000000762800000, 0x0000000762a00000, 0x0000000762a00000|100%| O|  |TAMS 0x0000000762800000| PB 0x0000000762800000| Untracked 
| 270|0x0000000762a00000, 0x0000000762bf0400, 0x0000000762c00000| 96%| O|  |TAMS 0x0000000762a00000| PB 0x0000000762a00000| Untracked 
| 271|0x0000000762c00000, 0x0000000762c00000, 0x0000000762e00000|  0%| F|  |TAMS 0x0000000762c00000| PB 0x0000000762c00000| Untracked 
| 272|0x0000000762e00000, 0x0000000763000000, 0x0000000763000000|100%| O|  |TAMS 0x0000000762e00000| PB 0x0000000762e00000| Untracked 
| 273|0x0000000763000000, 0x0000000763200000, 0x0000000763200000|100%| O|Cm|TAMS 0x0000000763000000| PB 0x0000000763000000| Complete 
| 274|0x0000000763200000, 0x0000000763400000, 0x0000000763400000|100%| O|  |TAMS 0x0000000763200000| PB 0x0000000763200000| Untracked 
| 275|0x0000000763400000, 0x0000000763600000, 0x0000000763600000|100%| O|  |TAMS 0x0000000763400000| PB 0x0000000763400000| Untracked 
| 276|0x0000000763600000, 0x0000000763800000, 0x0000000763800000|100%| O|  |TAMS 0x0000000763600000| PB 0x0000000763600000| Untracked 
| 277|0x0000000763800000, 0x0000000763a00000, 0x0000000763a00000|100%|HS|  |TAMS 0x0000000763800000| PB 0x0000000763800000| Complete 
| 278|0x0000000763a00000, 0x0000000763c00000, 0x0000000763c00000|100%| O|  |TAMS 0x0000000763a00000| PB 0x0000000763a00000| Untracked 
| 279|0x0000000763c00000, 0x0000000763e00000, 0x0000000763e00000|100%| O|  |TAMS 0x0000000763c00000| PB 0x0000000763c00000| Untracked 
| 280|0x0000000763e00000, 0x0000000764000000, 0x0000000764000000|100%| O|  |TAMS 0x0000000763e00000| PB 0x0000000763e00000| Untracked 
| 281|0x0000000764000000, 0x0000000764200000, 0x0000000764200000|100%| O|  |TAMS 0x0000000764000000| PB 0x0000000764000000| Untracked 
| 282|0x0000000764200000, 0x0000000764400000, 0x0000000764400000|100%| O|  |TAMS 0x0000000764200000| PB 0x0000000764200000| Untracked 
| 283|0x0000000764400000, 0x0000000764600000, 0x0000000764600000|100%| O|Cm|TAMS 0x0000000764400000| PB 0x0000000764400000| Complete 
| 284|0x0000000764600000, 0x0000000764800000, 0x0000000764800000|100%| O|  |TAMS 0x0000000764600000| PB 0x0000000764600000| Untracked 
| 285|0x0000000764800000, 0x0000000764a00000, 0x0000000764a00000|100%| O|  |TAMS 0x0000000764800000| PB 0x0000000764800000| Untracked 
| 286|0x0000000764a00000, 0x0000000764c00000, 0x0000000764c00000|100%|HS|  |TAMS 0x0000000764a00000| PB 0x0000000764a00000| Complete 
| 287|0x0000000764c00000, 0x0000000764e00000, 0x0000000764e00000|100%|HC|  |TAMS 0x0000000764c00000| PB 0x0000000764c00000| Complete 
| 288|0x0000000764e00000, 0x0000000765000000, 0x0000000765000000|100%| O|  |TAMS 0x0000000764e00000| PB 0x0000000764e00000| Untracked 
| 289|0x0000000765000000, 0x0000000765200000, 0x0000000765200000|100%| O|  |TAMS 0x0000000765000000| PB 0x0000000765000000| Untracked 
| 290|0x0000000765200000, 0x0000000765400000, 0x0000000765400000|100%| O|  |TAMS 0x0000000765200000| PB 0x0000000765200000| Untracked 
| 291|0x0000000765400000, 0x0000000765600000, 0x0000000765600000|100%| O|  |TAMS 0x0000000765400000| PB 0x0000000765400000| Untracked 
| 292|0x0000000765600000, 0x0000000765600000, 0x0000000765800000|  0%| F|  |TAMS 0x0000000765600000| PB 0x0000000765600000| Untracked 
| 293|0x0000000765800000, 0x0000000765800000, 0x0000000765a00000|  0%| F|  |TAMS 0x0000000765800000| PB 0x0000000765800000| Untracked 
| 294|0x0000000765a00000, 0x0000000765c00000, 0x0000000765c00000|100%| O|  |TAMS 0x0000000765a00000| PB 0x0000000765a00000| Untracked 
| 295|0x0000000765c00000, 0x0000000765e00000, 0x0000000765e00000|100%| O|  |TAMS 0x0000000765c00000| PB 0x0000000765c00000| Untracked 
| 296|0x0000000765e00000, 0x0000000766000000, 0x0000000766000000|100%| O|  |TAMS 0x0000000765e00000| PB 0x0000000765e00000| Untracked 
| 297|0x0000000766000000, 0x0000000766000000, 0x0000000766200000|  0%| F|  |TAMS 0x0000000766000000| PB 0x0000000766000000| Untracked 
| 298|0x0000000766200000, 0x0000000766400000, 0x0000000766400000|100%| O|Cm|TAMS 0x0000000766200000| PB 0x0000000766200000| Complete 
| 299|0x0000000766400000, 0x0000000766400000, 0x0000000766600000|  0%| F|  |TAMS 0x0000000766400000| PB 0x0000000766400000| Untracked 
| 300|0x0000000766600000, 0x0000000766600000, 0x0000000766800000|  0%| F|  |TAMS 0x0000000766600000| PB 0x0000000766600000| Untracked 
| 301|0x0000000766800000, 0x0000000766800000, 0x0000000766a00000|  0%| F|  |TAMS 0x0000000766800000| PB 0x0000000766800000| Untracked 
| 302|0x0000000766a00000, 0x0000000766a00000, 0x0000000766c00000|  0%| F|  |TAMS 0x0000000766a00000| PB 0x0000000766a00000| Untracked 
| 303|0x0000000766c00000, 0x0000000766c00000, 0x0000000766e00000|  0%| F|  |TAMS 0x0000000766c00000| PB 0x0000000766c00000| Untracked 
| 304|0x0000000766e00000, 0x0000000766e00000, 0x0000000767000000|  0%| F|  |TAMS 0x0000000766e00000| PB 0x0000000766e00000| Untracked 
| 305|0x0000000767000000, 0x0000000767000000, 0x0000000767200000|  0%| F|  |TAMS 0x0000000767000000| PB 0x0000000767000000| Untracked 
| 306|0x0000000767200000, 0x0000000767200000, 0x0000000767400000|  0%| F|  |TAMS 0x0000000767200000| PB 0x0000000767200000| Untracked 
| 307|0x0000000767400000, 0x0000000767400000, 0x0000000767600000|  0%| F|  |TAMS 0x0000000767400000| PB 0x0000000767400000| Untracked 
| 308|0x0000000767600000, 0x0000000767800000, 0x0000000767800000|100%| O|Cm|TAMS 0x0000000767600000| PB 0x0000000767600000| Complete 
| 309|0x0000000767800000, 0x0000000767800000, 0x0000000767a00000|  0%| F|  |TAMS 0x0000000767800000| PB 0x0000000767800000| Untracked 
| 310|0x0000000767a00000, 0x0000000767a00000, 0x0000000767c00000|  0%| F|  |TAMS 0x0000000767a00000| PB 0x0000000767a00000| Untracked 
| 311|0x0000000767c00000, 0x0000000767c00000, 0x0000000767e00000|  0%| F|  |TAMS 0x0000000767c00000| PB 0x0000000767c00000| Untracked 
| 312|0x0000000767e00000, 0x0000000767e00000, 0x0000000768000000|  0%| F|  |TAMS 0x0000000767e00000| PB 0x0000000767e00000| Untracked 
| 313|0x0000000768000000, 0x0000000768000000, 0x0000000768200000|  0%| F|  |TAMS 0x0000000768000000| PB 0x0000000768000000| Untracked 
| 314|0x0000000768200000, 0x0000000768200000, 0x0000000768400000|  0%| F|  |TAMS 0x0000000768200000| PB 0x0000000768200000| Untracked 
| 315|0x0000000768400000, 0x0000000768600000, 0x0000000768600000|100%| S|CS|TAMS 0x0000000768400000| PB 0x0000000768400000| Complete 
| 316|0x0000000768600000, 0x0000000768800000, 0x0000000768800000|100%| S|CS|TAMS 0x0000000768600000| PB 0x0000000768600000| Complete 
| 317|0x0000000768800000, 0x0000000768a00000, 0x0000000768a00000|100%| S|CS|TAMS 0x0000000768800000| PB 0x0000000768800000| Complete 
| 318|0x0000000768a00000, 0x0000000768c00000, 0x0000000768c00000|100%| S|CS|TAMS 0x0000000768a00000| PB 0x0000000768a00000| Complete 
| 319|0x0000000768c00000, 0x0000000768e00000, 0x0000000768e00000|100%| S|CS|TAMS 0x0000000768c00000| PB 0x0000000768c00000| Complete 
| 320|0x0000000768e00000, 0x0000000769000000, 0x0000000769000000|100%| S|CS|TAMS 0x0000000768e00000| PB 0x0000000768e00000| Complete 
| 321|0x0000000769000000, 0x0000000769200000, 0x0000000769200000|100%| S|CS|TAMS 0x0000000769000000| PB 0x0000000769000000| Complete 
| 322|0x0000000769200000, 0x0000000769400000, 0x0000000769400000|100%| S|CS|TAMS 0x0000000769200000| PB 0x0000000769200000| Complete 
| 323|0x0000000769400000, 0x0000000769400000, 0x0000000769600000|  0%| F|  |TAMS 0x0000000769400000| PB 0x0000000769400000| Untracked 
| 324|0x0000000769600000, 0x0000000769800000, 0x0000000769800000|100%|HS|  |TAMS 0x0000000769600000| PB 0x0000000769600000| Complete 
| 325|0x0000000769800000, 0x0000000769a00000, 0x0000000769a00000|100%|HC|  |TAMS 0x0000000769800000| PB 0x0000000769800000| Complete 
| 326|0x0000000769a00000, 0x0000000769a00000, 0x0000000769c00000|  0%| F|  |TAMS 0x0000000769a00000| PB 0x0000000769a00000| Untracked 
| 327|0x0000000769c00000, 0x0000000769c00000, 0x0000000769e00000|  0%| F|  |TAMS 0x0000000769c00000| PB 0x0000000769c00000| Untracked 
| 328|0x0000000769e00000, 0x000000076a000000, 0x000000076a000000|100%| O|  |TAMS 0x0000000769e00000| PB 0x0000000769e00000| Untracked 
| 329|0x000000076a000000, 0x000000076a000000, 0x000000076a200000|  0%| F|  |TAMS 0x000000076a000000| PB 0x000000076a000000| Untracked 
| 330|0x000000076a200000, 0x000000076a200000, 0x000000076a400000|  0%| F|  |TAMS 0x000000076a200000| PB 0x000000076a200000| Untracked 
| 331|0x000000076a400000, 0x000000076a400000, 0x000000076a600000|  0%| F|  |TAMS 0x000000076a400000| PB 0x000000076a400000| Untracked 
| 332|0x000000076a600000, 0x000000076a600000, 0x000000076a800000|  0%| F|  |TAMS 0x000000076a600000| PB 0x000000076a600000| Untracked 
| 333|0x000000076a800000, 0x000000076aa00000, 0x000000076aa00000|100%| S|CS|TAMS 0x000000076a800000| PB 0x000000076a800000| Complete 
| 334|0x000000076aa00000, 0x000000076ac00000, 0x000000076ac00000|100%| S|CS|TAMS 0x000000076aa00000| PB 0x000000076aa00000| Complete 
| 335|0x000000076ac00000, 0x000000076ae00000, 0x000000076ae00000|100%| S|CS|TAMS 0x000000076ac00000| PB 0x000000076ac00000| Complete 
| 336|0x000000076ae00000, 0x000000076b000000, 0x000000076b000000|100%| S|CS|TAMS 0x000000076ae00000| PB 0x000000076ae00000| Complete 
| 337|0x000000076b000000, 0x000000076b200000, 0x000000076b200000|100%| S|CS|TAMS 0x000000076b000000| PB 0x000000076b000000| Complete 
| 338|0x000000076b200000, 0x000000076b400000, 0x000000076b400000|100%| S|CS|TAMS 0x000000076b200000| PB 0x000000076b200000| Complete 
| 339|0x000000076b400000, 0x000000076b600000, 0x000000076b600000|100%| S|CS|TAMS 0x000000076b400000| PB 0x000000076b400000| Complete 
| 340|0x000000076b600000, 0x000000076b600000, 0x000000076b800000|  0%| F|  |TAMS 0x000000076b600000| PB 0x000000076b600000| Untracked 
| 341|0x000000076b800000, 0x000000076b800000, 0x000000076ba00000|  0%| F|  |TAMS 0x000000076b800000| PB 0x000000076b800000| Untracked 
| 342|0x000000076ba00000, 0x000000076ba00000, 0x000000076bc00000|  0%| F|  |TAMS 0x000000076ba00000| PB 0x000000076ba00000| Untracked 
| 343|0x000000076bc00000, 0x000000076bc00000, 0x000000076be00000|  0%| F|  |TAMS 0x000000076bc00000| PB 0x000000076bc00000| Untracked 
| 344|0x000000076be00000, 0x000000076be00000, 0x000000076c000000|  0%| F|  |TAMS 0x000000076be00000| PB 0x000000076be00000| Untracked 
| 345|0x000000076c000000, 0x000000076c000000, 0x000000076c200000|  0%| F|  |TAMS 0x000000076c000000| PB 0x000000076c000000| Untracked 
| 346|0x000000076c200000, 0x000000076c200000, 0x000000076c400000|  0%| F|  |TAMS 0x000000076c200000| PB 0x000000076c200000| Untracked 
| 347|0x000000076c400000, 0x000000076c400000, 0x000000076c600000|  0%| F|  |TAMS 0x000000076c400000| PB 0x000000076c400000| Untracked 
| 348|0x000000076c600000, 0x000000076c600000, 0x000000076c800000|  0%| F|  |TAMS 0x000000076c600000| PB 0x000000076c600000| Untracked 
| 349|0x000000076c800000, 0x000000076c800000, 0x000000076ca00000|  0%| F|  |TAMS 0x000000076c800000| PB 0x000000076c800000| Untracked 
| 350|0x000000076ca00000, 0x000000076ca00000, 0x000000076cc00000|  0%| F|  |TAMS 0x000000076ca00000| PB 0x000000076ca00000| Untracked 
| 351|0x000000076cc00000, 0x000000076cc00000, 0x000000076ce00000|  0%| F|  |TAMS 0x000000076cc00000| PB 0x000000076cc00000| Untracked 
| 352|0x000000076ce00000, 0x000000076ce00000, 0x000000076d000000|  0%| F|  |TAMS 0x000000076ce00000| PB 0x000000076ce00000| Untracked 
| 353|0x000000076d000000, 0x000000076d000000, 0x000000076d200000|  0%| F|  |TAMS 0x000000076d000000| PB 0x000000076d000000| Untracked 
| 354|0x000000076d200000, 0x000000076d200000, 0x000000076d400000|  0%| F|  |TAMS 0x000000076d200000| PB 0x000000076d200000| Untracked 
| 355|0x000000076d400000, 0x000000076d400000, 0x000000076d600000|  0%| F|  |TAMS 0x000000076d400000| PB 0x000000076d400000| Untracked 
| 356|0x000000076d600000, 0x000000076d600000, 0x000000076d800000|  0%| F|  |TAMS 0x000000076d600000| PB 0x000000076d600000| Untracked 
| 357|0x000000076d800000, 0x000000076d800000, 0x000000076da00000|  0%| F|  |TAMS 0x000000076d800000| PB 0x000000076d800000| Untracked 
| 358|0x000000076da00000, 0x000000076da00000, 0x000000076dc00000|  0%| F|  |TAMS 0x000000076da00000| PB 0x000000076da00000| Untracked 
| 359|0x000000076dc00000, 0x000000076dc00000, 0x000000076de00000|  0%| F|  |TAMS 0x000000076dc00000| PB 0x000000076dc00000| Untracked 
| 360|0x000000076de00000, 0x000000076de00000, 0x000000076e000000|  0%| F|  |TAMS 0x000000076de00000| PB 0x000000076de00000| Untracked 
| 361|0x000000076e000000, 0x000000076e000000, 0x000000076e200000|  0%| F|  |TAMS 0x000000076e000000| PB 0x000000076e000000| Untracked 
| 362|0x000000076e200000, 0x000000076e200000, 0x000000076e400000|  0%| F|  |TAMS 0x000000076e200000| PB 0x000000076e200000| Untracked 
| 363|0x000000076e400000, 0x000000076e400000, 0x000000076e600000|  0%| F|  |TAMS 0x000000076e400000| PB 0x000000076e400000| Untracked 
| 364|0x000000076e600000, 0x000000076e600000, 0x000000076e800000|  0%| F|  |TAMS 0x000000076e600000| PB 0x000000076e600000| Untracked 
| 365|0x000000076e800000, 0x000000076e800000, 0x000000076ea00000|  0%| F|  |TAMS 0x000000076e800000| PB 0x000000076e800000| Untracked 
| 366|0x000000076ea00000, 0x000000076ea00000, 0x000000076ec00000|  0%| F|  |TAMS 0x000000076ea00000| PB 0x000000076ea00000| Untracked 
| 367|0x000000076ec00000, 0x000000076ec00000, 0x000000076ee00000|  0%| F|  |TAMS 0x000000076ec00000| PB 0x000000076ec00000| Untracked 
| 368|0x000000076ee00000, 0x000000076ee00000, 0x000000076f000000|  0%| F|  |TAMS 0x000000076ee00000| PB 0x000000076ee00000| Untracked 
| 369|0x000000076f000000, 0x000000076f000000, 0x000000076f200000|  0%| F|  |TAMS 0x000000076f000000| PB 0x000000076f000000| Untracked 
| 370|0x000000076f200000, 0x000000076f200000, 0x000000076f400000|  0%| F|  |TAMS 0x000000076f200000| PB 0x000000076f200000| Untracked 
| 371|0x000000076f400000, 0x000000076f400000, 0x000000076f600000|  0%| F|  |TAMS 0x000000076f400000| PB 0x000000076f400000| Untracked 
| 372|0x000000076f600000, 0x000000076f600000, 0x000000076f800000|  0%| F|  |TAMS 0x000000076f600000| PB 0x000000076f600000| Untracked 
| 373|0x000000076f800000, 0x000000076f800000, 0x000000076fa00000|  0%| F|  |TAMS 0x000000076f800000| PB 0x000000076f800000| Untracked 
| 374|0x000000076fa00000, 0x000000076fa00000, 0x000000076fc00000|  0%| F|  |TAMS 0x000000076fa00000| PB 0x000000076fa00000| Untracked 
| 375|0x000000076fc00000, 0x000000076fc00000, 0x000000076fe00000|  0%| F|  |TAMS 0x000000076fc00000| PB 0x000000076fc00000| Untracked 
| 376|0x000000076fe00000, 0x000000076fe00000, 0x0000000770000000|  0%| F|  |TAMS 0x000000076fe00000| PB 0x000000076fe00000| Untracked 
| 377|0x0000000770000000, 0x0000000770000000, 0x0000000770200000|  0%| F|  |TAMS 0x0000000770000000| PB 0x0000000770000000| Untracked 
| 378|0x0000000770200000, 0x0000000770200000, 0x0000000770400000|  0%| F|  |TAMS 0x0000000770200000| PB 0x0000000770200000| Untracked 
| 379|0x0000000770400000, 0x0000000770400000, 0x0000000770600000|  0%| F|  |TAMS 0x0000000770400000| PB 0x0000000770400000| Untracked 
| 380|0x0000000770600000, 0x0000000770600000, 0x0000000770800000|  0%| F|  |TAMS 0x0000000770600000| PB 0x0000000770600000| Untracked 
| 381|0x0000000770800000, 0x0000000770800000, 0x0000000770a00000|  0%| F|  |TAMS 0x0000000770800000| PB 0x0000000770800000| Untracked 
| 382|0x0000000770a00000, 0x0000000770a00000, 0x0000000770c00000|  0%| F|  |TAMS 0x0000000770a00000| PB 0x0000000770a00000| Untracked 
| 383|0x0000000770c00000, 0x0000000770c00000, 0x0000000770e00000|  0%| F|  |TAMS 0x0000000770c00000| PB 0x0000000770c00000| Untracked 
| 384|0x0000000770e00000, 0x0000000770e00000, 0x0000000771000000|  0%| F|  |TAMS 0x0000000770e00000| PB 0x0000000770e00000| Untracked 
| 385|0x0000000771000000, 0x0000000771000000, 0x0000000771200000|  0%| F|  |TAMS 0x0000000771000000| PB 0x0000000771000000| Untracked 
| 386|0x0000000771200000, 0x0000000771200000, 0x0000000771400000|  0%| F|  |TAMS 0x0000000771200000| PB 0x0000000771200000| Untracked 
| 387|0x0000000771400000, 0x0000000771400000, 0x0000000771600000|  0%| F|  |TAMS 0x0000000771400000| PB 0x0000000771400000| Untracked 
| 388|0x0000000771600000, 0x0000000771600000, 0x0000000771800000|  0%| F|  |TAMS 0x0000000771600000| PB 0x0000000771600000| Untracked 
| 389|0x0000000771800000, 0x0000000771800000, 0x0000000771a00000|  0%| F|  |TAMS 0x0000000771800000| PB 0x0000000771800000| Untracked 
| 390|0x0000000771a00000, 0x0000000771a00000, 0x0000000771c00000|  0%| F|  |TAMS 0x0000000771a00000| PB 0x0000000771a00000| Untracked 
| 391|0x0000000771c00000, 0x0000000771c00000, 0x0000000771e00000|  0%| F|  |TAMS 0x0000000771c00000| PB 0x0000000771c00000| Untracked 
| 392|0x0000000771e00000, 0x0000000771e00000, 0x0000000772000000|  0%| F|  |TAMS 0x0000000771e00000| PB 0x0000000771e00000| Untracked 
| 393|0x0000000772000000, 0x0000000772000000, 0x0000000772200000|  0%| F|  |TAMS 0x0000000772000000| PB 0x0000000772000000| Untracked 
| 394|0x0000000772200000, 0x0000000772200000, 0x0000000772400000|  0%| F|  |TAMS 0x0000000772200000| PB 0x0000000772200000| Untracked 
| 395|0x0000000772400000, 0x0000000772400000, 0x0000000772600000|  0%| F|  |TAMS 0x0000000772400000| PB 0x0000000772400000| Untracked 
| 396|0x0000000772600000, 0x0000000772600000, 0x0000000772800000|  0%| F|  |TAMS 0x0000000772600000| PB 0x0000000772600000| Untracked 
| 397|0x0000000772800000, 0x0000000772800000, 0x0000000772a00000|  0%| F|  |TAMS 0x0000000772800000| PB 0x0000000772800000| Untracked 
| 398|0x0000000772a00000, 0x0000000772a00000, 0x0000000772c00000|  0%| F|  |TAMS 0x0000000772a00000| PB 0x0000000772a00000| Untracked 
| 399|0x0000000772c00000, 0x0000000772c00000, 0x0000000772e00000|  0%| F|  |TAMS 0x0000000772c00000| PB 0x0000000772c00000| Untracked 
| 400|0x0000000772e00000, 0x0000000772e00000, 0x0000000773000000|  0%| F|  |TAMS 0x0000000772e00000| PB 0x0000000772e00000| Untracked 
| 401|0x0000000773000000, 0x0000000773000000, 0x0000000773200000|  0%| F|  |TAMS 0x0000000773000000| PB 0x0000000773000000| Untracked 
| 402|0x0000000773200000, 0x0000000773200000, 0x0000000773400000|  0%| F|  |TAMS 0x0000000773200000| PB 0x0000000773200000| Untracked 
| 403|0x0000000773400000, 0x0000000773400000, 0x0000000773600000|  0%| F|  |TAMS 0x0000000773400000| PB 0x0000000773400000| Untracked 
| 404|0x0000000773600000, 0x0000000773600000, 0x0000000773800000|  0%| F|  |TAMS 0x0000000773600000| PB 0x0000000773600000| Untracked 
| 405|0x0000000773800000, 0x0000000773800000, 0x0000000773a00000|  0%| F|  |TAMS 0x0000000773800000| PB 0x0000000773800000| Untracked 
| 406|0x0000000773a00000, 0x0000000773a00000, 0x0000000773c00000|  0%| F|  |TAMS 0x0000000773a00000| PB 0x0000000773a00000| Untracked 
| 407|0x0000000773c00000, 0x0000000773c00000, 0x0000000773e00000|  0%| F|  |TAMS 0x0000000773c00000| PB 0x0000000773c00000| Untracked 
| 408|0x0000000773e00000, 0x0000000773e00000, 0x0000000774000000|  0%| F|  |TAMS 0x0000000773e00000| PB 0x0000000773e00000| Untracked 
| 409|0x0000000774000000, 0x0000000774000000, 0x0000000774200000|  0%| F|  |TAMS 0x0000000774000000| PB 0x0000000774000000| Untracked 
| 410|0x0000000774200000, 0x0000000774200000, 0x0000000774400000|  0%| F|  |TAMS 0x0000000774200000| PB 0x0000000774200000| Untracked 
| 411|0x0000000774400000, 0x0000000774400000, 0x0000000774600000|  0%| F|  |TAMS 0x0000000774400000| PB 0x0000000774400000| Untracked 
| 412|0x0000000774600000, 0x0000000774600000, 0x0000000774800000|  0%| F|  |TAMS 0x0000000774600000| PB 0x0000000774600000| Untracked 
| 413|0x0000000774800000, 0x0000000774800000, 0x0000000774a00000|  0%| F|  |TAMS 0x0000000774800000| PB 0x0000000774800000| Untracked 
| 414|0x0000000774a00000, 0x0000000774a00000, 0x0000000774c00000|  0%| F|  |TAMS 0x0000000774a00000| PB 0x0000000774a00000| Untracked 
| 415|0x0000000774c00000, 0x0000000774c00000, 0x0000000774e00000|  0%| F|  |TAMS 0x0000000774c00000| PB 0x0000000774c00000| Untracked 
| 416|0x0000000774e00000, 0x0000000774e00000, 0x0000000775000000|  0%| F|  |TAMS 0x0000000774e00000| PB 0x0000000774e00000| Untracked 
| 417|0x0000000775000000, 0x0000000775000000, 0x0000000775200000|  0%| F|  |TAMS 0x0000000775000000| PB 0x0000000775000000| Untracked 
| 418|0x0000000775200000, 0x0000000775200000, 0x0000000775400000|  0%| F|  |TAMS 0x0000000775200000| PB 0x0000000775200000| Untracked 
| 419|0x0000000775400000, 0x0000000775400000, 0x0000000775600000|  0%| F|  |TAMS 0x0000000775400000| PB 0x0000000775400000| Untracked 
| 420|0x0000000775600000, 0x0000000775600000, 0x0000000775800000|  0%| F|  |TAMS 0x0000000775600000| PB 0x0000000775600000| Untracked 
| 421|0x0000000775800000, 0x0000000775800000, 0x0000000775a00000|  0%| F|  |TAMS 0x0000000775800000| PB 0x0000000775800000| Untracked 
| 422|0x0000000775a00000, 0x0000000775a00000, 0x0000000775c00000|  0%| F|  |TAMS 0x0000000775a00000| PB 0x0000000775a00000| Untracked 
| 423|0x0000000775c00000, 0x0000000775c00000, 0x0000000775e00000|  0%| F|  |TAMS 0x0000000775c00000| PB 0x0000000775c00000| Untracked 
| 424|0x0000000775e00000, 0x0000000775e00000, 0x0000000776000000|  0%| F|  |TAMS 0x0000000775e00000| PB 0x0000000775e00000| Untracked 
| 425|0x0000000776000000, 0x0000000776000000, 0x0000000776200000|  0%| F|  |TAMS 0x0000000776000000| PB 0x0000000776000000| Untracked 
| 426|0x0000000776200000, 0x0000000776200000, 0x0000000776400000|  0%| F|  |TAMS 0x0000000776200000| PB 0x0000000776200000| Untracked 
| 427|0x0000000776400000, 0x0000000776400000, 0x0000000776600000|  0%| F|  |TAMS 0x0000000776400000| PB 0x0000000776400000| Untracked 
| 428|0x0000000776600000, 0x0000000776600000, 0x0000000776800000|  0%| F|  |TAMS 0x0000000776600000| PB 0x0000000776600000| Untracked 
| 429|0x0000000776800000, 0x0000000776800000, 0x0000000776a00000|  0%| F|  |TAMS 0x0000000776800000| PB 0x0000000776800000| Untracked 
| 430|0x0000000776a00000, 0x0000000776a00000, 0x0000000776c00000|  0%| F|  |TAMS 0x0000000776a00000| PB 0x0000000776a00000| Untracked 
| 431|0x0000000776c00000, 0x0000000776c00000, 0x0000000776e00000|  0%| F|  |TAMS 0x0000000776c00000| PB 0x0000000776c00000| Untracked 
| 432|0x0000000776e00000, 0x0000000776e00000, 0x0000000777000000|  0%| F|  |TAMS 0x0000000776e00000| PB 0x0000000776e00000| Untracked 
| 433|0x0000000777000000, 0x0000000777000000, 0x0000000777200000|  0%| F|  |TAMS 0x0000000777000000| PB 0x0000000777000000| Untracked 
| 434|0x0000000777200000, 0x0000000777200000, 0x0000000777400000|  0%| F|  |TAMS 0x0000000777200000| PB 0x0000000777200000| Untracked 
| 435|0x0000000777400000, 0x0000000777400000, 0x0000000777600000|  0%| F|  |TAMS 0x0000000777400000| PB 0x0000000777400000| Untracked 
| 436|0x0000000777600000, 0x0000000777600000, 0x0000000777800000|  0%| F|  |TAMS 0x0000000777600000| PB 0x0000000777600000| Untracked 
| 437|0x0000000777800000, 0x0000000777800000, 0x0000000777a00000|  0%| F|  |TAMS 0x0000000777800000| PB 0x0000000777800000| Untracked 
| 438|0x0000000777a00000, 0x0000000777a00000, 0x0000000777c00000|  0%| F|  |TAMS 0x0000000777a00000| PB 0x0000000777a00000| Untracked 
| 439|0x0000000777c00000, 0x0000000777c00000, 0x0000000777e00000|  0%| F|  |TAMS 0x0000000777c00000| PB 0x0000000777c00000| Untracked 
| 440|0x0000000777e00000, 0x0000000777e00000, 0x0000000778000000|  0%| F|  |TAMS 0x0000000777e00000| PB 0x0000000777e00000| Untracked 
| 441|0x0000000778000000, 0x0000000778000000, 0x0000000778200000|  0%| F|  |TAMS 0x0000000778000000| PB 0x0000000778000000| Untracked 
| 442|0x0000000778200000, 0x0000000778200000, 0x0000000778400000|  0%| F|  |TAMS 0x0000000778200000| PB 0x0000000778200000| Untracked 
| 443|0x0000000778400000, 0x0000000778400000, 0x0000000778600000|  0%| F|  |TAMS 0x0000000778400000| PB 0x0000000778400000| Untracked 
| 444|0x0000000778600000, 0x0000000778600000, 0x0000000778800000|  0%| F|  |TAMS 0x0000000778600000| PB 0x0000000778600000| Untracked 
| 445|0x0000000778800000, 0x0000000778800000, 0x0000000778a00000|  0%| F|  |TAMS 0x0000000778800000| PB 0x0000000778800000| Untracked 
| 446|0x0000000778a00000, 0x0000000778a00000, 0x0000000778c00000|  0%| F|  |TAMS 0x0000000778a00000| PB 0x0000000778a00000| Untracked 
| 447|0x0000000778c00000, 0x0000000778c00000, 0x0000000778e00000|  0%| F|  |TAMS 0x0000000778c00000| PB 0x0000000778c00000| Untracked 
| 448|0x0000000778e00000, 0x0000000778e00000, 0x0000000779000000|  0%| F|  |TAMS 0x0000000778e00000| PB 0x0000000778e00000| Untracked 
| 449|0x0000000779000000, 0x0000000779000000, 0x0000000779200000|  0%| F|  |TAMS 0x0000000779000000| PB 0x0000000779000000| Untracked 
| 450|0x0000000779200000, 0x0000000779200000, 0x0000000779400000|  0%| F|  |TAMS 0x0000000779200000| PB 0x0000000779200000| Untracked 
| 451|0x0000000779400000, 0x0000000779400000, 0x0000000779600000|  0%| F|  |TAMS 0x0000000779400000| PB 0x0000000779400000| Untracked 
| 452|0x0000000779600000, 0x0000000779600000, 0x0000000779800000|  0%| F|  |TAMS 0x0000000779600000| PB 0x0000000779600000| Untracked 
| 453|0x0000000779800000, 0x0000000779800000, 0x0000000779a00000|  0%| F|  |TAMS 0x0000000779800000| PB 0x0000000779800000| Untracked 
| 454|0x0000000779a00000, 0x0000000779a00000, 0x0000000779c00000|  0%| F|  |TAMS 0x0000000779a00000| PB 0x0000000779a00000| Untracked 
| 455|0x0000000779c00000, 0x0000000779c00000, 0x0000000779e00000|  0%| F|  |TAMS 0x0000000779c00000| PB 0x0000000779c00000| Untracked 
| 456|0x0000000779e00000, 0x0000000779e00000, 0x000000077a000000|  0%| F|  |TAMS 0x0000000779e00000| PB 0x0000000779e00000| Untracked 
| 457|0x000000077a000000, 0x000000077a000000, 0x000000077a200000|  0%| F|  |TAMS 0x000000077a000000| PB 0x000000077a000000| Untracked 
| 458|0x000000077a200000, 0x000000077a200000, 0x000000077a400000|  0%| F|  |TAMS 0x000000077a200000| PB 0x000000077a200000| Untracked 
| 459|0x000000077a400000, 0x000000077a400000, 0x000000077a600000|  0%| F|  |TAMS 0x000000077a400000| PB 0x000000077a400000| Untracked 
| 460|0x000000077a600000, 0x000000077a600000, 0x000000077a800000|  0%| F|  |TAMS 0x000000077a600000| PB 0x000000077a600000| Untracked 
| 461|0x000000077a800000, 0x000000077a800000, 0x000000077aa00000|  0%| F|  |TAMS 0x000000077a800000| PB 0x000000077a800000| Untracked 
| 462|0x000000077aa00000, 0x000000077aa00000, 0x000000077ac00000|  0%| F|  |TAMS 0x000000077aa00000| PB 0x000000077aa00000| Untracked 
| 463|0x000000077ac00000, 0x000000077ac00000, 0x000000077ae00000|  0%| F|  |TAMS 0x000000077ac00000| PB 0x000000077ac00000| Untracked 
| 464|0x000000077ae00000, 0x000000077ae00000, 0x000000077b000000|  0%| F|  |TAMS 0x000000077ae00000| PB 0x000000077ae00000| Untracked 
| 465|0x000000077b000000, 0x000000077b000000, 0x000000077b200000|  0%| F|  |TAMS 0x000000077b000000| PB 0x000000077b000000| Untracked 
| 466|0x000000077b200000, 0x000000077b200000, 0x000000077b400000|  0%| F|  |TAMS 0x000000077b200000| PB 0x000000077b200000| Untracked 
| 467|0x000000077b400000, 0x000000077b400000, 0x000000077b600000|  0%| F|  |TAMS 0x000000077b400000| PB 0x000000077b400000| Untracked 
| 468|0x000000077b600000, 0x000000077b600000, 0x000000077b800000|  0%| F|  |TAMS 0x000000077b600000| PB 0x000000077b600000| Untracked 
| 469|0x000000077b800000, 0x000000077b800000, 0x000000077ba00000|  0%| F|  |TAMS 0x000000077b800000| PB 0x000000077b800000| Untracked 
| 470|0x000000077ba00000, 0x000000077ba00000, 0x000000077bc00000|  0%| F|  |TAMS 0x000000077ba00000| PB 0x000000077ba00000| Untracked 
| 471|0x000000077bc00000, 0x000000077bc00000, 0x000000077be00000|  0%| F|  |TAMS 0x000000077bc00000| PB 0x000000077bc00000| Untracked 
| 472|0x000000077be00000, 0x000000077bf02440, 0x000000077c000000| 50%| E|  |TAMS 0x000000077be00000| PB 0x000000077be00000| Complete 
| 473|0x000000077c000000, 0x000000077c200000, 0x000000077c200000|100%| E|CS|TAMS 0x000000077c000000| PB 0x000000077c000000| Complete 
| 474|0x000000077c200000, 0x000000077c400000, 0x000000077c400000|100%| E|CS|TAMS 0x000000077c200000| PB 0x000000077c200000| Complete 
| 475|0x000000077c400000, 0x000000077c600000, 0x000000077c600000|100%| E|CS|TAMS 0x000000077c400000| PB 0x000000077c400000| Complete 
| 476|0x000000077c600000, 0x000000077c800000, 0x000000077c800000|100%| E|CS|TAMS 0x000000077c600000| PB 0x000000077c600000| Complete 
| 477|0x000000077c800000, 0x000000077ca00000, 0x000000077ca00000|100%| E|CS|TAMS 0x000000077c800000| PB 0x000000077c800000| Complete 
| 478|0x000000077ca00000, 0x000000077cc00000, 0x000000077cc00000|100%| E|CS|TAMS 0x000000077ca00000| PB 0x000000077ca00000| Complete 
| 479|0x000000077cc00000, 0x000000077ce00000, 0x000000077ce00000|100%| E|CS|TAMS 0x000000077cc00000| PB 0x000000077cc00000| Complete 
| 480|0x000000077ce00000, 0x000000077d000000, 0x000000077d000000|100%| E|CS|TAMS 0x000000077ce00000| PB 0x000000077ce00000| Complete 
| 481|0x000000077d000000, 0x000000077d200000, 0x000000077d200000|100%| E|CS|TAMS 0x000000077d000000| PB 0x000000077d000000| Complete 
| 482|0x000000077d200000, 0x000000077d400000, 0x000000077d400000|100%| E|CS|TAMS 0x000000077d200000| PB 0x000000077d200000| Complete 
| 483|0x000000077d400000, 0x000000077d600000, 0x000000077d600000|100%| E|CS|TAMS 0x000000077d400000| PB 0x000000077d400000| Complete 
| 484|0x000000077d600000, 0x000000077d800000, 0x000000077d800000|100%| E|CS|TAMS 0x000000077d600000| PB 0x000000077d600000| Complete 
| 485|0x000000077d800000, 0x000000077da00000, 0x000000077da00000|100%| E|CS|TAMS 0x000000077d800000| PB 0x000000077d800000| Complete 
| 486|0x000000077da00000, 0x000000077dc00000, 0x000000077dc00000|100%| E|CS|TAMS 0x000000077da00000| PB 0x000000077da00000| Complete 
| 487|0x000000077dc00000, 0x000000077de00000, 0x000000077de00000|100%| E|CS|TAMS 0x000000077dc00000| PB 0x000000077dc00000| Complete 
| 488|0x000000077de00000, 0x000000077e000000, 0x000000077e000000|100%| E|CS|TAMS 0x000000077de00000| PB 0x000000077de00000| Complete 
| 489|0x000000077e000000, 0x000000077e200000, 0x000000077e200000|100%| E|CS|TAMS 0x000000077e000000| PB 0x000000077e000000| Complete 
| 490|0x000000077e200000, 0x000000077e400000, 0x000000077e400000|100%| E|CS|TAMS 0x000000077e200000| PB 0x000000077e200000| Complete 
| 491|0x000000077e400000, 0x000000077e600000, 0x000000077e600000|100%| E|CS|TAMS 0x000000077e400000| PB 0x000000077e400000| Complete 
| 492|0x000000077e600000, 0x000000077e800000, 0x000000077e800000|100%| E|CS|TAMS 0x000000077e600000| PB 0x000000077e600000| Complete 
| 493|0x000000077e800000, 0x000000077ea00000, 0x000000077ea00000|100%| E|CS|TAMS 0x000000077e800000| PB 0x000000077e800000| Complete 
| 494|0x000000077ea00000, 0x000000077ec00000, 0x000000077ec00000|100%| E|CS|TAMS 0x000000077ea00000| PB 0x000000077ea00000| Complete 
| 495|0x000000077ec00000, 0x000000077ee00000, 0x000000077ee00000|100%| E|CS|TAMS 0x000000077ec00000| PB 0x000000077ec00000| Complete 
| 496|0x000000077ee00000, 0x000000077f000000, 0x000000077f000000|100%| E|CS|TAMS 0x000000077ee00000| PB 0x000000077ee00000| Complete 
| 497|0x000000077f000000, 0x000000077f200000, 0x000000077f200000|100%| E|CS|TAMS 0x000000077f000000| PB 0x000000077f000000| Complete 
| 498|0x000000077f200000, 0x000000077f400000, 0x000000077f400000|100%| E|CS|TAMS 0x000000077f200000| PB 0x000000077f200000| Complete 
| 499|0x000000077f400000, 0x000000077f600000, 0x000000077f600000|100%| E|CS|TAMS 0x000000077f400000| PB 0x000000077f400000| Complete 
| 500|0x000000077f600000, 0x000000077f800000, 0x000000077f800000|100%| E|CS|TAMS 0x000000077f600000| PB 0x000000077f600000| Complete 
| 501|0x000000077f800000, 0x000000077fa00000, 0x000000077fa00000|100%| E|CS|TAMS 0x000000077f800000| PB 0x000000077f800000| Complete 
| 502|0x000000077fa00000, 0x000000077fc00000, 0x000000077fc00000|100%| E|CS|TAMS 0x000000077fa00000| PB 0x000000077fa00000| Complete 
| 503|0x000000077fc00000, 0x000000077fe00000, 0x000000077fe00000|100%| E|CS|TAMS 0x000000077fc00000| PB 0x000000077fc00000| Complete 
| 504|0x000000077fe00000, 0x0000000780000000, 0x0000000780000000|100%| E|CS|TAMS 0x000000077fe00000| PB 0x000000077fe00000| Complete 
| 505|0x0000000780000000, 0x0000000780200000, 0x0000000780200000|100%| E|CS|TAMS 0x0000000780000000| PB 0x0000000780000000| Complete 
| 506|0x0000000780200000, 0x0000000780400000, 0x0000000780400000|100%| E|CS|TAMS 0x0000000780200000| PB 0x0000000780200000| Complete 
| 507|0x0000000780400000, 0x0000000780600000, 0x0000000780600000|100%| E|CS|TAMS 0x0000000780400000| PB 0x0000000780400000| Complete 
| 508|0x0000000780600000, 0x0000000780800000, 0x0000000780800000|100%| E|CS|TAMS 0x0000000780600000| PB 0x0000000780600000| Complete 
| 509|0x0000000780800000, 0x0000000780a00000, 0x0000000780a00000|100%| E|CS|TAMS 0x0000000780800000| PB 0x0000000780800000| Complete 
| 510|0x0000000780a00000, 0x0000000780c00000, 0x0000000780c00000|100%| E|CS|TAMS 0x0000000780a00000| PB 0x0000000780a00000| Complete 
| 511|0x0000000780c00000, 0x0000000780e00000, 0x0000000780e00000|100%| E|CS|TAMS 0x0000000780c00000| PB 0x0000000780c00000| Complete 
| 512|0x0000000780e00000, 0x0000000781000000, 0x0000000781000000|100%| E|CS|TAMS 0x0000000780e00000| PB 0x0000000780e00000| Complete 
| 513|0x0000000781000000, 0x0000000781200000, 0x0000000781200000|100%| E|CS|TAMS 0x0000000781000000| PB 0x0000000781000000| Complete 
| 514|0x0000000781200000, 0x0000000781400000, 0x0000000781400000|100%| E|CS|TAMS 0x0000000781200000| PB 0x0000000781200000| Complete 
| 515|0x0000000781400000, 0x0000000781600000, 0x0000000781600000|100%| E|CS|TAMS 0x0000000781400000| PB 0x0000000781400000| Complete 
| 516|0x0000000781600000, 0x0000000781800000, 0x0000000781800000|100%| E|CS|TAMS 0x0000000781600000| PB 0x0000000781600000| Complete 
| 517|0x0000000781800000, 0x0000000781a00000, 0x0000000781a00000|100%| E|CS|TAMS 0x0000000781800000| PB 0x0000000781800000| Complete 
| 518|0x0000000781a00000, 0x0000000781c00000, 0x0000000781c00000|100%| E|CS|TAMS 0x0000000781a00000| PB 0x0000000781a00000| Complete 
| 519|0x0000000781c00000, 0x0000000781e00000, 0x0000000781e00000|100%| E|CS|TAMS 0x0000000781c00000| PB 0x0000000781c00000| Complete 
| 520|0x0000000781e00000, 0x0000000782000000, 0x0000000782000000|100%| E|CS|TAMS 0x0000000781e00000| PB 0x0000000781e00000| Complete 
| 521|0x0000000782000000, 0x0000000782200000, 0x0000000782200000|100%| E|CS|TAMS 0x0000000782000000| PB 0x0000000782000000| Complete 
| 522|0x0000000782200000, 0x0000000782400000, 0x0000000782400000|100%| E|CS|TAMS 0x0000000782200000| PB 0x0000000782200000| Complete 
| 523|0x0000000782400000, 0x0000000782600000, 0x0000000782600000|100%| E|CS|TAMS 0x0000000782400000| PB 0x0000000782400000| Complete 
| 524|0x0000000782600000, 0x0000000782800000, 0x0000000782800000|100%| E|CS|TAMS 0x0000000782600000| PB 0x0000000782600000| Complete 
| 525|0x0000000782800000, 0x0000000782a00000, 0x0000000782a00000|100%| E|CS|TAMS 0x0000000782800000| PB 0x0000000782800000| Complete 
| 526|0x0000000782a00000, 0x0000000782c00000, 0x0000000782c00000|100%| E|CS|TAMS 0x0000000782a00000| PB 0x0000000782a00000| Complete 
| 527|0x0000000782c00000, 0x0000000782e00000, 0x0000000782e00000|100%| E|CS|TAMS 0x0000000782c00000| PB 0x0000000782c00000| Complete 
| 528|0x0000000782e00000, 0x0000000783000000, 0x0000000783000000|100%| E|CS|TAMS 0x0000000782e00000| PB 0x0000000782e00000| Complete 
| 529|0x0000000783000000, 0x0000000783200000, 0x0000000783200000|100%| E|CS|TAMS 0x0000000783000000| PB 0x0000000783000000| Complete 
| 530|0x0000000783200000, 0x0000000783400000, 0x0000000783400000|100%| E|CS|TAMS 0x0000000783200000| PB 0x0000000783200000| Complete 
| 531|0x0000000783400000, 0x0000000783600000, 0x0000000783600000|100%| E|CS|TAMS 0x0000000783400000| PB 0x0000000783400000| Complete 
| 532|0x0000000783600000, 0x0000000783800000, 0x0000000783800000|100%| E|CS|TAMS 0x0000000783600000| PB 0x0000000783600000| Complete 
| 533|0x0000000783800000, 0x0000000783a00000, 0x0000000783a00000|100%| E|CS|TAMS 0x0000000783800000| PB 0x0000000783800000| Complete 
| 534|0x0000000783a00000, 0x0000000783c00000, 0x0000000783c00000|100%| E|CS|TAMS 0x0000000783a00000| PB 0x0000000783a00000| Complete 
| 612|0x000000078d600000, 0x000000078d800000, 0x000000078d800000|100%| O|  |TAMS 0x000000078d600000| PB 0x000000078d600000| Untracked 
| 618|0x000000078e200000, 0x000000078e400000, 0x000000078e400000|100%| O|  |TAMS 0x000000078e200000| PB 0x000000078e200000| Untracked 
| 620|0x000000078e600000, 0x000000078e800000, 0x000000078e800000|100%| O|  |TAMS 0x000000078e600000| PB 0x000000078e600000| Untracked 
| 625|0x000000078f000000, 0x000000078f200000, 0x000000078f200000|100%| E|CS|TAMS 0x000000078f000000| PB 0x000000078f000000| Complete 
| 631|0x000000078fc00000, 0x000000078fe00000, 0x000000078fe00000|100%| E|CS|TAMS 0x000000078fc00000| PB 0x000000078fc00000| Complete 
|1514|0x00000007fe200000, 0x00000007fe400000, 0x00000007fe400000|100%| E|CS|TAMS 0x00000007fe200000| PB 0x00000007fe200000| Complete 
|1515|0x00000007fe400000, 0x00000007fe600000, 0x00000007fe600000|100%| E|CS|TAMS 0x00000007fe400000| PB 0x00000007fe400000| Complete 
|1516|0x00000007fe600000, 0x00000007fe800000, 0x00000007fe800000|100%| E|CS|TAMS 0x00000007fe600000| PB 0x00000007fe600000| Complete 
|1517|0x00000007fe800000, 0x00000007fea00000, 0x00000007fea00000|100%| E|CS|TAMS 0x00000007fe800000| PB 0x00000007fe800000| Complete 
|1518|0x00000007fea00000, 0x00000007fec00000, 0x00000007fec00000|100%| O|  |TAMS 0x00000007fea00000| PB 0x00000007fea00000| Untracked 
|1519|0x00000007fec00000, 0x00000007fee00000, 0x00000007fee00000|100%| O|  |TAMS 0x00000007fec00000| PB 0x00000007fec00000| Untracked 
|1520|0x00000007fee00000, 0x00000007ff000000, 0x00000007ff000000|100%| E|CS|TAMS 0x00000007fee00000| PB 0x00000007fee00000| Complete 
|1521|0x00000007ff000000, 0x00000007ff200000, 0x00000007ff200000|100%| E|CS|TAMS 0x00000007ff000000| PB 0x00000007ff000000| Complete 
|1522|0x00000007ff200000, 0x00000007ff400000, 0x00000007ff400000|100%| E|CS|TAMS 0x00000007ff200000| PB 0x00000007ff200000| Complete 
|1523|0x00000007ff400000, 0x00000007ff600000, 0x00000007ff600000|100%| E|CS|TAMS 0x00000007ff400000| PB 0x00000007ff400000| Complete 
|1524|0x00000007ff600000, 0x00000007ff800000, 0x00000007ff800000|100%| E|CS|TAMS 0x00000007ff600000| PB 0x00000007ff600000| Complete 
|1525|0x00000007ff800000, 0x00000007ffa00000, 0x00000007ffa00000|100%| E|CS|TAMS 0x00000007ff800000| PB 0x00000007ff800000| Complete 
|1526|0x00000007ffa00000, 0x00000007ffc00000, 0x00000007ffc00000|100%| E|CS|TAMS 0x00000007ffa00000| PB 0x00000007ffa00000| Complete 
|1527|0x00000007ffc00000, 0x00000007ffe00000, 0x00000007ffe00000|100%| E|CS|TAMS 0x00000007ffc00000| PB 0x00000007ffc00000| Complete 
|1528|0x00000007ffe00000, 0x0000000800000000, 0x0000000800000000|100%| E|CS|TAMS 0x00000007ffe00000| PB 0x00000007ffe00000| Complete 

Card table byte_map: [0x00000208f5620000,0x00000208f5c20000] _byte_map_base: 0x00000208f1c19000

Marking Bits: (CMBitMap*) 0x00000208dd98bd80
 Bits: [0x00000208f5c20000, 0x00000208f8be8000)

Polling page: 0x00000208db920000

Metaspace:

Usage:
  Non-class:    164.20 MB used.
      Class:     27.02 MB used.
       Both:    191.23 MB used.

Virtual space:
  Non-class space:      192.00 MB reserved,     165.06 MB ( 86%) committed,  3 nodes.
      Class space:        1.00 GB reserved,      27.81 MB (  3%) committed,  1 nodes.
             Both:        1.19 GB reserved,     192.88 MB ( 16%) committed. 

Chunk freelists:
   Non-Class:  10.71 MB
       Class:  4.13 MB
        Both:  14.85 MB

MaxMetaspaceSize: unlimited
CompressedClassSpaceSize: 1.00 GB
Initial GC threshold: 21.00 MB
Current GC threshold: 321.69 MB
CDS: on
 - commit_granule_bytes: 65536.
 - commit_granule_words: 8192.
 - virtual_space_node_default_size: 8388608.
 - enlarge_chunks_in_place: 1.
 - use_allocation_guard: 0.


Internal statistics:

num_allocs_failed_limit: 33.
num_arena_births: 3354.
num_arena_deaths: 976.
num_vsnodes_births: 4.
num_vsnodes_deaths: 0.
num_space_committed: 3083.
num_space_uncommitted: 4.
num_chunks_returned_to_freelist: 1252.
num_chunks_taken_from_freelist: 11608.
num_chunk_merges: 440.
num_chunk_splits: 7376.
num_chunks_enlarged: 5514.
num_inconsistent_stats: 0.

CodeHeap 'non-profiled nmethods': size=120000Kb used=38517Kb max_used=48970Kb free=81482Kb
 bounds [0x00000208edaf0000, 0x00000208f0ad0000, 0x00000208f5020000]
CodeHeap 'profiled nmethods': size=120000Kb used=16465Kb max_used=47410Kb free=103535Kb
 bounds [0x00000208e6020000, 0x00000208e8e90000, 0x00000208ed550000]
CodeHeap 'non-nmethods': size=5760Kb used=4143Kb max_used=4270Kb free=1616Kb
 bounds [0x00000208ed550000, 0x00000208ed9a0000, 0x00000208edaf0000]
CodeCache: size=245760Kb, used=59125Kb, max_used=100650Kb, free=186633Kb
 total_blobs=17062, nmethods=14442, adapters=2515, full_count=0
Compilation: enabled, stopped_count=0, restarted_count=0

Compilation events (20 events):
Event: 7611.393 Thread 0x00000208fb0b9760 102741       3       java.util.concurrent.ScheduledThreadPoolExecutor$DelayedWorkQueue::finishPoll (43 bytes)
Event: 7611.393 Thread 0x00000208fb0b9760 nmethod 102741 0x00000208e6b4c610 code [0x00000208e6b4c800, 0x00000208e6b4ce10]
Event: 7611.793 Thread 0x00000208fb0b6170 102742       4       net.minecraft.block.VineBlock::shouldHaveSide (97 bytes)
Event: 7611.826 Thread 0x00000208fb0b6170 nmethod 102742 0x00000208ee35f990 code [0x00000208ee35fd20, 0x00000208ee361808]
Event: 7612.343 Thread 0x00000208fb0b6170 102743       4       net.minecraft.entity.mob.MobEntity::updateAttribute (37 bytes)
Event: 7612.368 Thread 0x00000208fb0b6170 nmethod 102743 0x00000208edd98410 code [0x00000208edd987c0, 0x00000208edd9a018]
Event: 7614.194 Thread 0x00000208fb0b9760 102744       3       net.minecraft.world.dimension.NetherPortal::validStateInsidePortal (33 bytes)
Event: 7614.194 Thread 0x00000208fb0b9760 nmethod 102744 0x00000208e6987990 code [0x00000208e6987bc0, 0x00000208e6988730]
Event: 7618.222 Thread 0x00000208fb0b6170 102745       4       net.minecraft.block.ChestBlock::getOutlineShape (76 bytes)
Event: 7618.239 Thread 0x00000208fb0b6170 nmethod 102745 0x00000208ef8a2d90 code [0x00000208ef8a3040, 0x00000208ef8a4188]
Event: 7618.744 Thread 0x00000208fb0b9760 102746       3       net.minecraft.entity.mob.BoggedEntity::getAmbientSound (4 bytes)
Event: 7618.744 Thread 0x00000208fb0b9760 nmethod 102746 0x00000208e60d9d90 code [0x00000208e60d9f20, 0x00000208e60da038]
Event: 7622.303 Thread 0x00000208fb0b6170 102747       4       net.minecraft.block.AbstractBlock$AbstractBlockState::isSolidBlock (16 bytes)
Event: 7622.306 Thread 0x00000208fb0b6170 nmethod 102747 0x00000208ef064a90 code [0x00000208ef064c60, 0x00000208ef064ec0]
Event: 7622.404 Thread 0x00000208fb0b6170 102748       4       net.minecraft.entity.ai.pathing.EntityNavigation::shouldRecalculatePath (127 bytes)
Event: 7622.411 Thread 0x00000208fb0b6170 nmethod 102748 0x00000208eebcc510 code [0x00000208eebcc700, 0x00000208eebccbe0]
Event: 7623.433 Thread 0x00000208fb0b6170 102749       4       java.lang.invoke.ClassSpecializer$SpeciesData::factory (14 bytes)
Event: 7623.435 Thread 0x00000208fb0b6170 nmethod 102749 0x00000208ef2e7b90 code [0x00000208ef2e7d20, 0x00000208ef2e7e40]
Event: 7623.945 Thread 0x00000208fb0b9760 102750       3       net.minecraft.entity.passive.ChickenEntity::playStepSound (12 bytes)
Event: 7623.945 Thread 0x00000208fb0b9760 nmethod 102750 0x00000208e62df290 code [0x00000208e62df460, 0x00000208e62df650]

GC Heap History (20 events):
Event: 7582.679 GC heap before
{Heap before GC invocations=1400 (full 3):
 garbage-first heap   total 1136640K, used 1035859K [0x0000000740e00000, 0x0000000800000000)
  region size 2048K, 227 young (464896K), 18 survivors (36864K)
 Metaspace       used 195769K, committed 197440K, reserved 1245184K
  class space    used 27670K, committed 28480K, reserved 1048576K
}
Event: 7582.705 GC heap after
{Heap after GC invocations=1401 (full 3):
 garbage-first heap   total 1136640K, used 620253K [0x0000000740e00000, 0x0000000800000000)
  region size 2048K, 20 young (40960K), 20 survivors (40960K)
 Metaspace       used 195769K, committed 197440K, reserved 1245184K
  class space    used 27670K, committed 28480K, reserved 1048576K
}
Event: 7584.651 GC heap before
{Heap before GC invocations=1402 (full 3):
 garbage-first heap   total 1136640K, used 1033949K [0x0000000740e00000, 0x0000000800000000)
  region size 2048K, 223 young (456704K), 20 survivors (40960K)
 Metaspace       used 195769K, committed 197440K, reserved 1245184K
  class space    used 27670K, committed 28480K, reserved 1048576K
}
Event: 7584.676 GC heap after
{Heap after GC invocations=1403 (full 3):
 garbage-first heap   total 1136640K, used 623984K [0x0000000740e00000, 0x0000000800000000)
  region size 2048K, 16 young (32768K), 16 survivors (32768K)
 Metaspace       used 195769K, committed 197440K, reserved 1245184K
  class space    used 27670K, committed 28480K, reserved 1048576K
}
Event: 7586.731 GC heap before
{Heap before GC invocations=1403 (full 3):
 garbage-first heap   total 1136640K, used 1041776K [0x0000000740e00000, 0x0000000800000000)
  region size 2048K, 221 young (452608K), 16 survivors (32768K)
 Metaspace       used 195769K, committed 197440K, reserved 1245184K
  class space    used 27670K, committed 28480K, reserved 1048576K
}
Event: 7586.764 GC heap after
{Heap after GC invocations=1404 (full 3):
 garbage-first heap   total 1136640K, used 631757K [0x0000000740e00000, 0x0000000800000000)
  region size 2048K, 20 young (40960K), 20 survivors (40960K)
 Metaspace       used 195769K, committed 197440K, reserved 1245184K
  class space    used 27670K, committed 28480K, reserved 1048576K
}
Event: 7588.847 GC heap before
{Heap before GC invocations=1404 (full 3):
 garbage-first heap   total 1136640K, used 1035213K [0x0000000740e00000, 0x0000000800000000)
  region size 2048K, 217 young (444416K), 20 survivors (40960K)
 Metaspace       used 195769K, committed 197440K, reserved 1245184K
  class space    used 27670K, committed 28480K, reserved 1048576K
}
Event: 7588.869 GC heap after
{Heap after GC invocations=1405 (full 3):
 garbage-first heap   total 1136640K, used 633805K [0x0000000740e00000, 0x0000000800000000)
  region size 2048K, 13 young (26624K), 13 survivors (26624K)
 Metaspace       used 195769K, committed 197440K, reserved 1245184K
  class space    used 27670K, committed 28480K, reserved 1048576K
}
Event: 7593.692 GC heap before
{Heap before GC invocations=1406 (full 3):
 garbage-first heap   total 1136640K, used 1049549K [0x0000000740e00000, 0x0000000800000000)
  region size 2048K, 216 young (442368K), 13 survivors (26624K)
 Metaspace       used 195769K, committed 197440K, reserved 1245184K
  class space    used 27670K, committed 28480K, reserved 1048576K
}
Event: 7593.713 GC heap after
{Heap after GC invocations=1407 (full 3):
 garbage-first heap   total 1136640K, used 637901K [0x0000000740e00000, 0x0000000800000000)
  region size 2048K, 15 young (30720K), 15 survivors (30720K)
 Metaspace       used 195769K, committed 197440K, reserved 1245184K
  class space    used 27670K, committed 28480K, reserved 1048576K
}
Event: 7596.216 GC heap before
{Heap before GC invocations=1407 (full 3):
 garbage-first heap   total 1136640K, used 1045453K [0x0000000740e00000, 0x0000000800000000)
  region size 2048K, 214 young (438272K), 15 survivors (30720K)
 Metaspace       used 195769K, committed 197440K, reserved 1245184K
  class space    used 27670K, committed 28480K, reserved 1048576K
}
Event: 7596.240 GC heap after
{Heap after GC invocations=1408 (full 3):
 garbage-first heap   total 1136640K, used 631864K [0x0000000740e00000, 0x0000000800000000)
  region size 2048K, 11 young (22528K), 11 survivors (22528K)
 Metaspace       used 195769K, committed 197440K, reserved 1245184K
  class space    used 27670K, committed 28480K, reserved 1048576K
}
Event: 7598.343 GC heap before
{Heap before GC invocations=1408 (full 3):
 garbage-first heap   total 1136640K, used 1051704K [0x0000000740e00000, 0x0000000800000000)
  region size 2048K, 217 young (444416K), 11 survivors (22528K)
 Metaspace       used 195769K, committed 197440K, reserved 1245184K
  class space    used 27670K, committed 28480K, reserved 1048576K
}
Event: 7598.359 GC heap after
{Heap after GC invocations=1409 (full 3):
 garbage-first heap   total 1136640K, used 635960K [0x0000000740e00000, 0x0000000800000000)
  region size 2048K, 13 young (26624K), 13 survivors (26624K)
 Metaspace       used 195769K, committed 197440K, reserved 1245184K
  class space    used 27670K, committed 28480K, reserved 1048576K
}
Event: 7600.666 GC heap before
{Heap before GC invocations=1410 (full 3):
 garbage-first heap   total 1136640K, used 1051704K [0x0000000740e00000, 0x0000000800000000)
  region size 2048K, 215 young (440320K), 13 survivors (26624K)
 Metaspace       used 195769K, committed 197440K, reserved 1245184K
  class space    used 27670K, committed 28480K, reserved 1048576K
}
Event: 7600.685 GC heap after
{Heap after GC invocations=1411 (full 3):
 garbage-first heap   total 1136640K, used 643128K [0x0000000740e00000, 0x0000000800000000)
  region size 2048K, 15 young (30720K), 15 survivors (30720K)
 Metaspace       used 195769K, committed 197440K, reserved 1245184K
  class space    used 27670K, committed 28480K, reserved 1048576K
}
Event: 7606.400 GC heap before
{Heap before GC invocations=1411 (full 3):
 garbage-first heap   total 1136640K, used 1044536K [0x0000000740e00000, 0x0000000800000000)
  region size 2048K, 211 young (432128K), 15 survivors (30720K)
 Metaspace       used 195769K, committed 197440K, reserved 1245184K
  class space    used 27670K, committed 28480K, reserved 1048576K
}
Event: 7606.435 GC heap after
{Heap after GC invocations=1412 (full 3):
 garbage-first heap   total 1136640K, used 632718K [0x0000000740e00000, 0x0000000800000000)
  region size 2048K, 13 young (26624K), 13 survivors (26624K)
 Metaspace       used 195769K, committed 197440K, reserved 1245184K
  class space    used 27670K, committed 28480K, reserved 1048576K
}
Event: 7629.197 GC heap before
{Heap before GC invocations=1412 (full 3):
 garbage-first heap   total 1136640K, used 1050510K [0x0000000740e00000, 0x0000000800000000)
  region size 2048K, 217 young (444416K), 13 survivors (26624K)
 Metaspace       used 195815K, committed 197504K, reserved 1245184K
  class space    used 27670K, committed 28480K, reserved 1048576K
}
Event: 7629.213 GC heap after
{Heap after GC invocations=1413 (full 3):
 garbage-first heap   total 1136640K, used 636814K [0x0000000740e00000, 0x0000000800000000)
  region size 2048K, 15 young (30720K), 15 survivors (30720K)
 Metaspace       used 195815K, committed 197504K, reserved 1245184K
  class space    used 27670K, committed 28480K, reserved 1048576K
}

Dll operation events (20 events):
Event: 0.017 Loaded shared library C:\Users\Admin\.jdks\corretto-21.0.8\bin\zip.dll
Event: 0.043 Loaded shared library C:\Users\Admin\.jdks\corretto-21.0.8\bin\jsvml.dll
Event: 0.221 Loaded shared library C:\Users\Admin\.jdks\corretto-21.0.8\bin\instrument.dll
Event: 0.303 Loaded shared library C:\Users\Admin\.jdks\corretto-21.0.8\bin\net.dll
Event: 0.306 Loaded shared library C:\Users\Admin\.jdks\corretto-21.0.8\bin\nio.dll
Event: 0.320 Loaded shared library C:\Users\Admin\.jdks\corretto-21.0.8\bin\zip.dll
Event: 0.577 Loaded shared library C:\Users\Admin\.jdks\corretto-21.0.8\bin\jimage.dll
Event: 1.377 Loaded shared library C:\Users\Admin\.jdks\corretto-21.0.8\bin\management.dll
Event: 1.382 Loaded shared library C:\Users\Admin\.jdks\corretto-21.0.8\bin\management_ext.dll
Event: 1.940 Loaded shared library C:\Users\Admin\.jdks\corretto-21.0.8\bin\verify.dll
Event: 32.568 Loaded shared library C:\Users\Admin\AppData\Local\Temp\lwjgl_Admin\3.3.3-snapshot\x64\lwjgl.dll
Event: 36.765 Loaded shared library C:\Users\Admin\AppData\Local\Temp\jna-63116079\jna16051467186722664734.dll
Event: 51.961 Loaded shared library C:\Users\Admin\.jdks\corretto-21.0.8\bin\sunmscapi.dll
Event: 52.067 Loaded shared library C:\Users\Admin\.jdks\corretto-21.0.8\bin\extnet.dll
Event: 54.074 Loaded shared library C:\Users\Admin\.jdks\corretto-21.0.8\bin\awt.dll
Event: 59.288 Loaded shared library C:\Users\Admin\AppData\Local\Temp\lwjgl_Admin\3.3.3-snapshot\x64\lwjgl_opengl.dll
Event: 59.787 Loaded shared library C:\Users\Admin\AppData\Local\Temp\lwjgl_Admin\3.3.3-snapshot\x64\lwjgl_stb.dll
Event: 63.967 Loaded shared library C:\Users\Admin\.jdks\corretto-21.0.8\bin\freetype.dll
Event: 64.022 Loaded shared library C:\Users\Admin\.jdks\corretto-21.0.8\bin\fontmanager.dll
Event: 227.733 Loaded shared library C:\Users\Admin\AppData\Local\Temp\mediaplayerinfo-13577307454043155212\MediaPlayerInfo.dll

Deoptimization events (20 events):
Event: 7637.396 Thread 0x00000208fb489100 DEOPT PACKING pc=0x00000208f01a48b8 sp=0x00000070d67fd930
Event: 7637.396 Thread 0x00000208fb489100 DEOPT UNPACKING pc=0x00000208ed5a4e23 sp=0x00000070d67fccc0 mode 1
Event: 7637.396 Thread 0x00000208fb489100 DEOPT PACKING pc=0x00000208f002a140 sp=0x00000070d67fe870
Event: 7637.396 Thread 0x00000208fb489100 DEOPT UNPACKING pc=0x00000208ed5a4e23 sp=0x00000070d67fdd40 mode 1
Event: 7637.396 Thread 0x00000208fb489100 DEOPT PACKING pc=0x00000208ee7a7300 sp=0x00000070d67fe910
Event: 7637.396 Thread 0x00000208fb489100 DEOPT UNPACKING pc=0x00000208ed5a4e23 sp=0x00000070d67fdd40 mode 1
Event: 7637.396 Thread 0x00000208fb489100 DEOPT PACKING pc=0x00000208f01a48b8 sp=0x00000070d67fe950
Event: 7637.396 Thread 0x00000208fb489100 DEOPT UNPACKING pc=0x00000208ed5a4e23 sp=0x00000070d67fdce0 mode 1
Event: 7637.396 Thread 0x00000208fb489100 DEOPT PACKING pc=0x00000208ee9500b0 sp=0x00000070d67fe6c0
Event: 7637.396 Thread 0x00000208fb489100 DEOPT UNPACKING pc=0x00000208ed5a4e23 sp=0x00000070d67fdad0 mode 1
Event: 7637.396 Thread 0x00000208fb489100 DEOPT PACKING pc=0x00000208f01a48b8 sp=0x00000070d67fe750
Event: 7637.396 Thread 0x00000208fb489100 DEOPT UNPACKING pc=0x00000208ed5a4e23 sp=0x00000070d67fdae0 mode 1
Event: 7637.396 Thread 0x00000208fb489100 DEOPT PACKING pc=0x00000208ee9500b0 sp=0x00000070d67fe4c0
Event: 7637.396 Thread 0x00000208fb489100 DEOPT UNPACKING pc=0x00000208ed5a4e23 sp=0x00000070d67fd8d0 mode 1
Event: 7637.396 Thread 0x00000208fb489100 DEOPT PACKING pc=0x00000208f01a48b8 sp=0x00000070d67fe550
Event: 7637.396 Thread 0x00000208fb489100 DEOPT UNPACKING pc=0x00000208ed5a4e23 sp=0x00000070d67fd8e0 mode 1
Event: 7637.434 Thread 0x00000208fb493510 DEOPT PACKING pc=0x00000208effd63e0 sp=0x00000070d69fe830
Event: 7637.434 Thread 0x00000208fb493510 DEOPT UNPACKING pc=0x00000208ed5a4e23 sp=0x00000070d69fdbd8 mode 1
Event: 7637.434 Thread 0x00000208fb493510 DEOPT PACKING pc=0x00000208f01a48b8 sp=0x00000070d69fe8c0
Event: 7637.434 Thread 0x00000208fb493510 DEOPT UNPACKING pc=0x00000208ed5a4e23 sp=0x00000070d69fdc50 mode 1

Classes loaded (20 events):
Event: 7573.675 Loading class net/minecraft/world/gen/structure/BasicTempleStructure
Event: 7573.675 Loading class net/minecraft/world/gen/structure/BasicTempleStructure done
Event: 7573.675 Loading class net/minecraft/world/gen/structure/Structure$Context
Event: 7573.675 Loading class net/minecraft/world/gen/structure/Structure$Context done
Event: 7573.675 Loading class net/minecraft/structure/StructurePiecesCollector
Event: 7573.675 Loading class net/minecraft/structure/StructurePiecesCollector done
Event: 7573.771 Loading class net/minecraft/world/StructureWorldAccess
Event: 7573.771 Loading class net/minecraft/world/StructureWorldAccess done
Event: 7573.771 Loading class net/minecraft/world/StructureWorldAccess
Event: 7573.771 Loading class net/minecraft/world/StructureWorldAccess done
Event: 7573.771 Loading class net/minecraft/util/math/BlockPos
Event: 7573.771 Loading class net/minecraft/util/math/BlockPos done
Event: 7573.771 Loading class net/minecraft/structure/StructurePlacementData
Event: 7573.771 Loading class net/minecraft/structure/StructurePlacementData done
Event: 7573.771 Loading class net/minecraft/structure/processor/StructureProcessor
Event: 7573.771 Loading class net/minecraft/structure/processor/StructureProcessor done
Event: 7573.771 Loading class net/minecraft/structure/processor/StructureProcessor
Event: 7573.771 Loading class net/minecraft/structure/processor/StructureProcessor done
Event: 7573.774 Loading class net/minecraft/structure/StructurePlacementData
Event: 7573.774 Loading class net/minecraft/structure/StructurePlacementData done

Classes unloaded (20 events):
Event: 7122.264 Thread 0x00000208db69cc30 Unloading class 0x0000020881428400 'java/lang/invoke/LambdaForm$MH+0x0000020881428400'
Event: 7122.264 Thread 0x00000208db69cc30 Unloading class 0x0000020881428000 'java/lang/invoke/LambdaForm$MH+0x0000020881428000'
Event: 7122.264 Thread 0x00000208db69cc30 Unloading class 0x0000020881427c00 'java/lang/invoke/LambdaForm$MH+0x0000020881427c00'
Event: 7122.264 Thread 0x00000208db69cc30 Unloading class 0x0000020881427800 'java/lang/invoke/LambdaForm$MH+0x0000020881427800'
Event: 7122.264 Thread 0x00000208db69cc30 Unloading class 0x0000020881427400 'java/lang/invoke/LambdaForm$MH+0x0000020881427400'
Event: 7122.264 Thread 0x00000208db69cc30 Unloading class 0x0000020881427000 'java/lang/invoke/LambdaForm$MH+0x0000020881427000'
Event: 7122.264 Thread 0x00000208db69cc30 Unloading class 0x0000020881426c00 'java/lang/invoke/LambdaForm$MH+0x0000020881426c00'
Event: 7122.264 Thread 0x00000208db69cc30 Unloading class 0x0000020881426800 'java/lang/invoke/LambdaForm$MH+0x0000020881426800'
Event: 7122.264 Thread 0x00000208db69cc30 Unloading class 0x0000020881426400 'java/lang/invoke/LambdaForm$MH+0x0000020881426400'
Event: 7122.264 Thread 0x00000208db69cc30 Unloading class 0x0000020881426000 'java/lang/invoke/LambdaForm$MH+0x0000020881426000'
Event: 7122.264 Thread 0x00000208db69cc30 Unloading class 0x0000020881425c00 'java/lang/invoke/LambdaForm$MH+0x0000020881425c00'
Event: 7122.264 Thread 0x00000208db69cc30 Unloading class 0x0000020881425800 'java/lang/invoke/LambdaForm$MH+0x0000020881425800'
Event: 7122.264 Thread 0x00000208db69cc30 Unloading class 0x0000020881425400 'java/lang/invoke/LambdaForm$MH+0x0000020881425400'
Event: 7122.264 Thread 0x00000208db69cc30 Unloading class 0x0000020881425000 'java/lang/invoke/LambdaForm$MH+0x0000020881425000'
Event: 7122.264 Thread 0x00000208db69cc30 Unloading class 0x0000020881424c00 'java/lang/invoke/LambdaForm$MH+0x0000020881424c00'
Event: 7122.264 Thread 0x00000208db69cc30 Unloading class 0x0000020881000400 'java/lang/invoke/LambdaForm$MH+0x0000020881000400'
Event: 7168.931 Thread 0x00000208db69cc30 Unloading class 0x0000020882b0a000 'java/lang/invoke/LambdaForm$MH+0x0000020882b0a000'
Event: 7168.931 Thread 0x00000208db69cc30 Unloading class 0x0000020882b09c00 'java/lang/invoke/LambdaForm$MH+0x0000020882b09c00'
Event: 7283.696 Thread 0x00000208db69cc30 Unloading class 0x00000208814c0c00 'java/lang/invoke/LambdaForm$MH+0x00000208814c0c00'
Event: 7283.696 Thread 0x00000208db69cc30 Unloading class 0x0000020882454000 'java/lang/invoke/LambdaForm$BMH+0x0000020882454000'

Classes redefined (20 events):
Event: 4253.486 Thread 0x00000208db69cc30 redefined class name=dev.luxury.modules.impl.WaterMark, count=132
Event: 4329.903 Thread 0x00000208db69cc30 redefined class name=dev.luxury.modules.impl.WaterMark, count=133
Event: 4342.292 Thread 0x00000208db69cc30 redefined class name=dev.luxury.modules.impl.WaterMark, count=134
Event: 4513.617 Thread 0x00000208db69cc30 redefined class name=dev.luxury.modules.impl.MediaPlayer, count=2
Event: 4704.600 Thread 0x00000208db69cc30 redefined class name=dev.luxury.modules.impl.WaterMark, count=135
Event: 4729.310 Thread 0x00000208db69cc30 redefined class name=dev.luxury.modules.impl.WaterMark, count=136
Event: 6960.480 Thread 0x00000208db69cc30 redefined class name=dev.luxury.modules.impl.WaterMark, count=137
Event: 6990.236 Thread 0x00000208db69cc30 redefined class name=dev.luxury.modules.impl.WaterMark, count=138
Event: 7016.790 Thread 0x00000208db69cc30 redefined class name=dev.luxury.modules.impl.WaterMark, count=139
Event: 7051.778 Thread 0x00000208db69cc30 redefined class name=dev.luxury.modules.impl.WaterMark, count=140
Event: 7119.783 Thread 0x00000208db69cc30 redefined class name=dev.luxury.modules.impl.WaterMark, count=141
Event: 7165.626 Thread 0x00000208db69cc30 redefined class name=dev.luxury.modules.impl.WaterMark, count=142
Event: 7284.748 Thread 0x00000208db69cc30 redefined class name=dev.luxury.modules.impl.WaterMark, count=143
Event: 7311.979 Thread 0x00000208db69cc30 redefined class name=dev.luxury.modules.impl.WaterMark, count=144
Event: 7350.068 Thread 0x00000208db69cc30 redefined class name=dev.luxury.modules.impl.WaterMark, count=145
Event: 7378.493 Thread 0x00000208db69cc30 redefined class name=dev.luxury.modules.impl.WaterMark, count=146
Event: 7424.555 Thread 0x00000208db69cc30 redefined class name=dev.luxury.modules.impl.WaterMark, count=147
Event: 7521.557 Thread 0x00000208db69cc30 redefined class name=dev.luxury.modules.impl.WaterMark, count=148
Event: 7569.805 Thread 0x00000208db69cc30 redefined class name=dev.luxury.modules.impl.WaterMark, count=149
Event: 7623.099 Thread 0x00000208db69cc30 redefined class name=dev.luxury.modules.impl.WaterMark, count=150

Internal exceptions (20 events):
Event: 7600.434 Thread 0x0000020909e34740 Exception <a 'sun/nio/fs/WindowsException'{0x00000007734004b8}> (0x00000007734004b8) 
thrown [s\src\hotspot\share\prims\jni.cpp, line 520]
Event: 7600.436 Thread 0x0000020909e34740 Exception <a 'sun/nio/fs/WindowsException'{0x00000007734008c8}> (0x00000007734008c8) 
thrown [s\src\hotspot\share\prims\jni.cpp, line 520]
Event: 7600.438 Thread 0x0000020909e34740 Exception <a 'sun/nio/fs/WindowsException'{0x0000000773400cd8}> (0x0000000773400cd8) 
thrown [s\src\hotspot\share\prims\jni.cpp, line 520]
Event: 7600.440 Thread 0x0000020909e34740 Exception <a 'sun/nio/fs/WindowsException'{0x00000007734010e8}> (0x00000007734010e8) 
thrown [s\src\hotspot\share\prims\jni.cpp, line 520]
Event: 7600.443 Thread 0x0000020909e34740 Exception <a 'sun/nio/fs/WindowsException'{0x00000007734014f8}> (0x00000007734014f8) 
thrown [s\src\hotspot\share\prims\jni.cpp, line 520]
Event: 7600.446 Thread 0x0000020909e34740 Exception <a 'sun/nio/fs/WindowsException'{0x0000000773401908}> (0x0000000773401908) 
thrown [s\src\hotspot\share\prims\jni.cpp, line 520]
Event: 7600.448 Thread 0x0000020909e34740 Exception <a 'sun/nio/fs/WindowsException'{0x0000000773401d18}> (0x0000000773401d18) 
thrown [s\src\hotspot\share\prims\jni.cpp, line 520]
Event: 7600.451 Thread 0x0000020909e34740 Exception <a 'sun/nio/fs/WindowsException'{0x0000000773402128}> (0x0000000773402128) 
thrown [s\src\hotspot\share\prims\jni.cpp, line 520]
Event: 7600.453 Thread 0x0000020909e34740 Exception <a 'sun/nio/fs/WindowsException'{0x0000000773402538}> (0x0000000773402538) 
thrown [s\src\hotspot\share\prims\jni.cpp, line 520]
Event: 7600.455 Thread 0x0000020909e34740 Exception <a 'sun/nio/fs/WindowsException'{0x0000000773402948}> (0x0000000773402948) 
thrown [s\src\hotspot\share\prims\jni.cpp, line 520]
Event: 7600.457 Thread 0x0000020909e34740 Exception <a 'sun/nio/fs/WindowsException'{0x0000000773402d58}> (0x0000000773402d58) 
thrown [s\src\hotspot\share\prims\jni.cpp, line 520]
Event: 7600.458 Thread 0x0000020909e34740 Exception <a 'sun/nio/fs/WindowsException'{0x0000000773403168}> (0x0000000773403168) 
thrown [s\src\hotspot\share\prims\jni.cpp, line 520]
Event: 7600.458 Thread 0x0000020909e33a20 Exception <a 'sun/nio/fs/WindowsException'{0x0000000774a040a8}> (0x0000000774a040a8) 
thrown [s\src\hotspot\share\prims\jni.cpp, line 520]
Event: 7600.458 Thread 0x0000020909e33a20 Exception <a 'sun/nio/fs/WindowsException'{0x0000000772b002f0}> (0x0000000772b002f0) 
thrown [s\src\hotspot\share\prims\jni.cpp, line 520]
Event: 7600.458 Thread 0x0000020909e33a20 Exception <a 'sun/nio/fs/WindowsException'{0x0000000772b00710}> (0x0000000772b00710) 
thrown [s\src\hotspot\share\prims\jni.cpp, line 520]
Event: 7600.459 Thread 0x0000020909e33a20 Exception <a 'sun/nio/fs/WindowsException'{0x0000000772b00d78}> (0x0000000772b00d78) 
thrown [s\src\hotspot\share\prims\jni.cpp, line 520]
Event: 7600.459 Thread 0x0000020909e33a20 Exception <a 'sun/nio/fs/WindowsException'{0x0000000772b01198}> (0x0000000772b01198) 
thrown [s\src\hotspot\share\prims\jni.cpp, line 520]
Event: 7600.459 Thread 0x0000020909e33a20 Exception <a 'sun/nio/fs/WindowsException'{0x0000000772b015b8}> (0x0000000772b015b8) 
thrown [s\src\hotspot\share\prims\jni.cpp, line 520]
Event: 7600.459 Thread 0x0000020909e33a20 Exception <a 'sun/nio/fs/WindowsException'{0x0000000772b01c28}> (0x0000000772b01c28) 
thrown [s\src\hotspot\share\prims\jni.cpp, line 520]
Event: 7614.899 Thread 0x0000020909e34740 Exception <a 'sun/nio/fs/WindowsException'{0x000000077c4cce08}> (0x000000077c4cce08) 
thrown [s\src\hotspot\share\prims\jni.cpp, line 520]

ZGC Phase Switch (0 events):
No events

VM Operations (20 events):
Event: 7599.797 Executing VM operation: G1PauseCleanup
Event: 7599.798 Executing VM operation: G1PauseCleanup done
Event: 7600.666 Executing VM operation: G1CollectForAllocation (G1 Evacuation Pause)
Event: 7600.685 Executing VM operation: G1CollectForAllocation (G1 Evacuation Pause) done
Event: 7602.685 Executing VM operation: Cleanup
Event: 7602.685 Executing VM operation: Cleanup done
Event: 7606.400 Executing VM operation: G1CollectForAllocation (G1 Evacuation Pause)
Event: 7606.435 Executing VM operation: G1CollectForAllocation (G1 Evacuation Pause) done
Event: 7623.064 Executing VM operation: RedefineClasses
Event: 7623.168 Executing VM operation: RedefineClasses done
Event: 7629.197 Executing VM operation: G1CollectForAllocation (G1 Evacuation Pause)
Event: 7629.213 Executing VM operation: G1CollectForAllocation (G1 Evacuation Pause) done
Event: 7629.899 Executing VM operation: G1PauseRemark
Event: 7629.912 Executing VM operation: G1PauseRemark done
Event: 7630.271 Executing VM operation: G1PauseCleanup
Event: 7630.271 Executing VM operation: G1PauseCleanup done
Event: 7636.887 Executing VM operation: HandshakeAllThreads (HandshakeForDeflation)
Event: 7636.887 Executing VM operation: HandshakeAllThreads (HandshakeForDeflation) done
Event: 7636.887 Executing VM operation: RendezvousGCThreads
Event: 7636.887 Executing VM operation: RendezvousGCThreads done

Memory protections (0 events):
No events

Nmethod flushes (20 events):
Event: 7629.908 Thread 0x00000208db69cc30 flushing  nmethod 0x00000208e6952e10
Event: 7629.908 Thread 0x00000208db69cc30 flushing  nmethod 0x00000208e738ef90
Event: 7629.908 Thread 0x00000208db69cc30 flushing  nmethod 0x00000208e74be990
Event: 7629.908 Thread 0x00000208db69cc30 flushing  nmethod 0x00000208eeaae090
Event: 7629.908 Thread 0x00000208db69cc30 flushing  nmethod 0x00000208f0466090
Event: 7629.908 Thread 0x00000208db69cc30 flushing  nmethod 0x00000208e60c8e90
Event: 7629.908 Thread 0x00000208db69cc30 flushing  nmethod 0x00000208e6299790
Event: 7629.908 Thread 0x00000208db69cc30 flushing  nmethod 0x00000208e6a56d90
Event: 7629.908 Thread 0x00000208db69cc30 flushing  nmethod 0x00000208e706e310
Event: 7629.908 Thread 0x00000208db69cc30 flushing  nmethod 0x00000208e78fee90
Event: 7629.908 Thread 0x00000208db69cc30 flushing  nmethod 0x00000208e8b28f10
Event: 7629.908 Thread 0x00000208db69cc30 flushing  nmethod 0x00000208e6084390
Event: 7629.908 Thread 0x00000208db69cc30 flushing  nmethod 0x00000208e62a8c90
Event: 7629.908 Thread 0x00000208db69cc30 flushing  nmethod 0x00000208e6c82d90
Event: 7629.908 Thread 0x00000208db69cc30 flushing  nmethod 0x00000208e7060c90
Event: 7629.908 Thread 0x00000208db69cc30 flushing  nmethod 0x00000208e70c7310
Event: 7629.908 Thread 0x00000208db69cc30 flushing  nmethod 0x00000208e7343390
Event: 7629.908 Thread 0x00000208db69cc30 flushing  nmethod 0x00000208e7343c10
Event: 7629.908 Thread 0x00000208db69cc30 flushing  nmethod 0x00000208e73fb510
Event: 7629.908 Thread 0x00000208db69cc30 flushing  nmethod 0x00000208e7e61490

Events (20 events):
Event: 7532.409 Thread 0x00000208db6cd920 Thread added: 0x00000208d0888ce0
Event: 7545.213 Thread 0x0000020909e33390 Thread added: 0x000002090a889120
Event: 7545.242 Thread 0x00000208db6cd920 Thread added: 0x000002095f6c4580
Event: 7547.517 Thread 0x00000208db6cd920 Thread added: 0x000002090a88cc30
Event: 7547.530 Thread 0x000002090a88cc30 Thread added: 0x000002090a88e670
Event: 7547.583 Thread 0x00000208d4976c30 Thread added: 0x000002095add0e50
Event: 7547.584 Thread 0x00000208d4976c30 Thread added: 0x000002095add14e0
Event: 7547.818 Thread 0x000002090a88cc30 Thread added: 0x000002095f6c1790
Event: 7547.819 Thread 0x000002095f6c1790 Thread exited: 0x000002095f6c1790
Event: 7547.961 Thread 0x000002090a88cc30 Thread added: 0x000002095adce060
Event: 7557.970 Thread 0x000002095adce060 Thread exited: 0x000002095adce060
Event: 7593.468 Thread 0x00000208fb0b9760 Thread added: 0x000002097dfbd190
Event: 7594.047 Thread 0x000002097dfbd190 Thread exited: 0x000002097dfbd190
Event: 7600.199 Thread 0x00000208fb0b9760 Thread added: 0x0000020906dcfef0
Event: 7600.347 Thread 0x0000020906dcfef0 Thread exited: 0x0000020906dcfef0
Event: 7605.256 Thread 0x000002095f6c4580 Thread exited: 0x000002095f6c4580
Event: 7605.337 Thread 0x0000020976bcdf20 Thread exited: 0x0000020976bcdf20
Event: 7607.588 Thread 0x000002095add14e0 Thread exited: 0x000002095add14e0
Event: 7607.694 Thread 0x000002095add0e50 Thread exited: 0x000002095add0e50
Event: 7607.961 Thread 0x000002090a88cc30 Thread exited: 0x000002090a88cc30


Dynamic libraries:
0x00007ff699630000 - 0x00007ff69963e000 	C:\Users\Admin\.jdks\corretto-21.0.8\bin\java.exe
0x00007fffdacf0000 - 0x00007fffdaf06000 	C:\Windows\SYSTEM32\ntdll.dll
0x00007fffd8db0000 - 0x00007fffd8e74000 	C:\Windows\System32\KERNEL32.DLL
0x00007fffd8300000 - 0x00007fffd86a7000 	C:\Windows\System32\KERNELBASE.dll
0x00007fffd8010000 - 0x00007fffd8121000 	C:\Windows\System32\ucrtbase.dll
0x00007fffcec70000 - 0x00007fffcec88000 	C:\Users\Admin\.jdks\corretto-21.0.8\bin\jli.dll
0x00007fffd8f00000 - 0x00007fffd90ae000 	C:\Windows\System32\USER32.dll
0x00007fffd8800000 - 0x00007fffd8826000 	C:\Windows\System32\win32u.dll
0x00007fffda260000 - 0x00007fffda289000 	C:\Windows\System32\GDI32.dll
0x00007fffd86b0000 - 0x00007fffd87c9000 	C:\Windows\System32\gdi32full.dll
0x00007fffd81a0000 - 0x00007fffd823a000 	C:\Windows\System32\msvcp_win.dll
0x00007fffcec50000 - 0x00007fffcec6b000 	C:\Users\Admin\.jdks\corretto-21.0.8\bin\VCRUNTIME140.dll
0x00007fffc6460000 - 0x00007fffc66f3000 	C:\Windows\WinSxS\amd64_microsoft.windows.common-controls_6595b64144ccf1df_6.0.22621.3235_none_270f74e173860f98\COMCTL32.dll
0x00007fffd9320000 - 0x00007fffd93c7000 	C:\Windows\System32\msvcrt.dll
0x00007fffda290000 - 0x00007fffda2c1000 	C:\Windows\System32\IMM32.DLL
0x00007fffc7b70000 - 0x00007fffc7b7c000 	C:\Users\Admin\.jdks\corretto-21.0.8\bin\vcruntime140_1.dll
0x00007fffaf190000 - 0x00007fffaf21d000 	C:\Users\Admin\.jdks\corretto-21.0.8\bin\msvcp140.dll
0x00007fff68b70000 - 0x00007fff69917000 	C:\Users\Admin\.jdks\corretto-21.0.8\bin\server\jvm.dll
0x00007fffd9b90000 - 0x00007fffd9c42000 	C:\Windows\System32\ADVAPI32.dll
0x00007fffd90b0000 - 0x00007fffd9158000 	C:\Windows\System32\sechost.dll
0x00007fffd87d0000 - 0x00007fffd87f8000 	C:\Windows\System32\bcrypt.dll
0x00007fffd8aa0000 - 0x00007fffd8bb5000 	C:\Windows\System32\RPCRT4.dll
0x00007fffd8e80000 - 0x00007fffd8ef1000 	C:\Windows\System32\WS2_32.dll
0x00007fffd7d30000 - 0x00007fffd7d7d000 	C:\Windows\SYSTEM32\POWRPROF.dll
0x00007fffd1a90000 - 0x00007fffd1a9a000 	C:\Windows\SYSTEM32\VERSION.dll
0x00007fffd1550000 - 0x00007fffd1584000 	C:\Windows\SYSTEM32\WINMM.dll
0x00007fffd7d10000 - 0x00007fffd7d23000 	C:\Windows\SYSTEM32\UMPDC.dll
0x00007fffd7060000 - 0x00007fffd7078000 	C:\Windows\SYSTEM32\kernel.appcore.dll
0x00007fffc7b60000 - 0x00007fffc7b6a000 	C:\Users\Admin\.jdks\corretto-21.0.8\bin\jimage.dll
0x00007fffc4440000 - 0x00007fffc4673000 	C:\Windows\SYSTEM32\DBGHELP.DLL
0x00007fffd9d70000 - 0x00007fffda0f8000 	C:\Windows\System32\combase.dll
0x00007fffd9530000 - 0x00007fffd9607000 	C:\Windows\System32\OLEAUT32.dll
0x00007fffcb8b0000 - 0x00007fffcb8e2000 	C:\Windows\SYSTEM32\dbgcore.DLL
0x00007fffd89a0000 - 0x00007fffd8a19000 	C:\Windows\System32\bcryptPrimitives.dll
0x00007fffb9690000 - 0x00007fffb96cc000 	C:\Users\Admin\.jdks\corretto-21.0.8\bin\jdwp.dll
0x00007fffc7b50000 - 0x00007fffc7b5e000 	C:\Users\Admin\.jdks\corretto-21.0.8\bin\instrument.dll
0x00007fffc7b30000 - 0x00007fffc7b4f000 	C:\Users\Admin\.jdks\corretto-21.0.8\bin\java.dll
0x00007fffc7b10000 - 0x00007fffc7b28000 	C:\Users\Admin\.jdks\corretto-21.0.8\bin\zip.dll
0x00007fffda330000 - 0x00007fffdab8c000 	C:\Windows\System32\SHELL32.dll
0x00007fffd5f90000 - 0x00007fffd6889000 	C:\Windows\SYSTEM32\windows.storage.dll
0x00007fffd5e50000 - 0x00007fffd5f8e000 	C:\Windows\SYSTEM32\wintypes.dll
0x00007fffdabb0000 - 0x00007fffdaca3000 	C:\Windows\System32\SHCORE.dll
0x00007fffda2d0000 - 0x00007fffda32e000 	C:\Windows\System32\shlwapi.dll
0x00007fffd7f40000 - 0x00007fffd7f61000 	C:\Windows\SYSTEM32\profapi.dll
0x00007fff95930000 - 0x00007fff95a07000 	C:\Users\Admin\.jdks\corretto-21.0.8\bin\jsvml.dll
0x00007fffbe180000 - 0x00007fffbe18b000 	C:\Users\Admin\.jdks\corretto-21.0.8\bin\dt_socket.dll
0x00007fffd6af0000 - 0x00007fffd6b1d000 	C:\Windows\SYSTEM32\IPHLPAPI.DLL
0x00007fffd74d0000 - 0x00007fffd7539000 	C:\Windows\system32\mswsock.dll
0x00007fffc7b00000 - 0x00007fffc7b10000 	C:\Users\Admin\.jdks\corretto-21.0.8\bin\net.dll
0x00007fffd1900000 - 0x00007fffd1a36000 	C:\Windows\SYSTEM32\WINHTTP.dll
0x00007fffbce60000 - 0x00007fffbce76000 	C:\Users\Admin\.jdks\corretto-21.0.8\bin\nio.dll
0x00007fffbea70000 - 0x00007fffbea79000 	C:\Users\Admin\.jdks\corretto-21.0.8\bin\management.dll
0x00007fffbaf50000 - 0x00007fffbaf5b000 	C:\Users\Admin\.jdks\corretto-21.0.8\bin\management_ext.dll
0x00007fffd8da0000 - 0x00007fffd8da8000 	C:\Windows\System32\PSAPI.DLL
0x00007fffbe580000 - 0x00007fffbe597000 	C:\Windows\system32\napinsp.dll
0x00007fffbcad0000 - 0x00007fffbcaeb000 	C:\Windows\system32\pnrpnsp.dll
0x00007fffd6b60000 - 0x00007fffd6c59000 	C:\Windows\SYSTEM32\DNSAPI.dll
0x00007fffd9700000 - 0x00007fffd9709000 	C:\Windows\System32\NSI.dll
0x00007fffbc140000 - 0x00007fffbc151000 	C:\Windows\System32\winrnr.dll
0x00007fffb5c70000 - 0x00007fffb5c85000 	C:\Windows\system32\wshbth.dll
0x00007fffca270000 - 0x00007fffca291000 	C:\Windows\system32\nlansp_c.dll
0x00007fffcf9c0000 - 0x00007fffcf9ca000 	C:\Windows\System32\rasadhlp.dll
0x00007fffd08f0000 - 0x00007fffd0973000 	C:\Windows\System32\fwpuclnt.dll
0x00007fffc6940000 - 0x00007fffc6950000 	C:\Users\Admin\.jdks\corretto-21.0.8\bin\verify.dll
0x00007fffd7730000 - 0x00007fffd774b000 	C:\Windows\SYSTEM32\CRYPTSP.dll
0x00007fffd6fc0000 - 0x00007fffd6ff5000 	C:\Windows\system32\rsaenh.dll
0x00007fffd75c0000 - 0x00007fffd75e8000 	C:\Windows\SYSTEM32\USERENV.dll
0x00007fffd7720000 - 0x00007fffd772c000 	C:\Windows\SYSTEM32\CRYPTBASE.dll
0x00007fff74f30000 - 0x00007fff74fab000 	C:\Users\Admin\AppData\Local\Temp\lwjgl_Admin\3.3.3-snapshot\x64\lwjgl.dll
0x00007fffd56b0000 - 0x00007fffd56e9000 	C:\Windows\SYSTEM32\dxcore.dll
0x00007fff67140000 - 0x00007fff673b0000 	C:\Users\Admin\AppData\Local\Temp\lwjgl_Admin\3.3.3-snapshot\x64\jemalloc.dll
0x00007fff81540000 - 0x00007fff81589000 	C:\Users\Admin\AppData\Local\Temp\jna-63116079\jna16051467186722664734.dll
0x00007fffd8bd0000 - 0x00007fffd8d75000 	C:\Windows\System32\Ole32.dll
0x00007fffd9c50000 - 0x00007fffd9d00000 	C:\Windows\System32\clbcatq.dll
0x00007fffc5ef0000 - 0x00007fffc5f40000 	C:\Windows\SYSTEM32\Pdh.dll
0x00007fffbc040000 - 0x00007fffbc050000 	C:\Windows\System32\perfos.dll
0x00007fffd55a0000 - 0x00007fffd55b0000 	C:\Windows\SYSTEM32\pfclient.dll
0x00007fffbae60000 - 0x00007fffbae6e000 	C:\Users\Admin\.jdks\corretto-21.0.8\bin\sunmscapi.dll
0x00007fffd8830000 - 0x00007fffd8996000 	C:\Windows\System32\CRYPT32.dll
0x00007fffd78e0000 - 0x00007fffd790e000 	C:\Windows\SYSTEM32\ncrypt.dll
0x00007fffd78a0000 - 0x00007fffd78d7000 	C:\Windows\SYSTEM32\NTASN1.dll
0x00007fffbaee0000 - 0x00007fffbaee9000 	C:\Users\Admin\.jdks\corretto-21.0.8\bin\extnet.dll
0x00007fff74e90000 - 0x00007fff74f2c000 	C:\Users\Admin\Desktop\luxury2\build\resources\main\win32-x86-64\discord-rpc.dll
0x00007fff74e00000 - 0x00007fff74e82000 	C:\Users\Admin\AppData\Local\Temp\lwjgl_Admin\3.3.3-snapshot\x64\glfw.dll
0x00007fff67870000 - 0x00007fff679fe000 	C:\Users\Admin\.jdks\corretto-21.0.8\bin\awt.dll
0x00007fffd53e0000 - 0x00007fffd5477000 	C:\Windows\SYSTEM32\apphelp.dll
0x00007fff86f10000 - 0x00007fff86f18000 	C:\Windows\system32\wshunix.dll
0x00007fffd55b0000 - 0x00007fffd565b000 	C:\Windows\system32\uxtheme.dll
0x00007fffda100000 - 0x00007fffda253000 	C:\Windows\System32\MSCTF.dll
0x00007fffd59e0000 - 0x00007fffd5a0b000 	C:\Windows\system32\DWMAPI.DLL
0x00007fffb8260000 - 0x00007fffb82a6000 	C:\Windows\SYSTEM32\dinput8.dll
0x00007fffc73c0000 - 0x00007fffc75ca000 	C:\Windows\SYSTEM32\inputhost.dll
0x00007fffd50f0000 - 0x00007fffd5224000 	C:\Windows\SYSTEM32\CoreMessaging.dll
0x00007fffd3ea0000 - 0x00007fffd3eb1000 	C:\Windows\SYSTEM32\xinput1_4.dll
0x00007fffd7c80000 - 0x00007fffd7cce000 	C:\Windows\SYSTEM32\cfgmgr32.dll
0x00007fffd7c50000 - 0x00007fffd7c7c000 	C:\Windows\SYSTEM32\DEVOBJ.dll
0x00007fff6ac60000 - 0x00007fff6ad60000 	C:\Windows\SYSTEM32\opengl32.dll
0x00007fffc6950000 - 0x00007fffc697d000 	C:\Windows\SYSTEM32\GLU32.dll
0x00007fffd15b0000 - 0x00007fffd16e7000 	C:\Windows\System32\AppXDeploymentClient.dll
0x00007fff64b50000 - 0x00007fff67138000 	C:\Windows\System32\DriverStore\FileRepository\nv_dispig.inf_amd64_0afec3f2050014a0\nvoglv64.dll
0x00007fffd9710000 - 0x00007fffd9b84000 	C:\Windows\System32\SETUPAPI.dll
0x00007fffd6e20000 - 0x00007fffd6e34000 	C:\Windows\SYSTEM32\WTSAPI32.dll
0x00007fffd7780000 - 0x00007fffd7792000 	C:\Windows\SYSTEM32\msasn1.dll
0x00007fffcfd80000 - 0x00007fffcfdb2000 	C:\Windows\SYSTEM32\cryptnet.dll
0x00007fffd77f0000 - 0x00007fffd7838000 	C:\Windows\SYSTEM32\wldp.dll
0x00007fffcfbe0000 - 0x00007fffcfd38000 	C:\Windows\SYSTEM32\drvstore.dll
0x00007fffd8130000 - 0x00007fffd819b000 	C:\Windows\System32\WINTRUST.dll
0x00007fffd7080000 - 0x00007fffd70b4000 	C:\Windows\SYSTEM32\ntmarta.dll
0x00007fffdab90000 - 0x00007fffdabaf000 	C:\Windows\System32\imagehlp.dll
0x00007fffc7b80000 - 0x00007fffc9b6e000 	C:\Windows\System32\DriverStore\FileRepository\nv_dispig.inf_amd64_0afec3f2050014a0\nvgpucomp64.dll
0x00007fffd7be0000 - 0x00007fffd7c46000 	C:\Windows\SYSTEM32\WINSTA.dll
0x00007fffc6d20000 - 0x00007fffc6e6a000 	C:\Windows\SYSTEM32\textinputframework.dll
0x00007fff814e0000 - 0x00007fff8153e000 	C:\Users\Admin\AppData\Local\Temp\lwjgl_Admin\3.3.3-snapshot\x64\lwjgl_opengl.dll
0x00007fff74b20000 - 0x00007fff74ba2000 	C:\Users\Admin\AppData\Local\Temp\lwjgl_Admin\3.3.3-snapshot\x64\lwjgl_stb.dll
0x00007fffce530000 - 0x00007fffce5ec000 	C:\Windows\SYSTEM32\mscms.dll
0x00007fffadcb0000 - 0x00007fffadcf9000 	C:\Windows\SYSTEM32\icm32.dll
0x00007fffcce60000 - 0x00007fffcce70000 	C:\Windows\system32\wbem\wbemprox.dll
0x00007fffccde0000 - 0x00007fffcce60000 	C:\Windows\SYSTEM32\wbemcomn.dll
0x00007fffc5cd0000 - 0x00007fffc5ce4000 	C:\Windows\system32\wbem\wbemsvc.dll
0x00007fffbe970000 - 0x00007fffbea68000 	C:\Windows\system32\wbem\fastprox.dll
0x00007fff67470000 - 0x00007fff67637000 	C:\Users\Admin\AppData\Local\Temp\lwjgl_Admin\3.3.3-snapshot\x64\OpenAL.dll
0x00007fffcfa40000 - 0x00007fffcfadd000 	C:\Windows\System32\MMDevApi.dll
0x00007fff74a90000 - 0x00007fff74b17000 	C:\Users\Admin\.jdks\corretto-21.0.8\bin\freetype.dll
0x00007fff64a60000 - 0x00007fff64b4b000 	C:\Users\Admin\.jdks\corretto-21.0.8\bin\fontmanager.dll
0x00007fffb6730000 - 0x00007fffb691c000 	C:\Windows\SYSTEM32\AUDIOSES.DLL
0x00007fffd5a60000 - 0x00007fffd5a75000 	C:\Windows\SYSTEM32\resourcepolicyclient.dll
0x00007fffd0ab0000 - 0x00007fffd0e1c000 	C:\Windows\SYSTEM32\CoreUIComponents.dll
0x00007fff9c280000 - 0x00007fff9c429000 	C:\Windows\system32\d3d9.dll

JVMTI agents:
jdwp path:C:\Users\Admin\.jdks\corretto-21.0.8\bin\jdwp.dll, loaded, initialized, options:transport=dt_socket,server=n,suspend=y,address=127.0.0.1:49934
C:\Users\Admin\AppData\Local\JetBrains\IdeaIC2025.2\captureAgent\debugger-agent.jar path:C:\Users\Admin\.jdks\corretto-21.0.8\bin\instrument.dll, loaded, initialized, instrumentlib options:file:///C:/Users/Admin/AppData/Local/Temp/capture5114993948296469933.props

dbghelp: loaded successfully - version: 4.0.5 - missing functions: none
symbol engine: initialized successfully - sym options: 0x614 - pdb path: .;C:\Users\Admin\.jdks\corretto-21.0.8\bin;C:\Windows\SYSTEM32;C:\Windows\WinSxS\amd64_microsoft.windows.common-controls_6595b64144ccf1df_6.0.22621.3235_none_270f74e173860f98;C:\Users\Admin\.jdks\corretto-21.0.8\bin\server;C:\Users\Admin\AppData\Local\Temp\lwjgl_Admin\3.3.3-snapshot\x64;C:\Users\Admin\AppData\Local\Temp\jna-63116079;C:\Users\Admin\Desktop\luxury2\build\resources\main\win32-x86-64;C:\Windows\System32\DriverStore\FileRepository\nv_dispig.inf_amd64_0afec3f2050014a0;C:\Windows\system32\wbem;C:\Users\Admin\AppData\Local\Temp\mediaplayerinfo-13577307454043155212

VM Arguments:
jvm_args: -Ddebugger.agent.enable.coroutines=true -Dfabric.dli.config=C:\Users\Admin\Desktop\luxury2\.gradle\loom-cache\launch.cfg -Dfabric.dli.env=client -Dfabric.dli.main=net.fabricmc.loader.impl.launch.knot.KnotClient -Dkotlinx.coroutines.debug.enable.creation.stack.trace=false -Dkotlinx.coroutines.debug.enable.flows.stack.trace=true -Dkotlinx.coroutines.debug.enable.mutable.state.flows.stack.trace=true -agentlib:jdwp=transport=dt_socket,server=n,suspend=y,address=127.0.0.1:49934 -javaagent:C:\Users\Admin\AppData\Local\JetBrains\IdeaIC2025.2\captureAgent\debugger-agent.jar=file:///C:/Users/Admin/AppData/Local/Temp/capture5114993948296469933.props -Dfile.encoding=UTF-8 -Duser.country=RU -Duser.language=ru -Duser.variant 
java_command: net.fabricmc.devlaunchinjector.Main -XX:+UseZGC -XX:+UnlockExperimentalVMOptions -XX:+AlwaysPreTouch -XX:+UseStringDeduplication -XX:G1NewSizePercent=25 -XX:G1MaxNewSizePercent=40 -XX:G1HeapRegionSize=16M -XX:InitiatingHeapOccupancyPercent=15 -XX:G1MixedGCCountTarget=4 -XX:MaxGCPauseMillis=40 -XX:+PerfDisableSharedMem -XX:+OptimizeStringConcat
java_class_path (initial): C:\Users\Admin\Desktop\luxury2\build\classes\java\main;C:\Users\Admin\Desktop\luxury2\build\resources\main;C:\Users\Admin\.gradle\caches\fabric-loom\1.21.4\net.fabricmc.yarn.1_21_4.1.21.4+build.8-v2\mappings.jar;C:\Users\Admin\.gradle\caches\modules-2\files-2.1\dev.redstones.mediaplayerinfo\media-player-info\0.1.0\32aa3b264c4fd692636e6d35ca97dec2ee074994\media-player-info-0.1.0.jar;C:\Users\Admin\.gradle\caches\modules-2\files-2.1\com.github.hypfvieh\dbus-java-transport-jnr-unixsocket\5.0.0\45604388617e766bfda8aed601b870c45cf1618e\dbus-java-transport-jnr-unixsocket-5.0.0.jar;C:\Users\Admin\.gradle\caches\modules-2\files-2.1\com.github.jnr\jnr-unixsocket\0.38.21\a82bcad60a471aff9c73c944322ce10481029c80\jnr-unixsocket-0.38.21.jar;C:\Users\Admin\.gradle\caches\modules-2\files-2.1\com.github.jnr\jnr-enxio\0.32.16\e5150a15ba39c3712510020ad164d424b6878551\jnr-enxio-0.32.16.jar;C:\Users\Admin\.gradle\caches\modules-2\files-2.1\com.github.jnr\jnr-posix\3.1.18\b8dd3917e186f47636bf50a2483e40d49880ca67\jnr-posix-3.1.18.jar;C:\Users\Admin\.gradle\caches\modules-2\files-2.1\com.github.jnr\jnr-ffi\2.2.15\fa3c32f463423469de314b03a157d5f1f7476ec0\jnr-ffi-2.2.15.jar;C:\Users\Admin\.gradle\caches\modules-2\files-2.1\org.ow2.asm\asm-commons\9.7.1\406c6a2225cfe1819f102a161e54cc16a5c24f75\asm-commons-9.7.1.jar;C:\Users\Admin\.gradle\caches\modules-2\files-2.1\org.ow2.asm\asm-util\9.7.1\9e23359b598ec6b74b23e53110dd5c577adf2243\asm-util-9.7.1.jar;C:\Users\Admin\.gradle\caches\modules-2\files-2.1\org.ow2.asm\asm-analysis\9.7.1\f97a3b319f0ed6a8cd944dc79060d3912a28985f\asm-analysis-9.7.1.jar;C:\Users\Admin\.gradle\caches\modules-2\files-2.1\org.ow2.asm\asm-tree\9.7.1\3a53139787663b139de76b627fca0084ab60d32c\asm-tree-9.7.1.jar;C:\Users\Admin\.gradle\caches\modules-2\files-2.1\org.ow2.asm\asm\9.7.1\f0ed132a49244b042cd0e15702ab9f2ce3cc8436\asm-9.7.1.jar;C:\Users\Admin\.gradle\caches\modules-2\files-2.1\net.fabricmc\sponge-mixin\0.15.4+mixin.0.8.7\6a12aacc794f1078458433116e9ed42c1cc98096\sponge-mixin-0.15.4+mixin.0.8.7.jar;C:\Users\Admin\.gradle\caches\modules-2\files-2.1\io.github.llamalad7\mixinextras-fabric\0.4.1\8d1a9e96afb990367fa1f904d17580d164da72e3\mixinextras-fabric-0.4.1.jar;C:\Users\Admin\.gradle\caches\modules-2\files-2.1\net.fabricmc\dev-launch-injector\0.2.1+build.8\da8bef7e6e2f952da707f282bdb46882a0fce5e3\dev-launch-injector-0.2.1+build.8.jar;C:\Users\Admin\.gradle\caches\modules-2\files-2.1\net.minecrell\terminalconsoleappender\1.3.0\b562e9bb61235c9520e26282cdee71f8f802d1fc\terminalconsoleappender-1.3.0.jar;C:\Users\Admin\.gradle\caches\modules-2\files-2.1\com.fasterxml.jackson.core\jackson-annotations\2.13.4\858c6cc78e1f08a885b1613e1d817c829df70a6e\jackson-annotations-2.13.4.jar;C:\Users\Admin\.gradle\caches\modules-2\files-2.1\com.fasterxml.jackson.core\jackson-core\2.13.4\cf934c681294b97ef6d80082faeefbe1edadf56\jackson-core-2.13.4.jar;C:\Users\Admin\.gradle\caches\modules-2\files-2.1\com.fasterxml.jackson.core\jackson-databind\2.13.4.2\325c06bdfeb628cfb80ebaaf1a26cc1eb558a585\jackson-databind-2.13.4.2.jar;C:\Users\Admin\.gradle\caches\modules-2\files-2.1\com.github.oshi\oshi-core\6.6.5\e1099981fd15dc4236c4499d82aba1276fb43a9a\oshi-core-6.6.5.jar;C:\Users\Admin\.gradle\caches\modules-2\files-2.1\com.github.stephenc.jcip\jcip-annotations\1.0-1\ef31541dd28ae2cefdd17c7ebf352d93e9058c63\jcip-annotations-1.0-1.jar;C:\Users\Admin\.gradle\caches\modules-2\files-2.1\com.google.code.gson\gson\2.11.0\527175ca6d81050b53bdd4c457a6d6e017626b0e\gson-2.11.0.jar;C:\Users\Admin\.gradle\caches\modules-2\files-2.1\com.google.guava\failureaccess\1.0.2\c4a06a64e650562f30b7bf9aaec1bfed43aca12b\failureaccess-1.0.2.jar;C:\Users\Admin\.gradle\caches\modules-2\files-2.1\com.google.guava\guava\33.3.1-jre\852f8b363da0111e819460021ca693cacca3e8db\guava-33.3.1-jre.jar;C:\Users\Admin\.gradle\caches\modules-2\files-2.1\com.ibm.icu\icu4j\76.1\215f3a8e936d4069344bd75f2b1368fd58112894\icu4j-76.1.jar;C:\Users\Admin\.gradle\caches\modules-2\files-2.1\com.microsoft.azure\msal4j\1.17.2\a6211e3d71d0388929babaa0ff0951b30d001852\msal4j-1.17.2.jar;C:\Users\Admin\.gradle\caches\modules-2\files-2.1\com.mojang\authlib\6.0.57\bded3161a7346de32213da750388ec6529fe4f6b\authlib-6.0.57.jar;C:\Users\Admin\.gradle\caches\modules-2\files-2.1\com.mojang\blocklist\1.0.10\5c685c5ffa94c4cd39496c7184c1d122e515ecef\blocklist-1.0.10.jar;C:\Users\Admin\.gradle\caches\modules-2\files-2.1\com.mojang\brigadier\1.3.10\d15b53a14cf20fdcaa98f731af5dda654452c010\brigadier-1.3.10.jar;C:\Users\Admin\.gradle\caches\modules-2\files-2.1\com.mojang\datafixerupper\8.0.16\67d4de6d7f95d89bcf5862995fb854ebaec02a34\datafixerupper-8.0.16.jar;C:\Users\Admin\.gradle\caches\modules-2\files-2.1\com.mojang\jtracy\1.0.29\6f07dcb6a2e595c7ee2ca43b67e5d1c018ca0770\jtracy-1.0.29.jar;C:\Users\Admin\.gradle\caches\modules-2\files-2.1\com.mojang\jtracy\1.0.29\e05332cb31c7ae582dc8d8bd1bffd47c2ff7636f\jtracy-1.0.29-natives-windows.jar;C:\Users\Admin\.gradle\caches\modules-2\files-2.1\com.mojang\logging\1.5.10\9ab1202793717af9df9c1704d0a02892067001eb\logging-1.5.10.jar;C:\Users\Admin\.gradle\caches\modules-2\files-2.1\com.mojang\patchy\2.2.10\da05971b07cbb379d002cf7eaec6a2048211fefc\patchy-2.2.10.jar;C:\Users\Admin\.gradle\caches\modules-2\files-2.1\com.mojang\text2speech\1.17.9\3cad216e3a7f0c19b4b394388bc9ffc446f13b14\text2speech-1.17.9.jar;C:\Users\Admin\.gradle\caches\modules-2\files-2.1\com.nimbusds\content-type\2.3\e3aa0be212d7a42839a8f3f506f5b990bcce0222\content-type-2.3.jar;C:\Users\Admin\.gradle\caches\modules-2\files-2.1\com.nimbusds\lang-tag\1.7\97c73ecd70bc7e8eefb26c5eea84f251a63f1031\lang-tag-1.7.jar;C:\Users\Admin\.gradle\caches\modules-2\files-2.1\com.nimbusds\nimbus-jose-jwt\9.40\42b1dfa0360e4062951b070bac52dd8d96fd7b38\nimbus-jose-jwt-9.40.jar;C:\Users\Admin\.gradle\caches\modules-2\files-2.1\com.nimbusds\oauth2-oidc-sdk\11.18\7c7ec4f4066625ff07a711ad856fa04da1ff9de\oauth2-oidc-sdk-11.18.jar;C:\Users\Admin\.gradle\caches\modules-2\files-2.1\commons-codec\commons-codec\1.17.1\973638b7149d333563584137ebf13a691bb60579\commons-codec-1.17.1.jar;C:\Users\Admin\.gradle\caches\modules-2\files-2.1\commons-io\commons-io\2.17.0\ddcc8433eb019fb48fe25207c0278143f3e1d7e2\commons-io-2.17.0.jar;C:\Users\Admin\.gradle\caches\modules-2\files-2.1\commons-logging\commons-logging\1.3.4\b9fc14968d63a8b8a8a2c1885fe3e90564239708\commons-logging-1.3.4.jar;C:\Users\Admin\.gradle\caches\modules-2\files-2.1\io.netty\netty-buffer\4.1.115.Final\d5daf1030e5c36d198caf7562da2441a97ec0df6\netty-buffer-4.1.115.Final.jar;C:\Users\Admin\.gradle\caches\modules-2\files-2.1\io.netty\netty-codec\4.1.115.Final\d326bf3a4c785b272da3db6941779a1bd5448378\netty-codec-4.1.115.Final.jar;C:\Users\Admin\.gradle\caches\modules-2\files-2.1\io.netty\netty-common\4.1.115.Final\9da10a9f72e3f87e181d91b525174007a6fc4f11\netty-common-4.1.115.Final.jar;C:\Users\Admin\.gradle\caches\modules-2\files-2.1\io.netty\netty-handler\4.1.115.Final\d54dbf68b9d88a98240107758c6b63da5e46e23a\netty-handler-4.1.115.Final.jar;C:\Users\Admin\.gradle\caches\modules-2\files-2.1\io.netty\netty-resolver\4.1.115.Final\e33b4d476c03975957f5d8d0319d592bf2bc5e96\netty-resolver-4.1.115.Final.jar;C:\Users\Admin\.gradle\caches\modules-2\files-2.1\io.netty\netty-transport-classes-epoll\4.1.115.Final\11fea00408ecbd8b8d1f0698d708e37db4a01841\netty-transport-classes-epoll-4.1.115.Final.jar;C:\Users\Admin\.gradle\caches\modules-2\files-2.1\io.netty\netty-transport-native-unix-common\4.1.115.Final\dc96c67d06cd6b5eb677f2728f27bf2e3d9a7284\netty-transport-native-unix-common-4.1.115.Final.jar;C:\Users\Admin\.gradle\caches\modules-2\files-2.1\io.netty\netty-transport\4.1.115.Final\39cef77c1a25908ac1abf4960c2e789f0bf70ff9\netty-transport-4.1.115.Final.jar;C:\Users\Admin\.gradle\caches\modules-2\files-2.1\it.unimi.dsi\fastutil\8.5.15\1e885b40c9563ab0d3899b871fd0b30e958705dc\fastutil-8.5.15.jar;C:\Users\Admin\.gradle\caches\modules-2\files-2.1\net.java.dev.jna\jna-platform\5.15.0\86b502cad57d45da172b5e3231c537b042e296ef\jna-platform-5.15.0.jar;C:\Users\Admin\.gradle\caches\modules-2\files-2.1\net.java.dev.jna\jna\5.15.0\1ee1d80ff44f08280188f7c0e740d57207841ac\jna-5.15.0.jar;C:\Users\Admin\.gradle\caches\modules-2\files-2.1\net.minidev\accessors-smart\2.5.1\19b820261eb2e7de7d5bde11d1c06e4501dd7e5f\accessors-smart-2.5.1.jar;C:\Users\Admin\.gradle\caches\modules-2\files-2.1\net.minidev\json-smart\2.5.1\4c11d2808d009132dfbbf947ebf37de6bf266c8e\json-smart-2.5.1.jar;C:\Users\Admin\.gradle\caches\modules-2\files-2.1\net.sf.jopt-simple\jopt-simple\5.0.4\4fdac2fbe92dfad86aa6e9301736f6b4342a3f5c\jopt-simple-5.0.4.jar;C:\Users\Admin\.gradle\caches\modules-2\files-2.1\org.apache.commons\commons-compress\1.27.1\a19151084758e2fbb6b41eddaa88e7b8ff4e6599\commons-compress-1.27.1.jar;C:\Users\Admin\.gradle\caches\modules-2\files-2.1\org.apache.commons\commons-lang3\3.17.0\b17d2136f0460dcc0d2016ceefca8723bdf4ee70\commons-lang3-3.17.0.jar;C:\Users\Admin\.gradle\caches\modules-2\files-2.1\org.apache.httpcomponents\httpclient\4.5.14\1194890e6f56ec29177673f2f12d0b8e627dec98\httpclient-4.5.14.jar;C:\Users\Admin\.gradle\caches\modules-2\files-2.1\org.apache.httpcomponents\httpcore\4.4.16\51cf043c87253c9f58b539c9f7e44c8894223850\httpcore-4.4.16.jar;C:\Users\Admin\.gradle\caches\modules-2\files-2.1\org.apache.logging.log4j\log4j-core\2.24.1\c85285146f28d8c8962384f786e2dff04172fb43\log4j-core-2.24.1.jar;C:\Users\Admin\.gradle\caches\modules-2\files-2.1\org.apache.logging.log4j\log4j-api\2.24.1\7ebeb12c20606373005af4232cd0ecca72613dda\log4j-api-2.24.1.jar;C:\Users\Admin\.gradle\caches\modules-2\files-2.1\org.apache.logging.log4j\log4j-slf4j2-impl\2.24.1\8e3ddc96464ef7f768823e7e001a52b23de8cd0a\log4j-slf4j2-impl-2.24.1.jar;C:\Users\Admin\.gradle\caches\modules-2\files-2.1\org.jcraft\jorbis\0.0.17\8872d22b293e8f5d7d56ff92be966e6dc28ebdc6\jorbis-0.0.17.jar;C:\Users\Admin\.gradle\caches\modules-2\files-2.1\org.joml\joml\1.10.8\fc0a71dad90a2cf41d82a76156a0e700af8e4f8d\joml-1.10.8.jar;C:\Users\Admin\.gradle\caches\modules-2\files-2.1\org.lwjgl\lwjgl-freetype\3.3.3\a0db6c84a8becc8ca05f9dbfa985edc348a824c7\lwjgl-freetype-3.3.3.jar;C:\Users\Admin\.gradle\caches\modules-2\files-2.1\org.lwjgl\lwjgl-freetype\3.3.3\81091b006dbb43fab04c8c638e9ac87c51b4096d\lwjgl-freetype-3.3.3-natives-windows.jar;C:\Users\Admin\.gradle\caches\modules-2\files-2.1\org.lwjgl\lwjgl-freetype\3.3.3\82028265a0a2ff33523ca75137ada7dc176e5210\lwjgl-freetype-3.3.3-natives-windows-arm64.jar;C:\Users\Admin\.gradle\caches\modules-2\files-2.1\org.lwjgl\lwjgl-freetype\3.3.3\15a8c1de7f51d07a92eae7ce1222557073a0c0c3\lwjgl-freetype-3.3.3-natives-windows-x86.jar;C:\Users\Admin\.gradle\caches\modules-2\files-2.1\org.lwjgl\lwjgl-glfw\3.3.3\efa1eb78c5ccd840e9f329717109b5e892d72f8e\lwjgl-glfw-3.3.3.jar;C:\Users\Admin\.gradle\caches\modules-2\files-2.1\org.lwjgl\lwjgl-glfw\3.3.3\e449e28b4891fc423c54c85fbc5bb0b9efece67a\lwjgl-glfw-3.3.3-natives-windows.jar;C:\Users\Admin\.gradle\caches\modules-2\files-2.1\org.lwjgl\lwjgl-glfw\3.3.3\f27018dc74f6289574502b46cce55d52817554e2\lwjgl-glfw-3.3.3-natives-windows-arm64.jar;C:\Users\Admin\.gradle\caches\modules-2\files-2.1\org.lwjgl\lwjgl-glfw\3.3.3\32334f3fd5270a59bad9939a93115acb6de36dcf\lwjgl-glfw-3.3.3-natives-windows-x86.jar;C:\Users\Admin\.gradle\caches\modules-2\files-2.1\org.lwjgl\lwjgl-jemalloc\3.3.3\b543467b7ff3c6920539a88ee602d34098628be5\lwjgl-jemalloc-3.3.3.jar;C:\Users\Admin\.gradle\caches\modules-2\files-2.1\org.lwjgl\lwjgl-jemalloc\3.3.3\426222fc027602a5f21b9c0fe79cde6a4c7a011f\lwjgl-jemalloc-3.3.3-natives-windows.jar;C:\Users\Admin\.gradle\caches\modules-2\files-2.1\org.lwjgl\lwjgl-jemalloc\3.3.3\ba1f3fed0ee4be0217eaa41c5bbfb4b9b1383c33\lwjgl-jemalloc-3.3.3-natives-windows-arm64.jar;C:\Users\Admin\.gradle\caches\modules-2\files-2.1\org.lwjgl\lwjgl-jemalloc\3.3.3\f6063b6e0f23be483c5c88d84ce51b39dc69126c\lwjgl-jemalloc-3.3.3-natives-windows-x86.jar;C:\Users\Admin\.gradle\caches\modules-2\files-2.1\org.lwjgl\lwjgl-openal\3.3.3\daada81ceb5fc0c291fbfdd4433cb8d9423577f2\lwjgl-openal-3.3.3.jar;C:\Users\Admin\.gradle\caches\modules-2\files-2.1\org.lwjgl\lwjgl-openal\3.3.3\cf83862ae95d98496b26915024c7e666d8ab1c8f\lwjgl-openal-3.3.3-natives-windows.jar;C:\Users\Admin\.gradle\caches\modules-2\files-2.1\org.lwjgl\lwjgl-openal\3.3.3\8e0615235116b9e4160dfe87bec90f5f6378bf72\lwjgl-openal-3.3.3-natives-windows-arm64.jar;C:\Users\Admin\.gradle\caches\modules-2\files-2.1\org.lwjgl\lwjgl-openal\3.3.3\87b8d5050e3adb46bb58fe1cb2669a4a48fce10d\lwjgl-openal-3.3.3-natives-windows-x86.jar;C:\Users\Admin\.gradle\caches\modules-2\files-2.1\org.lwjgl\lwjgl-opengl\3.3.3\2f6b0147078396a58979125a4c947664e98293a\lwjgl-opengl-3.3.3.jar;C:\Users\Admin\.gradle\caches\modules-2\files-2.1\org.lwjgl\lwjgl-opengl\3.3.3\e6c1eec8be8a71951b830a4d69efc01c6531900c\lwjgl-opengl-3.3.3-natives-windows.jar;C:\Users\Admin\.gradle\caches\modules-2\files-2.1\org.lwjgl\lwjgl-opengl\3.3.3\65e956d3735a1abdc82eff4baec1b61174697d4b\lwjgl-opengl-3.3.3-natives-windows-arm64.jar;C:\Users\Admin\.gradle\caches\modules-2\files-2.1\org.lwjgl\lwjgl-opengl\3.3.3\d32d833dcaa2f355a886eaf21f0408b5f03241d\lwjgl-opengl-3.3.3-natives-windows-x86.jar;C:\Users\Admin\.gradle\caches\modules-2\files-2.1\org.lwjgl\lwjgl-stb\3.3.3\25dd6161988d7e65f71d5065c99902402ee32746\lwjgl-stb-3.3.3.jar;C:\Users\Admin\.gradle\caches\modules-2\files-2.1\org.lwjgl\lwjgl-stb\3.3.3\1d9facdf6541de114b0f963be33505b7679c78cb\lwjgl-stb-3.3.3-natives-windows.jar;C:\Users\Admin\.gradle\caches\modules-2\files-2.1\org.lwjgl\lwjgl-stb\3.3.3\a584ab44de569708871f0a79561f4d8c37487f2c\lwjgl-stb-3.3.3-natives-windows-arm64.jar;C:\Users\Admin\.gradle\caches\modules-2\files-2.1\org.lwjgl\lwjgl-stb\3.3.3\b5c874687b9aac1a936501d4ed2c49567fd1b575\lwjgl-stb-3.3.3-natives-windows-x86.jar;C:\Users\Admin\.gradle\caches\modules-2\files-2.1\org.lwjgl\lwjgl-tinyfd\3.3.3\82d755ca94b102e9ca77283b9e2dc46d1b15fbe5\lwjgl-tinyfd-3.3.3.jar;C:\Users\Admin\.gradle\caches\modules-2\files-2.1\org.lwjgl\lwjgl-tinyfd\3.3.3\a6697981b0449a5087c1d546fc08b4f73e8f98c9\lwjgl-tinyfd-3.3.3-natives-windows.jar;C:\Users\Admin\.gradle\caches\modules-2\files-2.1\org.lwjgl\lwjgl-tinyfd\3.3.3\a88c494f3006eb91a7433b12a3a55a9a6c20788b\lwjgl-tinyfd-3.3.3-natives-windows-arm64.jar;C:\Users\Admin\.gradle\caches\modules-2\files-2.1\org.lwjgl\lwjgl-tinyfd\3.3.3\c336c84ee88cccb495c6ffa112395509e7378e8a\lwjgl-tinyfd-3.3.3-natives-windows-x86.jar;C:\Users\Admin\.gradle\caches\modules-2\files-2.1\org.lwjgl\lwjgl\3.3.3\29589b5f87ed335a6c7e7ee6a5775f81f97ecb84\lwjgl-3.3.3.jar;C:\Users\Admin\.gradle\caches\modules-2\files-2.1\org.lwjgl\lwjgl\3.3.3\a5ed18a2b82fc91b81f40d717cb1f64c9dcb0540\lwjgl-3.3.3-natives-windows.jar;C:\Users\Admin\.gradle\caches\modules-2\files-2.1\org.lwjgl\lwjgl\3.3.3\e9aca8c5479b520a2a7f0d542a118140e812c5e8\lwjgl-3.3.3-natives-windows-arm64.jar;C:\Users\Admin\.gradle\caches\modules-2\files-2.1\org.lwjgl\lwjgl\3.3.3\9e670718e050aeaeea0c2d5b907cffb142f2e58f\lwjgl-3.3.3-natives-windows-x86.jar;C:\Users\Admin\.gradle\caches\modules-2\files-2.1\org.lz4\lz4-java\1.8.0\4b986a99445e49ea5fbf5d149c4b63f6ed6c6780\lz4-java-1.8.0.jar;C:\Users\Admin\.gradle\caches\modules-2\files-2.1\com.github.hypfvieh\dbus-java-core\5.0.0\fe1faacc4e7be00387b715a16a658bcc1cfc6434\dbus-java-core-5.0.0.jar;C:\Users\Admin\.gradle\caches\modules-2\files-2.1\org.slf4j\slf4j-api\2.0.16\172931663a09a1fa515567af5fbef00897d3c04\slf4j-api-2.0.16.jar;C:\Users\Admin\Desktop\luxury2\.gradle\loom-cache\minecraftMaven\net\minecraft\minecraft-merged-a172fc6613\1.21.4-net.fabricmc.yarn.1_21_4.1.21.4+build.8-v2\minecraft-merged-a172fc6613-1.21.4-net.fabricmc.yarn.1_21_4.1.21.4+build.8-v2.jar;C:\Users\Admin\.gradle\caches\modules-2\files-2.1\io.netty\netty-transport-native-epoll\4.1.115.Final\a6cc58c4a259bad159cbb06120cea9b3474e86a0\netty-transport-native-epoll-4.1.115.Final-linux-x86_64.jar;C:\Users\Admin\.gradle\caches\modules-2\files-2.1\io.netty\netty-transport-native-epoll\4.1.115.Final\a80b32f98ceb4e27958c0ceaf22ddad9ea6c0d4e\netty-transport-native-epoll-4.1.115.Final-linux-aarch_64.jar;C:\Users\Admin\.gradle\caches\modules-2\files-2.1\net.fabricmc\fabric-loader\0.16.10\dbd932c2a3641d2c41cf9abfe47e140a5753fa86\fabric-loader-0.16.10.jar;C:\Users\Admin\.gradle\caches\modules-2\files-2.1\org.projectlombok\lombok\1.18.34\ec547ef414ab1d2c040118fb9c1c265ada63af14\lombok-1.18.34.jar;C:\Users\Admin\Desktop\luxury2\.gradle\loom-cache\remapped_mods\remapped\net\fabricmc\fabric-api\fabric-api-46549a5a\0.119.4+1.21.4\fabric-api-46549a5a-0.119.4+1.21.4.jar;C:\Users\Admin\Desktop\luxury2\.gradle\loom-cache\remapped_mods\remapped\net\fabricmc\fabric-api\fabric-transfer-api-v1-46549a5a\5.4.9+efa825c904\fabric-transfer-api-v1-46549a5a-5.4.9+efa825c904.jar;C:\Users\Admin\Desktop\luxury2\.gradle\loom-cache\remapped_mods\remapped\net\fabricmc\fabric-api\fabric-api-lookup-api-v1-46549a5a\1.6.86+b1caf1e904\fabric-api-lookup-api-v1-46549a5a-1.6.86+b1caf1e904.jar;C:\Users\Admin\Desktop\luxury2\.gradle\loom-cache\remapped_mods\remapped\net\fabricmc\fabric-api\fabric-blockrenderlayer-v1-46549a5a\2.0.8+7feeb73304\fabric-blockrenderlayer-v1-46549a5a-2.0.8+7feeb73304.jar;C:\Users\Admin\Desktop\luxury2\.gradle\loom-cache\remapped_mods\remapped\net\fabricmc\fabric-api\fabric-client-tags-api-v1-46549a5a\1.1.29+20ea1e2304\fabric-client-tags-api-v1-46549a5a-1.1.29+20ea1e2304.jar;C:\Users\Admin\Desktop\luxury2\.gradle\loom-cache\remapped_mods\remapped\net\fabricmc\fabric-api\fabric-command-api-v1-46549a5a\1.2.62+f71b366f04\fabric-command-api-v1-46549a5a-1.2.62+f71b366f04.jar;C:\Users\Admin\Desktop\luxury2\.gradle\loom-cache\remapped_mods\remapped\net\fabricmc\fabric-api\fabric-commands-v0-46549a5a\0.2.79+df3654b304\fabric-commands-v0-46549a5a-0.2.79+df3654b304.jar;C:\Users\Admin\Desktop\luxury2\.gradle\loom-cache\remapped_mods\remapped\net\fabricmc\fabric-api\fabric-command-api-v2-46549a5a\2.2.41+e496eb1504\fabric-command-api-v2-46549a5a-2.2.41+e496eb1504.jar;C:\Users\Admin\Desktop\luxury2\.gradle\loom-cache\remapped_mods\remapped\net\fabricmc\fabric-api\fabric-content-registries-v0-46549a5a\9.1.19+25d1a67604\fabric-content-registries-v0-46549a5a-9.1.19+25d1a67604.jar;C:\Users\Admin\Desktop\luxury2\.gradle\loom-cache\remapped_mods\remapped\net\fabricmc\fabric-api\fabric-data-generation-api-v1-46549a5a\22.3.1+0f4e5f5504\fabric-data-generation-api-v1-46549a5a-22.3.1+0f4e5f5504.jar;C:\Users\Admin\Desktop\luxury2\.gradle\loom-cache\remapped_mods\remapped\net\fabricmc\fabric-api\fabric-convention-tags-v1-46549a5a\2.1.20+7f945d5b04\fabric-convention-tags-v1-46549a5a-2.1.20+7f945d5b04.jar;C:\Users\Admin\Desktop\luxury2\.gradle\loom-cache\remapped_mods\remapped\net\fabricmc\fabric-api\fabric-convention-tags-v2-46549a5a\2.14.1+aebda09404\fabric-convention-tags-v2-46549a5a-2.14.1+aebda09404.jar;C:\Users\Admin\Desktop\luxury2\.gradle\loom-cache\remapped_mods\remapped\net\fabricmc\fabric-api\fabric-data-attachment-api-v1-46549a5a\1.6.2+e99da0f704\fabric-data-attachment-api-v1-46549a5a-1.6.2+e99da0f704.jar;C:\Users\Admin\Desktop\luxury2\.gradle\loom-cache\remapped_mods\remapped\net\fabricmc\fabric-api\fabric-entity-events-v1-46549a5a\2.0.15+62245bef04\fabric-entity-events-v1-46549a5a-2.0.15+62245bef04.jar;C:\Users\Admin\Desktop\luxury2\.gradle\loom-cache\remapped_mods\remapped\net\fabricmc\fabric-api\fabric-events-interaction-v0-46549a5a\4.0.4+a4eebcf004\fabric-events-interaction-v0-46549a5a-4.0.4+a4eebcf004.jar;C:\Users\Admin\Desktop\luxury2\.gradle\loom-cache\remapped_mods\remapped\net\fabricmc\fabric-api\fabric-gametest-api-v1-46549a5a\2.0.26+7feeb73304\fabric-gametest-api-v1-46549a5a-2.0.26+7feeb73304.jar;C:\Users\Admin\Desktop\luxury2\.gradle\loom-cache\remapped_mods\remapped\net\fabricmc\fabric-api\fabric-item-api-v1-46549a5a\11.4.0+189dd6fe04\fabric-item-api-v1-46549a5a-11.4.0+189dd6fe04.jar;C:\Users\Admin\Desktop\luxury2\.gradle\loom-cache\remapped_mods\remapped\net\fabricmc\fabric-api\fabric-item-group-api-v1-46549a5a\4.2.2+fcb9601404\fabric-item-group-api-v1-46549a5a-4.2.2+fcb9601404.jar;C:\Users\Admin\Desktop\luxury2\.gradle\loom-cache\remapped_mods\remapped\net\fabricmc\fabric-api\fabric-lifecycle-events-v1-46549a5a\2.5.4+bf2a60eb04\fabric-lifecycle-events-v1-46549a5a-2.5.4+bf2a60eb04.jar;C:\Users\Admin\Desktop\luxury2\.gradle\loom-cache\remapped_mods\remapped\net\fabricmc\fabric-api\fabric-loot-api-v2-46549a5a\3.0.38+3f89f5a504\fabric-loot-api-v2-46549a5a-3.0.38+3f89f5a504.jar;C:\Users\Admin\Desktop\luxury2\.gradle\loom-cache\remapped_mods\remapped\net\fabricmc\fabric-api\fabric-loot-api-v3-46549a5a\1.0.26+203e6b2304\fabric-loot-api-v3-46549a5a-1.0.26+203e6b2304.jar;C:\Users\Admin\Desktop\luxury2\.gradle\loom-cache\remapped_mods\remapped\net\fabricmc\fabric-api\fabric-message-api-v1-46549a5a\6.0.26+238a33c004\fabric-message-api-v1-46549a5a-6.0.26+238a33c004.jar;C:\Users\Admin\Desktop\luxury2\.gradle\loom-cache\remapped_mods\remapped\net\fabricmc\fabric-api\fabric-model-loading-api-v1-46549a5a\4.3.0+ae23723504\fabric-model-loading-api-v1-46549a5a-4.3.0+ae23723504.jar;C:\Users\Admin\Desktop\luxury2\.gradle\loom-cache\remapped_mods\remapped\net\fabricmc\fabric-api\fabric-recipe-api-v1-46549a5a\8.1.1+640e77ae04\fabric-recipe-api-v1-46549a5a-8.1.1+640e77ae04.jar;C:\Users\Admin\Desktop\luxury2\.gradle\loom-cache\remapped_mods\remapped\net\fabricmc\fabric-api\fabric-screen-handler-api-v1-46549a5a\1.3.118+7feeb73304\fabric-screen-handler-api-v1-46549a5a-1.3.118+7feeb73304.jar;C:\Users\Admin\Desktop\luxury2\.gradle\loom-cache\remapped_mods\remapped\net\fabricmc\fabric-api\fabric-registry-sync-v0-46549a5a\6.1.11+4a9c1ece04\fabric-registry-sync-v0-46549a5a-6.1.11+4a9c1ece04.jar;C:\Users\Admin\Desktop\luxury2\.gradle\loom-cache\remapped_mods\remapped\net\fabricmc\fabric-api\fabric-networking-api-v1-46549a5a\4.4.0+db5e668204\fabric-networking-api-v1-46549a5a-4.4.0+db5e668204.jar;C:\Users\Admin\Desktop\luxury2\.gradle\loom-cache\remapped_mods\remapped\net\fabricmc\fabric-api\fabric-object-builder-api-v1-46549a5a\18.0.14+38b0d59804\fabric-object-builder-api-v1-46549a5a-18.0.14+38b0d59804.jar;C:\Users\Admin\Desktop\luxury2\.gradle\loom-cache\remapped_mods\remapped\net\fabricmc\fabric-api\fabric-particles-v1-46549a5a\4.0.14+7feeb73304\fabric-particles-v1-46549a5a-4.0.14+7feeb73304.jar;C:\Users\Admin\Desktop\luxury2\.gradle\loom-cache\remapped_mods\remapped\net\fabricmc\fabric-api\fabric-renderer-indigo-46549a5a\2.0.3+50f0feb204\fabric-renderer-indigo-46549a5a-2.0.3+50f0feb204.jar;C:\Users\Admin\Desktop\luxury2\.gradle\loom-cache\remapped_mods\remapped\net\fabricmc\fabric-api\fabric-renderer-api-v1-46549a5a\5.0.3+50f0feb204\fabric-renderer-api-v1-46549a5a-5.0.3+50f0feb204.jar;C:\Users\Admin\Desktop\luxury2\.gradle\loom-cache\remapped_mods\remapped\net\fabricmc\fabric-api\fabric-rendering-fluids-v1-46549a5a\3.1.19+7feeb73304\fabric-rendering-fluids-v1-46549a5a-3.1.19+7feeb73304.jar;C:\Users\Admin\Desktop\luxury2\.gradle\loom-cache\remapped_mods\remapped\net\fabricmc\fabric-api\fabric-rendering-v1-46549a5a\10.2.1+0d31b09f04\fabric-rendering-v1-46549a5a-10.2.1+0d31b09f04.jar;C:\Users\Admin\Desktop\luxury2\.gradle\loom-cache\remapped_mods\remapped\net\fabricmc\fabric-api\fabric-tag-api-v1-46549a5a\1.0.7+7d48d43904\fabric-tag-api-v1-46549a5a-1.0.7+7d48d43904.jar;C:\Users\Admin\Desktop\luxury2\.gradle\loom-cache\remapped_mods\remapped\net\fabricmc\fabric-api\fabric-resource-loader-v0-46549a5a\3.1.1+360374ac04\fabric-resource-loader-v0-46549a5a-3.1.1+360374ac04.jar;C:\Users\Admin\Desktop\luxury2\.gradle\loom-cache\remapped_mods\remapped\net\fabricmc\fabric-api\fabric-screen-api-v1-46549a5a\2.0.38+7feeb73304\fabric-screen-api-v1-46549a5a-2.0.38+7feeb73304.jar;C:\Users\Admin\Desktop\luxury2\.gradle\loom-cache\remapped_mods\remapped\net\fabricmc\fabric-api\fabric-api-base-46549a5a\0.4.54+b47eab6b04\fabric-api-base-46549a5a-0.4.54+b47eab6b04.jar;C:\Users\Admin\Desktop\luxury2\.gradle\loom-cache\remapped_mods\remapped\net\fabricmc\fabric-api\fabric-biome-api-v1-46549a5a\15.0.6+b1c29d8e04\fabric-biome-api-v1-46549a5a-15.0.6+b1c29d8e04.jar;C:\Users\Admin\Desktop\luxury2\.gradle\loom-cache\remapped_mods\remapped\net\fabricmc\fabric-api\fabric-block-api-v1-46549a5a\1.0.31+7feeb73304\fabric-block-api-v1-46549a5a-1.0.31+7feeb73304.jar;C:\Users\Admin\Desktop\luxury2\.gradle\loom-cache\remapped_mods\remapped\net\fabricmc\fabric-api\fabric-rendering-data-attachment-v1-46549a5a\0.3.58+73761d2e04\fabric-rendering-data-attachment-v1-46549a5a-0.3.58+73761d2e04.jar;C:\Users\Admin\Desktop\luxury2\.gradle\loom-cache\remapped_mods\remapped\net\fabricmc\fabric-api\fabric-block-view-api-v2-46549a5a\1.0.20+9c49cc8c04\fabric-block-view-api-v2-46549a5a-1.0.20+9c49cc8c04.jar;C:\Users\Admin\Desktop\luxury2\.gradle\loom-cache\remapped_mods\remapped\net\fabricmc\fabric-api\fabric-client-gametest-api-v1-46549a5a\4.1.1+6816ccd404\fabric-client-gametest-api-v1-46549a5a-4.1.1+6816ccd404.jar;C:\Users\Admin\Desktop\luxury2\.gradle\loom-cache\remapped_mods\remapped\net\fabricmc\fabric-api\fabric-crash-report-info-v1-46549a5a\0.3.6+7feeb73304\fabric-crash-report-info-v1-46549a5a-0.3.6+7feeb73304.jar;C:\Users\Admin\Desktop\luxury2\.gradle\loom-cache\remapped_mods\remapped\net\fabricmc\fabric-api\fabric-dimensions-v1-46549a5a\4.0.10+7feeb73304\fabric-dimensions-v1-46549a5a-4.0.10+7feeb73304.jar;C:\Users\Admin\Desktop\luxury2\.gradle\loom-cache\remapped_mods\remapped\net\fabricmc\fabric-api\fabric-game-rule-api-v1-46549a5a\1.0.63+7d48d43904\fabric-game-rule-api-v1-46549a5a-1.0.63+7d48d43904.jar;C:\Users\Admin\Desktop\luxury2\.gradle\loom-cache\remapped_mods\remapped\net\fabricmc\fabric-api\fabric-keybindings-v0-46549a5a\0.2.55+df3654b304\fabric-keybindings-v0-46549a5a-0.2.55+df3654b304.jar;C:\Users\Admin\Desktop\luxury2\.gradle\loom-cache\remapped_mods\remapped\net\fabricmc\fabric-api\fabric-key-binding-api-v1-46549a5a\1.0.57+7d48d43904\fabric-key-binding-api-v1-46549a5a-1.0.57+7d48d43904.jar;C:\Users\Admin\Desktop\luxury2\.gradle\loom-cache\remapped_mods\remapped\net\fabricmc\fabric-api\fabric-resource-conditions-api-v1-46549a5a\5.0.13+203e6b2304\fabric-resource-conditions-api-v1-46549a5a-5.0.13+203e6b2304.jar;C:\Users\Admin\Desktop\luxury2\.gradle\loom-cache\remapped_mods\remapped\net\fabricmc\fabric-api\fabric-sound-api-v1-46549a5a\1.0.32+7feeb73304\fabric-sound-api-v1-46549a5a-1.0.32+7feeb73304.jar;C:\Users\Admin\Desktop\luxury2\.gradle\loom-cache\remapped_mods\remapped\net\fabricmc\fabric-api\fabric-transitive-access-wideners-v1-46549a5a\6.3.2+56e78b9b04\fabric-transitive-access-wideners-v1-46549a5a-6.3.2+56e78b9b04.jar;C:\Users\Admin\.gradle\caches\modules-2\files-2.1\org.jetbrains.kotlinx\kotlinx-serialization-core-jvm\1.6.3\6b6c17d0312ba7192893adea9d52959941d0119b\kotlinx-serialization-core-jvm-1.6.3.jar;C:\Users\Admin\.gradle\caches\modules-2\files-2.1\org.jetbrains.kotlin\kotlin-stdlib\1.9.22\d6c44cd08d8f3f9bece8101216dbe6553365c6e3\kotlin-stdlib-1.9.22.jar;C:\Users\Admin\.gradle\caches\modules-2\files-2.1\org.jline\jline-reader\3.20.0\8f15415b022a25b473e8e16c28ae913186ffb9c4\jline-reader-3.20.0.jar;C:\Users\Admin\.gradle\caches\modules-2\files-2.1\org.jetbrains\annotations\13.0\919f0dfe192fb4e063e7dacadee7f8bb9a2672a9\annotations-13.0.jar;C:\Users\Admin\.gradle\caches\modules-2\files-2.1\org.jline\jline-terminal\3.20.0\d0ddcc708ddf527a3454c941b7b9225cc83a15ff\jline-terminal-3.20.0.jar;C:\Users\Admin\.gradle\caches\modules-2\files-2.1\com.github.jnr\jnr-constants\0.10.4\9f6f23763bf40ea7b56391791f574174914430a\jnr-constants-0.10.4.jar;C:\Users\Admin\.gradle\caches\modules-2\files-2.1\com.github.jnr\jffi\1.3.12\a439d46fb5d5d9539f16db7d574c7aafb952874a\jffi-1.3.12.jar;C:\Users\Admin\.gradle\caches\modules-2\files-2.1\com.github.jnr\jffi\1.3.12\ebd0e45f447d80c16fbf2a82ff0253de28837b41\jffi-1.3.12-native.jar;C:\Users\Admin\.gradle\caches\modules-2\files-2.1\com.github.jnr\jnr-a64asm\1.0.0\a1cb8dbe71b5a6a0288043c3ba3ca64545be165\jnr-a64asm-1.0.0.jar;C:\Users\Admin\.gradle\caches\modules-2\files-2.1\com.github.jnr\jnr-x86asm\1.0.2\6936bbd6c5b235665d87bd450f5e13b52d4b48\jnr-x86asm-1.0.2.jar
Launcher Type: SUN_STANDARD

[Global flags]
     intx CICompilerCount                          = 3                                         {product} {ergonomic}
     uint ConcGCThreads                            = 1                                         {product} {ergonomic}
     uint G1ConcRefinementThreads                  = 4                                         {product} {ergonomic}
   size_t G1HeapRegionSize                         = 2097152                                   {product} {ergonomic}
    uintx GCDrainStackTargetSize                   = 64                                        {product} {ergonomic}
   size_t InitialHeapSize                          = 201326592                                 {product} {ergonomic}
   size_t MarkStackSize                            = 4194304                                   {product} {ergonomic}
   size_t MaxHeapSize                              = 3206545408                                {product} {ergonomic}
   size_t MaxNewSize                               = 1923088384                                {product} {ergonomic}
   size_t MinHeapDeltaBytes                        = 2097152                                   {product} {ergonomic}
   size_t MinHeapSize                              = 8388608                                   {product} {ergonomic}
    uintx NonNMethodCodeHeapSize                   = 5832780                                {pd product} {ergonomic}
    uintx NonProfiledCodeHeapSize                  = 122912730                              {pd product} {ergonomic}
    uintx ProfiledCodeHeapSize                     = 122912730                              {pd product} {ergonomic}
    uintx ReservedCodeCacheSize                    = 251658240                              {pd product} {ergonomic}
     bool SegmentedCodeCache                       = true                                      {product} {ergonomic}
   size_t SoftMaxHeapSize                          = 3206545408                             {manageable} {ergonomic}
     bool UseCompressedOops                        = true                           {product lp64_product} {ergonomic}
     bool UseG1GC                                  = true                                      {product} {ergonomic}
     bool UseLargePagesIndividualAllocation        = false                                  {pd product} {ergonomic}

Logging:
Log output configuration:
 #0: stdout all=warning uptime,level,tags foldmultilines=false
 #1: stderr all=off uptime,level,tags foldmultilines=false

Environment Variables:
PATH=C:\Program Files (x86)\NVIDIA Corporation\PhysX\Common;C:\Program Files\Common Files\Oracle\Java\javapath;C:\Program Files\Python311\Scripts\;C:\Program Files\Python311\;C:\Program Files\Python310\Scripts\;C:\Program Files\Python310\;C:\Program Files\Eclipse Adoptium\jdk-17.0.1.12-hotspot\bin;C:\Windows\system32;C:\Windows;C:\Windows\System32\Wbem;C:\Windows\System32\WindowsPowerShell\v1.0\;C:\Windows\System32\OpenSSH\;C:\Program Files\Cloudflare\Cloudflare WARP\;e:\cursor\resources\app\bin;C:\Program Files\Git\cmd;C:\Program Files\dotnet\;D:\Windows Kits\10\Windows Performance Toolkit\;D:\cursor\resources\app\bin;C:\Users\Admin\AppData\Local\Programs\Python\Python38-32\Scripts\;C:\Users\Admin\AppData\Local\Programs\Python\Python38-32\;C:\Users\Admin\AppData\Local\Microsoft\WindowsApps;;C:\Users\Admin\IntelliJ IDEA 2025.1.3\bin;C:\Program Files (x86)\rubberband;;E:\cursor\resources\app\bin;D:\IntelliJ IDEA Community Edition 2025.2.1\bin;E:\Microsoft VS Code\bin
USERNAME=Admin
OS=Windows_NT
PROCESSOR_IDENTIFIER=Intel64 Family 6 Model 158 Stepping 10, GenuineIntel
TMP=C:\Users\Admin\AppData\Local\Temp
TEMP=C:\Users\Admin\AppData\Local\Temp




Periodic native trim disabled

---------------  S Y S T E M  ---------------

OS:
 Windows 11 , 64 bit Build 22621 (10.0.22621.3371)
OS uptime: 0 days 2:14 hours

CPU: total 4 (initial active 4) (2 cores per cpu, 2 threads per core) family 6 model 158 stepping 10 microcode 0xde, cx8, cmov, fxsr, ht, mmx, 3dnowpref, sse, sse2, sse3, ssse3, sse4.1, sse4.2, popcnt, lzcnt, tsc, tscinvbit, aes, erms, clmul, clflush, clflushopt, rdtscp
Processor Information for the first 4 processors :
  Max Mhz: 3696, Current Mhz: 3696, Mhz Limit: 3696

Memory: 4k page, system-wide physical 12230M (2065M free)
TotalPageFile size 22470M (AvailPageFile size 7983M)
current process WorkingSet (physical memory assigned to process): 1960M, peak: 2470M
current process commit charge ("private bytes"): 3535M, peak: 4759M

vm_info: OpenJDK 64-Bit Server VM (21.0.8+9-LTS) for windows-amd64 JRE (21.0.8+9-LTS), built on 2025-07-09T19:22:31Z by "Administrator" with MS VC++ 16.10 / 16.11 (VS2019)

END.
