#
# There is insufficient memory for the Java Runtime Environment to continue.
# Native memory allocation (malloc) failed to allocate 1091920 bytes. Error detail: Chunk::new
# Possible reasons:
#   The system is out of physical RAM or swap space
#   This process is running with CompressedOops enabled, and the Java Heap may be blocking the growth of the native heap
# Possible solutions:
#   Reduce memory load on the system
#   Increase physical memory or swap space
#   Check if swap backing store is full
#   Decrease Java heap size (-Xmx/-Xms)
#   Decrease number of Java threads
#   Decrease Java thread stack sizes (-Xss)
#   Set larger code cache with -XX:ReservedCodeCacheSize=
#   JVM is running with Zero Based Compressed Oops mode in which the Java heap is
#     placed in the first 32GB address space. The Java Heap base address is the
#     maximum limit for the native heap growth. Please use -XX:HeapBaseMinAddress
#     to set the Java Heap base and to place the Java Heap above 32GB virtual address.
# This output file may be truncated or incomplete.
#
#  Out of Memory Error (arena.cpp:168), pid=11408, tid=8668
#
# JRE version: OpenJDK Runtime Environment Corretto-21.0.8.9.1 (21.0.8+9) (build 21.0.8+9-LTS)
# Java VM: OpenJDK 64-Bit Server VM Corretto-21.0.8.9.1 (21.0.8+9-LTS, mixed mode, sharing, tiered, compressed oops, compressed class ptrs, g1 gc, windows-amd64)
# No core dump will be written. Minidumps are not enabled by default on client versions of Windows
#

---------------  S U M M A R Y ------------

Command Line: -Ddebugger.agent.enable.coroutines=true -Dfabric.dli.config=C:\Users\Admin\Desktop\luxury2\.gradle\loom-cache\launch.cfg -Dfabric.dli.env=client -Dfabric.dli.main=net.fabricmc.loader.impl.launch.knot.KnotClient -Dkotlinx.coroutines.debug.enable.creation.stack.trace=false -Dkotlinx.coroutines.debug.enable.flows.stack.trace=true -Dkotlinx.coroutines.debug.enable.mutable.state.flows.stack.trace=true -agentlib:jdwp=transport=dt_socket,server=n,suspend=y,address=127.0.0.1:64409 -javaagent:C:\Users\Admin\AppData\Local\JetBrains\IdeaIC2025.2\captureAgent\debugger-agent.jar=file:///C:/Users/Admin/AppData/Local/Temp/capture608039748374896212.props -Dfile.encoding=UTF-8 -Duser.country=RU -Duser.language=ru -Duser.variant net.fabricmc.devlaunchinjector.Main -XX:+UseZGC -XX:+UnlockExperimentalVMOptions -XX:+AlwaysPreTouch -XX:+UseStringDeduplication -XX:G1NewSizePercent=25 -XX:G1MaxNewSizePercent=40 -XX:G1HeapRegionSize=16M -XX:InitiatingHeapOccupancyPercent=15 -XX:G1MixedGCCountTarget=4 -XX:MaxGCPauseMillis=40 -XX:+PerfDisableSharedMem -XX:+OptimizeStringConcat

Host: Intel(R) Pentium(R) Gold G5400 CPU @ 3.70GHz, 4 cores, 11G,  Windows 11 , 64 bit Build 22621 (10.0.22621.3371)
Time: Mon Oct  6 03:25:48 2025 elapsed time: 269.348776 seconds (0d 0h 4m 29s)

---------------  T H R E A D  ---------------

Current thread (0x0000024c7bdbf630):  JavaThread "C2 CompilerThread0" daemon [_thread_in_native, id=8668, stack(0x0000009617b00000,0x0000009617c00000) (1024K)]


Current CompileTask:
C2:269348 38832       4       net.minecraft.client.render.GameRenderer::renderHand (341 bytes)

Stack: [0x0000009617b00000,0x0000009617c00000]
Native frames: (J=compiled Java code, j=interpreted, Vv=VM code, C=native code)
V  [jvm.dll+0x6deaf9]
V  [jvm.dll+0x8bccc3]
V  [jvm.dll+0x8bf07e]
V  [jvm.dll+0x8bf763]
V  [jvm.dll+0x287836]
V  [jvm.dll+0xc6e0d]
V  [jvm.dll+0xc7343]
V  [jvm.dll+0x3c308b]
V  [jvm.dll+0x38ec87]
V  [jvm.dll+0x38e0fa]
V  [jvm.dll+0x24fb12]
V  [jvm.dll+0x24f0e1]
V  [jvm.dll+0x1cd844]
V  [jvm.dll+0x25e7ca]
V  [jvm.dll+0x25cd7b]
V  [jvm.dll+0x3fd7a6]
V  [jvm.dll+0x865958]
V  [jvm.dll+0x6dd2bd]
C  [ucrtbase.dll+0x29333]
C  [KERNEL32.DLL+0x1257d]
C  [ntdll.dll+0x5aa48]


---------------  P R O C E S S  ---------------

Threads class SMR info:
_java_thread_list=0x0000024c93158060, length=48, elements={
0x0000024c6d645b80, 0x0000024c7bdb77d0, 0x0000024c7bdba5f0, 0x0000024c7bdbc9c0,
0x0000024c7bdbd410, 0x0000024c7bdbde60, 0x0000024c7bdbe8b0, 0x0000024c7bdbf630,
0x0000024c7be142f0, 0x0000024c54260a90, 0x0000024c542c9290, 0x0000024c542d36e0,
0x0000024c542d4570, 0x0000024c5430e770, 0x0000024c5433dc60, 0x0000024c5cb11fd0,
0x0000024c5cb0e4c0, 0x0000024c59a67640, 0x0000024c5c9b9c40, 0x0000024c5c9b8f20,
0x0000024c626a8180, 0x0000024c68dfc280, 0x0000024c6272f350, 0x0000024c59a65570,
0x0000024c6272b1b0, 0x0000024c6a3e9200, 0x0000024c6a3f0820, 0x0000024c6a3e9890,
0x0000024c6a3f0eb0, 0x0000024c6a3e9f20, 0x0000024c6a3f1540, 0x0000024c6a3f1bd0,
0x0000024c6a3f3610, 0x0000024c6a3ec680, 0x0000024c6a3f49c0, 0x0000024c6a471ed0,
0x0000024c6a473280, 0x0000024c9335ea50, 0x0000024c9335fe00, 0x0000024c933611b0,
0x0000024c93364cc0, 0x0000024c93362bf0, 0x0000024c9335d010, 0x0000024c93373270,
0x0000024c933759d0, 0x0000024c6a3f28f0, 0x0000024c6a3f56e0, 0x0000024ccd0f60d0
}

Java Threads: ( => current thread )
  0x0000024c6d645b80 JavaThread "Render thread"                     [_thread_in_Java, id=12012, stack(0x0000009616d00000,0x0000009616e00000) (1024K)]
  0x0000024c7bdb77d0 JavaThread "Reference Handler"          daemon [_thread_blocked, id=12100, stack(0x0000009617500000,0x0000009617600000) (1024K)]
  0x0000024c7bdba5f0 JavaThread "Finalizer"                  daemon [_thread_blocked, id=12852, stack(0x0000009617600000,0x0000009617700000) (1024K)]
  0x0000024c7bdbc9c0 JavaThread "Signal Dispatcher"          daemon [_thread_blocked, id=9404, stack(0x0000009617700000,0x0000009617800000) (1024K)]
  0x0000024c7bdbd410 JavaThread "Attach Listener"            daemon [_thread_blocked, id=11788, stack(0x0000009617800000,0x0000009617900000) (1024K)]
  0x0000024c7bdbde60 JavaThread "Service Thread"             daemon [_thread_blocked, id=12344, stack(0x0000009617900000,0x0000009617a00000) (1024K)]
  0x0000024c7bdbe8b0 JavaThread "Monitor Deflation Thread"   daemon [_thread_blocked, id=9768, stack(0x0000009617a00000,0x0000009617b00000) (1024K)]
=>0x0000024c7bdbf630 JavaThread "C2 CompilerThread0"         daemon [_thread_in_native, id=8668, stack(0x0000009617b00000,0x0000009617c00000) (1024K)]
  0x0000024c7be142f0 JavaThread "C1 CompilerThread0"         daemon [_thread_blocked, id=11344, stack(0x0000009617c00000,0x0000009617d00000) (1024K)]
  0x0000024c54260a90 JavaThread "Common-Cleaner"             daemon [_thread_blocked, id=3156, stack(0x0000009617d00000,0x0000009617e00000) (1024K)]
  0x0000024c542c9290 JavaThread "JDWP Transport Listener: dt_socket" daemon [_thread_blocked, id=10556, stack(0x0000009617e00000,0x0000009617f00000) (1024K)]
  0x0000024c542d36e0 JavaThread "JDWP Event Helper Thread"   daemon [_thread_blocked, id=11124, stack(0x0000009617f00000,0x0000009618000000) (1024K)]
  0x0000024c542d4570 JavaThread "JDWP Command Reader"        daemon [_thread_in_native, id=12392, stack(0x0000009618000000,0x0000009618100000) (1024K)]
  0x0000024c5430e770 JavaThread "IntelliJ Suspend Helper"    daemon [_thread_blocked, id=6036, stack(0x0000009618100000,0x0000009618200000) (1024K)]
  0x0000024c5433dc60 JavaThread "Notification Thread"        daemon [_thread_blocked, id=1868, stack(0x0000009618200000,0x0000009618300000) (1024K)]
  0x0000024c5cb11fd0 JavaThread "c2me-worker-0"              daemon [_thread_blocked, id=4624, stack(0x0000009618800000,0x0000009618900000) (1024K)]
  0x0000024c5cb0e4c0 JavaThread "c2me-sched"                 daemon [_thread_blocked, id=2084, stack(0x0000009618900000,0x0000009618a00000) (1024K)]
  0x0000024c59a67640 JavaThread "JNA Cleaner"                daemon [_thread_blocked, id=4488, stack(0x0000009618c00000,0x0000009618d00000) (1024K)]
  0x0000024c5c9b9c40 JavaThread "Timer hack thread"          daemon [_thread_blocked, id=3132, stack(0x0000009618e00000,0x0000009618f00000) (1024K)]
  0x0000024c5c9b8f20 JavaThread "Yggdrasil Key Fetcher"      daemon [_thread_blocked, id=7608, stack(0x0000009618f00000,0x0000009619000000) (1024K)]
  0x0000024c626a8180 JavaThread "Discord-RPC"                       [_thread_blocked, id=5832, stack(0x0000009619400000,0x0000009619500000) (1024K)]
  0x0000024c68dfc280 JavaThread "Via Async Scheduler 0"             [_thread_blocked, id=1736, stack(0x000000961a200000,0x000000961a300000) (1024K)]
  0x0000024c6272f350 JavaThread "nioEventLoopGroup-2-1"             [_thread_in_native, id=2860, stack(0x000000961a300000,0x000000961a400000) (1024K)]
  0x0000024c59a65570 JavaThread "BlobDB Write Thread"        daemon [_thread_blocked, id=3848, stack(0x000000961a400000,0x000000961a500000) (1024K)]
  0x0000024c6272b1b0 JavaThread "Worker-Main-1"              daemon [_thread_blocked, id=2392, stack(0x000000961a500000,0x000000961a600000) (1024K)]
  0x0000024c6a3e9200 JavaThread "FileSystemWatchService"     daemon [_thread_in_native, id=216, stack(0x000000961aa00000,0x000000961ab00000) (1024K)]
  0x0000024c6a3f0820 JavaThread "config-file-watcher-0-0"    daemon [_thread_blocked, id=1180, stack(0x000000961ab00000,0x000000961ac00000) (1024K)]
  0x0000024c6a3e9890 JavaThread "Read-Poller"                daemon [_thread_in_native, id=6020, stack(0x000000961ac00000,0x000000961ad00000) (1024K)]
  0x0000024c6a3f0eb0 JavaThread "Read-Updater"               daemon [_thread_blocked, id=1472, stack(0x000000961ad00000,0x000000961ae00000) (1024K)]
  0x0000024c6a3e9f20 JavaThread "Write-Poller"               daemon [_thread_in_native, id=3636, stack(0x000000961ae00000,0x000000961af00000) (1024K)]
  0x0000024c6a3f1540 JavaThread "Write-Updater"              daemon [_thread_blocked, id=10104, stack(0x000000961af00000,0x000000961b000000) (1024K)]
  0x0000024c6a3f1bd0 JavaThread "HttpClient-1-SelectorManager" daemon [_thread_in_native, id=9116, stack(0x000000961b000000,0x000000961b100000) (1024K)]
  0x0000024c6a3f3610 JavaThread "Java2D Disposer"            daemon [_thread_blocked, id=8176, stack(0x000000961b100000,0x000000961b200000) (1024K)]
  0x0000024c6a3ec680 JavaThread "AWT-Windows"                daemon [_thread_in_native, id=5824, stack(0x000000961b300000,0x000000961b400000) (1024K)]
  0x0000024c6a3f49c0 JavaThread "IAS"                               [_thread_blocked, id=7408, stack(0x0000009619500000,0x0000009619600000) (1024K)]
  0x0000024c6a471ed0 JavaThread "CullThread"                        [_thread_blocked, id=12724, stack(0x000000961b600000,0x000000961b700000) (1024K)]
  0x0000024c6a473280 JavaThread "IO-Worker-1"                       [_thread_blocked, id=5572, stack(0x000000961b700000,0x000000961b800000) (1024K)]
  0x0000024c9335ea50 JavaThread "Server Pinger #0"           daemon [_thread_blocked, id=4024, stack(0x0000009619900000,0x0000009619a00000) (1024K)]
  0x0000024c9335fe00 JavaThread "Jndi-Dns-address-change-listener" daemon [_thread_in_native, id=8892, stack(0x000000961bb00000,0x000000961bc00000) (1024K)]
  0x0000024c933611b0 JavaThread "Netty Client IO #0"         daemon [_thread_in_native, id=4660, stack(0x000000961be00000,0x000000961bf00000) (1024K)]
  0x0000024c93364cc0 JavaThread "Netty Client IO #1"         daemon [_thread_in_native, id=1184, stack(0x000000961bf00000,0x000000961c000000) (1024K)]
  0x0000024c93362bf0 JavaThread "Sound engine"               daemon [_thread_blocked, id=10028, stack(0x0000009619e00000,0x0000009619f00000) (1024K)]
  0x0000024c9335d010 JavaThread "Chunk Render Task Executor #0"        [_thread_blocked, id=10292, stack(0x000000961bc00000,0x000000961bd00000) (1024K)]
  0x0000024c93373270 JavaThread "Worker-Main-2"              daemon [_thread_blocked, id=11392, stack(0x000000961c000000,0x000000961c100000) (1024K)]
  0x0000024c933759d0 JavaThread "Worker-Main-3"              daemon [_thread_blocked, id=9832, stack(0x000000961c100000,0x000000961c200000) (1024K)]
  0x0000024c6a3f28f0 JavaThread "pool-13-thread-1"                  [_thread_blocked, id=7428, stack(0x000000961c200000,0x000000961c300000) (1024K)]
  0x0000024c6a3f56e0 JavaThread "pool-13-thread-2"                  [_thread_blocked, id=5300, stack(0x000000961c300000,0x000000961c400000) (1024K)]
  0x0000024ccd0f60d0 JavaThread "Download-3"                 daemon [_thread_blocked, id=9264, stack(0x0000009616a00000,0x0000009616b00000) (1024K)]
Total: 48

Other Threads:
  0x0000024c7bda0bf0 VMThread "VM Thread"                           [id=8996, stack(0x0000009617400000,0x0000009617500000) (1024K)]
  0x0000024c7bd8e7e0 WatcherThread "VM Periodic Task Thread"        [id=6520, stack(0x0000009617300000,0x0000009617400000) (1024K)]
  0x0000024c6d69c680 WorkerThread "GC Thread#0"                     [id=13288, stack(0x0000009616e00000,0x0000009616f00000) (1024K)]
  0x0000024c54260680 WorkerThread "GC Thread#1"                     [id=10252, stack(0x0000009618400000,0x0000009618500000) (1024K)]
  0x0000024c5496e7c0 WorkerThread "GC Thread#2"                     [id=3972, stack(0x0000009618500000,0x0000009618600000) (1024K)]
  0x0000024c5496eb60 WorkerThread "GC Thread#3"                     [id=12624, stack(0x0000009618600000,0x0000009618700000) (1024K)]
  0x0000024c6d6a9e40 ConcurrentGCThread "G1 Main Marker"            [id=8564, stack(0x0000009616f00000,0x0000009617000000) (1024K)]
  0x0000024c6d6aaff0 WorkerThread "G1 Conc#0"                       [id=11372, stack(0x0000009617000000,0x0000009617100000) (1024K)]
  0x0000024c7bc60550 ConcurrentGCThread "G1 Refine#0"               [id=12968, stack(0x0000009617100000,0x0000009617200000) (1024K)]
  0x0000024c7bc60ed0 ConcurrentGCThread "G1 Service"                [id=1276, stack(0x0000009617200000,0x0000009617300000) (1024K)]
Total: 10

Threads with active compile tasks:
C2 CompilerThread0  269367 38832       4       net.minecraft.client.render.GameRenderer::renderHand (341 bytes)
Total: 1

VM state: not at safepoint (normal execution)

VM Mutex/Monitor currently owned by a thread: None

Heap address: 0x0000000740e00000, size: 3058 MB, Compressed Oops mode: Zero based, Oop shift amount: 3

CDS archive(s) mapped at: [0x0000024c0f000000-0x0000024c0fc80000-0x0000024c0fc80000), size 13107200, SharedBaseAddress: 0x0000024c0f000000, ArchiveRelocationMode: 1.
Compressed class space mapped at: 0x0000024c10000000-0x0000024c50000000, reserved size: 1073741824
Narrow klass base: 0x0000024c0f000000, Narrow klass shift: 0, Narrow klass range: 0x100000000

GC Precious Log:
 CardTable entry size: 512
 Card Set container configuration: InlinePtr #cards 4 size 8 Array Of Cards #cards 16 size 48 Howl #buckets 8 coarsen threshold 3686 Howl Bitmap #cards 512 size 80 coarsen threshold 460 Card regions per heap region 1 cards per card region 4096
 CPUs: 4 total, 4 available
 Memory: 12230M
 Large Page Support: Disabled
 NUMA Support: Disabled
 Compressed Oops: Enabled (Zero based)
 Heap Region Size: 2M
 Heap Min Capacity: 8M
 Heap Initial Capacity: 192M
 Heap Max Capacity: 3058M
 Pre-touch: Disabled
 Parallel Workers: 4
 Concurrent Workers: 1
 Concurrent Refinement Workers: 4
 Periodic GC: Disabled

Heap:
 garbage-first heap   total 821248K, used 689069K [0x0000000740e00000, 0x0000000800000000)
  region size 2048K, 117 young (239616K), 2 survivors (4096K)
 Metaspace       used 188009K, committed 189888K, reserved 1245184K
  class space    used 28308K, committed 29120K, reserved 1048576K

Heap Regions: E=young(eden), S=young(survivor), O=old, HS=humongous(starts), HC=humongous(continues), CS=collection set, F=free, TAMS=top-at-mark-start, PB=parsable bottom
|   0|0x0000000740e00000, 0x0000000741000000, 0x0000000741000000|100%|HS|  |TAMS 0x0000000740e00000| PB 0x0000000740e00000| Complete 
|   1|0x0000000741000000, 0x0000000741200000, 0x0000000741200000|100%|HS|  |TAMS 0x0000000741000000| PB 0x0000000741000000| Complete 
|   2|0x0000000741200000, 0x0000000741400000, 0x0000000741400000|100%|HC|  |TAMS 0x0000000741200000| PB 0x0000000741200000| Complete 
|   3|0x0000000741400000, 0x00000007415ffff0, 0x0000000741600000| 99%| O|  |TAMS 0x0000000741400000| PB 0x0000000741400000| Untracked 
|   4|0x0000000741600000, 0x00000007417ffff8, 0x0000000741800000| 99%| O|  |TAMS 0x0000000741600000| PB 0x0000000741600000| Untracked 
|   5|0x0000000741800000, 0x00000007419ffff8, 0x0000000741a00000| 99%| O|  |TAMS 0x0000000741800000| PB 0x0000000741800000| Untracked 
|   6|0x0000000741a00000, 0x0000000741bffff0, 0x0000000741c00000| 99%| O|  |TAMS 0x0000000741a00000| PB 0x0000000741a00000| Untracked 
|   7|0x0000000741c00000, 0x0000000741dffff8, 0x0000000741e00000| 99%| O|  |TAMS 0x0000000741c00000| PB 0x0000000741c00000| Untracked 
|   8|0x0000000741e00000, 0x0000000742000000, 0x0000000742000000|100%| O|  |TAMS 0x0000000741e00000| PB 0x0000000741e00000| Untracked 
|   9|0x0000000742000000, 0x00000007421ffff8, 0x0000000742200000| 99%| O|Cm|TAMS 0x0000000742000000| PB 0x0000000742000000| Complete 
|  10|0x0000000742200000, 0x0000000742400000, 0x0000000742400000|100%| O|  |TAMS 0x0000000742200000| PB 0x0000000742200000| Untracked 
|  11|0x0000000742400000, 0x0000000742600000, 0x0000000742600000|100%| O|  |TAMS 0x0000000742400000| PB 0x0000000742400000| Untracked 
|  12|0x0000000742600000, 0x0000000742800000, 0x0000000742800000|100%| O|  |TAMS 0x0000000742600000| PB 0x0000000742600000| Untracked 
|  13|0x0000000742800000, 0x0000000742a00000, 0x0000000742a00000|100%| O|  |TAMS 0x0000000742800000| PB 0x0000000742800000| Untracked 
|  14|0x0000000742a00000, 0x0000000742bffff0, 0x0000000742c00000| 99%| O|  |TAMS 0x0000000742a00000| PB 0x0000000742a00000| Untracked 
|  15|0x0000000742c00000, 0x0000000742e00000, 0x0000000742e00000|100%| O|  |TAMS 0x0000000742c00000| PB 0x0000000742c00000| Untracked 
|  16|0x0000000742e00000, 0x0000000742fffff0, 0x0000000743000000| 99%| O|  |TAMS 0x0000000742e00000| PB 0x0000000742e00000| Untracked 
|  17|0x0000000743000000, 0x00000007431ffff0, 0x0000000743200000| 99%| O|  |TAMS 0x0000000743000000| PB 0x0000000743000000| Untracked 
|  18|0x0000000743200000, 0x0000000743400000, 0x0000000743400000|100%| O|  |TAMS 0x0000000743200000| PB 0x0000000743200000| Untracked 
|  19|0x0000000743400000, 0x00000007435ffea8, 0x0000000743600000| 99%| O|  |TAMS 0x0000000743400000| PB 0x0000000743400000| Untracked 
|  20|0x0000000743600000, 0x00000007437fffe8, 0x0000000743800000| 99%| O|  |TAMS 0x0000000743600000| PB 0x0000000743600000| Untracked 
|  21|0x0000000743800000, 0x00000007439fffd8, 0x0000000743a00000| 99%| O|  |TAMS 0x0000000743800000| PB 0x0000000743800000| Untracked 
|  22|0x0000000743a00000, 0x0000000743bffd78, 0x0000000743c00000| 99%| O|  |TAMS 0x0000000743a00000| PB 0x0000000743a00000| Untracked 
|  23|0x0000000743c00000, 0x0000000743e00000, 0x0000000743e00000|100%| O|  |TAMS 0x0000000743c00000| PB 0x0000000743c00000| Untracked 
|  24|0x0000000743e00000, 0x0000000743fffff0, 0x0000000744000000| 99%| O|  |TAMS 0x0000000743e00000| PB 0x0000000743e00000| Untracked 
|  25|0x0000000744000000, 0x0000000744200000, 0x0000000744200000|100%| O|  |TAMS 0x0000000744000000| PB 0x0000000744000000| Untracked 
|  26|0x0000000744200000, 0x0000000744400000, 0x0000000744400000|100%| O|  |TAMS 0x0000000744200000| PB 0x0000000744200000| Untracked 
|  27|0x0000000744400000, 0x0000000744600000, 0x0000000744600000|100%| O|  |TAMS 0x0000000744400000| PB 0x0000000744400000| Untracked 
|  28|0x0000000744600000, 0x0000000744800000, 0x0000000744800000|100%| O|  |TAMS 0x0000000744600000| PB 0x0000000744600000| Untracked 
|  29|0x0000000744800000, 0x0000000744a00000, 0x0000000744a00000|100%| O|  |TAMS 0x0000000744800000| PB 0x0000000744800000| Untracked 
|  30|0x0000000744a00000, 0x0000000744c00000, 0x0000000744c00000|100%| O|  |TAMS 0x0000000744a00000| PB 0x0000000744a00000| Untracked 
|  31|0x0000000744c00000, 0x0000000744dfffe8, 0x0000000744e00000| 99%| O|  |TAMS 0x0000000744c00000| PB 0x0000000744c00000| Untracked 
|  32|0x0000000744e00000, 0x0000000744fffff0, 0x0000000745000000| 99%| O|  |TAMS 0x0000000744e00000| PB 0x0000000744e00000| Untracked 
|  33|0x0000000745000000, 0x00000007451ffff8, 0x0000000745200000| 99%| O|  |TAMS 0x0000000745000000| PB 0x0000000745000000| Untracked 
|  34|0x0000000745200000, 0x00000007453fffe0, 0x0000000745400000| 99%| O|  |TAMS 0x0000000745200000| PB 0x0000000745200000| Untracked 
|  35|0x0000000745400000, 0x0000000745600000, 0x0000000745600000|100%| O|  |TAMS 0x0000000745400000| PB 0x0000000745400000| Untracked 
|  36|0x0000000745600000, 0x0000000745800000, 0x0000000745800000|100%| O|  |TAMS 0x0000000745600000| PB 0x0000000745600000| Untracked 
|  37|0x0000000745800000, 0x00000007459ee208, 0x0000000745a00000| 96%| O|  |TAMS 0x0000000745800000| PB 0x0000000745800000| Untracked 
|  38|0x0000000745a00000, 0x0000000745c00000, 0x0000000745c00000|100%| O|  |TAMS 0x0000000745a00000| PB 0x0000000745a00000| Untracked 
|  39|0x0000000745c00000, 0x0000000745dffff0, 0x0000000745e00000| 99%| O|  |TAMS 0x0000000745c00000| PB 0x0000000745c00000| Untracked 
|  40|0x0000000745e00000, 0x0000000745ff2d98, 0x0000000746000000| 97%| O|  |TAMS 0x0000000745e00000| PB 0x0000000745e00000| Untracked 
|  41|0x0000000746000000, 0x00000007461fffe8, 0x0000000746200000| 99%| O|  |TAMS 0x0000000746000000| PB 0x0000000746000000| Untracked 
|  42|0x0000000746200000, 0x00000007463fffc8, 0x0000000746400000| 99%| O|  |TAMS 0x0000000746200000| PB 0x0000000746200000| Untracked 
|  43|0x0000000746400000, 0x00000007465fffd0, 0x0000000746600000| 99%| O|  |TAMS 0x0000000746400000| PB 0x0000000746400000| Untracked 
|  44|0x0000000746600000, 0x0000000746800000, 0x0000000746800000|100%| O|  |TAMS 0x0000000746600000| PB 0x0000000746600000| Untracked 
|  45|0x0000000746800000, 0x0000000746a00000, 0x0000000746a00000|100%| O|  |TAMS 0x0000000746800000| PB 0x0000000746800000| Untracked 
|  46|0x0000000746a00000, 0x0000000746bfffe0, 0x0000000746c00000| 99%| O|  |TAMS 0x0000000746a00000| PB 0x0000000746a00000| Untracked 
|  47|0x0000000746c00000, 0x0000000746dfffd0, 0x0000000746e00000| 99%| O|  |TAMS 0x0000000746c00000| PB 0x0000000746c00000| Untracked 
|  48|0x0000000746e00000, 0x0000000746fffff8, 0x0000000747000000| 99%| O|  |TAMS 0x0000000746e00000| PB 0x0000000746e00000| Untracked 
|  49|0x0000000747000000, 0x0000000747200000, 0x0000000747200000|100%| O|  |TAMS 0x0000000747000000| PB 0x0000000747000000| Untracked 
|  50|0x0000000747200000, 0x00000007473ffff0, 0x0000000747400000| 99%| O|  |TAMS 0x0000000747200000| PB 0x0000000747200000| Untracked 
|  51|0x0000000747400000, 0x00000007475ffff0, 0x0000000747600000| 99%| O|  |TAMS 0x0000000747400000| PB 0x0000000747400000| Untracked 
|  52|0x0000000747600000, 0x00000007477fffe0, 0x0000000747800000| 99%| O|  |TAMS 0x0000000747600000| PB 0x0000000747600000| Untracked 
|  53|0x0000000747800000, 0x0000000747a00000, 0x0000000747a00000|100%| O|  |TAMS 0x0000000747800000| PB 0x0000000747800000| Untracked 
|  54|0x0000000747a00000, 0x0000000747c00000, 0x0000000747c00000|100%| O|  |TAMS 0x0000000747a00000| PB 0x0000000747a00000| Untracked 
|  55|0x0000000747c00000, 0x0000000747e00000, 0x0000000747e00000|100%| O|  |TAMS 0x0000000747c00000| PB 0x0000000747c00000| Untracked 
|  56|0x0000000747e00000, 0x0000000747fffff8, 0x0000000748000000| 99%| O|  |TAMS 0x0000000747e00000| PB 0x0000000747e00000| Untracked 
|  57|0x0000000748000000, 0x0000000748200000, 0x0000000748200000|100%| O|  |TAMS 0x0000000748000000| PB 0x0000000748000000| Untracked 
|  58|0x0000000748200000, 0x00000007483ffff0, 0x0000000748400000| 99%| O|  |TAMS 0x0000000748200000| PB 0x0000000748200000| Untracked 
|  59|0x0000000748400000, 0x0000000748600000, 0x0000000748600000|100%| O|  |TAMS 0x0000000748400000| PB 0x0000000748400000| Untracked 
|  60|0x0000000748600000, 0x0000000748800000, 0x0000000748800000|100%| O|  |TAMS 0x0000000748600000| PB 0x0000000748600000| Untracked 
|  61|0x0000000748800000, 0x0000000748a00000, 0x0000000748a00000|100%| O|  |TAMS 0x0000000748800000| PB 0x0000000748800000| Untracked 
|  62|0x0000000748a00000, 0x0000000748a00000, 0x0000000748c00000|  0%| F|  |TAMS 0x0000000748a00000| PB 0x0000000748a00000| Untracked 
|  63|0x0000000748c00000, 0x0000000748e00000, 0x0000000748e00000|100%| O|  |TAMS 0x0000000748c00000| PB 0x0000000748c00000| Untracked 
|  64|0x0000000748e00000, 0x0000000749000000, 0x0000000749000000|100%| O|  |TAMS 0x0000000748e00000| PB 0x0000000748e00000| Untracked 
|  65|0x0000000749000000, 0x00000007491fffc8, 0x0000000749200000| 99%| O|  |TAMS 0x0000000749000000| PB 0x0000000749000000| Untracked 
|  66|0x0000000749200000, 0x0000000749400000, 0x0000000749400000|100%| O|  |TAMS 0x0000000749200000| PB 0x0000000749200000| Untracked 
|  67|0x0000000749400000, 0x0000000749600000, 0x0000000749600000|100%| O|  |TAMS 0x0000000749400000| PB 0x0000000749400000| Untracked 
|  68|0x0000000749600000, 0x0000000749800000, 0x0000000749800000|100%| O|  |TAMS 0x0000000749600000| PB 0x0000000749600000| Untracked 
|  69|0x0000000749800000, 0x0000000749a00000, 0x0000000749a00000|100%| O|  |TAMS 0x0000000749800000| PB 0x0000000749800000| Untracked 
|  70|0x0000000749a00000, 0x0000000749c00000, 0x0000000749c00000|100%| O|  |TAMS 0x0000000749a00000| PB 0x0000000749a00000| Untracked 
|  71|0x0000000749c00000, 0x0000000749e00000, 0x0000000749e00000|100%|HS|  |TAMS 0x0000000749c00000| PB 0x0000000749c00000| Complete 
|  72|0x0000000749e00000, 0x000000074a000000, 0x000000074a000000|100%|HC|  |TAMS 0x0000000749e00000| PB 0x0000000749e00000| Complete 
|  73|0x000000074a000000, 0x000000074a200000, 0x000000074a200000|100%| O|  |TAMS 0x000000074a000000| PB 0x000000074a000000| Untracked 
|  74|0x000000074a200000, 0x000000074a400000, 0x000000074a400000|100%| O|  |TAMS 0x000000074a200000| PB 0x000000074a200000| Untracked 
|  75|0x000000074a400000, 0x000000074a600000, 0x000000074a600000|100%| O|  |TAMS 0x000000074a400000| PB 0x000000074a400000| Untracked 
|  76|0x000000074a600000, 0x000000074a800000, 0x000000074a800000|100%| O|  |TAMS 0x000000074a600000| PB 0x000000074a600000| Untracked 
|  77|0x000000074a800000, 0x000000074aa00000, 0x000000074aa00000|100%| O|  |TAMS 0x000000074a800000| PB 0x000000074a800000| Untracked 
|  78|0x000000074aa00000, 0x000000074abffff0, 0x000000074ac00000| 99%| O|  |TAMS 0x000000074aa00000| PB 0x000000074aa00000| Untracked 
|  79|0x000000074ac00000, 0x000000074ae00000, 0x000000074ae00000|100%|HS|  |TAMS 0x000000074ac00000| PB 0x000000074ac00000| Complete 
|  80|0x000000074ae00000, 0x000000074b000000, 0x000000074b000000|100%|HC|  |TAMS 0x000000074ae00000| PB 0x000000074ae00000| Complete 
|  81|0x000000074b000000, 0x000000074b200000, 0x000000074b200000|100%|HC|  |TAMS 0x000000074b000000| PB 0x000000074b000000| Complete 
|  82|0x000000074b200000, 0x000000074b400000, 0x000000074b400000|100%| O|  |TAMS 0x000000074b200000| PB 0x000000074b200000| Untracked 
|  83|0x000000074b400000, 0x000000074b600000, 0x000000074b600000|100%| O|  |TAMS 0x000000074b400000| PB 0x000000074b400000| Untracked 
|  84|0x000000074b600000, 0x000000074b800000, 0x000000074b800000|100%| O|  |TAMS 0x000000074b600000| PB 0x000000074b600000| Untracked 
|  85|0x000000074b800000, 0x000000074ba00000, 0x000000074ba00000|100%| O|  |TAMS 0x000000074b800000| PB 0x000000074b800000| Untracked 
|  86|0x000000074ba00000, 0x000000074bc00000, 0x000000074bc00000|100%| O|  |TAMS 0x000000074ba00000| PB 0x000000074ba00000| Untracked 
|  87|0x000000074bc00000, 0x000000074be00000, 0x000000074be00000|100%| O|  |TAMS 0x000000074bc00000| PB 0x000000074bc00000| Untracked 
|  88|0x000000074be00000, 0x000000074c000000, 0x000000074c000000|100%| O|  |TAMS 0x000000074be00000| PB 0x000000074be00000| Untracked 
|  89|0x000000074c000000, 0x000000074c200000, 0x000000074c200000|100%| O|  |TAMS 0x000000074c000000| PB 0x000000074c000000| Untracked 
|  90|0x000000074c200000, 0x000000074c400000, 0x000000074c400000|100%| O|  |TAMS 0x000000074c200000| PB 0x000000074c200000| Untracked 
|  91|0x000000074c400000, 0x000000074c600000, 0x000000074c600000|100%| O|  |TAMS 0x000000074c400000| PB 0x000000074c400000| Untracked 
|  92|0x000000074c600000, 0x000000074c800000, 0x000000074c800000|100%| O|  |TAMS 0x000000074c600000| PB 0x000000074c600000| Untracked 
|  93|0x000000074c800000, 0x000000074ca00000, 0x000000074ca00000|100%| O|  |TAMS 0x000000074c800000| PB 0x000000074c800000| Untracked 
|  94|0x000000074ca00000, 0x000000074cc00000, 0x000000074cc00000|100%| O|  |TAMS 0x000000074ca00000| PB 0x000000074ca00000| Untracked 
|  95|0x000000074cc00000, 0x000000074ce00000, 0x000000074ce00000|100%| O|  |TAMS 0x000000074cc00000| PB 0x000000074cc00000| Untracked 
|  96|0x000000074ce00000, 0x000000074d000000, 0x000000074d000000|100%| O|  |TAMS 0x000000074ce00000| PB 0x000000074ce00000| Untracked 
|  97|0x000000074d000000, 0x000000074d200000, 0x000000074d200000|100%| O|  |TAMS 0x000000074d000000| PB 0x000000074d000000| Untracked 
|  98|0x000000074d200000, 0x000000074d400000, 0x000000074d400000|100%| O|  |TAMS 0x000000074d200000| PB 0x000000074d200000| Untracked 
|  99|0x000000074d400000, 0x000000074d600000, 0x000000074d600000|100%| O|  |TAMS 0x000000074d400000| PB 0x000000074d400000| Untracked 
| 100|0x000000074d600000, 0x000000074d800000, 0x000000074d800000|100%| O|  |TAMS 0x000000074d600000| PB 0x000000074d600000| Untracked 
| 101|0x000000074d800000, 0x000000074da00000, 0x000000074da00000|100%| O|  |TAMS 0x000000074d800000| PB 0x000000074d800000| Untracked 
| 102|0x000000074da00000, 0x000000074dc00000, 0x000000074dc00000|100%| O|  |TAMS 0x000000074da00000| PB 0x000000074da00000| Untracked 
| 103|0x000000074dc00000, 0x000000074de00000, 0x000000074de00000|100%| O|  |TAMS 0x000000074dc00000| PB 0x000000074dc00000| Untracked 
| 104|0x000000074de00000, 0x000000074e000000, 0x000000074e000000|100%| O|  |TAMS 0x000000074de00000| PB 0x000000074de00000| Untracked 
| 105|0x000000074e000000, 0x000000074e200000, 0x000000074e200000|100%| O|  |TAMS 0x000000074e000000| PB 0x000000074e000000| Untracked 
| 106|0x000000074e200000, 0x000000074e400000, 0x000000074e400000|100%| O|  |TAMS 0x000000074e200000| PB 0x000000074e200000| Untracked 
| 107|0x000000074e400000, 0x000000074e600000, 0x000000074e600000|100%| O|  |TAMS 0x000000074e400000| PB 0x000000074e400000| Untracked 
| 108|0x000000074e600000, 0x000000074e800000, 0x000000074e800000|100%| O|  |TAMS 0x000000074e600000| PB 0x000000074e600000| Untracked 
| 109|0x000000074e800000, 0x000000074ea00000, 0x000000074ea00000|100%| O|  |TAMS 0x000000074e800000| PB 0x000000074e800000| Untracked 
| 110|0x000000074ea00000, 0x000000074ec00000, 0x000000074ec00000|100%| O|  |TAMS 0x000000074ea00000| PB 0x000000074ea00000| Untracked 
| 111|0x000000074ec00000, 0x000000074ee00000, 0x000000074ee00000|100%|HS|  |TAMS 0x000000074ec00000| PB 0x000000074ec00000| Complete 
| 112|0x000000074ee00000, 0x000000074f000000, 0x000000074f000000|100%| O|  |TAMS 0x000000074ee00000| PB 0x000000074ee00000| Untracked 
| 113|0x000000074f000000, 0x000000074f200000, 0x000000074f200000|100%| O|  |TAMS 0x000000074f000000| PB 0x000000074f000000| Untracked 
| 114|0x000000074f200000, 0x000000074f400000, 0x000000074f400000|100%|HS|  |TAMS 0x000000074f200000| PB 0x000000074f200000| Complete 
| 115|0x000000074f400000, 0x000000074f600000, 0x000000074f600000|100%| O|  |TAMS 0x000000074f400000| PB 0x000000074f400000| Untracked 
| 116|0x000000074f600000, 0x000000074f800000, 0x000000074f800000|100%| O|  |TAMS 0x000000074f600000| PB 0x000000074f600000| Untracked 
| 117|0x000000074f800000, 0x000000074fa00000, 0x000000074fa00000|100%| O|  |TAMS 0x000000074f800000| PB 0x000000074f800000| Untracked 
| 118|0x000000074fa00000, 0x000000074fc00000, 0x000000074fc00000|100%| O|  |TAMS 0x000000074fa00000| PB 0x000000074fa00000| Untracked 
| 119|0x000000074fc00000, 0x000000074fe00000, 0x000000074fe00000|100%| O|  |TAMS 0x000000074fc00000| PB 0x000000074fc00000| Untracked 
| 120|0x000000074fe00000, 0x0000000750000000, 0x0000000750000000|100%| O|  |TAMS 0x000000074fe00000| PB 0x000000074fe00000| Untracked 
| 121|0x0000000750000000, 0x0000000750200000, 0x0000000750200000|100%| O|  |TAMS 0x0000000750000000| PB 0x0000000750000000| Untracked 
| 122|0x0000000750200000, 0x0000000750400000, 0x0000000750400000|100%| O|  |TAMS 0x0000000750200000| PB 0x0000000750200000| Untracked 
| 123|0x0000000750400000, 0x0000000750600000, 0x0000000750600000|100%| O|  |TAMS 0x0000000750400000| PB 0x0000000750400000| Untracked 
| 124|0x0000000750600000, 0x0000000750800000, 0x0000000750800000|100%| O|  |TAMS 0x0000000750600000| PB 0x0000000750600000| Untracked 
| 125|0x0000000750800000, 0x0000000750a00000, 0x0000000750a00000|100%| O|  |TAMS 0x0000000750800000| PB 0x0000000750800000| Untracked 
| 126|0x0000000750a00000, 0x0000000750c00000, 0x0000000750c00000|100%| O|  |TAMS 0x0000000750a00000| PB 0x0000000750a00000| Untracked 
| 127|0x0000000750c00000, 0x0000000750e00000, 0x0000000750e00000|100%| O|  |TAMS 0x0000000750c00000| PB 0x0000000750c00000| Untracked 
| 128|0x0000000750e00000, 0x0000000751000000, 0x0000000751000000|100%| O|  |TAMS 0x0000000750e00000| PB 0x0000000750e00000| Untracked 
| 129|0x0000000751000000, 0x0000000751200000, 0x0000000751200000|100%| O|  |TAMS 0x0000000751000000| PB 0x0000000751000000| Untracked 
| 130|0x0000000751200000, 0x0000000751400000, 0x0000000751400000|100%| O|  |TAMS 0x0000000751200000| PB 0x0000000751200000| Untracked 
| 131|0x0000000751400000, 0x0000000751600000, 0x0000000751600000|100%| O|  |TAMS 0x0000000751400000| PB 0x0000000751400000| Untracked 
| 132|0x0000000751600000, 0x0000000751800000, 0x0000000751800000|100%| O|  |TAMS 0x0000000751600000| PB 0x0000000751600000| Untracked 
| 133|0x0000000751800000, 0x0000000751a00000, 0x0000000751a00000|100%| O|  |TAMS 0x0000000751800000| PB 0x0000000751800000| Untracked 
| 134|0x0000000751a00000, 0x0000000751c00000, 0x0000000751c00000|100%| O|  |TAMS 0x0000000751a00000| PB 0x0000000751a00000| Untracked 
| 135|0x0000000751c00000, 0x0000000751e00000, 0x0000000751e00000|100%| O|  |TAMS 0x0000000751c00000| PB 0x0000000751c00000| Untracked 
| 136|0x0000000751e00000, 0x0000000752000000, 0x0000000752000000|100%| O|  |TAMS 0x0000000751e00000| PB 0x0000000751e00000| Untracked 
| 137|0x0000000752000000, 0x0000000752200000, 0x0000000752200000|100%| O|  |TAMS 0x0000000752000000| PB 0x0000000752000000| Untracked 
| 138|0x0000000752200000, 0x0000000752400000, 0x0000000752400000|100%| O|  |TAMS 0x0000000752200000| PB 0x0000000752200000| Untracked 
| 139|0x0000000752400000, 0x0000000752600000, 0x0000000752600000|100%| O|  |TAMS 0x0000000752400000| PB 0x0000000752400000| Untracked 
| 140|0x0000000752600000, 0x0000000752800000, 0x0000000752800000|100%| O|  |TAMS 0x0000000752600000| PB 0x0000000752600000| Untracked 
| 141|0x0000000752800000, 0x0000000752a00000, 0x0000000752a00000|100%| O|  |TAMS 0x0000000752800000| PB 0x0000000752800000| Untracked 
| 142|0x0000000752a00000, 0x0000000752c00000, 0x0000000752c00000|100%| O|  |TAMS 0x0000000752a00000| PB 0x0000000752a00000| Untracked 
| 143|0x0000000752c00000, 0x0000000752e00000, 0x0000000752e00000|100%| O|  |TAMS 0x0000000752c00000| PB 0x0000000752c00000| Untracked 
| 144|0x0000000752e00000, 0x0000000753000000, 0x0000000753000000|100%| O|  |TAMS 0x0000000752e00000| PB 0x0000000752e00000| Untracked 
| 145|0x0000000753000000, 0x0000000753200000, 0x0000000753200000|100%| O|  |TAMS 0x0000000753000000| PB 0x0000000753000000| Untracked 
| 146|0x0000000753200000, 0x0000000753400000, 0x0000000753400000|100%| O|  |TAMS 0x0000000753200000| PB 0x0000000753200000| Untracked 
| 147|0x0000000753400000, 0x0000000753600000, 0x0000000753600000|100%| O|  |TAMS 0x0000000753400000| PB 0x0000000753400000| Untracked 
| 148|0x0000000753600000, 0x0000000753800000, 0x0000000753800000|100%| O|  |TAMS 0x0000000753600000| PB 0x0000000753600000| Untracked 
| 149|0x0000000753800000, 0x0000000753a00000, 0x0000000753a00000|100%| O|  |TAMS 0x0000000753800000| PB 0x0000000753800000| Untracked 
| 150|0x0000000753a00000, 0x0000000753c00000, 0x0000000753c00000|100%| O|  |TAMS 0x0000000753a00000| PB 0x0000000753a00000| Untracked 
| 151|0x0000000753c00000, 0x0000000753e00000, 0x0000000753e00000|100%| O|  |TAMS 0x0000000753c00000| PB 0x0000000753c00000| Untracked 
| 152|0x0000000753e00000, 0x0000000754000000, 0x0000000754000000|100%| O|  |TAMS 0x0000000753e00000| PB 0x0000000753e00000| Untracked 
| 153|0x0000000754000000, 0x0000000754200000, 0x0000000754200000|100%| O|  |TAMS 0x0000000754000000| PB 0x0000000754000000| Untracked 
| 154|0x0000000754200000, 0x0000000754400000, 0x0000000754400000|100%| O|  |TAMS 0x0000000754200000| PB 0x0000000754200000| Untracked 
| 155|0x0000000754400000, 0x0000000754600000, 0x0000000754600000|100%| O|  |TAMS 0x0000000754400000| PB 0x0000000754400000| Untracked 
| 156|0x0000000754600000, 0x0000000754800000, 0x0000000754800000|100%| O|  |TAMS 0x0000000754600000| PB 0x0000000754600000| Untracked 
| 157|0x0000000754800000, 0x0000000754a00000, 0x0000000754a00000|100%| O|  |TAMS 0x0000000754800000| PB 0x0000000754800000| Untracked 
| 158|0x0000000754a00000, 0x0000000754c00000, 0x0000000754c00000|100%| O|  |TAMS 0x0000000754a00000| PB 0x0000000754a00000| Untracked 
| 159|0x0000000754c00000, 0x0000000754e00000, 0x0000000754e00000|100%| O|  |TAMS 0x0000000754c00000| PB 0x0000000754c00000| Untracked 
| 160|0x0000000754e00000, 0x0000000755000000, 0x0000000755000000|100%| O|  |TAMS 0x0000000754e00000| PB 0x0000000754e00000| Untracked 
| 161|0x0000000755000000, 0x0000000755200000, 0x0000000755200000|100%| O|  |TAMS 0x0000000755000000| PB 0x0000000755000000| Untracked 
| 162|0x0000000755200000, 0x0000000755400000, 0x0000000755400000|100%| O|  |TAMS 0x0000000755200000| PB 0x0000000755200000| Untracked 
| 163|0x0000000755400000, 0x0000000755600000, 0x0000000755600000|100%| O|  |TAMS 0x0000000755400000| PB 0x0000000755400000| Untracked 
| 164|0x0000000755600000, 0x0000000755800000, 0x0000000755800000|100%| O|  |TAMS 0x0000000755600000| PB 0x0000000755600000| Untracked 
| 165|0x0000000755800000, 0x0000000755a00000, 0x0000000755a00000|100%| O|  |TAMS 0x0000000755800000| PB 0x0000000755800000| Untracked 
| 166|0x0000000755a00000, 0x0000000755c00000, 0x0000000755c00000|100%| O|  |TAMS 0x0000000755a00000| PB 0x0000000755a00000| Untracked 
| 167|0x0000000755c00000, 0x0000000755e00000, 0x0000000755e00000|100%| O|  |TAMS 0x0000000755c00000| PB 0x0000000755c00000| Untracked 
| 168|0x0000000755e00000, 0x0000000756000000, 0x0000000756000000|100%| O|  |TAMS 0x0000000755e00000| PB 0x0000000755e00000| Untracked 
| 169|0x0000000756000000, 0x0000000756200000, 0x0000000756200000|100%| O|  |TAMS 0x0000000756000000| PB 0x0000000756000000| Untracked 
| 170|0x0000000756200000, 0x0000000756400000, 0x0000000756400000|100%| O|Cm|TAMS 0x0000000756200000| PB 0x0000000756200000| Complete 
| 171|0x0000000756400000, 0x0000000756600000, 0x0000000756600000|100%| O|  |TAMS 0x0000000756400000| PB 0x0000000756400000| Untracked 
| 172|0x0000000756600000, 0x0000000756800000, 0x0000000756800000|100%| O|  |TAMS 0x0000000756600000| PB 0x0000000756600000| Untracked 
| 173|0x0000000756800000, 0x0000000756a00000, 0x0000000756a00000|100%| O|  |TAMS 0x0000000756800000| PB 0x0000000756800000| Untracked 
| 174|0x0000000756a00000, 0x0000000756c00000, 0x0000000756c00000|100%| O|  |TAMS 0x0000000756a00000| PB 0x0000000756a00000| Untracked 
| 175|0x0000000756c00000, 0x0000000756e00000, 0x0000000756e00000|100%| O|  |TAMS 0x0000000756c00000| PB 0x0000000756c00000| Untracked 
| 176|0x0000000756e00000, 0x0000000757000000, 0x0000000757000000|100%| O|  |TAMS 0x0000000756e00000| PB 0x0000000756e00000| Untracked 
| 177|0x0000000757000000, 0x0000000757200000, 0x0000000757200000|100%| O|  |TAMS 0x0000000757000000| PB 0x0000000757000000| Untracked 
| 178|0x0000000757200000, 0x00000007573f5578, 0x0000000757400000| 97%| O|  |TAMS 0x0000000757200000| PB 0x0000000757200000| Untracked 
| 179|0x0000000757400000, 0x0000000757600000, 0x0000000757600000|100%|HS|  |TAMS 0x0000000757400000| PB 0x0000000757400000| Complete 
| 180|0x0000000757600000, 0x0000000757800000, 0x0000000757800000|100%|HC|  |TAMS 0x0000000757600000| PB 0x0000000757600000| Complete 
| 181|0x0000000757800000, 0x0000000757a00000, 0x0000000757a00000|100%| O|  |TAMS 0x0000000757800000| PB 0x0000000757800000| Untracked 
| 182|0x0000000757a00000, 0x0000000757c00000, 0x0000000757c00000|100%| O|  |TAMS 0x0000000757a00000| PB 0x0000000757a00000| Untracked 
| 183|0x0000000757c00000, 0x0000000757e00000, 0x0000000757e00000|100%| O|  |TAMS 0x0000000757c00000| PB 0x0000000757c00000| Untracked 
| 184|0x0000000757e00000, 0x0000000758000000, 0x0000000758000000|100%| O|  |TAMS 0x0000000757e00000| PB 0x0000000757e00000| Untracked 
| 185|0x0000000758000000, 0x0000000758200000, 0x0000000758200000|100%| O|  |TAMS 0x0000000758000000| PB 0x0000000758000000| Untracked 
| 186|0x0000000758200000, 0x0000000758400000, 0x0000000758400000|100%| O|  |TAMS 0x0000000758200000| PB 0x0000000758200000| Untracked 
| 187|0x0000000758400000, 0x0000000758400000, 0x0000000758600000|  0%| F|  |TAMS 0x0000000758400000| PB 0x0000000758400000| Untracked 
| 188|0x0000000758600000, 0x0000000758600000, 0x0000000758800000|  0%| F|  |TAMS 0x0000000758600000| PB 0x0000000758600000| Untracked 
| 189|0x0000000758800000, 0x0000000758800000, 0x0000000758a00000|  0%| F|  |TAMS 0x0000000758800000| PB 0x0000000758800000| Untracked 
| 190|0x0000000758a00000, 0x0000000758c00000, 0x0000000758c00000|100%| O|  |TAMS 0x0000000758a00000| PB 0x0000000758a00000| Untracked 
| 191|0x0000000758c00000, 0x0000000758c00000, 0x0000000758e00000|  0%| F|  |TAMS 0x0000000758c00000| PB 0x0000000758c00000| Untracked 
| 192|0x0000000758e00000, 0x0000000758e00000, 0x0000000759000000|  0%| F|  |TAMS 0x0000000758e00000| PB 0x0000000758e00000| Untracked 
| 193|0x0000000759000000, 0x0000000759000000, 0x0000000759200000|  0%| F|  |TAMS 0x0000000759000000| PB 0x0000000759000000| Untracked 
| 194|0x0000000759200000, 0x0000000759200000, 0x0000000759400000|  0%| F|  |TAMS 0x0000000759200000| PB 0x0000000759200000| Untracked 
| 195|0x0000000759400000, 0x0000000759400000, 0x0000000759600000|  0%| F|  |TAMS 0x0000000759400000| PB 0x0000000759400000| Untracked 
| 196|0x0000000759600000, 0x0000000759600000, 0x0000000759800000|  0%| F|  |TAMS 0x0000000759600000| PB 0x0000000759600000| Untracked 
| 197|0x0000000759800000, 0x0000000759800000, 0x0000000759a00000|  0%| F|  |TAMS 0x0000000759800000| PB 0x0000000759800000| Untracked 
| 198|0x0000000759a00000, 0x0000000759a00000, 0x0000000759c00000|  0%| F|  |TAMS 0x0000000759a00000| PB 0x0000000759a00000| Untracked 
| 199|0x0000000759c00000, 0x0000000759c00000, 0x0000000759e00000|  0%| F|  |TAMS 0x0000000759c00000| PB 0x0000000759c00000| Untracked 
| 200|0x0000000759e00000, 0x0000000759e00000, 0x000000075a000000|  0%| F|  |TAMS 0x0000000759e00000| PB 0x0000000759e00000| Untracked 
| 201|0x000000075a000000, 0x000000075a000000, 0x000000075a200000|  0%| F|  |TAMS 0x000000075a000000| PB 0x000000075a000000| Untracked 
| 202|0x000000075a200000, 0x000000075a200000, 0x000000075a400000|  0%| F|  |TAMS 0x000000075a200000| PB 0x000000075a200000| Untracked 
| 203|0x000000075a400000, 0x000000075a400000, 0x000000075a600000|  0%| F|  |TAMS 0x000000075a400000| PB 0x000000075a400000| Untracked 
| 204|0x000000075a600000, 0x000000075a600000, 0x000000075a800000|  0%| F|  |TAMS 0x000000075a600000| PB 0x000000075a600000| Untracked 
| 205|0x000000075a800000, 0x000000075a800000, 0x000000075aa00000|  0%| F|  |TAMS 0x000000075a800000| PB 0x000000075a800000| Untracked 
| 206|0x000000075aa00000, 0x000000075aa00000, 0x000000075ac00000|  0%| F|  |TAMS 0x000000075aa00000| PB 0x000000075aa00000| Untracked 
| 207|0x000000075ac00000, 0x000000075ac00000, 0x000000075ae00000|  0%| F|  |TAMS 0x000000075ac00000| PB 0x000000075ac00000| Untracked 
| 208|0x000000075ae00000, 0x000000075ae00000, 0x000000075b000000|  0%| F|  |TAMS 0x000000075ae00000| PB 0x000000075ae00000| Untracked 
| 209|0x000000075b000000, 0x000000075b000000, 0x000000075b200000|  0%| F|  |TAMS 0x000000075b000000| PB 0x000000075b000000| Untracked 
| 210|0x000000075b200000, 0x000000075b315780, 0x000000075b400000| 54%| S|CS|TAMS 0x000000075b200000| PB 0x000000075b200000| Complete 
| 211|0x000000075b400000, 0x000000075b600000, 0x000000075b600000|100%| S|CS|TAMS 0x000000075b400000| PB 0x000000075b400000| Complete 
| 212|0x000000075b600000, 0x000000075b600000, 0x000000075b800000|  0%| F|  |TAMS 0x000000075b600000| PB 0x000000075b600000| Untracked 
| 213|0x000000075b800000, 0x000000075b800000, 0x000000075ba00000|  0%| F|  |TAMS 0x000000075b800000| PB 0x000000075b800000| Untracked 
| 214|0x000000075ba00000, 0x000000075ba00000, 0x000000075bc00000|  0%| F|  |TAMS 0x000000075ba00000| PB 0x000000075ba00000| Untracked 
| 215|0x000000075bc00000, 0x000000075bc00000, 0x000000075be00000|  0%| F|  |TAMS 0x000000075bc00000| PB 0x000000075bc00000| Untracked 
| 216|0x000000075be00000, 0x000000075be00000, 0x000000075c000000|  0%| F|  |TAMS 0x000000075be00000| PB 0x000000075be00000| Untracked 
| 217|0x000000075c000000, 0x000000075c000000, 0x000000075c200000|  0%| F|  |TAMS 0x000000075c000000| PB 0x000000075c000000| Untracked 
| 218|0x000000075c200000, 0x000000075c200000, 0x000000075c400000|  0%| F|  |TAMS 0x000000075c200000| PB 0x000000075c200000| Untracked 
| 219|0x000000075c400000, 0x000000075c400000, 0x000000075c600000|  0%| F|  |TAMS 0x000000075c400000| PB 0x000000075c400000| Untracked 
| 220|0x000000075c600000, 0x000000075c600000, 0x000000075c800000|  0%| F|  |TAMS 0x000000075c600000| PB 0x000000075c600000| Untracked 
| 221|0x000000075c800000, 0x000000075c800000, 0x000000075ca00000|  0%| F|  |TAMS 0x000000075c800000| PB 0x000000075c800000| Untracked 
| 222|0x000000075ca00000, 0x000000075ca00000, 0x000000075cc00000|  0%| F|  |TAMS 0x000000075ca00000| PB 0x000000075ca00000| Untracked 
| 223|0x000000075cc00000, 0x000000075cc00000, 0x000000075ce00000|  0%| F|  |TAMS 0x000000075cc00000| PB 0x000000075cc00000| Untracked 
| 224|0x000000075ce00000, 0x000000075ce00000, 0x000000075d000000|  0%| F|  |TAMS 0x000000075ce00000| PB 0x000000075ce00000| Untracked 
| 225|0x000000075d000000, 0x000000075d000000, 0x000000075d200000|  0%| F|  |TAMS 0x000000075d000000| PB 0x000000075d000000| Untracked 
| 226|0x000000075d200000, 0x000000075d200000, 0x000000075d400000|  0%| F|  |TAMS 0x000000075d200000| PB 0x000000075d200000| Untracked 
| 227|0x000000075d400000, 0x000000075d400000, 0x000000075d600000|  0%| F|  |TAMS 0x000000075d400000| PB 0x000000075d400000| Untracked 
| 228|0x000000075d600000, 0x000000075d600000, 0x000000075d800000|  0%| F|  |TAMS 0x000000075d600000| PB 0x000000075d600000| Untracked 
| 229|0x000000075d800000, 0x000000075d800000, 0x000000075da00000|  0%| F|  |TAMS 0x000000075d800000| PB 0x000000075d800000| Untracked 
| 230|0x000000075da00000, 0x000000075da00000, 0x000000075dc00000|  0%| F|  |TAMS 0x000000075da00000| PB 0x000000075da00000| Untracked 
| 231|0x000000075dc00000, 0x000000075dc00000, 0x000000075de00000|  0%| F|  |TAMS 0x000000075dc00000| PB 0x000000075dc00000| Untracked 
| 232|0x000000075de00000, 0x000000075de00000, 0x000000075e000000|  0%| F|  |TAMS 0x000000075de00000| PB 0x000000075de00000| Untracked 
| 233|0x000000075e000000, 0x000000075e000000, 0x000000075e200000|  0%| F|  |TAMS 0x000000075e000000| PB 0x000000075e000000| Untracked 
| 234|0x000000075e200000, 0x000000075e200000, 0x000000075e400000|  0%| F|  |TAMS 0x000000075e200000| PB 0x000000075e200000| Untracked 
| 235|0x000000075e400000, 0x000000075e400000, 0x000000075e600000|  0%| F|  |TAMS 0x000000075e400000| PB 0x000000075e400000| Untracked 
| 236|0x000000075e600000, 0x000000075e600000, 0x000000075e800000|  0%| F|  |TAMS 0x000000075e600000| PB 0x000000075e600000| Untracked 
| 237|0x000000075e800000, 0x000000075e800000, 0x000000075ea00000|  0%| F|  |TAMS 0x000000075e800000| PB 0x000000075e800000| Untracked 
| 238|0x000000075ea00000, 0x000000075ea00000, 0x000000075ec00000|  0%| F|  |TAMS 0x000000075ea00000| PB 0x000000075ea00000| Untracked 
| 239|0x000000075ec00000, 0x000000075ec00000, 0x000000075ee00000|  0%| F|  |TAMS 0x000000075ec00000| PB 0x000000075ec00000| Untracked 
| 240|0x000000075ee00000, 0x000000075ee00000, 0x000000075f000000|  0%| F|  |TAMS 0x000000075ee00000| PB 0x000000075ee00000| Untracked 
| 241|0x000000075f000000, 0x000000075f000000, 0x000000075f200000|  0%| F|  |TAMS 0x000000075f000000| PB 0x000000075f000000| Untracked 
| 242|0x000000075f200000, 0x000000075f200000, 0x000000075f400000|  0%| F|  |TAMS 0x000000075f200000| PB 0x000000075f200000| Untracked 
| 243|0x000000075f400000, 0x000000075f400000, 0x000000075f600000|  0%| F|  |TAMS 0x000000075f400000| PB 0x000000075f400000| Untracked 
| 244|0x000000075f600000, 0x000000075f600000, 0x000000075f800000|  0%| F|  |TAMS 0x000000075f600000| PB 0x000000075f600000| Untracked 
| 245|0x000000075f800000, 0x000000075f800000, 0x000000075fa00000|  0%| F|  |TAMS 0x000000075f800000| PB 0x000000075f800000| Untracked 
| 246|0x000000075fa00000, 0x000000075fa00000, 0x000000075fc00000|  0%| F|  |TAMS 0x000000075fa00000| PB 0x000000075fa00000| Untracked 
| 247|0x000000075fc00000, 0x000000075fc00000, 0x000000075fe00000|  0%| F|  |TAMS 0x000000075fc00000| PB 0x000000075fc00000| Untracked 
| 248|0x000000075fe00000, 0x000000075fe00000, 0x0000000760000000|  0%| F|  |TAMS 0x000000075fe00000| PB 0x000000075fe00000| Untracked 
| 249|0x0000000760000000, 0x0000000760000000, 0x0000000760200000|  0%| F|  |TAMS 0x0000000760000000| PB 0x0000000760000000| Untracked 
| 250|0x0000000760200000, 0x0000000760200000, 0x0000000760400000|  0%| F|  |TAMS 0x0000000760200000| PB 0x0000000760200000| Untracked 
| 251|0x0000000760400000, 0x0000000760400000, 0x0000000760600000|  0%| F|  |TAMS 0x0000000760400000| PB 0x0000000760400000| Untracked 
| 252|0x0000000760600000, 0x0000000760800000, 0x0000000760800000|100%| E|  |TAMS 0x0000000760600000| PB 0x0000000760600000| Complete 
| 253|0x0000000760800000, 0x0000000760a00000, 0x0000000760a00000|100%| E|CS|TAMS 0x0000000760800000| PB 0x0000000760800000| Complete 
| 254|0x0000000760a00000, 0x0000000760c00000, 0x0000000760c00000|100%| E|CS|TAMS 0x0000000760a00000| PB 0x0000000760a00000| Complete 
| 255|0x0000000760c00000, 0x0000000760e00000, 0x0000000760e00000|100%| E|CS|TAMS 0x0000000760c00000| PB 0x0000000760c00000| Complete 
| 256|0x0000000760e00000, 0x0000000761000000, 0x0000000761000000|100%| E|CS|TAMS 0x0000000760e00000| PB 0x0000000760e00000| Complete 
| 257|0x0000000761000000, 0x0000000761200000, 0x0000000761200000|100%| E|CS|TAMS 0x0000000761000000| PB 0x0000000761000000| Complete 
| 258|0x0000000761200000, 0x0000000761400000, 0x0000000761400000|100%| E|CS|TAMS 0x0000000761200000| PB 0x0000000761200000| Complete 
| 259|0x0000000761400000, 0x0000000761600000, 0x0000000761600000|100%| E|CS|TAMS 0x0000000761400000| PB 0x0000000761400000| Complete 
| 260|0x0000000761600000, 0x0000000761800000, 0x0000000761800000|100%| E|CS|TAMS 0x0000000761600000| PB 0x0000000761600000| Complete 
| 261|0x0000000761800000, 0x0000000761a00000, 0x0000000761a00000|100%| E|CS|TAMS 0x0000000761800000| PB 0x0000000761800000| Complete 
| 262|0x0000000761a00000, 0x0000000761c00000, 0x0000000761c00000|100%| E|CS|TAMS 0x0000000761a00000| PB 0x0000000761a00000| Complete 
| 263|0x0000000761c00000, 0x0000000761e00000, 0x0000000761e00000|100%| E|CS|TAMS 0x0000000761c00000| PB 0x0000000761c00000| Complete 
| 264|0x0000000761e00000, 0x0000000762000000, 0x0000000762000000|100%| E|CS|TAMS 0x0000000761e00000| PB 0x0000000761e00000| Complete 
| 265|0x0000000762000000, 0x0000000762200000, 0x0000000762200000|100%| E|CS|TAMS 0x0000000762000000| PB 0x0000000762000000| Complete 
| 266|0x0000000762200000, 0x0000000762400000, 0x0000000762400000|100%| E|CS|TAMS 0x0000000762200000| PB 0x0000000762200000| Complete 
| 267|0x0000000762400000, 0x0000000762600000, 0x0000000762600000|100%| E|CS|TAMS 0x0000000762400000| PB 0x0000000762400000| Complete 
| 268|0x0000000762600000, 0x0000000762800000, 0x0000000762800000|100%| E|CS|TAMS 0x0000000762600000| PB 0x0000000762600000| Complete 
| 269|0x0000000762800000, 0x0000000762a00000, 0x0000000762a00000|100%| E|CS|TAMS 0x0000000762800000| PB 0x0000000762800000| Complete 
| 270|0x0000000762a00000, 0x0000000762c00000, 0x0000000762c00000|100%| E|CS|TAMS 0x0000000762a00000| PB 0x0000000762a00000| Complete 
| 271|0x0000000762c00000, 0x0000000762e00000, 0x0000000762e00000|100%| E|CS|TAMS 0x0000000762c00000| PB 0x0000000762c00000| Complete 
| 272|0x0000000762e00000, 0x0000000763000000, 0x0000000763000000|100%| E|CS|TAMS 0x0000000762e00000| PB 0x0000000762e00000| Complete 
| 273|0x0000000763000000, 0x0000000763200000, 0x0000000763200000|100%| E|CS|TAMS 0x0000000763000000| PB 0x0000000763000000| Complete 
| 274|0x0000000763200000, 0x0000000763400000, 0x0000000763400000|100%| E|CS|TAMS 0x0000000763200000| PB 0x0000000763200000| Complete 
| 275|0x0000000763400000, 0x0000000763600000, 0x0000000763600000|100%| E|CS|TAMS 0x0000000763400000| PB 0x0000000763400000| Complete 
| 276|0x0000000763600000, 0x0000000763800000, 0x0000000763800000|100%| E|CS|TAMS 0x0000000763600000| PB 0x0000000763600000| Complete 
| 277|0x0000000763800000, 0x0000000763a00000, 0x0000000763a00000|100%| E|CS|TAMS 0x0000000763800000| PB 0x0000000763800000| Complete 
| 278|0x0000000763a00000, 0x0000000763c00000, 0x0000000763c00000|100%| E|CS|TAMS 0x0000000763a00000| PB 0x0000000763a00000| Complete 
| 279|0x0000000763c00000, 0x0000000763e00000, 0x0000000763e00000|100%| E|CS|TAMS 0x0000000763c00000| PB 0x0000000763c00000| Complete 
| 280|0x0000000763e00000, 0x0000000764000000, 0x0000000764000000|100%| E|CS|TAMS 0x0000000763e00000| PB 0x0000000763e00000| Complete 
| 281|0x0000000764000000, 0x0000000764200000, 0x0000000764200000|100%| E|CS|TAMS 0x0000000764000000| PB 0x0000000764000000| Complete 
| 282|0x0000000764200000, 0x0000000764400000, 0x0000000764400000|100%| E|CS|TAMS 0x0000000764200000| PB 0x0000000764200000| Complete 
| 283|0x0000000764400000, 0x0000000764600000, 0x0000000764600000|100%| E|CS|TAMS 0x0000000764400000| PB 0x0000000764400000| Complete 
| 284|0x0000000764600000, 0x0000000764800000, 0x0000000764800000|100%| E|CS|TAMS 0x0000000764600000| PB 0x0000000764600000| Complete 
| 285|0x0000000764800000, 0x0000000764a00000, 0x0000000764a00000|100%| E|CS|TAMS 0x0000000764800000| PB 0x0000000764800000| Complete 
| 286|0x0000000764a00000, 0x0000000764c00000, 0x0000000764c00000|100%| E|CS|TAMS 0x0000000764a00000| PB 0x0000000764a00000| Complete 
| 287|0x0000000764c00000, 0x0000000764e00000, 0x0000000764e00000|100%| E|CS|TAMS 0x0000000764c00000| PB 0x0000000764c00000| Complete 
| 288|0x0000000764e00000, 0x0000000765000000, 0x0000000765000000|100%| E|CS|TAMS 0x0000000764e00000| PB 0x0000000764e00000| Complete 
| 289|0x0000000765000000, 0x0000000765200000, 0x0000000765200000|100%| E|CS|TAMS 0x0000000765000000| PB 0x0000000765000000| Complete 
| 290|0x0000000765200000, 0x0000000765400000, 0x0000000765400000|100%| E|CS|TAMS 0x0000000765200000| PB 0x0000000765200000| Complete 
| 291|0x0000000765400000, 0x0000000765600000, 0x0000000765600000|100%| E|CS|TAMS 0x0000000765400000| PB 0x0000000765400000| Complete 
| 292|0x0000000765600000, 0x0000000765800000, 0x0000000765800000|100%| E|CS|TAMS 0x0000000765600000| PB 0x0000000765600000| Complete 
| 293|0x0000000765800000, 0x0000000765a00000, 0x0000000765a00000|100%| E|CS|TAMS 0x0000000765800000| PB 0x0000000765800000| Complete 
| 294|0x0000000765a00000, 0x0000000765c00000, 0x0000000765c00000|100%| E|CS|TAMS 0x0000000765a00000| PB 0x0000000765a00000| Complete 
| 295|0x0000000765c00000, 0x0000000765e00000, 0x0000000765e00000|100%| E|CS|TAMS 0x0000000765c00000| PB 0x0000000765c00000| Complete 
| 296|0x0000000765e00000, 0x0000000766000000, 0x0000000766000000|100%| E|CS|TAMS 0x0000000765e00000| PB 0x0000000765e00000| Complete 
| 297|0x0000000766000000, 0x0000000766200000, 0x0000000766200000|100%| E|CS|TAMS 0x0000000766000000| PB 0x0000000766000000| Complete 
| 298|0x0000000766200000, 0x0000000766400000, 0x0000000766400000|100%| E|CS|TAMS 0x0000000766200000| PB 0x0000000766200000| Complete 
| 299|0x0000000766400000, 0x0000000766600000, 0x0000000766600000|100%| E|CS|TAMS 0x0000000766400000| PB 0x0000000766400000| Complete 
| 300|0x0000000766600000, 0x0000000766800000, 0x0000000766800000|100%| E|CS|TAMS 0x0000000766600000| PB 0x0000000766600000| Complete 
| 301|0x0000000766800000, 0x0000000766a00000, 0x0000000766a00000|100%| E|CS|TAMS 0x0000000766800000| PB 0x0000000766800000| Complete 
| 302|0x0000000766a00000, 0x0000000766c00000, 0x0000000766c00000|100%| E|CS|TAMS 0x0000000766a00000| PB 0x0000000766a00000| Complete 
| 303|0x0000000766c00000, 0x0000000766e00000, 0x0000000766e00000|100%| E|CS|TAMS 0x0000000766c00000| PB 0x0000000766c00000| Complete 
| 304|0x0000000766e00000, 0x0000000767000000, 0x0000000767000000|100%| E|CS|TAMS 0x0000000766e00000| PB 0x0000000766e00000| Complete 
| 305|0x0000000767000000, 0x0000000767200000, 0x0000000767200000|100%| E|CS|TAMS 0x0000000767000000| PB 0x0000000767000000| Complete 
| 306|0x0000000767200000, 0x0000000767400000, 0x0000000767400000|100%| E|CS|TAMS 0x0000000767200000| PB 0x0000000767200000| Complete 
| 307|0x0000000767400000, 0x0000000767600000, 0x0000000767600000|100%| E|CS|TAMS 0x0000000767400000| PB 0x0000000767400000| Complete 
| 308|0x0000000767600000, 0x0000000767800000, 0x0000000767800000|100%| E|CS|TAMS 0x0000000767600000| PB 0x0000000767600000| Complete 
| 309|0x0000000767800000, 0x0000000767a00000, 0x0000000767a00000|100%| E|CS|TAMS 0x0000000767800000| PB 0x0000000767800000| Complete 
| 310|0x0000000767a00000, 0x0000000767c00000, 0x0000000767c00000|100%| E|CS|TAMS 0x0000000767a00000| PB 0x0000000767a00000| Complete 
| 311|0x0000000767c00000, 0x0000000767e00000, 0x0000000767e00000|100%| E|CS|TAMS 0x0000000767c00000| PB 0x0000000767c00000| Complete 
| 312|0x0000000767e00000, 0x0000000768000000, 0x0000000768000000|100%| E|CS|TAMS 0x0000000767e00000| PB 0x0000000767e00000| Complete 
| 313|0x0000000768000000, 0x0000000768200000, 0x0000000768200000|100%| E|CS|TAMS 0x0000000768000000| PB 0x0000000768000000| Complete 
| 314|0x0000000768200000, 0x0000000768400000, 0x0000000768400000|100%| E|CS|TAMS 0x0000000768200000| PB 0x0000000768200000| Complete 
| 315|0x0000000768400000, 0x0000000768600000, 0x0000000768600000|100%| E|CS|TAMS 0x0000000768400000| PB 0x0000000768400000| Complete 
| 316|0x0000000768600000, 0x0000000768800000, 0x0000000768800000|100%| E|CS|TAMS 0x0000000768600000| PB 0x0000000768600000| Complete 
| 317|0x0000000768800000, 0x0000000768a00000, 0x0000000768a00000|100%| E|CS|TAMS 0x0000000768800000| PB 0x0000000768800000| Complete 
| 318|0x0000000768a00000, 0x0000000768c00000, 0x0000000768c00000|100%| E|CS|TAMS 0x0000000768a00000| PB 0x0000000768a00000| Complete 
| 319|0x0000000768c00000, 0x0000000768e00000, 0x0000000768e00000|100%| E|CS|TAMS 0x0000000768c00000| PB 0x0000000768c00000| Complete 
| 320|0x0000000768e00000, 0x0000000769000000, 0x0000000769000000|100%| E|CS|TAMS 0x0000000768e00000| PB 0x0000000768e00000| Complete 
| 321|0x0000000769000000, 0x0000000769200000, 0x0000000769200000|100%| E|CS|TAMS 0x0000000769000000| PB 0x0000000769000000| Complete 
| 322|0x0000000769200000, 0x0000000769400000, 0x0000000769400000|100%| E|CS|TAMS 0x0000000769200000| PB 0x0000000769200000| Complete 
| 323|0x0000000769400000, 0x0000000769600000, 0x0000000769600000|100%| E|CS|TAMS 0x0000000769400000| PB 0x0000000769400000| Complete 
| 324|0x0000000769600000, 0x0000000769800000, 0x0000000769800000|100%| E|CS|TAMS 0x0000000769600000| PB 0x0000000769600000| Complete 
| 325|0x0000000769800000, 0x0000000769a00000, 0x0000000769a00000|100%| E|CS|TAMS 0x0000000769800000| PB 0x0000000769800000| Complete 
| 326|0x0000000769a00000, 0x0000000769c00000, 0x0000000769c00000|100%| E|CS|TAMS 0x0000000769a00000| PB 0x0000000769a00000| Complete 
| 327|0x0000000769c00000, 0x0000000769e00000, 0x0000000769e00000|100%| E|CS|TAMS 0x0000000769c00000| PB 0x0000000769c00000| Complete 
| 328|0x0000000769e00000, 0x000000076a000000, 0x000000076a000000|100%| E|CS|TAMS 0x0000000769e00000| PB 0x0000000769e00000| Complete 
| 329|0x000000076a000000, 0x000000076a200000, 0x000000076a200000|100%| E|CS|TAMS 0x000000076a000000| PB 0x000000076a000000| Complete 
| 330|0x000000076a200000, 0x000000076a400000, 0x000000076a400000|100%| E|CS|TAMS 0x000000076a200000| PB 0x000000076a200000| Complete 
| 331|0x000000076a400000, 0x000000076a600000, 0x000000076a600000|100%| E|CS|TAMS 0x000000076a400000| PB 0x000000076a400000| Complete 
| 332|0x000000076a600000, 0x000000076a800000, 0x000000076a800000|100%| E|CS|TAMS 0x000000076a600000| PB 0x000000076a600000| Complete 
| 333|0x000000076a800000, 0x000000076aa00000, 0x000000076aa00000|100%| E|CS|TAMS 0x000000076a800000| PB 0x000000076a800000| Complete 
| 334|0x000000076aa00000, 0x000000076ac00000, 0x000000076ac00000|100%| E|CS|TAMS 0x000000076aa00000| PB 0x000000076aa00000| Complete 
| 335|0x000000076ac00000, 0x000000076ae00000, 0x000000076ae00000|100%| E|CS|TAMS 0x000000076ac00000| PB 0x000000076ac00000| Complete 
| 336|0x000000076ae00000, 0x000000076b000000, 0x000000076b000000|100%| E|CS|TAMS 0x000000076ae00000| PB 0x000000076ae00000| Complete 
| 337|0x000000076b000000, 0x000000076b200000, 0x000000076b200000|100%| E|CS|TAMS 0x000000076b000000| PB 0x000000076b000000| Complete 
| 338|0x000000076b200000, 0x000000076b400000, 0x000000076b400000|100%| E|CS|TAMS 0x000000076b200000| PB 0x000000076b200000| Complete 
| 339|0x000000076b400000, 0x000000076b600000, 0x000000076b600000|100%| E|CS|TAMS 0x000000076b400000| PB 0x000000076b400000| Complete 
| 340|0x000000076b600000, 0x000000076b800000, 0x000000076b800000|100%| E|CS|TAMS 0x000000076b600000| PB 0x000000076b600000| Complete 
| 341|0x000000076b800000, 0x000000076ba00000, 0x000000076ba00000|100%| E|CS|TAMS 0x000000076b800000| PB 0x000000076b800000| Complete 
| 342|0x000000076ba00000, 0x000000076bc00000, 0x000000076bc00000|100%| E|CS|TAMS 0x000000076ba00000| PB 0x000000076ba00000| Complete 
| 343|0x000000076bc00000, 0x000000076be00000, 0x000000076be00000|100%| E|CS|TAMS 0x000000076bc00000| PB 0x000000076bc00000| Complete 
| 344|0x000000076be00000, 0x000000076c000000, 0x000000076c000000|100%| E|CS|TAMS 0x000000076be00000| PB 0x000000076be00000| Complete 
| 345|0x000000076c000000, 0x000000076c200000, 0x000000076c200000|100%| E|CS|TAMS 0x000000076c000000| PB 0x000000076c000000| Complete 
| 346|0x000000076c200000, 0x000000076c400000, 0x000000076c400000|100%| E|CS|TAMS 0x000000076c200000| PB 0x000000076c200000| Complete 
| 347|0x000000076c400000, 0x000000076c600000, 0x000000076c600000|100%| E|CS|TAMS 0x000000076c400000| PB 0x000000076c400000| Complete 
| 348|0x000000076c600000, 0x000000076c800000, 0x000000076c800000|100%| E|CS|TAMS 0x000000076c600000| PB 0x000000076c600000| Complete 
| 349|0x000000076c800000, 0x000000076ca00000, 0x000000076ca00000|100%| E|CS|TAMS 0x000000076c800000| PB 0x000000076c800000| Complete 
| 350|0x000000076ca00000, 0x000000076cc00000, 0x000000076cc00000|100%| E|CS|TAMS 0x000000076ca00000| PB 0x000000076ca00000| Complete 
| 351|0x000000076cc00000, 0x000000076ce00000, 0x000000076ce00000|100%| E|CS|TAMS 0x000000076cc00000| PB 0x000000076cc00000| Complete 
| 490|0x000000077e200000, 0x000000077e400000, 0x000000077e400000|100%| E|CS|TAMS 0x000000077e200000| PB 0x000000077e200000| Complete 
| 512|0x0000000780e00000, 0x0000000781000000, 0x0000000781000000|100%| O|  |TAMS 0x0000000780e00000| PB 0x0000000780e00000| Untracked 
| 517|0x0000000781800000, 0x0000000781a00000, 0x0000000781a00000|100%| E|CS|TAMS 0x0000000781800000| PB 0x0000000781800000| Complete 
| 518|0x0000000781a00000, 0x0000000781c00000, 0x0000000781c00000|100%| E|CS|TAMS 0x0000000781a00000| PB 0x0000000781a00000| Complete 
| 568|0x0000000787e00000, 0x0000000788000000, 0x0000000788000000|100%| O|  |TAMS 0x0000000787e00000| PB 0x0000000787e00000| Untracked 
| 580|0x0000000789600000, 0x0000000789800000, 0x0000000789800000|100%| O|  |TAMS 0x0000000789600000| PB 0x0000000789600000| Untracked 
| 583|0x0000000789c00000, 0x0000000789e00000, 0x0000000789e00000|100%| E|CS|TAMS 0x0000000789c00000| PB 0x0000000789c00000| Complete 
| 584|0x0000000789e00000, 0x000000078a000000, 0x000000078a000000|100%| E|CS|TAMS 0x0000000789e00000| PB 0x0000000789e00000| Complete 
| 586|0x000000078a200000, 0x000000078a400000, 0x000000078a400000|100%| E|CS|TAMS 0x000000078a200000| PB 0x000000078a200000| Complete 
| 593|0x000000078b000000, 0x000000078b200000, 0x000000078b200000|100%| E|CS|TAMS 0x000000078b000000| PB 0x000000078b000000| Complete 
| 594|0x000000078b200000, 0x000000078b400000, 0x000000078b400000|100%| E|CS|TAMS 0x000000078b200000| PB 0x000000078b200000| Complete 
| 596|0x000000078b600000, 0x000000078b800000, 0x000000078b800000|100%| E|CS|TAMS 0x000000078b600000| PB 0x000000078b600000| Complete 
| 599|0x000000078bc00000, 0x000000078be00000, 0x000000078be00000|100%| E|CS|TAMS 0x000000078bc00000| PB 0x000000078bc00000| Complete 
| 601|0x000000078c000000, 0x000000078c200000, 0x000000078c200000|100%| E|CS|TAMS 0x000000078c000000| PB 0x000000078c000000| Complete 
| 602|0x000000078c200000, 0x000000078c400000, 0x000000078c400000|100%| E|CS|TAMS 0x000000078c200000| PB 0x000000078c200000| Complete 
| 642|0x0000000791200000, 0x0000000791400000, 0x0000000791400000|100%| O|  |TAMS 0x0000000791200000| PB 0x0000000791200000| Untracked 
| 643|0x0000000791400000, 0x0000000791600000, 0x0000000791600000|100%| O|  |TAMS 0x0000000791400000| PB 0x0000000791400000| Untracked 
| 644|0x0000000791600000, 0x0000000791800000, 0x0000000791800000|100%| O|  |TAMS 0x0000000791600000| PB 0x0000000791600000| Untracked 
| 646|0x0000000791a00000, 0x0000000791c00000, 0x0000000791c00000|100%| O|  |TAMS 0x0000000791a00000| PB 0x0000000791a00000| Untracked 
| 647|0x0000000791c00000, 0x0000000791e00000, 0x0000000791e00000|100%| O|  |TAMS 0x0000000791c00000| PB 0x0000000791c00000| Untracked 
| 648|0x0000000791e00000, 0x0000000792000000, 0x0000000792000000|100%| O|  |TAMS 0x0000000791e00000| PB 0x0000000791e00000| Untracked 
| 650|0x0000000792200000, 0x0000000792400000, 0x0000000792400000|100%| O|  |TAMS 0x0000000792200000| PB 0x0000000792200000| Untracked 
| 652|0x0000000792600000, 0x0000000792800000, 0x0000000792800000|100%| O|  |TAMS 0x0000000792600000| PB 0x0000000792600000| Untracked 
| 654|0x0000000792a00000, 0x0000000792c00000, 0x0000000792c00000|100%| O|  |TAMS 0x0000000792a00000| PB 0x0000000792a00000| Untracked 
|1504|0x00000007fce00000, 0x00000007fd000000, 0x00000007fd000000|100%| E|CS|TAMS 0x00000007fce00000| PB 0x00000007fce00000| Complete 
|1505|0x00000007fd000000, 0x00000007fd200000, 0x00000007fd200000|100%| E|CS|TAMS 0x00000007fd000000| PB 0x00000007fd000000| Complete 
|1506|0x00000007fd200000, 0x00000007fd400000, 0x00000007fd400000|100%| O|  |TAMS 0x00000007fd200000| PB 0x00000007fd200000| Untracked 
|1507|0x00000007fd400000, 0x00000007fd600000, 0x00000007fd600000|100%| O|  |TAMS 0x00000007fd400000| PB 0x00000007fd400000| Untracked 
|1508|0x00000007fd600000, 0x00000007fd800000, 0x00000007fd800000|100%| O|  |TAMS 0x00000007fd600000| PB 0x00000007fd600000| Untracked 
|1509|0x00000007fd800000, 0x00000007fda00000, 0x00000007fda00000|100%| E|CS|TAMS 0x00000007fd800000| PB 0x00000007fd800000| Complete 
|1510|0x00000007fda00000, 0x00000007fdc00000, 0x00000007fdc00000|100%| O|  |TAMS 0x00000007fda00000| PB 0x00000007fda00000| Untracked 
|1511|0x00000007fdc00000, 0x00000007fde00000, 0x00000007fde00000|100%| O|  |TAMS 0x00000007fdc00000| PB 0x00000007fdc00000| Untracked 
|1512|0x00000007fde00000, 0x00000007fe000000, 0x00000007fe000000|100%| O|  |TAMS 0x00000007fde00000| PB 0x00000007fde00000| Untracked 
|1513|0x00000007fe000000, 0x00000007fe200000, 0x00000007fe200000|100%| O|  |TAMS 0x00000007fe000000| PB 0x00000007fe000000| Untracked 
|1514|0x00000007fe200000, 0x00000007fe400000, 0x00000007fe400000|100%| O|  |TAMS 0x00000007fe200000| PB 0x00000007fe200000| Untracked 
|1515|0x00000007fe400000, 0x00000007fe600000, 0x00000007fe600000|100%| O|  |TAMS 0x00000007fe400000| PB 0x00000007fe400000| Untracked 
|1516|0x00000007fe600000, 0x00000007fe800000, 0x00000007fe800000|100%| O|  |TAMS 0x00000007fe600000| PB 0x00000007fe600000| Untracked 
|1517|0x00000007fe800000, 0x00000007fea00000, 0x00000007fea00000|100%| O|  |TAMS 0x00000007fe800000| PB 0x00000007fe800000| Untracked 
|1518|0x00000007fea00000, 0x00000007fec00000, 0x00000007fec00000|100%| O|  |TAMS 0x00000007fea00000| PB 0x00000007fea00000| Untracked 
|1519|0x00000007fec00000, 0x00000007fee00000, 0x00000007fee00000|100%| O|  |TAMS 0x00000007fec00000| PB 0x00000007fec00000| Untracked 
|1520|0x00000007fee00000, 0x00000007ff000000, 0x00000007ff000000|100%| O|  |TAMS 0x00000007fee00000| PB 0x00000007fee00000| Untracked 
|1521|0x00000007ff000000, 0x00000007ff200000, 0x00000007ff200000|100%| O|  |TAMS 0x00000007ff000000| PB 0x00000007ff000000| Untracked 
|1522|0x00000007ff200000, 0x00000007ff400000, 0x00000007ff400000|100%| O|  |TAMS 0x00000007ff200000| PB 0x00000007ff200000| Untracked 
|1523|0x00000007ff400000, 0x00000007ff600000, 0x00000007ff600000|100%| O|  |TAMS 0x00000007ff400000| PB 0x00000007ff400000| Untracked 
|1524|0x00000007ff600000, 0x00000007ff800000, 0x00000007ff800000|100%| O|  |TAMS 0x00000007ff600000| PB 0x00000007ff600000| Untracked 
|1525|0x00000007ff800000, 0x00000007ffa00000, 0x00000007ffa00000|100%| O|  |TAMS 0x00000007ff800000| PB 0x00000007ff800000| Untracked 
|1526|0x00000007ffa00000, 0x00000007ffc00000, 0x00000007ffc00000|100%| O|  |TAMS 0x00000007ffa00000| PB 0x00000007ffa00000| Untracked 
|1527|0x00000007ffc00000, 0x00000007ffe00000, 0x00000007ffe00000|100%| O|  |TAMS 0x00000007ffc00000| PB 0x00000007ffc00000| Untracked 
|1528|0x00000007ffe00000, 0x0000000800000000, 0x0000000800000000|100%| O|  |TAMS 0x00000007ffe00000| PB 0x00000007ffe00000| Untracked 

Card table byte_map: [0x0000024c76330000,0x0000024c76930000] _byte_map_base: 0x0000024c72929000

Marking Bits: (CMBitMap*) 0x0000024c6d69cc90
 Bits: [0x0000024c76930000, 0x0000024c798f8000)

Polling page: 0x0000024c6b610000

Metaspace:

Usage:
  Non-class:    155.96 MB used.
      Class:     27.64 MB used.
       Both:    183.60 MB used.

Virtual space:
  Non-class space:      192.00 MB reserved,     157.00 MB ( 82%) committed,  3 nodes.
      Class space:        1.00 GB reserved,      28.44 MB (  3%) committed,  1 nodes.
             Both:        1.19 GB reserved,     185.44 MB ( 15%) committed. 

Chunk freelists:
   Non-Class:  2.29 MB
       Class:  3.41 MB
        Both:  5.70 MB

MaxMetaspaceSize: unlimited
CompressedClassSpaceSize: 1.00 GB
Initial GC threshold: 21.00 MB
Current GC threshold: 309.00 MB
CDS: on
 - commit_granule_bytes: 65536.
 - commit_granule_words: 8192.
 - virtual_space_node_default_size: 8388608.
 - enlarge_chunks_in_place: 1.
 - use_allocation_guard: 0.


Internal statistics:

num_allocs_failed_limit: 24.
num_arena_births: 3050.
num_arena_deaths: 2.
num_vsnodes_births: 4.
num_vsnodes_deaths: 0.
num_space_committed: 2958.
num_space_uncommitted: 0.
num_chunks_returned_to_freelist: 26.
num_chunks_taken_from_freelist: 10357.
num_chunk_merges: 24.
num_chunk_splits: 7073.
num_chunks_enlarged: 5383.
num_inconsistent_stats: 0.

CodeHeap 'non-profiled nmethods': size=120000Kb used=21197Kb max_used=27575Kb free=98802Kb
 bounds [0x0000024c07ad0000, 0x0000024c095d0000, 0x0000024c0f000000]
CodeHeap 'profiled nmethods': size=120000Kb used=16709Kb max_used=43447Kb free=103290Kb
 bounds [0x0000024c00000000, 0x0000024c02a70000, 0x0000024c07530000]
CodeHeap 'non-nmethods': size=5760Kb used=3947Kb max_used=4022Kb free=1812Kb
 bounds [0x0000024c07530000, 0x0000024c07940000, 0x0000024c07ad0000]
CodeCache: size=245760Kb, used=41853Kb, max_used=75044Kb, free=203904Kb
 total_blobs=13969, nmethods=11503, adapters=2367, full_count=0
Compilation: enabled, stopped_count=0, restarted_count=0

Compilation events (20 events):
Event: 263.009 Thread 0x0000024c7bdbf630 nmethod 38822 0x0000024c07d32990 code [0x0000024c07d32b20, 0x0000024c07d32cf8]
Event: 263.011 Thread 0x0000024c7be142f0 38823       3       net.minecraft.entity.attribute.EntityAttributeInstance::getModifiers (13 bytes)
Event: 263.011 Thread 0x0000024c7be142f0 nmethod 38823 0x0000024c00151710 code [0x0000024c001518c0, 0x0000024c00151ae0]
Event: 263.071 Thread 0x0000024c7be142f0 38824       1       com.google.common.cache.LocalCache$AccessQueue$1::setPreviousInAccessQueue (6 bytes)
Event: 263.071 Thread 0x0000024c7be142f0 nmethod 38824 0x0000024c07b97110 code [0x0000024c07b972a0, 0x0000024c07b973b8]
Event: 263.392 Thread 0x0000024c7be142f0 38825   !   3       sun.net.www.protocol.http.HttpURLConnection::URLtoSocketPermission (145 bytes)
Event: 263.392 Thread 0x0000024c7be142f0 nmethod 38825 0x0000024c00223990 code [0x0000024c00223b40, 0x0000024c00223da0]
Event: 263.393 Thread 0x0000024c7be142f0 38826       3       me.cael.capes.handler.PlayerHandler::setCape (103 bytes)
Event: 263.394 Thread 0x0000024c7be142f0 nmethod 38826 0x0000024c002ccf10 code [0x0000024c002cd1a0, 0x0000024c002cda88]
Event: 264.367 Thread 0x0000024c7be142f0 38827       3       net.minecraft.entity.attribute.AttributeContainer$$Lambda/0x0000024c11b77328::accept (12 bytes)
Event: 264.367 Thread 0x0000024c7be142f0 nmethod 38827 0x0000024c00519b90 code [0x0000024c00519d40, 0x0000024c00519f90]
Event: 264.367 Thread 0x0000024c7be142f0 38828       3       net.minecraft.entity.attribute.AttributeContainer::updateTrackedStatus (41 bytes)
Event: 264.368 Thread 0x0000024c7be142f0 nmethod 38828 0x0000024c004eec10 code [0x0000024c004eee00, 0x0000024c004ef390]
Event: 264.635 Thread 0x0000024c7be142f0 38829       1       net.minecraft.entity.player.PlayerEntity::isPlayer (2 bytes)
Event: 264.635 Thread 0x0000024c7be142f0 nmethod 38829 0x0000024c07b9d010 code [0x0000024c07b9d1a0, 0x0000024c07b9d268]
Event: 265.169 Thread 0x0000024c7be142f0 38830       3       net.minecraft.network.packet.s2c.play.EntityS2CPacket$RotateAndMoveRelative::<init> (18 bytes)
Event: 265.169 Thread 0x0000024c7be142f0 nmethod 38830 0x0000024c0026c590 code [0x0000024c0026c740, 0x0000024c0026c8e8]
Event: 267.931 Thread 0x0000024c7bdbf630 38831   !   4       net.minecraft.client.Mouse::tick (433 bytes)
Event: 267.945 Thread 0x0000024c7bdbf630 nmethod 38831 0x0000024c07ca2e10 code [0x0000024c07ca30a0, 0x0000024c07ca38a8]
Event: 269.232 Thread 0x0000024c7bdbf630 38832       4       net.minecraft.client.render.GameRenderer::renderHand (341 bytes)

GC Heap History (20 events):
Event: 235.828 GC heap before
{Heap before GC invocations=115 (full 3):
 garbage-first heap   total 821248K, used 772690K [0x0000000740e00000, 0x0000000800000000)
  region size 2048K, 157 young (321536K), 2 survivors (4096K)
 Metaspace       used 186219K, committed 188096K, reserved 1245184K
  class space    used 28119K, committed 28928K, reserved 1048576K
}
Event: 235.832 GC heap after
{Heap after GC invocations=116 (full 3):
 garbage-first heap   total 821248K, used 455527K [0x0000000740e00000, 0x0000000800000000)
  region size 2048K, 2 young (4096K), 2 survivors (4096K)
 Metaspace       used 186219K, committed 188096K, reserved 1245184K
  class space    used 28119K, committed 28928K, reserved 1048576K
}
Event: 238.428 GC heap before
{Heap before GC invocations=116 (full 3):
 garbage-first heap   total 821248K, used 772967K [0x0000000740e00000, 0x0000000800000000)
  region size 2048K, 157 young (321536K), 2 survivors (4096K)
 Metaspace       used 187235K, committed 189184K, reserved 1245184K
  class space    used 28198K, committed 29056K, reserved 1048576K
}
Event: 238.434 GC heap after
{Heap after GC invocations=117 (full 3):
 garbage-first heap   total 821248K, used 455296K [0x0000000740e00000, 0x0000000800000000)
  region size 2048K, 2 young (4096K), 2 survivors (4096K)
 Metaspace       used 187235K, committed 189184K, reserved 1245184K
  class space    used 28198K, committed 29056K, reserved 1048576K
}
Event: 240.865 GC heap before
{Heap before GC invocations=117 (full 3):
 garbage-first heap   total 821248K, used 772736K [0x0000000740e00000, 0x0000000800000000)
  region size 2048K, 157 young (321536K), 2 survivors (4096K)
 Metaspace       used 187339K, committed 189248K, reserved 1245184K
  class space    used 28203K, committed 29056K, reserved 1048576K
}
Event: 240.870 GC heap after
{Heap after GC invocations=118 (full 3):
 garbage-first heap   total 821248K, used 457181K [0x0000000740e00000, 0x0000000800000000)
  region size 2048K, 3 young (6144K), 3 survivors (6144K)
 Metaspace       used 187339K, committed 189248K, reserved 1245184K
  class space    used 28203K, committed 29056K, reserved 1048576K
}
Event: 244.014 GC heap before
{Heap before GC invocations=119 (full 3):
 garbage-first heap   total 821248K, used 770525K [0x0000000740e00000, 0x0000000800000000)
  region size 2048K, 156 young (319488K), 3 survivors (6144K)
 Metaspace       used 187937K, committed 189824K, reserved 1245184K
  class space    used 28306K, committed 29120K, reserved 1048576K
}
Event: 244.019 GC heap after
{Heap after GC invocations=120 (full 3):
 garbage-first heap   total 821248K, used 457418K [0x0000000740e00000, 0x0000000800000000)
  region size 2048K, 3 young (6144K), 3 survivors (6144K)
 Metaspace       used 187937K, committed 189824K, reserved 1245184K
  class space    used 28306K, committed 29120K, reserved 1048576K
}
Event: 246.377 GC heap before
{Heap before GC invocations=120 (full 3):
 garbage-first heap   total 821248K, used 770762K [0x0000000740e00000, 0x0000000800000000)
  region size 2048K, 156 young (319488K), 3 survivors (6144K)
 Metaspace       used 187966K, committed 189824K, reserved 1245184K
  class space    used 28306K, committed 29120K, reserved 1048576K
}
Event: 246.384 GC heap after
{Heap after GC invocations=121 (full 3):
 garbage-first heap   total 821248K, used 455713K [0x0000000740e00000, 0x0000000800000000)
  region size 2048K, 3 young (6144K), 3 survivors (6144K)
 Metaspace       used 187966K, committed 189824K, reserved 1245184K
  class space    used 28306K, committed 29120K, reserved 1048576K
}
Event: 248.394 GC heap before
{Heap before GC invocations=121 (full 3):
 garbage-first heap   total 821248K, used 769057K [0x0000000740e00000, 0x0000000800000000)
  region size 2048K, 156 young (319488K), 3 survivors (6144K)
 Metaspace       used 187978K, committed 189824K, reserved 1245184K
  class space    used 28306K, committed 29120K, reserved 1048576K
}
Event: 248.398 GC heap after
{Heap after GC invocations=122 (full 3):
 garbage-first heap   total 821248K, used 456522K [0x0000000740e00000, 0x0000000800000000)
  region size 2048K, 3 young (6144K), 3 survivors (6144K)
 Metaspace       used 187978K, committed 189824K, reserved 1245184K
  class space    used 28306K, committed 29120K, reserved 1048576K
}
Event: 250.836 GC heap before
{Heap before GC invocations=123 (full 3):
 garbage-first heap   total 821248K, used 769866K [0x0000000740e00000, 0x0000000800000000)
  region size 2048K, 156 young (319488K), 3 survivors (6144K)
 Metaspace       used 187981K, committed 189888K, reserved 1245184K
  class space    used 28308K, committed 29120K, reserved 1048576K
}
Event: 250.841 GC heap after
{Heap after GC invocations=124 (full 3):
 garbage-first heap   total 821248K, used 456478K [0x0000000740e00000, 0x0000000800000000)
  region size 2048K, 3 young (6144K), 3 survivors (6144K)
 Metaspace       used 187981K, committed 189888K, reserved 1245184K
  class space    used 28308K, committed 29120K, reserved 1048576K
}
Event: 253.208 GC heap before
{Heap before GC invocations=124 (full 3):
 garbage-first heap   total 821248K, used 769822K [0x0000000740e00000, 0x0000000800000000)
  region size 2048K, 156 young (319488K), 3 survivors (6144K)
 Metaspace       used 187983K, committed 189888K, reserved 1245184K
  class space    used 28308K, committed 29120K, reserved 1048576K
}
Event: 253.214 GC heap after
{Heap after GC invocations=125 (full 3):
 garbage-first heap   total 821248K, used 455561K [0x0000000740e00000, 0x0000000800000000)
  region size 2048K, 2 young (4096K), 2 survivors (4096K)
 Metaspace       used 187983K, committed 189888K, reserved 1245184K
  class space    used 28308K, committed 29120K, reserved 1048576K
}
Event: 255.756 GC heap before
{Heap before GC invocations=125 (full 3):
 garbage-first heap   total 821248K, used 773001K [0x0000000740e00000, 0x0000000800000000)
  region size 2048K, 157 young (321536K), 2 survivors (4096K)
 Metaspace       used 187990K, committed 189888K, reserved 1245184K
  class space    used 28308K, committed 29120K, reserved 1048576K
}
Event: 255.759 GC heap after
{Heap after GC invocations=126 (full 3):
 garbage-first heap   total 821248K, used 455011K [0x0000000740e00000, 0x0000000800000000)
  region size 2048K, 2 young (4096K), 2 survivors (4096K)
 Metaspace       used 187990K, committed 189888K, reserved 1245184K
  class space    used 28308K, committed 29120K, reserved 1048576K
}
Event: 258.579 GC heap before
{Heap before GC invocations=127 (full 3):
 garbage-first heap   total 821248K, used 772451K [0x0000000740e00000, 0x0000000800000000)
  region size 2048K, 157 young (321536K), 2 survivors (4096K)
 Metaspace       used 187998K, committed 189888K, reserved 1245184K
  class space    used 28308K, committed 29120K, reserved 1048576K
}
Event: 258.584 GC heap after
{Heap after GC invocations=128 (full 3):
 garbage-first heap   total 821248K, used 455597K [0x0000000740e00000, 0x0000000800000000)
  region size 2048K, 2 young (4096K), 2 survivors (4096K)
 Metaspace       used 187998K, committed 189888K, reserved 1245184K
  class space    used 28308K, committed 29120K, reserved 1048576K
}

Dll operation events (20 events):
Event: 0.008 Loaded shared library C:\Users\Admin\.jdks\corretto-21.0.8\bin\java.dll
Event: 0.009 Loaded shared library C:\Users\Admin\.jdks\corretto-21.0.8\bin\zip.dll
Event: 0.040 Loaded shared library C:\Users\Admin\.jdks\corretto-21.0.8\bin\jsvml.dll
Event: 0.239 Loaded shared library C:\Users\Admin\.jdks\corretto-21.0.8\bin\instrument.dll
Event: 0.307 Loaded shared library C:\Users\Admin\.jdks\corretto-21.0.8\bin\net.dll
Event: 0.308 Loaded shared library C:\Users\Admin\.jdks\corretto-21.0.8\bin\nio.dll
Event: 0.324 Loaded shared library C:\Users\Admin\.jdks\corretto-21.0.8\bin\zip.dll
Event: 0.568 Loaded shared library C:\Users\Admin\.jdks\corretto-21.0.8\bin\jimage.dll
Event: 1.310 Loaded shared library C:\Users\Admin\.jdks\corretto-21.0.8\bin\management.dll
Event: 1.314 Loaded shared library C:\Users\Admin\.jdks\corretto-21.0.8\bin\management_ext.dll
Event: 2.102 Loaded shared library C:\Users\Admin\.jdks\corretto-21.0.8\bin\verify.dll
Event: 38.422 Loaded shared library C:\Users\Admin\AppData\Local\Temp\lwjgl_Admin\3.3.3-snapshot\x64\lwjgl.dll
Event: 43.879 Loaded shared library C:\Users\Admin\AppData\Local\Temp\jna-63116079\jna17475536542033466763.dll
Event: 57.897 Loaded shared library C:\Users\Admin\.jdks\corretto-21.0.8\bin\sunmscapi.dll
Event: 59.272 Loaded shared library C:\Users\Admin\.jdks\corretto-21.0.8\bin\extnet.dll
Event: 65.845 Loaded shared library C:\Users\Admin\.jdks\corretto-21.0.8\bin\awt.dll
Event: 67.552 Loaded shared library C:\Users\Admin\AppData\Local\Temp\lwjgl_Admin\3.3.3-snapshot\x64\lwjgl_opengl.dll
Event: 68.075 Loaded shared library C:\Users\Admin\AppData\Local\Temp\lwjgl_Admin\3.3.3-snapshot\x64\lwjgl_stb.dll
Event: 73.701 Loaded shared library C:\Users\Admin\.jdks\corretto-21.0.8\bin\freetype.dll
Event: 73.703 Loaded shared library C:\Users\Admin\.jdks\corretto-21.0.8\bin\fontmanager.dll

Deoptimization events (20 events):
Event: 269.318 Thread 0x0000024c93364cc0 DEOPT PACKING pc=0x0000024c08ca341c sp=0x000000961bffe7d0
Event: 269.318 Thread 0x0000024c93364cc0 DEOPT UNPACKING pc=0x0000024c07584e23 sp=0x000000961bffdb58 mode 1
Event: 269.318 Thread 0x0000024c93364cc0 DEOPT PACKING pc=0x0000024c08ca341c sp=0x000000961bffe8a0
Event: 269.318 Thread 0x0000024c93364cc0 DEOPT UNPACKING pc=0x0000024c07584e23 sp=0x000000961bffdc28 mode 1
Event: 269.319 Thread 0x0000024c6d645b80 DEOPT PACKING pc=0x0000024c08e13adc sp=0x0000009616dfe170
Event: 269.319 Thread 0x0000024c6d645b80 DEOPT UNPACKING pc=0x0000024c07584e23 sp=0x0000009616dfd580 mode 1
Event: 269.324 Thread 0x0000024c6d645b80 DEOPT PACKING pc=0x0000024c08e13adc sp=0x0000009616dfe170
Event: 269.324 Thread 0x0000024c6d645b80 DEOPT UNPACKING pc=0x0000024c07584e23 sp=0x0000009616dfd580 mode 1
Event: 269.328 Thread 0x0000024c6d645b80 DEOPT PACKING pc=0x0000024c08e13adc sp=0x0000009616dfe170
Event: 269.328 Thread 0x0000024c6d645b80 DEOPT UNPACKING pc=0x0000024c07584e23 sp=0x0000009616dfd580 mode 1
Event: 269.332 Thread 0x0000024c6d645b80 DEOPT PACKING pc=0x0000024c08e13adc sp=0x0000009616dfe170
Event: 269.332 Thread 0x0000024c6d645b80 DEOPT UNPACKING pc=0x0000024c07584e23 sp=0x0000009616dfd580 mode 1
Event: 269.336 Thread 0x0000024c6d645b80 DEOPT PACKING pc=0x0000024c08e13adc sp=0x0000009616dfe170
Event: 269.336 Thread 0x0000024c6d645b80 DEOPT UNPACKING pc=0x0000024c07584e23 sp=0x0000009616dfd580 mode 1
Event: 269.339 Thread 0x0000024c6d645b80 DEOPT PACKING pc=0x0000024c08e13adc sp=0x0000009616dfe170
Event: 269.339 Thread 0x0000024c6d645b80 DEOPT UNPACKING pc=0x0000024c07584e23 sp=0x0000009616dfd580 mode 1
Event: 269.343 Thread 0x0000024c6d645b80 DEOPT PACKING pc=0x0000024c08e13adc sp=0x0000009616dfe170
Event: 269.343 Thread 0x0000024c6d645b80 DEOPT UNPACKING pc=0x0000024c07584e23 sp=0x0000009616dfd580 mode 1
Event: 269.346 Thread 0x0000024c6d645b80 DEOPT PACKING pc=0x0000024c08e13adc sp=0x0000009616dfe170
Event: 269.346 Thread 0x0000024c6d645b80 DEOPT UNPACKING pc=0x0000024c07584e23 sp=0x0000009616dfd580 mode 1

Classes loaded (20 events):
Event: 242.344 Loading class net/minecraft/nbt/NbtElement
Event: 242.344 Loading class net/minecraft/nbt/NbtElement done
Event: 242.344 Loading class net/minecraft/nbt/NbtElement
Event: 242.344 Loading class net/minecraft/nbt/NbtElement done
Event: 242.344 Loading class com/mojang/serialization/DataResult
Event: 242.344 Loading class com/mojang/serialization/DataResult done
Event: 242.344 Loading class io/netty/handler/codec/EncoderException
Event: 242.344 Loading class io/netty/handler/codec/EncoderException done
Event: 242.344 Loading class io/netty/handler/codec/EncoderException
Event: 242.344 Loading class io/netty/handler/codec/EncoderException done
Event: 242.534 Loading class net/minecraft/nbt/NbtElement
Event: 242.534 Loading class net/minecraft/nbt/NbtElement done
Event: 242.534 Loading class net/minecraft/nbt/NbtElement
Event: 242.534 Loading class net/minecraft/nbt/NbtElement done
Event: 242.571 Loading class com/google/common/base/Function
Event: 242.571 Loading class com/google/common/base/Function done
Event: 242.571 Loading class net/minecraft/nbt/NbtElement
Event: 242.571 Loading class net/minecraft/nbt/NbtElement done
Event: 242.571 Loading class net/minecraft/nbt/NbtElement
Event: 242.571 Loading class net/minecraft/nbt/NbtElement done

Classes unloaded (1 events):
Event: 209.877 Thread 0x0000024c7bda0bf0 Unloading class 0x0000024c11c28c00 'java/lang/invoke/LambdaForm$MH+0x0000024c11c28c00'

Classes redefined (5 events):
Event: 0.276 Thread 0x0000024c7bda0bf0 redefined class name=java.lang.Throwable, count=1
Event: 147.465 Thread 0x0000024c7bda0bf0 redefined class name=dev.luxury.modules.impl.KillAura, count=1
Event: 172.368 Thread 0x0000024c7bda0bf0 redefined class name=dev.luxury.modules.impl.KillAura, count=2
Event: 201.677 Thread 0x0000024c7bda0bf0 redefined class name=dev.luxury.modules.impl.KillAura, count=3
Event: 227.413 Thread 0x0000024c7bda0bf0 redefined class name=dev.luxury.modules.impl.KillAura, count=4

Internal exceptions (20 events):
Event: 93.669 Thread 0x0000024c6d645b80 Implicit null exception at 0x0000024c08dc11e5 to 0x0000024c08dc14f4
Event: 93.669 Thread 0x0000024c6d645b80 Implicit null exception at 0x0000024c08dc1d65 to 0x0000024c08dc2030
Event: 93.685 Thread 0x0000024c6d645b80 Exception <a 'java/lang/NoSuchMethodError'{0x0000000766934918}: 'java.lang.Object java.lang.invoke.Invokers$Holder.invoker(java.lang.Object, java.lang.Object, java.lang.Object, java.lang.Object, java.lang.Object, java.lang.Object, java.lang.Object, java.lang.Object, java.lang.Object, java.lang.Object, java.lang.Object, java.lang.Object, java.lang.Object, java.lang.Object)'> (0x0000000766934918) 
thrown [s\src\hotspot\share\interpreter\linkResolver.cpp, line 773]
Event: 93.685 Thread 0x0000024c6d645b80 Exception <a 'java/lang/NoSuchMethodError'{0x0000000766939998}: 'java.lang.Object java.lang.invoke.DirectMethodHandle$Holder.invokeSpecial(java.lang.Object, java.lang.Object, java.lang.Object, java.lang.Object, java.lang.Object, java.lang.Object, java.lang.Object, java.lang.Object, java.lang.Object, java.lang.Object, java.lang.Object, java.lang.Object, java.lang.Object, java.lang.Object, java.lang.Object)'> (0x0000000766939998) 
thrown [s\src\hotspot\share\interpreter\linkResolver.cpp, line 773]
Event: 93.685 Thread 0x0000024c6d645b80 Exception <a 'java/lang/NoSuchMethodError'{0x000000076693dd08}: 'java.lang.Object java.lang.invoke.DelegatingMethodHandle$Holder.delegate(java.lang.Object, java.lang.Object, java.lang.Object, java.lang.Object, java.lang.Object, java.lang.Object, java.lang.Object, java.lang.Object, java.lang.Object, java.lang.Object, java.lang.Object, java.lang.Object, java.lang.Object, java.lang.Object)'> (0x000000076693dd08) 
thrown [s\src\hotspot\share\interpreter\linkResolver.cpp, line 773]
Event: 94.068 Thread 0x0000024c6d645b80 Exception <a 'java/lang/NoSuchMethodError'{0x00000007646fc478}: 'int java.lang.invoke.DirectMethodHandle$Holder.invokeSpecial(java.lang.Object, java.lang.Object, long, java.lang.Object)'> (0x00000007646fc478) 
thrown [s\src\hotspot\share\interpreter\linkResolver.cpp, line 773]
Event: 94.073 Thread 0x0000024c9335d010 Implicit null exception at 0x0000024c0850d70c to 0x0000024c0850e00c
Event: 97.146 Thread 0x0000024c6d645b80 Exception <a 'java/lang/NoSuchMethodError'{0x0000000761fe7a60}: 'java.lang.Object java.lang.invoke.DirectMethodHandle$Holder.newInvokeSpecial(java.lang.Object, java.lang.Object, long, int, int)'> (0x0000000761fe7a60) 
thrown [s\src\hotspot\share\interpreter\linkResolver.cpp, line 773]
Event: 100.115 Thread 0x0000024c6d645b80 Implicit null exception at 0x0000024c07cef0e0 to 0x0000024c07cf0a34
Event: 100.184 Thread 0x0000024c5c9ba2d0 Exception <a 'sun/nio/fs/WindowsException'{0x00000007672bf938}> (0x00000007672bf938) 
thrown [s\src\hotspot\share\prims\jni.cpp, line 520]
Event: 100.204 Thread 0x0000024c6d645b80 Exception <a 'sun/nio/fs/WindowsException'{0x000000076632fbb8}> (0x000000076632fbb8) 
thrown [s\src\hotspot\share\prims\jni.cpp, line 520]
Event: 100.204 Thread 0x0000024c6d645b80 Implicit null exception at 0x0000024c002b070b to 0x0000024c002b212b
Event: 100.204 Thread 0x0000024c6d645b80 Exception <a 'java/lang/NullPointerException'{0x0000000766330228}> (0x0000000766330228) 
thrown [s\src\hotspot\share\runtime\sharedRuntime.cpp, line 625]
Event: 100.515 Thread 0x0000024c5c9ba2d0 Exception <a 'sun/nio/fs/WindowsException'{0x0000000765bb6b48}> (0x0000000765bb6b48) 
thrown [s\src\hotspot\share\prims\jni.cpp, line 520]
Event: 106.529 Thread 0x0000024c5c9ba2d0 Implicit null exception at 0x0000024c09105542 to 0x0000024c09108748
Event: 126.742 Thread 0x0000024c6a3f3ca0 Implicit null exception at 0x0000024c07d91c40 to 0x0000024c07d92b08
Event: 126.787 Thread 0x0000024c6a3f6a90 Implicit null exception at 0x0000024c07d91c40 to 0x0000024c07d92b08
Event: 127.172 Thread 0x0000024c6a3f4330 Implicit null exception at 0x0000024c07d91c40 to 0x0000024c07d92b08
Event: 159.192 Thread 0x0000024c5c9baff0 Implicit null exception at 0x0000024c07d91c40 to 0x0000024c07d92b08
Event: 172.512 Thread 0x0000024c6d645b80 Implicit null exception at 0x0000024c09015a33 to 0x0000024c09016d50

ZGC Phase Switch (0 events):
No events

VM Operations (20 events):
Event: 253.208 Executing VM operation: G1CollectForAllocation (G1 Evacuation Pause)
Event: 253.214 Executing VM operation: G1CollectForAllocation (G1 Evacuation Pause) done
Event: 255.214 Executing VM operation: Cleanup
Event: 255.214 Executing VM operation: Cleanup done
Event: 255.756 Executing VM operation: G1CollectForAllocation (G1 Evacuation Pause)
Event: 255.759 Executing VM operation: G1CollectForAllocation (G1 Evacuation Pause) done
Event: 256.560 Executing VM operation: G1PauseRemark
Event: 256.571 Executing VM operation: G1PauseRemark done
Event: 256.838 Executing VM operation: G1PauseCleanup
Event: 256.838 Executing VM operation: G1PauseCleanup done
Event: 258.579 Executing VM operation: G1CollectForAllocation (G1 Evacuation Pause)
Event: 258.584 Executing VM operation: G1CollectForAllocation (G1 Evacuation Pause) done
Event: 260.584 Executing VM operation: Cleanup
Event: 260.584 Executing VM operation: Cleanup done
Event: 262.584 Executing VM operation: Cleanup
Event: 262.584 Executing VM operation: Cleanup done
Event: 263.585 Executing VM operation: Cleanup
Event: 263.585 Executing VM operation: Cleanup done
Event: 265.589 Executing VM operation: Cleanup
Event: 265.589 Executing VM operation: Cleanup done

Memory protections (0 events):
No events

Nmethod flushes (20 events):
Event: 256.569 Thread 0x0000024c7bda0bf0 flushing  nmethod 0x0000024c028f2790
Event: 256.569 Thread 0x0000024c7bda0bf0 flushing  nmethod 0x0000024c0296a790
Event: 256.569 Thread 0x0000024c7bda0bf0 flushing  nmethod 0x0000024c0296ae90
Event: 256.569 Thread 0x0000024c7bda0bf0 flushing  nmethod 0x0000024c02977010
Event: 256.569 Thread 0x0000024c7bda0bf0 flushing  nmethod 0x0000024c02977b10
Event: 256.569 Thread 0x0000024c7bda0bf0 flushing  nmethod 0x0000024c02979b90
Event: 256.569 Thread 0x0000024c7bda0bf0 flushing  nmethod 0x0000024c0297c790
Event: 256.569 Thread 0x0000024c7bda0bf0 flushing  nmethod 0x0000024c0297cd90
Event: 256.569 Thread 0x0000024c7bda0bf0 flushing  nmethod 0x0000024c0297d710
Event: 256.569 Thread 0x0000024c7bda0bf0 flushing  nmethod 0x0000024c0297e690
Event: 256.569 Thread 0x0000024c7bda0bf0 flushing  nmethod 0x0000024c0297f010
Event: 256.569 Thread 0x0000024c7bda0bf0 flushing  nmethod 0x0000024c0297f890
Event: 256.569 Thread 0x0000024c7bda0bf0 flushing  nmethod 0x0000024c0297fc90
Event: 256.569 Thread 0x0000024c7bda0bf0 flushing osr nmethod 0x0000024c02988f90
Event: 256.569 Thread 0x0000024c7bda0bf0 flushing  nmethod 0x0000024c029b7910
Event: 256.569 Thread 0x0000024c7bda0bf0 flushing  nmethod 0x0000024c029b8290
Event: 256.569 Thread 0x0000024c7bda0bf0 flushing osr nmethod 0x0000024c029ba510
Event: 256.569 Thread 0x0000024c7bda0bf0 flushing osr nmethod 0x0000024c029c2790
Event: 256.569 Thread 0x0000024c7bda0bf0 flushing  nmethod 0x0000024c02a23110
Event: 256.569 Thread 0x0000024c7bda0bf0 flushing  nmethod 0x0000024c02a24b90

Events (20 events):
Event: 240.555 Thread 0x0000024c92c68560 Thread exited: 0x0000024c92c68560
Event: 241.727 Thread 0x0000024c7be142f0 Thread added: 0x0000024c92c6ae40
Event: 243.171 Thread 0x0000024c92c6ae40 Thread exited: 0x0000024c92c6ae40
Event: 243.204 Thread 0x0000024c7be142f0 Thread added: 0x0000024c92c64ee0
Event: 243.938 Thread 0x0000024c92c64ee0 Thread exited: 0x0000024c92c64ee0
Event: 244.011 Thread 0x0000024c7bdbf630 Thread added: 0x0000024c92c699d0
Event: 244.126 Thread 0x0000024c92c699d0 Thread exited: 0x0000024c92c699d0
Event: 245.566 Thread 0x0000024c7bdbf630 Thread added: 0x0000024c92c699d0
Event: 246.032 Thread 0x0000024c92c699d0 Thread exited: 0x0000024c92c699d0
Event: 246.261 Thread 0x0000024c7bdbf630 Thread added: 0x0000024c92c699d0
Event: 246.626 Thread 0x0000024c92c699d0 Thread exited: 0x0000024c92c699d0
Event: 249.323 Thread 0x0000024c7bdbf630 Thread added: 0x0000024c92c6c980
Event: 249.721 Thread 0x0000024c92c6c980 Thread exited: 0x0000024c92c6c980
Event: 252.227 Thread 0x0000024c7bdbf630 Thread added: 0x0000024c92c6c980
Event: 252.471 Thread 0x0000024c92c6c980 Thread exited: 0x0000024c92c6c980
Event: 254.931 Thread 0x0000024c7bdbf630 Thread added: 0x0000024c92c71b40
Event: 255.483 Thread 0x0000024c92c71b40 Thread exited: 0x0000024c92c71b40
Event: 256.574 Thread 0x0000024c6a469b90 Thread exited: 0x0000024c6a469b90
Event: 257.945 Thread 0x0000024c7bdbf630 Thread added: 0x0000024c92c670f0
Event: 258.270 Thread 0x0000024c92c670f0 Thread exited: 0x0000024c92c670f0


Dynamic libraries:
0x00007ff6b0ec0000 - 0x00007ff6b0ece000 	C:\Users\Admin\.jdks\corretto-21.0.8\bin\java.exe
0x00007ff82a8d0000 - 0x00007ff82aae6000 	C:\Windows\SYSTEM32\ntdll.dll
0x00007ff828f80000 - 0x00007ff829044000 	C:\Windows\System32\KERNEL32.DLL
0x00007ff828250000 - 0x00007ff8285f7000 	C:\Windows\System32\KERNELBASE.dll
0x00007ff827c20000 - 0x00007ff827d31000 	C:\Windows\System32\ucrtbase.dll
0x00007ff803020000 - 0x00007ff803038000 	C:\Users\Admin\.jdks\corretto-21.0.8\bin\jli.dll
0x00007ff803000000 - 0x00007ff80301b000 	C:\Users\Admin\.jdks\corretto-21.0.8\bin\VCRUNTIME140.dll
0x00007ff829900000 - 0x00007ff829aae000 	C:\Windows\System32\USER32.dll
0x00007ff827bf0000 - 0x00007ff827c16000 	C:\Windows\System32\win32u.dll
0x00007ff813cb0000 - 0x00007ff813f43000 	C:\Windows\WinSxS\amd64_microsoft.windows.common-controls_6595b64144ccf1df_6.0.22621.3235_none_270f74e173860f98\COMCTL32.dll
0x00007ff829b60000 - 0x00007ff829c07000 	C:\Windows\System32\msvcrt.dll
0x00007ff828660000 - 0x00007ff828689000 	C:\Windows\System32\GDI32.dll
0x00007ff828010000 - 0x00007ff828129000 	C:\Windows\System32\gdi32full.dll
0x00007ff828130000 - 0x00007ff8281ca000 	C:\Windows\System32\msvcp_win.dll
0x00007ff828600000 - 0x00007ff828631000 	C:\Windows\System32\IMM32.DLL
0x00007ff80deb0000 - 0x00007ff80debc000 	C:\Users\Admin\.jdks\corretto-21.0.8\bin\vcruntime140_1.dll
0x00007fffda670000 - 0x00007fffda6fd000 	C:\Users\Admin\.jdks\corretto-21.0.8\bin\msvcp140.dll
0x00007fffb8c30000 - 0x00007fffb99d7000 	C:\Users\Admin\.jdks\corretto-21.0.8\bin\server\jvm.dll
0x00007ff828b20000 - 0x00007ff828bd2000 	C:\Windows\System32\ADVAPI32.dll
0x00007ff829ab0000 - 0x00007ff829b58000 	C:\Windows\System32\sechost.dll
0x00007ff827fe0000 - 0x00007ff828008000 	C:\Windows\System32\bcrypt.dll
0x00007ff829ca0000 - 0x00007ff829db5000 	C:\Windows\System32\RPCRT4.dll
0x00007ff828c50000 - 0x00007ff828cc1000 	C:\Windows\System32\WS2_32.dll
0x00007ff827910000 - 0x00007ff82795d000 	C:\Windows\SYSTEM32\POWRPROF.dll
0x00007ff821710000 - 0x00007ff821744000 	C:\Windows\SYSTEM32\WINMM.dll
0x00007ff820d30000 - 0x00007ff820d3a000 	C:\Windows\SYSTEM32\VERSION.dll
0x00007ff8278f0000 - 0x00007ff827903000 	C:\Windows\SYSTEM32\UMPDC.dll
0x00007ff826c40000 - 0x00007ff826c58000 	C:\Windows\SYSTEM32\kernel.appcore.dll
0x00007ff80ca90000 - 0x00007ff80ca9a000 	C:\Users\Admin\.jdks\corretto-21.0.8\bin\jimage.dll
0x00007ff81c060000 - 0x00007ff81c293000 	C:\Windows\SYSTEM32\DBGHELP.DLL
0x00007ff828690000 - 0x00007ff828a18000 	C:\Windows\System32\combase.dll
0x00007ff828ce0000 - 0x00007ff828db7000 	C:\Windows\System32\OLEAUT32.dll
0x00007ff8144a0000 - 0x00007ff8144d2000 	C:\Windows\SYSTEM32\dbgcore.DLL
0x00007ff8281d0000 - 0x00007ff828249000 	C:\Windows\System32\bcryptPrimitives.dll
0x00007ff80ca50000 - 0x00007ff80ca8c000 	C:\Users\Admin\.jdks\corretto-21.0.8\bin\jdwp.dll
0x00007ff80bf60000 - 0x00007ff80bf6e000 	C:\Users\Admin\.jdks\corretto-21.0.8\bin\instrument.dll
0x00007ff802fe0000 - 0x00007ff802fff000 	C:\Users\Admin\.jdks\corretto-21.0.8\bin\java.dll
0x00007ff802fc0000 - 0x00007ff802fd8000 	C:\Users\Admin\.jdks\corretto-21.0.8\bin\zip.dll
0x00007ff82a030000 - 0x00007ff82a88c000 	C:\Windows\System32\SHELL32.dll
0x00007ff825b70000 - 0x00007ff826469000 	C:\Windows\SYSTEM32\windows.storage.dll
0x00007ff825a30000 - 0x00007ff825b6e000 	C:\Windows\SYSTEM32\wintypes.dll
0x00007ff828a20000 - 0x00007ff828b13000 	C:\Windows\System32\SHCORE.dll
0x00007ff828f20000 - 0x00007ff828f7e000 	C:\Windows\System32\shlwapi.dll
0x00007ff827b20000 - 0x00007ff827b41000 	C:\Windows\SYSTEM32\profapi.dll
0x00007fffb8b50000 - 0x00007fffb8c27000 	C:\Users\Admin\.jdks\corretto-21.0.8\bin\jsvml.dll
0x00007ff825050000 - 0x00007ff82505b000 	C:\Users\Admin\.jdks\corretto-21.0.8\bin\dt_socket.dll
0x00007ff8266d0000 - 0x00007ff8266fd000 	C:\Windows\SYSTEM32\IPHLPAPI.DLL
0x00007ff8270b0000 - 0x00007ff827119000 	C:\Windows\system32\mswsock.dll
0x00007ff80a630000 - 0x00007ff80a640000 	C:\Users\Admin\.jdks\corretto-21.0.8\bin\net.dll
0x00007ff8202e0000 - 0x00007ff820416000 	C:\Windows\SYSTEM32\WINHTTP.dll
0x00007ffffff00000 - 0x00007ffffff16000 	C:\Users\Admin\.jdks\corretto-21.0.8\bin\nio.dll
0x00007ff8050d0000 - 0x00007ff8050d9000 	C:\Users\Admin\.jdks\corretto-21.0.8\bin\management.dll
0x00007ff804cb0000 - 0x00007ff804cbb000 	C:\Users\Admin\.jdks\corretto-21.0.8\bin\management_ext.dll
0x00007ff828cd0000 - 0x00007ff828cd8000 	C:\Windows\System32\PSAPI.DLL
0x00007ff812970000 - 0x00007ff812987000 	C:\Windows\system32\napinsp.dll
0x00007ff80dc40000 - 0x00007ff80dc5b000 	C:\Windows\system32\pnrpnsp.dll
0x00007ff826740000 - 0x00007ff826839000 	C:\Windows\SYSTEM32\DNSAPI.dll
0x00007ff8290a0000 - 0x00007ff8290a9000 	C:\Windows\System32\NSI.dll
0x00007ff80d1f0000 - 0x00007ff80d201000 	C:\Windows\System32\winrnr.dll
0x00007ff805660000 - 0x00007ff805675000 	C:\Windows\system32\wshbth.dll
0x00007ff80d1c0000 - 0x00007ff80d1e1000 	C:\Windows\system32\nlansp_c.dll
0x00007ff81c400000 - 0x00007ff81c40a000 	C:\Windows\System32\rasadhlp.dll
0x00007ff81c410000 - 0x00007ff81c493000 	C:\Windows\System32\fwpuclnt.dll
0x00007ff8088c0000 - 0x00007ff8088d0000 	C:\Users\Admin\.jdks\corretto-21.0.8\bin\verify.dll
0x00007ff827310000 - 0x00007ff82732b000 	C:\Windows\SYSTEM32\CRYPTSP.dll
0x00007ff826ba0000 - 0x00007ff826bd5000 	C:\Windows\system32\rsaenh.dll
0x00007ff8271a0000 - 0x00007ff8271c8000 	C:\Windows\SYSTEM32\USERENV.dll
0x00007ff827300000 - 0x00007ff82730c000 	C:\Windows\SYSTEM32\CRYPTBASE.dll
0x00007fffb99f0000 - 0x00007fffb9a6b000 	C:\Users\Admin\AppData\Local\Temp\lwjgl_Admin\3.3.3-snapshot\x64\lwjgl.dll
0x00007ff825290000 - 0x00007ff8252c9000 	C:\Windows\SYSTEM32\dxcore.dll
0x00007fffb5c20000 - 0x00007fffb5e90000 	C:\Users\Admin\AppData\Local\Temp\lwjgl_Admin\3.3.3-snapshot\x64\jemalloc.dll
0x00007fffe60a0000 - 0x00007fffe60e9000 	C:\Users\Admin\AppData\Local\Temp\jna-63116079\jna17475536542033466763.dll
0x00007ff829e80000 - 0x00007ff82a025000 	C:\Windows\System32\Ole32.dll
0x00007ff829210000 - 0x00007ff8292c0000 	C:\Windows\System32\clbcatq.dll
0x00007ff812d00000 - 0x00007ff812d50000 	C:\Windows\SYSTEM32\Pdh.dll
0x00007ff81b810000 - 0x00007ff81b820000 	C:\Windows\System32\perfos.dll
0x00007ff825230000 - 0x00007ff825240000 	C:\Windows\SYSTEM32\pfclient.dll
0x00007fffffef0000 - 0x00007fffffefe000 	C:\Users\Admin\.jdks\corretto-21.0.8\bin\sunmscapi.dll
0x00007ff827e70000 - 0x00007ff827fd6000 	C:\Windows\System32\CRYPT32.dll
0x00007ff8274c0000 - 0x00007ff8274ee000 	C:\Windows\SYSTEM32\ncrypt.dll
0x00007ff827480000 - 0x00007ff8274b7000 	C:\Windows\SYSTEM32\NTASN1.dll
0x00007ff802fb0000 - 0x00007ff802fb9000 	C:\Users\Admin\.jdks\corretto-21.0.8\bin\extnet.dll
0x00007fffb8490000 - 0x00007fffb852c000 	C:\Users\Admin\Desktop\luxury2\build\resources\main\win32-x86-64\discord-rpc.dll
0x00007ff814ce0000 - 0x00007ff814ce8000 	C:\Windows\system32\wshunix.dll
0x00007fffb7ef0000 - 0x00007fffb7f72000 	C:\Users\Admin\AppData\Local\Temp\lwjgl_Admin\3.3.3-snapshot\x64\glfw.dll
0x00007fffb58b0000 - 0x00007fffb5a3e000 	C:\Users\Admin\.jdks\corretto-21.0.8\bin\awt.dll
0x00007ff824eb0000 - 0x00007ff824f47000 	C:\Windows\SYSTEM32\apphelp.dll
0x00007ff825180000 - 0x00007ff82522b000 	C:\Windows\system32\uxtheme.dll
0x00007ff8290b0000 - 0x00007ff829203000 	C:\Windows\System32\MSCTF.dll
0x00007ff8255c0000 - 0x00007ff8255eb000 	C:\Windows\system32\DWMAPI.DLL
0x00007fffed7a0000 - 0x00007fffed7e6000 	C:\Windows\SYSTEM32\dinput8.dll
0x00007ff80d9a0000 - 0x00007ff80d9b1000 	C:\Windows\SYSTEM32\xinput1_4.dll
0x00007ff827830000 - 0x00007ff82785c000 	C:\Windows\SYSTEM32\DEVOBJ.dll
0x00007ff827860000 - 0x00007ff8278ae000 	C:\Windows\SYSTEM32\cfgmgr32.dll
0x00007ff80cd00000 - 0x00007ff80cf0a000 	C:\Windows\SYSTEM32\inputhost.dll
0x00007ff824a70000 - 0x00007ff824ba4000 	C:\Windows\SYSTEM32\CoreMessaging.dll
0x00007fffeb530000 - 0x00007fffeb630000 	C:\Windows\SYSTEM32\opengl32.dll
0x00007ff814330000 - 0x00007ff81435d000 	C:\Windows\SYSTEM32\GLU32.dll
0x00007ff8215c0000 - 0x00007ff8216f7000 	C:\Windows\System32\AppXDeploymentClient.dll
0x00007fffa5460000 - 0x00007fffa7a48000 	C:\Windows\System32\DriverStore\FileRepository\nv_dispig.inf_amd64_0afec3f2050014a0\nvoglv64.dll
0x00007ff829480000 - 0x00007ff8298f4000 	C:\Windows\System32\SETUPAPI.dll
0x00007ff826a00000 - 0x00007ff826a14000 	C:\Windows\SYSTEM32\WTSAPI32.dll
0x00007ff827360000 - 0x00007ff827372000 	C:\Windows\SYSTEM32\msasn1.dll
0x00007ff820cf0000 - 0x00007ff820d22000 	C:\Windows\SYSTEM32\cryptnet.dll
0x00007ff8273d0000 - 0x00007ff827418000 	C:\Windows\SYSTEM32\wldp.dll
0x00007ff820820000 - 0x00007ff820978000 	C:\Windows\SYSTEM32\drvstore.dll
0x00007ff827e00000 - 0x00007ff827e6b000 	C:\Windows\System32\WINTRUST.dll
0x00007ff826c60000 - 0x00007ff826c94000 	C:\Windows\SYSTEM32\ntmarta.dll
0x00007ff828640000 - 0x00007ff82865f000 	C:\Windows\System32\imagehlp.dll
0x00007ff816590000 - 0x00007ff81857e000 	C:\Windows\System32\DriverStore\FileRepository\nv_dispig.inf_amd64_0afec3f2050014a0\nvgpucomp64.dll
0x00007ff8277c0000 - 0x00007ff827826000 	C:\Windows\SYSTEM32\WINSTA.dll
0x00007ff80cbb0000 - 0x00007ff80ccfa000 	C:\Windows\SYSTEM32\textinputframework.dll
0x00007fffd9160000 - 0x00007fffd91be000 	C:\Users\Admin\AppData\Local\Temp\lwjgl_Admin\3.3.3-snapshot\x64\lwjgl_opengl.dll
0x00007fffb5820000 - 0x00007fffb58a2000 	C:\Users\Admin\AppData\Local\Temp\lwjgl_Admin\3.3.3-snapshot\x64\lwjgl_stb.dll
0x00007ff81dde0000 - 0x00007ff81de9c000 	C:\Windows\SYSTEM32\mscms.dll
0x00007fffce6b0000 - 0x00007fffce6f9000 	C:\Windows\SYSTEM32\icm32.dll
0x00007ff813560000 - 0x00007ff813570000 	C:\Windows\system32\wbem\wbemprox.dll
0x00007ff8136d0000 - 0x00007ff813750000 	C:\Windows\SYSTEM32\wbemcomn.dll
0x00007ff81bc70000 - 0x00007ff81bc84000 	C:\Windows\system32\wbem\wbemsvc.dll
0x00007ff81bdb0000 - 0x00007ff81bea8000 	C:\Windows\system32\wbem\fastprox.dll
0x00007fffb5650000 - 0x00007fffb5817000 	C:\Users\Admin\AppData\Local\Temp\lwjgl_Admin\3.3.3-snapshot\x64\OpenAL.dll
0x00007ff8201e0000 - 0x00007ff82027d000 	C:\Windows\System32\MMDevApi.dll
0x00007fffd9550000 - 0x00007fffd95d7000 	C:\Users\Admin\.jdks\corretto-21.0.8\bin\freetype.dll
0x00007fffb5560000 - 0x00007fffb564b000 	C:\Users\Admin\.jdks\corretto-21.0.8\bin\fontmanager.dll
0x00007ff806fa0000 - 0x00007ff80718c000 	C:\Windows\SYSTEM32\AUDIOSES.DLL
0x00007ff825640000 - 0x00007ff825655000 	C:\Windows\SYSTEM32\resourcepolicyclient.dll
0x00007ff820420000 - 0x00007ff82078c000 	C:\Windows\SYSTEM32\CoreUIComponents.dll
0x00007ff820cd0000 - 0x00007ff820ce9000 	C:\Windows\SYSTEM32\dhcpcsvc6.DLL

JVMTI agents:
jdwp path:C:\Users\Admin\.jdks\corretto-21.0.8\bin\jdwp.dll, loaded, initialized, options:transport=dt_socket,server=n,suspend=y,address=127.0.0.1:64409
C:\Users\Admin\AppData\Local\JetBrains\IdeaIC2025.2\captureAgent\debugger-agent.jar path:C:\Users\Admin\.jdks\corretto-21.0.8\bin\instrument.dll, loaded, initialized, instrumentlib options:file:///C:/Users/Admin/AppData/Local/Temp/capture608039748374896212.props

dbghelp: loaded successfully - version: 4.0.5 - missing functions: none
symbol engine: initialized successfully - sym options: 0x614 - pdb path: .;C:\Users\Admin\.jdks\corretto-21.0.8\bin;C:\Windows\SYSTEM32;C:\Windows\WinSxS\amd64_microsoft.windows.common-controls_6595b64144ccf1df_6.0.22621.3235_none_270f74e173860f98;C:\Users\Admin\.jdks\corretto-21.0.8\bin\server;C:\Users\Admin\AppData\Local\Temp\lwjgl_Admin\3.3.3-snapshot\x64;C:\Users\Admin\AppData\Local\Temp\jna-63116079;C:\Users\Admin\Desktop\luxury2\build\resources\main\win32-x86-64;C:\Windows\System32\DriverStore\FileRepository\nv_dispig.inf_amd64_0afec3f2050014a0;C:\Windows\system32\wbem

VM Arguments:
jvm_args: -Ddebugger.agent.enable.coroutines=true -Dfabric.dli.config=C:\Users\Admin\Desktop\luxury2\.gradle\loom-cache\launch.cfg -Dfabric.dli.env=client -Dfabric.dli.main=net.fabricmc.loader.impl.launch.knot.KnotClient -Dkotlinx.coroutines.debug.enable.creation.stack.trace=false -Dkotlinx.coroutines.debug.enable.flows.stack.trace=true -Dkotlinx.coroutines.debug.enable.mutable.state.flows.stack.trace=true -agentlib:jdwp=transport=dt_socket,server=n,suspend=y,address=127.0.0.1:64409 -javaagent:C:\Users\Admin\AppData\Local\JetBrains\IdeaIC2025.2\captureAgent\debugger-agent.jar=file:///C:/Users/Admin/AppData/Local/Temp/capture608039748374896212.props -Dfile.encoding=UTF-8 -Duser.country=RU -Duser.language=ru -Duser.variant 
java_command: net.fabricmc.devlaunchinjector.Main -XX:+UseZGC -XX:+UnlockExperimentalVMOptions -XX:+AlwaysPreTouch -XX:+UseStringDeduplication -XX:G1NewSizePercent=25 -XX:G1MaxNewSizePercent=40 -XX:G1HeapRegionSize=16M -XX:InitiatingHeapOccupancyPercent=15 -XX:G1MixedGCCountTarget=4 -XX:MaxGCPauseMillis=40 -XX:+PerfDisableSharedMem -XX:+OptimizeStringConcat
java_class_path (initial): C:\Users\Admin\Desktop\luxury2\build\classes\java\main;C:\Users\Admin\Desktop\luxury2\build\resources\main;C:\Users\Admin\.gradle\caches\fabric-loom\1.21.4\net.fabricmc.yarn.1_21_4.1.21.4+build.8-v2\mappings.jar;C:\Users\Admin\.gradle\caches\modules-2\files-2.1\dev.redstones.mediaplayerinfo\media-player-info\0.1.0\32aa3b264c4fd692636e6d35ca97dec2ee074994\media-player-info-0.1.0.jar;C:\Users\Admin\.gradle\caches\modules-2\files-2.1\com.github.hypfvieh\dbus-java-transport-jnr-unixsocket\5.0.0\45604388617e766bfda8aed601b870c45cf1618e\dbus-java-transport-jnr-unixsocket-5.0.0.jar;C:\Users\Admin\.gradle\caches\modules-2\files-2.1\com.github.jnr\jnr-unixsocket\0.38.21\a82bcad60a471aff9c73c944322ce10481029c80\jnr-unixsocket-0.38.21.jar;C:\Users\Admin\.gradle\caches\modules-2\files-2.1\com.github.jnr\jnr-enxio\0.32.16\e5150a15ba39c3712510020ad164d424b6878551\jnr-enxio-0.32.16.jar;C:\Users\Admin\.gradle\caches\modules-2\files-2.1\com.github.jnr\jnr-posix\3.1.18\b8dd3917e186f47636bf50a2483e40d49880ca67\jnr-posix-3.1.18.jar;C:\Users\Admin\.gradle\caches\modules-2\files-2.1\com.github.jnr\jnr-ffi\2.2.15\fa3c32f463423469de314b03a157d5f1f7476ec0\jnr-ffi-2.2.15.jar;C:\Users\Admin\.gradle\caches\modules-2\files-2.1\org.ow2.asm\asm-commons\9.7.1\406c6a2225cfe1819f102a161e54cc16a5c24f75\asm-commons-9.7.1.jar;C:\Users\Admin\.gradle\caches\modules-2\files-2.1\org.ow2.asm\asm-util\9.7.1\9e23359b598ec6b74b23e53110dd5c577adf2243\asm-util-9.7.1.jar;C:\Users\Admin\.gradle\caches\modules-2\files-2.1\org.ow2.asm\asm-analysis\9.7.1\f97a3b319f0ed6a8cd944dc79060d3912a28985f\asm-analysis-9.7.1.jar;C:\Users\Admin\.gradle\caches\modules-2\files-2.1\org.ow2.asm\asm-tree\9.7.1\3a53139787663b139de76b627fca0084ab60d32c\asm-tree-9.7.1.jar;C:\Users\Admin\.gradle\caches\modules-2\files-2.1\org.ow2.asm\asm\9.7.1\f0ed132a49244b042cd0e15702ab9f2ce3cc8436\asm-9.7.1.jar;C:\Users\Admin\.gradle\caches\modules-2\files-2.1\net.fabricmc\sponge-mixin\0.15.4+mixin.0.8.7\6a12aacc794f1078458433116e9ed42c1cc98096\sponge-mixin-0.15.4+mixin.0.8.7.jar;C:\Users\Admin\.gradle\caches\modules-2\files-2.1\io.github.llamalad7\mixinextras-fabric\0.4.1\8d1a9e96afb990367fa1f904d17580d164da72e3\mixinextras-fabric-0.4.1.jar;C:\Users\Admin\.gradle\caches\modules-2\files-2.1\net.fabricmc\dev-launch-injector\0.2.1+build.8\da8bef7e6e2f952da707f282bdb46882a0fce5e3\dev-launch-injector-0.2.1+build.8.jar;C:\Users\Admin\.gradle\caches\modules-2\files-2.1\net.minecrell\terminalconsoleappender\1.3.0\b562e9bb61235c9520e26282cdee71f8f802d1fc\terminalconsoleappender-1.3.0.jar;C:\Users\Admin\.gradle\caches\modules-2\files-2.1\com.fasterxml.jackson.core\jackson-annotations\2.13.4\858c6cc78e1f08a885b1613e1d817c829df70a6e\jackson-annotations-2.13.4.jar;C:\Users\Admin\.gradle\caches\modules-2\files-2.1\com.fasterxml.jackson.core\jackson-core\2.13.4\cf934c681294b97ef6d80082faeefbe1edadf56\jackson-core-2.13.4.jar;C:\Users\Admin\.gradle\caches\modules-2\files-2.1\com.fasterxml.jackson.core\jackson-databind\2.13.4.2\325c06bdfeb628cfb80ebaaf1a26cc1eb558a585\jackson-databind-2.13.4.2.jar;C:\Users\Admin\.gradle\caches\modules-2\files-2.1\com.github.oshi\oshi-core\6.6.5\e1099981fd15dc4236c4499d82aba1276fb43a9a\oshi-core-6.6.5.jar;C:\Users\Admin\.gradle\caches\modules-2\files-2.1\com.github.stephenc.jcip\jcip-annotations\1.0-1\ef31541dd28ae2cefdd17c7ebf352d93e9058c63\jcip-annotations-1.0-1.jar;C:\Users\Admin\.gradle\caches\modules-2\files-2.1\com.google.code.gson\gson\2.11.0\527175ca6d81050b53bdd4c457a6d6e017626b0e\gson-2.11.0.jar;C:\Users\Admin\.gradle\caches\modules-2\files-2.1\com.google.guava\failureaccess\1.0.2\c4a06a64e650562f30b7bf9aaec1bfed43aca12b\failureaccess-1.0.2.jar;C:\Users\Admin\.gradle\caches\modules-2\files-2.1\com.google.guava\guava\33.3.1-jre\852f8b363da0111e819460021ca693cacca3e8db\guava-33.3.1-jre.jar;C:\Users\Admin\.gradle\caches\modules-2\files-2.1\com.ibm.icu\icu4j\76.1\215f3a8e936d4069344bd75f2b1368fd58112894\icu4j-76.1.jar;C:\Users\Admin\.gradle\caches\modules-2\files-2.1\com.microsoft.azure\msal4j\1.17.2\a6211e3d71d0388929babaa0ff0951b30d001852\msal4j-1.17.2.jar;C:\Users\Admin\.gradle\caches\modules-2\files-2.1\com.mojang\authlib\6.0.57\bded3161a7346de32213da750388ec6529fe4f6b\authlib-6.0.57.jar;C:\Users\Admin\.gradle\caches\modules-2\files-2.1\com.mojang\blocklist\1.0.10\5c685c5ffa94c4cd39496c7184c1d122e515ecef\blocklist-1.0.10.jar;C:\Users\Admin\.gradle\caches\modules-2\files-2.1\com.mojang\brigadier\1.3.10\d15b53a14cf20fdcaa98f731af5dda654452c010\brigadier-1.3.10.jar;C:\Users\Admin\.gradle\caches\modules-2\files-2.1\com.mojang\datafixerupper\8.0.16\67d4de6d7f95d89bcf5862995fb854ebaec02a34\datafixerupper-8.0.16.jar;C:\Users\Admin\.gradle\caches\modules-2\files-2.1\com.mojang\jtracy\1.0.29\6f07dcb6a2e595c7ee2ca43b67e5d1c018ca0770\jtracy-1.0.29.jar;C:\Users\Admin\.gradle\caches\modules-2\files-2.1\com.mojang\jtracy\1.0.29\e05332cb31c7ae582dc8d8bd1bffd47c2ff7636f\jtracy-1.0.29-natives-windows.jar;C:\Users\Admin\.gradle\caches\modules-2\files-2.1\com.mojang\logging\1.5.10\9ab1202793717af9df9c1704d0a02892067001eb\logging-1.5.10.jar;C:\Users\Admin\.gradle\caches\modules-2\files-2.1\com.mojang\patchy\2.2.10\da05971b07cbb379d002cf7eaec6a2048211fefc\patchy-2.2.10.jar;C:\Users\Admin\.gradle\caches\modules-2\files-2.1\com.mojang\text2speech\1.17.9\3cad216e3a7f0c19b4b394388bc9ffc446f13b14\text2speech-1.17.9.jar;C:\Users\Admin\.gradle\caches\modules-2\files-2.1\com.nimbusds\content-type\2.3\e3aa0be212d7a42839a8f3f506f5b990bcce0222\content-type-2.3.jar;C:\Users\Admin\.gradle\caches\modules-2\files-2.1\com.nimbusds\lang-tag\1.7\97c73ecd70bc7e8eefb26c5eea84f251a63f1031\lang-tag-1.7.jar;C:\Users\Admin\.gradle\caches\modules-2\files-2.1\com.nimbusds\nimbus-jose-jwt\9.40\42b1dfa0360e4062951b070bac52dd8d96fd7b38\nimbus-jose-jwt-9.40.jar;C:\Users\Admin\.gradle\caches\modules-2\files-2.1\com.nimbusds\oauth2-oidc-sdk\11.18\7c7ec4f4066625ff07a711ad856fa04da1ff9de\oauth2-oidc-sdk-11.18.jar;C:\Users\Admin\.gradle\caches\modules-2\files-2.1\commons-codec\commons-codec\1.17.1\973638b7149d333563584137ebf13a691bb60579\commons-codec-1.17.1.jar;C:\Users\Admin\.gradle\caches\modules-2\files-2.1\commons-io\commons-io\2.17.0\ddcc8433eb019fb48fe25207c0278143f3e1d7e2\commons-io-2.17.0.jar;C:\Users\Admin\.gradle\caches\modules-2\files-2.1\commons-logging\commons-logging\1.3.4\b9fc14968d63a8b8a8a2c1885fe3e90564239708\commons-logging-1.3.4.jar;C:\Users\Admin\.gradle\caches\modules-2\files-2.1\io.netty\netty-buffer\4.1.115.Final\d5daf1030e5c36d198caf7562da2441a97ec0df6\netty-buffer-4.1.115.Final.jar;C:\Users\Admin\.gradle\caches\modules-2\files-2.1\io.netty\netty-codec\4.1.115.Final\d326bf3a4c785b272da3db6941779a1bd5448378\netty-codec-4.1.115.Final.jar;C:\Users\Admin\.gradle\caches\modules-2\files-2.1\io.netty\netty-common\4.1.115.Final\9da10a9f72e3f87e181d91b525174007a6fc4f11\netty-common-4.1.115.Final.jar;C:\Users\Admin\.gradle\caches\modules-2\files-2.1\io.netty\netty-handler\4.1.115.Final\d54dbf68b9d88a98240107758c6b63da5e46e23a\netty-handler-4.1.115.Final.jar;C:\Users\Admin\.gradle\caches\modules-2\files-2.1\io.netty\netty-resolver\4.1.115.Final\e33b4d476c03975957f5d8d0319d592bf2bc5e96\netty-resolver-4.1.115.Final.jar;C:\Users\Admin\.gradle\caches\modules-2\files-2.1\io.netty\netty-transport-classes-epoll\4.1.115.Final\11fea00408ecbd8b8d1f0698d708e37db4a01841\netty-transport-classes-epoll-4.1.115.Final.jar;C:\Users\Admin\.gradle\caches\modules-2\files-2.1\io.netty\netty-transport-native-unix-common\4.1.115.Final\dc96c67d06cd6b5eb677f2728f27bf2e3d9a7284\netty-transport-native-unix-common-4.1.115.Final.jar;C:\Users\Admin\.gradle\caches\modules-2\files-2.1\io.netty\netty-transport\4.1.115.Final\39cef77c1a25908ac1abf4960c2e789f0bf70ff9\netty-transport-4.1.115.Final.jar;C:\Users\Admin\.gradle\caches\modules-2\files-2.1\it.unimi.dsi\fastutil\8.5.15\1e885b40c9563ab0d3899b871fd0b30e958705dc\fastutil-8.5.15.jar;C:\Users\Admin\.gradle\caches\modules-2\files-2.1\net.java.dev.jna\jna-platform\5.15.0\86b502cad57d45da172b5e3231c537b042e296ef\jna-platform-5.15.0.jar;C:\Users\Admin\.gradle\caches\modules-2\files-2.1\net.java.dev.jna\jna\5.15.0\1ee1d80ff44f08280188f7c0e740d57207841ac\jna-5.15.0.jar;C:\Users\Admin\.gradle\caches\modules-2\files-2.1\net.minidev\accessors-smart\2.5.1\19b820261eb2e7de7d5bde11d1c06e4501dd7e5f\accessors-smart-2.5.1.jar;C:\Users\Admin\.gradle\caches\modules-2\files-2.1\net.minidev\json-smart\2.5.1\4c11d2808d009132dfbbf947ebf37de6bf266c8e\json-smart-2.5.1.jar;C:\Users\Admin\.gradle\caches\modules-2\files-2.1\net.sf.jopt-simple\jopt-simple\5.0.4\4fdac2fbe92dfad86aa6e9301736f6b4342a3f5c\jopt-simple-5.0.4.jar;C:\Users\Admin\.gradle\caches\modules-2\files-2.1\org.apache.commons\commons-compress\1.27.1\a19151084758e2fbb6b41eddaa88e7b8ff4e6599\commons-compress-1.27.1.jar;C:\Users\Admin\.gradle\caches\modules-2\files-2.1\org.apache.commons\commons-lang3\3.17.0\b17d2136f0460dcc0d2016ceefca8723bdf4ee70\commons-lang3-3.17.0.jar;C:\Users\Admin\.gradle\caches\modules-2\files-2.1\org.apache.httpcomponents\httpclient\4.5.14\1194890e6f56ec29177673f2f12d0b8e627dec98\httpclient-4.5.14.jar;C:\Users\Admin\.gradle\caches\modules-2\files-2.1\org.apache.httpcomponents\httpcore\4.4.16\51cf043c87253c9f58b539c9f7e44c8894223850\httpcore-4.4.16.jar;C:\Users\Admin\.gradle\caches\modules-2\files-2.1\org.apache.logging.log4j\log4j-core\2.24.1\c85285146f28d8c8962384f786e2dff04172fb43\log4j-core-2.24.1.jar;C:\Users\Admin\.gradle\caches\modules-2\files-2.1\org.apache.logging.log4j\log4j-api\2.24.1\7ebeb12c20606373005af4232cd0ecca72613dda\log4j-api-2.24.1.jar;C:\Users\Admin\.gradle\caches\modules-2\files-2.1\org.apache.logging.log4j\log4j-slf4j2-impl\2.24.1\8e3ddc96464ef7f768823e7e001a52b23de8cd0a\log4j-slf4j2-impl-2.24.1.jar;C:\Users\Admin\.gradle\caches\modules-2\files-2.1\org.jcraft\jorbis\0.0.17\8872d22b293e8f5d7d56ff92be966e6dc28ebdc6\jorbis-0.0.17.jar;C:\Users\Admin\.gradle\caches\modules-2\files-2.1\org.joml\joml\1.10.8\fc0a71dad90a2cf41d82a76156a0e700af8e4f8d\joml-1.10.8.jar;C:\Users\Admin\.gradle\caches\modules-2\files-2.1\org.lwjgl\lwjgl-freetype\3.3.3\a0db6c84a8becc8ca05f9dbfa985edc348a824c7\lwjgl-freetype-3.3.3.jar;C:\Users\Admin\.gradle\caches\modules-2\files-2.1\org.lwjgl\lwjgl-freetype\3.3.3\81091b006dbb43fab04c8c638e9ac87c51b4096d\lwjgl-freetype-3.3.3-natives-windows.jar;C:\Users\Admin\.gradle\caches\modules-2\files-2.1\org.lwjgl\lwjgl-freetype\3.3.3\82028265a0a2ff33523ca75137ada7dc176e5210\lwjgl-freetype-3.3.3-natives-windows-arm64.jar;C:\Users\Admin\.gradle\caches\modules-2\files-2.1\org.lwjgl\lwjgl-freetype\3.3.3\15a8c1de7f51d07a92eae7ce1222557073a0c0c3\lwjgl-freetype-3.3.3-natives-windows-x86.jar;C:\Users\Admin\.gradle\caches\modules-2\files-2.1\org.lwjgl\lwjgl-glfw\3.3.3\efa1eb78c5ccd840e9f329717109b5e892d72f8e\lwjgl-glfw-3.3.3.jar;C:\Users\Admin\.gradle\caches\modules-2\files-2.1\org.lwjgl\lwjgl-glfw\3.3.3\e449e28b4891fc423c54c85fbc5bb0b9efece67a\lwjgl-glfw-3.3.3-natives-windows.jar;C:\Users\Admin\.gradle\caches\modules-2\files-2.1\org.lwjgl\lwjgl-glfw\3.3.3\f27018dc74f6289574502b46cce55d52817554e2\lwjgl-glfw-3.3.3-natives-windows-arm64.jar;C:\Users\Admin\.gradle\caches\modules-2\files-2.1\org.lwjgl\lwjgl-glfw\3.3.3\32334f3fd5270a59bad9939a93115acb6de36dcf\lwjgl-glfw-3.3.3-natives-windows-x86.jar;C:\Users\Admin\.gradle\caches\modules-2\files-2.1\org.lwjgl\lwjgl-jemalloc\3.3.3\b543467b7ff3c6920539a88ee602d34098628be5\lwjgl-jemalloc-3.3.3.jar;C:\Users\Admin\.gradle\caches\modules-2\files-2.1\org.lwjgl\lwjgl-jemalloc\3.3.3\426222fc027602a5f21b9c0fe79cde6a4c7a011f\lwjgl-jemalloc-3.3.3-natives-windows.jar;C:\Users\Admin\.gradle\caches\modules-2\files-2.1\org.lwjgl\lwjgl-jemalloc\3.3.3\ba1f3fed0ee4be0217eaa41c5bbfb4b9b1383c33\lwjgl-jemalloc-3.3.3-natives-windows-arm64.jar;C:\Users\Admin\.gradle\caches\modules-2\files-2.1\org.lwjgl\lwjgl-jemalloc\3.3.3\f6063b6e0f23be483c5c88d84ce51b39dc69126c\lwjgl-jemalloc-3.3.3-natives-windows-x86.jar;C:\Users\Admin\.gradle\caches\modules-2\files-2.1\org.lwjgl\lwjgl-openal\3.3.3\daada81ceb5fc0c291fbfdd4433cb8d9423577f2\lwjgl-openal-3.3.3.jar;C:\Users\Admin\.gradle\caches\modules-2\files-2.1\org.lwjgl\lwjgl-openal\3.3.3\cf83862ae95d98496b26915024c7e666d8ab1c8f\lwjgl-openal-3.3.3-natives-windows.jar;C:\Users\Admin\.gradle\caches\modules-2\files-2.1\org.lwjgl\lwjgl-openal\3.3.3\8e0615235116b9e4160dfe87bec90f5f6378bf72\lwjgl-openal-3.3.3-natives-windows-arm64.jar;C:\Users\Admin\.gradle\caches\modules-2\files-2.1\org.lwjgl\lwjgl-openal\3.3.3\87b8d5050e3adb46bb58fe1cb2669a4a48fce10d\lwjgl-openal-3.3.3-natives-windows-x86.jar;C:\Users\Admin\.gradle\caches\modules-2\files-2.1\org.lwjgl\lwjgl-opengl\3.3.3\2f6b0147078396a58979125a4c947664e98293a\lwjgl-opengl-3.3.3.jar;C:\Users\Admin\.gradle\caches\modules-2\files-2.1\org.lwjgl\lwjgl-opengl\3.3.3\e6c1eec8be8a71951b830a4d69efc01c6531900c\lwjgl-opengl-3.3.3-natives-windows.jar;C:\Users\Admin\.gradle\caches\modules-2\files-2.1\org.lwjgl\lwjgl-opengl\3.3.3\65e956d3735a1abdc82eff4baec1b61174697d4b\lwjgl-opengl-3.3.3-natives-windows-arm64.jar;C:\Users\Admin\.gradle\caches\modules-2\files-2.1\org.lwjgl\lwjgl-opengl\3.3.3\d32d833dcaa2f355a886eaf21f0408b5f03241d\lwjgl-opengl-3.3.3-natives-windows-x86.jar;C:\Users\Admin\.gradle\caches\modules-2\files-2.1\org.lwjgl\lwjgl-stb\3.3.3\25dd6161988d7e65f71d5065c99902402ee32746\lwjgl-stb-3.3.3.jar;C:\Users\Admin\.gradle\caches\modules-2\files-2.1\org.lwjgl\lwjgl-stb\3.3.3\1d9facdf6541de114b0f963be33505b7679c78cb\lwjgl-stb-3.3.3-natives-windows.jar;C:\Users\Admin\.gradle\caches\modules-2\files-2.1\org.lwjgl\lwjgl-stb\3.3.3\a584ab44de569708871f0a79561f4d8c37487f2c\lwjgl-stb-3.3.3-natives-windows-arm64.jar;C:\Users\Admin\.gradle\caches\modules-2\files-2.1\org.lwjgl\lwjgl-stb\3.3.3\b5c874687b9aac1a936501d4ed2c49567fd1b575\lwjgl-stb-3.3.3-natives-windows-x86.jar;C:\Users\Admin\.gradle\caches\modules-2\files-2.1\org.lwjgl\lwjgl-tinyfd\3.3.3\82d755ca94b102e9ca77283b9e2dc46d1b15fbe5\lwjgl-tinyfd-3.3.3.jar;C:\Users\Admin\.gradle\caches\modules-2\files-2.1\org.lwjgl\lwjgl-tinyfd\3.3.3\a6697981b0449a5087c1d546fc08b4f73e8f98c9\lwjgl-tinyfd-3.3.3-natives-windows.jar;C:\Users\Admin\.gradle\caches\modules-2\files-2.1\org.lwjgl\lwjgl-tinyfd\3.3.3\a88c494f3006eb91a7433b12a3a55a9a6c20788b\lwjgl-tinyfd-3.3.3-natives-windows-arm64.jar;C:\Users\Admin\.gradle\caches\modules-2\files-2.1\org.lwjgl\lwjgl-tinyfd\3.3.3\c336c84ee88cccb495c6ffa112395509e7378e8a\lwjgl-tinyfd-3.3.3-natives-windows-x86.jar;C:\Users\Admin\.gradle\caches\modules-2\files-2.1\org.lwjgl\lwjgl\3.3.3\29589b5f87ed335a6c7e7ee6a5775f81f97ecb84\lwjgl-3.3.3.jar;C:\Users\Admin\.gradle\caches\modules-2\files-2.1\org.lwjgl\lwjgl\3.3.3\a5ed18a2b82fc91b81f40d717cb1f64c9dcb0540\lwjgl-3.3.3-natives-windows.jar;C:\Users\Admin\.gradle\caches\modules-2\files-2.1\org.lwjgl\lwjgl\3.3.3\e9aca8c5479b520a2a7f0d542a118140e812c5e8\lwjgl-3.3.3-natives-windows-arm64.jar;C:\Users\Admin\.gradle\caches\modules-2\files-2.1\org.lwjgl\lwjgl\3.3.3\9e670718e050aeaeea0c2d5b907cffb142f2e58f\lwjgl-3.3.3-natives-windows-x86.jar;C:\Users\Admin\.gradle\caches\modules-2\files-2.1\org.lz4\lz4-java\1.8.0\4b986a99445e49ea5fbf5d149c4b63f6ed6c6780\lz4-java-1.8.0.jar;C:\Users\Admin\.gradle\caches\modules-2\files-2.1\com.github.hypfvieh\dbus-java-core\5.0.0\fe1faacc4e7be00387b715a16a658bcc1cfc6434\dbus-java-core-5.0.0.jar;C:\Users\Admin\.gradle\caches\modules-2\files-2.1\org.slf4j\slf4j-api\2.0.16\172931663a09a1fa515567af5fbef00897d3c04\slf4j-api-2.0.16.jar;C:\Users\Admin\Desktop\luxury2\.gradle\loom-cache\minecraftMaven\net\minecraft\minecraft-merged-a172fc6613\1.21.4-net.fabricmc.yarn.1_21_4.1.21.4+build.8-v2\minecraft-merged-a172fc6613-1.21.4-net.fabricmc.yarn.1_21_4.1.21.4+build.8-v2.jar;C:\Users\Admin\.gradle\caches\modules-2\files-2.1\io.netty\netty-transport-native-epoll\4.1.115.Final\a6cc58c4a259bad159cbb06120cea9b3474e86a0\netty-transport-native-epoll-4.1.115.Final-linux-x86_64.jar;C:\Users\Admin\.gradle\caches\modules-2\files-2.1\io.netty\netty-transport-native-epoll\4.1.115.Final\a80b32f98ceb4e27958c0ceaf22ddad9ea6c0d4e\netty-transport-native-epoll-4.1.115.Final-linux-aarch_64.jar;C:\Users\Admin\.gradle\caches\modules-2\files-2.1\net.fabricmc\fabric-loader\0.16.10\dbd932c2a3641d2c41cf9abfe47e140a5753fa86\fabric-loader-0.16.10.jar;C:\Users\Admin\.gradle\caches\modules-2\files-2.1\org.projectlombok\lombok\1.18.34\ec547ef414ab1d2c040118fb9c1c265ada63af14\lombok-1.18.34.jar;C:\Users\Admin\Desktop\luxury2\.gradle\loom-cache\remapped_mods\remapped\net\fabricmc\fabric-api\fabric-api-46549a5a\0.119.4+1.21.4\fabric-api-46549a5a-0.119.4+1.21.4.jar;C:\Users\Admin\Desktop\luxury2\.gradle\loom-cache\remapped_mods\remapped\net\fabricmc\fabric-api\fabric-transfer-api-v1-46549a5a\5.4.9+efa825c904\fabric-transfer-api-v1-46549a5a-5.4.9+efa825c904.jar;C:\Users\Admin\Desktop\luxury2\.gradle\loom-cache\remapped_mods\remapped\net\fabricmc\fabric-api\fabric-api-lookup-api-v1-46549a5a\1.6.86+b1caf1e904\fabric-api-lookup-api-v1-46549a5a-1.6.86+b1caf1e904.jar;C:\Users\Admin\Desktop\luxury2\.gradle\loom-cache\remapped_mods\remapped\net\fabricmc\fabric-api\fabric-blockrenderlayer-v1-46549a5a\2.0.8+7feeb73304\fabric-blockrenderlayer-v1-46549a5a-2.0.8+7feeb73304.jar;C:\Users\Admin\Desktop\luxury2\.gradle\loom-cache\remapped_mods\remapped\net\fabricmc\fabric-api\fabric-client-tags-api-v1-46549a5a\1.1.29+20ea1e2304\fabric-client-tags-api-v1-46549a5a-1.1.29+20ea1e2304.jar;C:\Users\Admin\Desktop\luxury2\.gradle\loom-cache\remapped_mods\remapped\net\fabricmc\fabric-api\fabric-command-api-v1-46549a5a\1.2.62+f71b366f04\fabric-command-api-v1-46549a5a-1.2.62+f71b366f04.jar;C:\Users\Admin\Desktop\luxury2\.gradle\loom-cache\remapped_mods\remapped\net\fabricmc\fabric-api\fabric-commands-v0-46549a5a\0.2.79+df3654b304\fabric-commands-v0-46549a5a-0.2.79+df3654b304.jar;C:\Users\Admin\Desktop\luxury2\.gradle\loom-cache\remapped_mods\remapped\net\fabricmc\fabric-api\fabric-command-api-v2-46549a5a\2.2.41+e496eb1504\fabric-command-api-v2-46549a5a-2.2.41+e496eb1504.jar;C:\Users\Admin\Desktop\luxury2\.gradle\loom-cache\remapped_mods\remapped\net\fabricmc\fabric-api\fabric-content-registries-v0-46549a5a\9.1.19+25d1a67604\fabric-content-registries-v0-46549a5a-9.1.19+25d1a67604.jar;C:\Users\Admin\Desktop\luxury2\.gradle\loom-cache\remapped_mods\remapped\net\fabricmc\fabric-api\fabric-data-generation-api-v1-46549a5a\22.3.1+0f4e5f5504\fabric-data-generation-api-v1-46549a5a-22.3.1+0f4e5f5504.jar;C:\Users\Admin\Desktop\luxury2\.gradle\loom-cache\remapped_mods\remapped\net\fabricmc\fabric-api\fabric-convention-tags-v1-46549a5a\2.1.20+7f945d5b04\fabric-convention-tags-v1-46549a5a-2.1.20+7f945d5b04.jar;C:\Users\Admin\Desktop\luxury2\.gradle\loom-cache\remapped_mods\remapped\net\fabricmc\fabric-api\fabric-convention-tags-v2-46549a5a\2.14.1+aebda09404\fabric-convention-tags-v2-46549a5a-2.14.1+aebda09404.jar;C:\Users\Admin\Desktop\luxury2\.gradle\loom-cache\remapped_mods\remapped\net\fabricmc\fabric-api\fabric-data-attachment-api-v1-46549a5a\1.6.2+e99da0f704\fabric-data-attachment-api-v1-46549a5a-1.6.2+e99da0f704.jar;C:\Users\Admin\Desktop\luxury2\.gradle\loom-cache\remapped_mods\remapped\net\fabricmc\fabric-api\fabric-entity-events-v1-46549a5a\2.0.15+62245bef04\fabric-entity-events-v1-46549a5a-2.0.15+62245bef04.jar;C:\Users\Admin\Desktop\luxury2\.gradle\loom-cache\remapped_mods\remapped\net\fabricmc\fabric-api\fabric-events-interaction-v0-46549a5a\4.0.4+a4eebcf004\fabric-events-interaction-v0-46549a5a-4.0.4+a4eebcf004.jar;C:\Users\Admin\Desktop\luxury2\.gradle\loom-cache\remapped_mods\remapped\net\fabricmc\fabric-api\fabric-gametest-api-v1-46549a5a\2.0.26+7feeb73304\fabric-gametest-api-v1-46549a5a-2.0.26+7feeb73304.jar;C:\Users\Admin\Desktop\luxury2\.gradle\loom-cache\remapped_mods\remapped\net\fabricmc\fabric-api\fabric-item-api-v1-46549a5a\11.4.0+189dd6fe04\fabric-item-api-v1-46549a5a-11.4.0+189dd6fe04.jar;C:\Users\Admin\Desktop\luxury2\.gradle\loom-cache\remapped_mods\remapped\net\fabricmc\fabric-api\fabric-item-group-api-v1-46549a5a\4.2.2+fcb9601404\fabric-item-group-api-v1-46549a5a-4.2.2+fcb9601404.jar;C:\Users\Admin\Desktop\luxury2\.gradle\loom-cache\remapped_mods\remapped\net\fabricmc\fabric-api\fabric-lifecycle-events-v1-46549a5a\2.5.4+bf2a60eb04\fabric-lifecycle-events-v1-46549a5a-2.5.4+bf2a60eb04.jar;C:\Users\Admin\Desktop\luxury2\.gradle\loom-cache\remapped_mods\remapped\net\fabricmc\fabric-api\fabric-loot-api-v2-46549a5a\3.0.38+3f89f5a504\fabric-loot-api-v2-46549a5a-3.0.38+3f89f5a504.jar;C:\Users\Admin\Desktop\luxury2\.gradle\loom-cache\remapped_mods\remapped\net\fabricmc\fabric-api\fabric-loot-api-v3-46549a5a\1.0.26+203e6b2304\fabric-loot-api-v3-46549a5a-1.0.26+203e6b2304.jar;C:\Users\Admin\Desktop\luxury2\.gradle\loom-cache\remapped_mods\remapped\net\fabricmc\fabric-api\fabric-message-api-v1-46549a5a\6.0.26+238a33c004\fabric-message-api-v1-46549a5a-6.0.26+238a33c004.jar;C:\Users\Admin\Desktop\luxury2\.gradle\loom-cache\remapped_mods\remapped\net\fabricmc\fabric-api\fabric-model-loading-api-v1-46549a5a\4.3.0+ae23723504\fabric-model-loading-api-v1-46549a5a-4.3.0+ae23723504.jar;C:\Users\Admin\Desktop\luxury2\.gradle\loom-cache\remapped_mods\remapped\net\fabricmc\fabric-api\fabric-recipe-api-v1-46549a5a\8.1.1+640e77ae04\fabric-recipe-api-v1-46549a5a-8.1.1+640e77ae04.jar;C:\Users\Admin\Desktop\luxury2\.gradle\loom-cache\remapped_mods\remapped\net\fabricmc\fabric-api\fabric-screen-handler-api-v1-46549a5a\1.3.118+7feeb73304\fabric-screen-handler-api-v1-46549a5a-1.3.118+7feeb73304.jar;C:\Users\Admin\Desktop\luxury2\.gradle\loom-cache\remapped_mods\remapped\net\fabricmc\fabric-api\fabric-registry-sync-v0-46549a5a\6.1.11+4a9c1ece04\fabric-registry-sync-v0-46549a5a-6.1.11+4a9c1ece04.jar;C:\Users\Admin\Desktop\luxury2\.gradle\loom-cache\remapped_mods\remapped\net\fabricmc\fabric-api\fabric-networking-api-v1-46549a5a\4.4.0+db5e668204\fabric-networking-api-v1-46549a5a-4.4.0+db5e668204.jar;C:\Users\Admin\Desktop\luxury2\.gradle\loom-cache\remapped_mods\remapped\net\fabricmc\fabric-api\fabric-object-builder-api-v1-46549a5a\18.0.14+38b0d59804\fabric-object-builder-api-v1-46549a5a-18.0.14+38b0d59804.jar;C:\Users\Admin\Desktop\luxury2\.gradle\loom-cache\remapped_mods\remapped\net\fabricmc\fabric-api\fabric-particles-v1-46549a5a\4.0.14+7feeb73304\fabric-particles-v1-46549a5a-4.0.14+7feeb73304.jar;C:\Users\Admin\Desktop\luxury2\.gradle\loom-cache\remapped_mods\remapped\net\fabricmc\fabric-api\fabric-renderer-indigo-46549a5a\2.0.3+50f0feb204\fabric-renderer-indigo-46549a5a-2.0.3+50f0feb204.jar;C:\Users\Admin\Desktop\luxury2\.gradle\loom-cache\remapped_mods\remapped\net\fabricmc\fabric-api\fabric-renderer-api-v1-46549a5a\5.0.3+50f0feb204\fabric-renderer-api-v1-46549a5a-5.0.3+50f0feb204.jar;C:\Users\Admin\Desktop\luxury2\.gradle\loom-cache\remapped_mods\remapped\net\fabricmc\fabric-api\fabric-rendering-fluids-v1-46549a5a\3.1.19+7feeb73304\fabric-rendering-fluids-v1-46549a5a-3.1.19+7feeb73304.jar;C:\Users\Admin\Desktop\luxury2\.gradle\loom-cache\remapped_mods\remapped\net\fabricmc\fabric-api\fabric-rendering-v1-46549a5a\10.2.1+0d31b09f04\fabric-rendering-v1-46549a5a-10.2.1+0d31b09f04.jar;C:\Users\Admin\Desktop\luxury2\.gradle\loom-cache\remapped_mods\remapped\net\fabricmc\fabric-api\fabric-tag-api-v1-46549a5a\1.0.7+7d48d43904\fabric-tag-api-v1-46549a5a-1.0.7+7d48d43904.jar;C:\Users\Admin\Desktop\luxury2\.gradle\loom-cache\remapped_mods\remapped\net\fabricmc\fabric-api\fabric-resource-loader-v0-46549a5a\3.1.1+360374ac04\fabric-resource-loader-v0-46549a5a-3.1.1+360374ac04.jar;C:\Users\Admin\Desktop\luxury2\.gradle\loom-cache\remapped_mods\remapped\net\fabricmc\fabric-api\fabric-screen-api-v1-46549a5a\2.0.38+7feeb73304\fabric-screen-api-v1-46549a5a-2.0.38+7feeb73304.jar;C:\Users\Admin\Desktop\luxury2\.gradle\loom-cache\remapped_mods\remapped\net\fabricmc\fabric-api\fabric-api-base-46549a5a\0.4.54+b47eab6b04\fabric-api-base-46549a5a-0.4.54+b47eab6b04.jar;C:\Users\Admin\Desktop\luxury2\.gradle\loom-cache\remapped_mods\remapped\net\fabricmc\fabric-api\fabric-biome-api-v1-46549a5a\15.0.6+b1c29d8e04\fabric-biome-api-v1-46549a5a-15.0.6+b1c29d8e04.jar;C:\Users\Admin\Desktop\luxury2\.gradle\loom-cache\remapped_mods\remapped\net\fabricmc\fabric-api\fabric-block-api-v1-46549a5a\1.0.31+7feeb73304\fabric-block-api-v1-46549a5a-1.0.31+7feeb73304.jar;C:\Users\Admin\Desktop\luxury2\.gradle\loom-cache\remapped_mods\remapped\net\fabricmc\fabric-api\fabric-rendering-data-attachment-v1-46549a5a\0.3.58+73761d2e04\fabric-rendering-data-attachment-v1-46549a5a-0.3.58+73761d2e04.jar;C:\Users\Admin\Desktop\luxury2\.gradle\loom-cache\remapped_mods\remapped\net\fabricmc\fabric-api\fabric-block-view-api-v2-46549a5a\1.0.20+9c49cc8c04\fabric-block-view-api-v2-46549a5a-1.0.20+9c49cc8c04.jar;C:\Users\Admin\Desktop\luxury2\.gradle\loom-cache\remapped_mods\remapped\net\fabricmc\fabric-api\fabric-client-gametest-api-v1-46549a5a\4.1.1+6816ccd404\fabric-client-gametest-api-v1-46549a5a-4.1.1+6816ccd404.jar;C:\Users\Admin\Desktop\luxury2\.gradle\loom-cache\remapped_mods\remapped\net\fabricmc\fabric-api\fabric-crash-report-info-v1-46549a5a\0.3.6+7feeb73304\fabric-crash-report-info-v1-46549a5a-0.3.6+7feeb73304.jar;C:\Users\Admin\Desktop\luxury2\.gradle\loom-cache\remapped_mods\remapped\net\fabricmc\fabric-api\fabric-dimensions-v1-46549a5a\4.0.10+7feeb73304\fabric-dimensions-v1-46549a5a-4.0.10+7feeb73304.jar;C:\Users\Admin\Desktop\luxury2\.gradle\loom-cache\remapped_mods\remapped\net\fabricmc\fabric-api\fabric-game-rule-api-v1-46549a5a\1.0.63+7d48d43904\fabric-game-rule-api-v1-46549a5a-1.0.63+7d48d43904.jar;C:\Users\Admin\Desktop\luxury2\.gradle\loom-cache\remapped_mods\remapped\net\fabricmc\fabric-api\fabric-keybindings-v0-46549a5a\0.2.55+df3654b304\fabric-keybindings-v0-46549a5a-0.2.55+df3654b304.jar;C:\Users\Admin\Desktop\luxury2\.gradle\loom-cache\remapped_mods\remapped\net\fabricmc\fabric-api\fabric-key-binding-api-v1-46549a5a\1.0.57+7d48d43904\fabric-key-binding-api-v1-46549a5a-1.0.57+7d48d43904.jar;C:\Users\Admin\Desktop\luxury2\.gradle\loom-cache\remapped_mods\remapped\net\fabricmc\fabric-api\fabric-resource-conditions-api-v1-46549a5a\5.0.13+203e6b2304\fabric-resource-conditions-api-v1-46549a5a-5.0.13+203e6b2304.jar;C:\Users\Admin\Desktop\luxury2\.gradle\loom-cache\remapped_mods\remapped\net\fabricmc\fabric-api\fabric-sound-api-v1-46549a5a\1.0.32+7feeb73304\fabric-sound-api-v1-46549a5a-1.0.32+7feeb73304.jar;C:\Users\Admin\Desktop\luxury2\.gradle\loom-cache\remapped_mods\remapped\net\fabricmc\fabric-api\fabric-transitive-access-wideners-v1-46549a5a\6.3.2+56e78b9b04\fabric-transitive-access-wideners-v1-46549a5a-6.3.2+56e78b9b04.jar;C:\Users\Admin\.gradle\caches\modules-2\files-2.1\org.jetbrains.kotlinx\kotlinx-serialization-core-jvm\1.6.3\6b6c17d0312ba7192893adea9d52959941d0119b\kotlinx-serialization-core-jvm-1.6.3.jar;C:\Users\Admin\.gradle\caches\modules-2\files-2.1\org.jetbrains.kotlin\kotlin-stdlib\1.9.22\d6c44cd08d8f3f9bece8101216dbe6553365c6e3\kotlin-stdlib-1.9.22.jar;C:\Users\Admin\.gradle\caches\modules-2\files-2.1\org.jline\jline-reader\3.20.0\8f15415b022a25b473e8e16c28ae913186ffb9c4\jline-reader-3.20.0.jar;C:\Users\Admin\.gradle\caches\modules-2\files-2.1\org.jetbrains\annotations\13.0\919f0dfe192fb4e063e7dacadee7f8bb9a2672a9\annotations-13.0.jar;C:\Users\Admin\.gradle\caches\modules-2\files-2.1\org.jline\jline-terminal\3.20.0\d0ddcc708ddf527a3454c941b7b9225cc83a15ff\jline-terminal-3.20.0.jar;C:\Users\Admin\.gradle\caches\modules-2\files-2.1\com.github.jnr\jnr-constants\0.10.4\9f6f23763bf40ea7b56391791f574174914430a\jnr-constants-0.10.4.jar;C:\Users\Admin\.gradle\caches\modules-2\files-2.1\com.github.jnr\jffi\1.3.12\a439d46fb5d5d9539f16db7d574c7aafb952874a\jffi-1.3.12.jar;C:\Users\Admin\.gradle\caches\modules-2\files-2.1\com.github.jnr\jffi\1.3.12\ebd0e45f447d80c16fbf2a82ff0253de28837b41\jffi-1.3.12-native.jar;C:\Users\Admin\.gradle\caches\modules-2\files-2.1\com.github.jnr\jnr-a64asm\1.0.0\a1cb8dbe71b5a6a0288043c3ba3ca64545be165\jnr-a64asm-1.0.0.jar;C:\Users\Admin\.gradle\caches\modules-2\files-2.1\com.github.jnr\jnr-x86asm\1.0.2\6936bbd6c5b235665d87bd450f5e13b52d4b48\jnr-x86asm-1.0.2.jar
Launcher Type: SUN_STANDARD

[Global flags]
     intx CICompilerCount                          = 3                                         {product} {ergonomic}
     uint ConcGCThreads                            = 1                                         {product} {ergonomic}
     uint G1ConcRefinementThreads                  = 4                                         {product} {ergonomic}
   size_t G1HeapRegionSize                         = 2097152                                   {product} {ergonomic}
    uintx GCDrainStackTargetSize                   = 64                                        {product} {ergonomic}
   size_t InitialHeapSize                          = 201326592                                 {product} {ergonomic}
   size_t MarkStackSize                            = 4194304                                   {product} {ergonomic}
   size_t MaxHeapSize                              = 3206545408                                {product} {ergonomic}
   size_t MaxNewSize                               = 1923088384                                {product} {ergonomic}
   size_t MinHeapDeltaBytes                        = 2097152                                   {product} {ergonomic}
   size_t MinHeapSize                              = 8388608                                   {product} {ergonomic}
    uintx NonNMethodCodeHeapSize                   = 5832780                                {pd product} {ergonomic}
    uintx NonProfiledCodeHeapSize                  = 122912730                              {pd product} {ergonomic}
    uintx ProfiledCodeHeapSize                     = 122912730                              {pd product} {ergonomic}
    uintx ReservedCodeCacheSize                    = 251658240                              {pd product} {ergonomic}
     bool SegmentedCodeCache                       = true                                      {product} {ergonomic}
   size_t SoftMaxHeapSize                          = 3206545408                             {manageable} {ergonomic}
     bool UseCompressedOops                        = true                           {product lp64_product} {ergonomic}
     bool UseG1GC                                  = true                                      {product} {ergonomic}
     bool UseLargePagesIndividualAllocation        = false                                  {pd product} {ergonomic}

Logging:
Log output configuration:
 #0: stdout all=warning uptime,level,tags foldmultilines=false
 #1: stderr all=off uptime,level,tags foldmultilines=false

Environment Variables:
PATH=C:\Program Files (x86)\NVIDIA Corporation\PhysX\Common;C:\Program Files\Common Files\Oracle\Java\javapath;C:\Program Files\Python311\Scripts\;C:\Program Files\Python311\;C:\Program Files\Python310\Scripts\;C:\Program Files\Python310\;C:\Program Files\Eclipse Adoptium\jdk-17.0.1.12-hotspot\bin;C:\Windows\system32;C:\Windows;C:\Windows\System32\Wbem;C:\Windows\System32\WindowsPowerShell\v1.0\;C:\Windows\System32\OpenSSH\;C:\Program Files\Cloudflare\Cloudflare WARP\;e:\cursor\resources\app\bin;C:\Program Files\Git\cmd;C:\Program Files\dotnet\;D:\Windows Kits\10\Windows Performance Toolkit\;D:\cursor\resources\app\bin;C:\Users\Admin\AppData\Local\Programs\Python\Python38-32\Scripts\;C:\Users\Admin\AppData\Local\Programs\Python\Python38-32\;C:\Users\Admin\AppData\Local\Microsoft\WindowsApps;;C:\Users\Admin\IntelliJ IDEA 2025.1.3\bin;C:\Program Files (x86)\rubberband;;E:\cursor\resources\app\bin;D:\IntelliJ IDEA Community Edition 2025.2.1\bin;E:\Microsoft VS Code\bin
USERNAME=Admin
OS=Windows_NT
PROCESSOR_IDENTIFIER=Intel64 Family 6 Model 158 Stepping 10, GenuineIntel
TMP=C:\Users\Admin\AppData\Local\Temp
TEMP=C:\Users\Admin\AppData\Local\Temp




Periodic native trim disabled

---------------  S Y S T E M  ---------------

OS:
 Windows 11 , 64 bit Build 22621 (10.0.22621.3371)
OS uptime: 0 days 2:49 hours

CPU: total 4 (initial active 4) (2 cores per cpu, 2 threads per core) family 6 model 158 stepping 10 microcode 0xde, cx8, cmov, fxsr, ht, mmx, 3dnowpref, sse, sse2, sse3, ssse3, sse4.1, sse4.2, popcnt, lzcnt, tsc, tscinvbit, aes, erms, clmul, clflush, clflushopt, rdtscp
Processor Information for the first 4 processors :
  Max Mhz: 3696, Current Mhz: 3696, Mhz Limit: 3696

Memory: 4k page, system-wide physical 12230M (1185M free)
TotalPageFile size 32710M (AvailPageFile size 7M)
current process WorkingSet (physical memory assigned to process): 1721M, peak: 2644M
current process commit charge ("private bytes"): 2558M, peak: 2721M

vm_info: OpenJDK 64-Bit Server VM (21.0.8+9-LTS) for windows-amd64 JRE (21.0.8+9-LTS), built on 2025-07-09T19:22:31Z by "Administrator" with MS VC++ 16.10 / 16.11 (VS2019)

END.
