#
# There is insufficient memory for the Java Runtime Environment to continue.
# Native memory allocation (malloc) failed to allocate 1637616 bytes. Error detail: Chunk::new
# Possible reasons:
#   The system is out of physical RAM or swap space
#   This process is running with CompressedOops enabled, and the Java Heap may be blocking the growth of the native heap
# Possible solutions:
#   Reduce memory load on the system
#   Increase physical memory or swap space
#   Check if swap backing store is full
#   Decrease Java heap size (-Xmx/-Xms)
#   Decrease number of Java threads
#   Decrease Java thread stack sizes (-Xss)
#   Set larger code cache with -XX:ReservedCodeCacheSize=
#   JVM is running with Zero Based Compressed Oops mode in which the Java heap is
#     placed in the first 32GB address space. The Java Heap base address is the
#     maximum limit for the native heap growth. Please use -XX:HeapBaseMinAddress
#     to set the Java Heap base and to place the Java Heap above 32GB virtual address.
# This output file may be truncated or incomplete.
#
#  Out of Memory Error (arena.cpp:168), pid=6928, tid=5292
#
# JRE version: OpenJDK Runtime Environment Corretto-21.0.8.9.1 (21.0.8+9) (build 21.0.8+9-LTS)
# Java VM: OpenJDK 64-Bit Server VM Corretto-21.0.8.9.1 (21.0.8+9-LTS, mixed mode, sharing, tiered, compressed oops, compressed class ptrs, g1 gc, windows-amd64)
# No core dump will be written. Minidumps are not enabled by default on client versions of Windows
#

---------------  S U M M A R Y ------------

Command Line: -Ddebugger.agent.enable.coroutines=true -Dfabric.dli.config=C:\Users\Admin\Desktop\luxury2\.gradle\loom-cache\launch.cfg -Dfabric.dli.env=client -Dfabric.dli.main=net.fabricmc.loader.impl.launch.knot.KnotClient -Dkotlinx.coroutines.debug.enable.creation.stack.trace=false -Dkotlinx.coroutines.debug.enable.flows.stack.trace=true -Dkotlinx.coroutines.debug.enable.mutable.state.flows.stack.trace=true -agentlib:jdwp=transport=dt_socket,server=n,suspend=y,address=127.0.0.1:53467 -javaagent:C:\Users\Admin\AppData\Local\JetBrains\IdeaIC2025.2\captureAgent\debugger-agent.jar=file:///C:/Users/Admin/AppData/Local/Temp/capture1766217038667145943.props -Dfile.encoding=UTF-8 -Duser.country=RU -Duser.language=ru -Duser.variant net.fabricmc.devlaunchinjector.Main -XX:+UseZGC -XX:+UnlockExperimentalVMOptions -XX:+AlwaysPreTouch -XX:+UseStringDeduplication -XX:G1NewSizePercent=25 -XX:G1MaxNewSizePercent=40 -XX:G1HeapRegionSize=16M -XX:InitiatingHeapOccupancyPercent=15 -XX:G1MixedGCCountTarget=4 -XX:MaxGCPauseMillis=40 -XX:+PerfDisableSharedMem -XX:+OptimizeStringConcat

Host: Intel(R) Pentium(R) Gold G5400 CPU @ 3.70GHz, 4 cores, 11G,  Windows 11 , 64 bit Build 22621 (10.0.22621.3371)
Time: Tue Sep 30 08:41:09 2025 elapsed time: 179.241832 seconds (0d 0h 2m 59s)

---------------  T H R E A D  ---------------

Current thread (0x00000280ebb2b690):  JavaThread "C2 CompilerThread1" daemon [_thread_in_native, id=5292, stack(0x000000f171100000,0x000000f171200000) (1024K)]


Current CompileTask:
C2:179241 30091       4       com.ishland.c2me.rewrites.chunkio.common.C2MEStorageThread$$Lambda/0x000002809c6e83f0::run (20 bytes)

Stack: [0x000000f171100000,0x000000f171200000]
Native frames: (J=compiled Java code, j=interpreted, Vv=VM code, C=native code)
V  [jvm.dll+0x6deaf9]
V  [jvm.dll+0x8bccc3]
V  [jvm.dll+0x8bf07e]
V  [jvm.dll+0x8bf763]
V  [jvm.dll+0x287836]
V  [jvm.dll+0xc6e0d]
V  [jvm.dll+0xc7343]
V  [jvm.dll+0x3c3051]
V  [jvm.dll+0x38ec87]
V  [jvm.dll+0x38e0fa]
V  [jvm.dll+0x24fb12]
V  [jvm.dll+0x24f0e1]
V  [jvm.dll+0x1cd844]
V  [jvm.dll+0x25e7ca]
V  [jvm.dll+0x25cd7b]
V  [jvm.dll+0x3fd7a6]
V  [jvm.dll+0x865958]
V  [jvm.dll+0x6dd2bd]
C  [ucrtbase.dll+0x29333]
C  [KERNEL32.DLL+0x1257d]
C  [ntdll.dll+0x5aa48]


---------------  P R O C E S S  ---------------

Threads class SMR info:
_java_thread_list=0x0000028128af6d10, length=68, elements={
0x00000280f9aace40, 0x00000280ffdf7080, 0x00000280ffdf9c40, 0x00000280ffdfb2a0,
0x00000280ffe1cd10, 0x00000280ffe1d890, 0x00000280ffe1e2e0, 0x00000280ffe2d7f0,
0x00000280ffe31bb0, 0x000002809988a930, 0x0000028099980420, 0x000002809993c3a0,
0x000002809993ca20, 0x000002809998dfe0, 0x0000028099991650, 0x00000280e78fa650,
0x00000280e78f8580, 0x00000280e2223e00, 0x00000280e264fde0, 0x00000280e2650b00,
0x00000280e932dee0, 0x00000280edc0e770, 0x00000280edc09f40, 0x00000280edc08500,
0x00000280edc12280, 0x00000280edc16420, 0x00000280edc16ab0, 0x00000280edc10ed0,
0x00000280edc11560, 0x00000280edc12910, 0x00000280edc13cc0, 0x00000280e0c80cf0,
0x00000280e0c83450, 0x00000280edd2e190, 0x00000280edd2ba30, 0x00000280edd2cde0,
0x00000280edd308f0, 0x00000280edd29960, 0x000002811cb622f0, 0x00000280e1e45510,
0x00000280e1e46230, 0x00000280e1e4cb30, 0x00000280ebe82700, 0x00000280f4a548a0,
0x00000280f4a54f30, 0x00000280f4a555c0, 0x00000280f4a52e60, 0x00000280f4a534f0,
0x00000280ebe83ab0, 0x00000280ebe84140, 0x00000280ebe80cc0, 0x00000280f33c6950,
0x00000280e9da0380, 0x00000280e9da0a10, 0x00000280f33c5c30, 0x00000280f33c41f0,
0x00000280f33c4f10, 0x00000280f4332690, 0x000002812700ab00, 0x000002812700cbd0,
0x00000280ec438790, 0x00000280e9329d40, 0x000002811cf779f0, 0x000002811cb62980,
0x00000280ebb2b690, 0x00000280f4eb5fa0, 0x00000280ec4308d0, 0x00000280ec42dc70
}

Java Threads: ( => current thread )
  0x00000280f9aace40 JavaThread "Render thread"                     [_thread_in_native, id=3764, stack(0x000000f16d500000,0x000000f16d600000) (1024K)]
  0x00000280ffdf7080 JavaThread "Reference Handler"          daemon [_thread_blocked, id=4016, stack(0x000000f16dd00000,0x000000f16de00000) (1024K)]
  0x00000280ffdf9c40 JavaThread "Finalizer"                  daemon [_thread_blocked, id=1616, stack(0x000000f16de00000,0x000000f16df00000) (1024K)]
  0x00000280ffdfb2a0 JavaThread "Signal Dispatcher"          daemon [_thread_blocked, id=7184, stack(0x000000f16df00000,0x000000f16e000000) (1024K)]
  0x00000280ffe1cd10 JavaThread "Attach Listener"            daemon [_thread_blocked, id=8736, stack(0x000000f16e000000,0x000000f16e100000) (1024K)]
  0x00000280ffe1d890 JavaThread "Service Thread"             daemon [_thread_blocked, id=10972, stack(0x000000f16e100000,0x000000f16e200000) (1024K)]
  0x00000280ffe1e2e0 JavaThread "Monitor Deflation Thread"   daemon [_thread_blocked, id=9340, stack(0x000000f16e200000,0x000000f16e300000) (1024K)]
  0x00000280ffe2d7f0 JavaThread "C2 CompilerThread0"         daemon [_thread_in_native, id=1284, stack(0x000000f16e300000,0x000000f16e400000) (1024K)]
  0x00000280ffe31bb0 JavaThread "C1 CompilerThread0"         daemon [_thread_blocked, id=12220, stack(0x000000f16e400000,0x000000f16e500000) (1024K)]
  0x000002809988a930 JavaThread "Common-Cleaner"             daemon [_thread_blocked, id=5752, stack(0x000000f16e500000,0x000000f16e600000) (1024K)]
  0x0000028099980420 JavaThread "JDWP Transport Listener: dt_socket" daemon [_thread_blocked, id=12264, stack(0x000000f16e600000,0x000000f16e700000) (1024K)]
  0x000002809993c3a0 JavaThread "JDWP Event Helper Thread"   daemon [_thread_blocked, id=11356, stack(0x000000f16e700000,0x000000f16e800000) (1024K)]
  0x000002809993ca20 JavaThread "JDWP Command Reader"        daemon [_thread_in_native, id=11532, stack(0x000000f16e800000,0x000000f16e900000) (1024K)]
  0x000002809998dfe0 JavaThread "IntelliJ Suspend Helper"    daemon [_thread_blocked, id=1800, stack(0x000000f16e900000,0x000000f16ea00000) (1024K)]
  0x0000028099991650 JavaThread "Notification Thread"        daemon [_thread_blocked, id=1732, stack(0x000000f16ea00000,0x000000f16eb00000) (1024K)]
  0x00000280e78fa650 JavaThread "c2me-worker-0"              daemon [_thread_blocked, id=11688, stack(0x000000f16ef00000,0x000000f16f000000) (1024K)]
  0x00000280e78f8580 JavaThread "c2me-sched"                 daemon [_thread_blocked, id=7848, stack(0x000000f16f000000,0x000000f16f100000) (1024K)]
  0x00000280e2223e00 JavaThread "JNA Cleaner"                daemon [_thread_blocked, id=11616, stack(0x000000f16d300000,0x000000f16d400000) (1024K)]
  0x00000280e264fde0 JavaThread "Timer hack thread"          daemon [_thread_blocked, id=9532, stack(0x000000f16d200000,0x000000f16d300000) (1024K)]
  0x00000280e2650b00 JavaThread "Yggdrasil Key Fetcher"      daemon [_thread_blocked, id=10844, stack(0x000000f16f900000,0x000000f16fa00000) (1024K)]
  0x00000280e932dee0 JavaThread "Discord-RPC"                       [_thread_blocked, id=3948, stack(0x000000f16fc00000,0x000000f16fd00000) (1024K)]
  0x00000280edc0e770 JavaThread "FileSystemWatchService"     daemon [_thread_in_native, id=216, stack(0x000000f170000000,0x000000f170100000) (1024K)]
  0x00000280edc09f40 JavaThread "config-file-watcher-0-0"    daemon [_thread_blocked, id=12200, stack(0x000000f170100000,0x000000f170200000) (1024K)]
  0x00000280edc08500 JavaThread "IAS"                               [_thread_blocked, id=8932, stack(0x000000f170200000,0x000000f170300000) (1024K)]
  0x00000280edc12280 JavaThread "Java2D Disposer"            daemon [_thread_blocked, id=8892, stack(0x000000f170400000,0x000000f170500000) (1024K)]
  0x00000280edc16420 JavaThread "AWT-Windows"                daemon [_thread_in_native, id=10604, stack(0x000000f170600000,0x000000f170700000) (1024K)]
  0x00000280edc16ab0 JavaThread "ForkJoinPool-4-worker-3"    daemon [_thread_blocked, id=4064, stack(0x000000f170800000,0x000000f170900000) (1024K)]
  0x00000280edc10ed0 JavaThread "ForkJoinPool-4-worker-4"    daemon [_thread_blocked, id=5652, stack(0x000000f170900000,0x000000f170a00000) (1024K)]
  0x00000280edc11560 JavaThread "Read-Poller"                daemon [_thread_in_native, id=8532, stack(0x000000f170a00000,0x000000f170b00000) (1024K)]
  0x00000280edc12910 JavaThread "Read-Updater"               daemon [_thread_blocked, id=3284, stack(0x000000f170b00000,0x000000f170c00000) (1024K)]
  0x00000280edc13cc0 JavaThread "Write-Poller"               daemon [_thread_in_native, id=1676, stack(0x000000f170c00000,0x000000f170d00000) (1024K)]
  0x00000280e0c80cf0 JavaThread "Write-Updater"              daemon [_thread_blocked, id=6000, stack(0x000000f170d00000,0x000000f170e00000) (1024K)]
  0x00000280e0c83450 JavaThread "HttpClient-2-SelectorManager" daemon [_thread_in_native, id=8404, stack(0x000000f170e00000,0x000000f170f00000) (1024K)]
  0x00000280edd2e190 JavaThread "Worker-ResourceReload-0"    daemon [_thread_blocked, id=9740, stack(0x000000f171900000,0x000000f171a00000) (1024K)]
  0x00000280edd2ba30 JavaThread "Worker-ResourceReload-1"    daemon [_thread_blocked, id=4324, stack(0x000000f171a00000,0x000000f171b00000) (1024K)]
  0x00000280edd2cde0 JavaThread "Worker-ResourceReload-2"    daemon [_thread_blocked, id=6736, stack(0x000000f171b00000,0x000000f171c00000) (1024K)]
  0x00000280edd308f0 JavaThread "CullThread"                        [_thread_blocked, id=7720, stack(0x000000f171c00000,0x000000f171d00000) (1024K)]
  0x00000280edd29960 JavaThread "IO-Worker-1"                       [_thread_blocked, id=10044, stack(0x000000f171d00000,0x000000f171e00000) (1024K)]
  0x000002811cb622f0 JavaThread "Download-3"                 daemon [_thread_blocked, id=8704, stack(0x000000f16d400000,0x000000f16d500000) (1024K)]
  0x00000280e1e45510 JavaThread "Worker-Main-2"              daemon [_thread_blocked, id=1736, stack(0x000000f16f100000,0x000000f16f200000) (1024K)]
  0x00000280e1e46230 JavaThread "Worker-Main-3"              daemon [_thread_blocked, id=4376, stack(0x000000f16f800000,0x000000f16f900000) (1024K)]
  0x00000280e1e4cb30 JavaThread "Server thread"                     [_thread_in_vm, id=816, stack(0x000000f16fe00000,0x000000f16ff00000) (1024K)]
  0x00000280ebe82700 JavaThread "C2ME Storage #1"            daemon [_thread_blocked, id=6940, stack(0x000000f16ff00000,0x000000f170000000) (1024K)]
  0x00000280f4a548a0 JavaThread "C2ME Storage #2"            daemon [_thread_blocked, id=8028, stack(0x000000f16fa00000,0x000000f16fb00000) (1024K)]
  0x00000280f4a54f30 JavaThread "C2ME Storage #3"            daemon [_thread_blocked, id=10752, stack(0x000000f170500000,0x000000f170600000) (1024K)]
  0x00000280f4a555c0 JavaThread "RxCachedWorkerPoolEvictor-1" daemon [_thread_blocked, id=4384, stack(0x000000f170700000,0x000000f170800000) (1024K)]
  0x00000280f4a52e60 JavaThread "chunksystem-minecraft_overworld"        [_thread_blocked, id=7784, stack(0x000000f170f00000,0x000000f171000000) (1024K)]
  0x00000280f4a534f0 JavaThread "Worker-Main-4"              daemon [_thread_blocked, id=4304, stack(0x000000f171000000,0x000000f171100000) (1024K)]
  0x00000280ebe83ab0 JavaThread "C2ME Storage #4"            daemon [_thread_blocked, id=4032, stack(0x000000f171500000,0x000000f171600000) (1024K)]
  0x00000280ebe84140 JavaThread "C2ME Storage #5"            daemon [_thread_blocked, id=7048, stack(0x000000f172000000,0x000000f172100000) (1024K)]
  0x00000280ebe80cc0 JavaThread "C2ME Storage #6"            daemon [_thread_blocked, id=3192, stack(0x000000f172100000,0x000000f172200000) (1024K)]
  0x00000280f33c6950 JavaThread "chunksystem-minecraft_the_end"        [_thread_blocked, id=5444, stack(0x000000f172200000,0x000000f172300000) (1024K)]
  0x00000280e9da0380 JavaThread "C2ME Storage #7"            daemon [_thread_blocked, id=340, stack(0x000000f172300000,0x000000f172400000) (1024K)]
  0x00000280e9da0a10 JavaThread "C2ME Storage #8"            daemon [_thread_blocked, id=3748, stack(0x000000f172400000,0x000000f172500000) (1024K)]
  0x00000280f33c5c30 JavaThread "C2ME Storage #9"            daemon [_thread_blocked, id=12056, stack(0x000000f172500000,0x000000f172600000) (1024K)]
  0x00000280f33c41f0 JavaThread "chunksystem-minecraft_the_nether"        [_thread_blocked, id=9880, stack(0x000000f172600000,0x000000f172700000) (1024K)]
  0x00000280f33c4f10 JavaThread "ThreadStateHolderCleaner"   daemon [_thread_blocked, id=10452, stack(0x000000f172700000,0x000000f172800000) (1024K)]
  0x00000280f4332690 JavaThread "minecraft_overworld - Light" daemon [_thread_blocked, id=9892, stack(0x000000f170300000,0x000000f170400000) (1024K)]
  0x000002812700ab00 JavaThread "ForkJoinPool-4-worker-5"    daemon [_thread_blocked, id=10992, stack(0x000000f172800000,0x000000f172900000) (1024K)]
  0x000002812700cbd0 JavaThread "ForkJoinPool-4-worker-6"    daemon [_thread_blocked, id=11416, stack(0x000000f172900000,0x000000f172a00000) (1024K)]
  0x00000280ec438790 JavaThread "ModernFix integrated server watchdog" daemon [_thread_blocked, id=11144, stack(0x000000f172a00000,0x000000f172b00000) (1024K)]
  0x00000280e9329d40 JavaThread "Netty Server IO #0"         daemon [_thread_in_native, id=8220, stack(0x000000f172b00000,0x000000f172c00000) (1024K)]
  0x000002811cf779f0 JavaThread "Netty Local Client IO #0"   daemon [_thread_blocked, id=10888, stack(0x000000f172c00000,0x000000f172d00000) (1024K)]
  0x000002811cb62980 JavaThread "Netty Server IO #1"         daemon [_thread_in_native, id=12020, stack(0x000000f172d00000,0x000000f172e00000) (1024K)]
=>0x00000280ebb2b690 JavaThread "C2 CompilerThread1"         daemon [_thread_in_native, id=5292, stack(0x000000f171100000,0x000000f171200000) (1024K)]
  0x00000280f4eb5fa0 JavaThread "Sound engine"               daemon [_thread_blocked, id=9320, stack(0x000000f172e00000,0x000000f172f00000) (1024K)]
  0x00000280ec4308d0 JavaThread "Chunk Render Task Executor #0"        [_thread_blocked, id=10656, stack(0x000000f16fb00000,0x000000f16fc00000) (1024K)]
  0x00000280ec42dc70 JavaThread "pool-19-thread-1"                  [_thread_blocked, id=12092, stack(0x000000f172f00000,0x000000f173000000) (1024K)]
Total: 68

Other Threads:
  0x00000280f9a7de80 VMThread "VM Thread"                           [id=4400, stack(0x000000f16dc00000,0x000000f16dd00000) (1024K)]
  0x00000280ffdcc020 WatcherThread "VM Periodic Task Thread"        [id=10988, stack(0x000000f16db00000,0x000000f16dc00000) (1024K)]
  0x00000280f9a7cc60 WorkerThread "GC Thread#0"                     [id=11040, stack(0x000000f16d600000,0x000000f16d700000) (1024K)]
  0x00000280f9a7d3a0 WorkerThread "GC Thread#1"                     [id=10032, stack(0x000000f16eb00000,0x000000f16ec00000) (1024K)]
  0x00000280df514cd0 WorkerThread "GC Thread#2"                     [id=10984, stack(0x000000f16ec00000,0x000000f16ed00000) (1024K)]
  0x00000280df512150 WorkerThread "GC Thread#3"                     [id=3768, stack(0x000000f16ed00000,0x000000f16ee00000) (1024K)]
  0x00000280fbd28110 ConcurrentGCThread "G1 Main Marker"            [id=8444, stack(0x000000f16d700000,0x000000f16d800000) (1024K)]
  0x00000280f9a7dae0 WorkerThread "G1 Conc#0"                       [id=1280, stack(0x000000f16d800000,0x000000f16d900000) (1024K)]
  0x00000280fbd6e1f0 ConcurrentGCThread "G1 Refine#0"               [id=2440, stack(0x000000f16d900000,0x000000f16da00000) (1024K)]
  0x00000280e11abf10 ConcurrentGCThread "G1 Refine#1"               [id=11084, stack(0x000000f16f300000,0x000000f16f400000) (1024K)]
  0x00000280e11b19a0 ConcurrentGCThread "G1 Refine#2"               [id=2508, stack(0x000000f16f400000,0x000000f16f500000) (1024K)]
  0x00000280e11b1df0 ConcurrentGCThread "G1 Refine#3"               [id=7424, stack(0x000000f16f500000,0x000000f16f600000) (1024K)]
  0x00000280ffc9d120 ConcurrentGCThread "G1 Service"                [id=9760, stack(0x000000f16da00000,0x000000f16db00000) (1024K)]
Total: 13

Threads with active compile tasks:
C2 CompilerThread0  179272 30092       4       com.ishland.c2me.rewrites.chunkio.common.C2MEStorageThread::read0 (68 bytes)
C2 CompilerThread1  179272 30091       4       com.ishland.c2me.rewrites.chunkio.common.C2MEStorageThread$$Lambda/0x000002809c6e83f0::run (20 bytes)
Total: 2

VM state: not at safepoint (normal execution)

VM Mutex/Monitor currently owned by a thread: None

Heap address: 0x0000000740e00000, size: 3058 MB, Compressed Oops mode: Zero based, Oop shift amount: 3

CDS archive(s) mapped at: [0x000002809a000000-0x000002809ac80000-0x000002809ac80000), size 13107200, SharedBaseAddress: 0x000002809a000000, ArchiveRelocationMode: 1.
Compressed class space mapped at: 0x000002809b000000-0x00000280db000000, reserved size: 1073741824
Narrow klass base: 0x000002809a000000, Narrow klass shift: 0, Narrow klass range: 0x100000000

GC Precious Log:
 CardTable entry size: 512
 Card Set container configuration: InlinePtr #cards 4 size 8 Array Of Cards #cards 16 size 48 Howl #buckets 8 coarsen threshold 3686 Howl Bitmap #cards 512 size 80 coarsen threshold 460 Card regions per heap region 1 cards per card region 4096
 CPUs: 4 total, 4 available
 Memory: 12230M
 Large Page Support: Disabled
 NUMA Support: Disabled
 Compressed Oops: Enabled (Zero based)
 Heap Region Size: 2M
 Heap Min Capacity: 8M
 Heap Initial Capacity: 192M
 Heap Max Capacity: 3058M
 Pre-touch: Disabled
 Parallel Workers: 4
 Concurrent Workers: 1
 Concurrent Refinement Workers: 4
 Periodic GC: Disabled

Heap:
 garbage-first heap   total 919552K, used 630300K [0x0000000740e00000, 0x0000000800000000)
  region size 2048K, 34 young (69632K), 9 survivors (18432K)
 Metaspace       used 170686K, committed 172416K, reserved 1245184K
  class space    used 25334K, committed 26112K, reserved 1048576K

Heap Regions: E=young(eden), S=young(survivor), O=old, HS=humongous(starts), HC=humongous(continues), CS=collection set, F=free, TAMS=top-at-mark-start, PB=parsable bottom
|   0|0x0000000740e00000, 0x0000000741000000, 0x0000000741000000|100%|HS|  |TAMS 0x0000000740e00000| PB 0x0000000740e00000| Complete 
|   1|0x0000000741000000, 0x0000000741200000, 0x0000000741200000|100%|HS|  |TAMS 0x0000000741000000| PB 0x0000000741000000| Complete 
|   2|0x0000000741200000, 0x0000000741400000, 0x0000000741400000|100%|HC|  |TAMS 0x0000000741200000| PB 0x0000000741200000| Complete 
|   3|0x0000000741400000, 0x0000000741600000, 0x0000000741600000|100%| O|  |TAMS 0x0000000741400000| PB 0x0000000741400000| Untracked 
|   4|0x0000000741600000, 0x00000007417ffff0, 0x0000000741800000| 99%| O|  |TAMS 0x0000000741600000| PB 0x0000000741600000| Untracked 
|   5|0x0000000741800000, 0x00000007419ffff0, 0x0000000741a00000| 99%| O|  |TAMS 0x0000000741800000| PB 0x0000000741800000| Untracked 
|   6|0x0000000741a00000, 0x0000000741bfffe8, 0x0000000741c00000| 99%| O|  |TAMS 0x0000000741a00000| PB 0x0000000741a00000| Untracked 
|   7|0x0000000741c00000, 0x0000000741dffff8, 0x0000000741e00000| 99%| O|  |TAMS 0x0000000741c00000| PB 0x0000000741c00000| Untracked 
|   8|0x0000000741e00000, 0x0000000741ffffe8, 0x0000000742000000| 99%| O|  |TAMS 0x0000000741e00000| PB 0x0000000741e00000| Untracked 
|   9|0x0000000742000000, 0x00000007421ffff0, 0x0000000742200000| 99%| O|  |TAMS 0x0000000742000000| PB 0x0000000742000000| Untracked 
|  10|0x0000000742200000, 0x00000007423fffb8, 0x0000000742400000| 99%| O|  |TAMS 0x0000000742200000| PB 0x0000000742200000| Untracked 
|  11|0x0000000742400000, 0x00000007425fffb0, 0x0000000742600000| 99%| O|  |TAMS 0x0000000742400000| PB 0x0000000742400000| Untracked 
|  12|0x0000000742600000, 0x0000000742800000, 0x0000000742800000|100%| O|  |TAMS 0x0000000742600000| PB 0x0000000742600000| Untracked 
|  13|0x0000000742800000, 0x0000000742a00000, 0x0000000742a00000|100%| O|  |TAMS 0x0000000742800000| PB 0x0000000742800000| Untracked 
|  14|0x0000000742a00000, 0x0000000742c00000, 0x0000000742c00000|100%| O|  |TAMS 0x0000000742a00000| PB 0x0000000742a00000| Untracked 
|  15|0x0000000742c00000, 0x0000000742e00000, 0x0000000742e00000|100%| O|  |TAMS 0x0000000742c00000| PB 0x0000000742c00000| Untracked 
|  16|0x0000000742e00000, 0x0000000743000000, 0x0000000743000000|100%| O|  |TAMS 0x0000000742e00000| PB 0x0000000742e00000| Untracked 
|  17|0x0000000743000000, 0x0000000743200000, 0x0000000743200000|100%| O|  |TAMS 0x0000000743000000| PB 0x0000000743000000| Untracked 
|  18|0x0000000743200000, 0x0000000743400000, 0x0000000743400000|100%| O|  |TAMS 0x0000000743200000| PB 0x0000000743200000| Untracked 
|  19|0x0000000743400000, 0x0000000743600000, 0x0000000743600000|100%| O|  |TAMS 0x0000000743400000| PB 0x0000000743400000| Untracked 
|  20|0x0000000743600000, 0x0000000743800000, 0x0000000743800000|100%| O|  |TAMS 0x0000000743600000| PB 0x0000000743600000| Untracked 
|  21|0x0000000743800000, 0x00000007439fff98, 0x0000000743a00000| 99%| O|  |TAMS 0x0000000743800000| PB 0x0000000743800000| Untracked 
|  22|0x0000000743a00000, 0x0000000743c00000, 0x0000000743c00000|100%| O|  |TAMS 0x0000000743a00000| PB 0x0000000743a00000| Untracked 
|  23|0x0000000743c00000, 0x0000000743e00000, 0x0000000743e00000|100%| O|  |TAMS 0x0000000743c00000| PB 0x0000000743c00000| Untracked 
|  24|0x0000000743e00000, 0x0000000743ffffc0, 0x0000000744000000| 99%| O|  |TAMS 0x0000000743e00000| PB 0x0000000743e00000| Untracked 
|  25|0x0000000744000000, 0x0000000744200000, 0x0000000744200000|100%| O|  |TAMS 0x0000000744000000| PB 0x0000000744000000| Untracked 
|  26|0x0000000744200000, 0x0000000744400000, 0x0000000744400000|100%| O|  |TAMS 0x0000000744200000| PB 0x0000000744200000| Untracked 
|  27|0x0000000744400000, 0x0000000744600000, 0x0000000744600000|100%| O|  |TAMS 0x0000000744400000| PB 0x0000000744400000| Untracked 
|  28|0x0000000744600000, 0x0000000744800000, 0x0000000744800000|100%| O|  |TAMS 0x0000000744600000| PB 0x0000000744600000| Untracked 
|  29|0x0000000744800000, 0x0000000744a00000, 0x0000000744a00000|100%| O|  |TAMS 0x0000000744800000| PB 0x0000000744800000| Untracked 
|  30|0x0000000744a00000, 0x0000000744bffff0, 0x0000000744c00000| 99%| O|  |TAMS 0x0000000744a00000| PB 0x0000000744a00000| Untracked 
|  31|0x0000000744c00000, 0x0000000744e00000, 0x0000000744e00000|100%| O|  |TAMS 0x0000000744c00000| PB 0x0000000744c00000| Untracked 
|  32|0x0000000744e00000, 0x0000000745000000, 0x0000000745000000|100%| O|  |TAMS 0x0000000744e00000| PB 0x0000000744e00000| Untracked 
|  33|0x0000000745000000, 0x0000000745200000, 0x0000000745200000|100%| O|  |TAMS 0x0000000745000000| PB 0x0000000745000000| Untracked 
|  34|0x0000000745200000, 0x0000000745400000, 0x0000000745400000|100%| O|  |TAMS 0x0000000745200000| PB 0x0000000745200000| Untracked 
|  35|0x0000000745400000, 0x0000000745600000, 0x0000000745600000|100%| O|  |TAMS 0x0000000745400000| PB 0x0000000745400000| Untracked 
|  36|0x0000000745600000, 0x0000000745800000, 0x0000000745800000|100%| O|  |TAMS 0x0000000745600000| PB 0x0000000745600000| Untracked 
|  37|0x0000000745800000, 0x00000007459ffff0, 0x0000000745a00000| 99%| O|  |TAMS 0x0000000745800000| PB 0x0000000745800000| Untracked 
|  38|0x0000000745a00000, 0x0000000745bffff0, 0x0000000745c00000| 99%| O|  |TAMS 0x0000000745a00000| PB 0x0000000745a00000| Untracked 
|  39|0x0000000745c00000, 0x0000000745e00000, 0x0000000745e00000|100%| O|  |TAMS 0x0000000745c00000| PB 0x0000000745c00000| Untracked 
|  40|0x0000000745e00000, 0x0000000745fffff8, 0x0000000746000000| 99%| O|  |TAMS 0x0000000745e00000| PB 0x0000000745e00000| Untracked 
|  41|0x0000000746000000, 0x0000000746200000, 0x0000000746200000|100%| O|  |TAMS 0x0000000746000000| PB 0x0000000746000000| Untracked 
|  42|0x0000000746200000, 0x00000007463ffff0, 0x0000000746400000| 99%| O|  |TAMS 0x0000000746200000| PB 0x0000000746200000| Untracked 
|  43|0x0000000746400000, 0x00000007465ffff0, 0x0000000746600000| 99%| O|  |TAMS 0x0000000746400000| PB 0x0000000746400000| Untracked 
|  44|0x0000000746600000, 0x00000007467fffe8, 0x0000000746800000| 99%| O|  |TAMS 0x0000000746600000| PB 0x0000000746600000| Untracked 
|  45|0x0000000746800000, 0x00000007469fffd8, 0x0000000746a00000| 99%| O|  |TAMS 0x0000000746800000| PB 0x0000000746800000| Untracked 
|  46|0x0000000746a00000, 0x0000000746c00000, 0x0000000746c00000|100%| O|  |TAMS 0x0000000746a00000| PB 0x0000000746a00000| Untracked 
|  47|0x0000000746c00000, 0x0000000746dffff0, 0x0000000746e00000| 99%| O|  |TAMS 0x0000000746c00000| PB 0x0000000746c00000| Untracked 
|  48|0x0000000746e00000, 0x0000000747000000, 0x0000000747000000|100%| O|  |TAMS 0x0000000746e00000| PB 0x0000000746e00000| Untracked 
|  49|0x0000000747000000, 0x00000007471fffe8, 0x0000000747200000| 99%| O|  |TAMS 0x0000000747000000| PB 0x0000000747000000| Untracked 
|  50|0x0000000747200000, 0x0000000747400000, 0x0000000747400000|100%| O|  |TAMS 0x0000000747200000| PB 0x0000000747200000| Untracked 
|  51|0x0000000747400000, 0x00000007475ffff0, 0x0000000747600000| 99%| O|  |TAMS 0x0000000747400000| PB 0x0000000747400000| Untracked 
|  52|0x0000000747600000, 0x0000000747800000, 0x0000000747800000|100%| O|  |TAMS 0x0000000747600000| PB 0x0000000747600000| Untracked 
|  53|0x0000000747800000, 0x00000007479ffff0, 0x0000000747a00000| 99%| O|  |TAMS 0x0000000747800000| PB 0x0000000747800000| Untracked 
|  54|0x0000000747a00000, 0x0000000747c00000, 0x0000000747c00000|100%| O|  |TAMS 0x0000000747a00000| PB 0x0000000747a00000| Untracked 
|  55|0x0000000747c00000, 0x0000000747e00000, 0x0000000747e00000|100%| O|  |TAMS 0x0000000747c00000| PB 0x0000000747c00000| Untracked 
|  56|0x0000000747e00000, 0x0000000747ffffe0, 0x0000000748000000| 99%| O|  |TAMS 0x0000000747e00000| PB 0x0000000747e00000| Untracked 
|  57|0x0000000748000000, 0x00000007481fffd0, 0x0000000748200000| 99%| O|  |TAMS 0x0000000748000000| PB 0x0000000748000000| Untracked 
|  58|0x0000000748200000, 0x00000007483fe3d0, 0x0000000748400000| 99%| O|  |TAMS 0x0000000748200000| PB 0x0000000748200000| Untracked 
|  59|0x0000000748400000, 0x00000007485ffff8, 0x0000000748600000| 99%| O|  |TAMS 0x0000000748400000| PB 0x0000000748400000| Untracked 
|  60|0x0000000748600000, 0x0000000748800000, 0x0000000748800000|100%| O|  |TAMS 0x0000000748600000| PB 0x0000000748600000| Untracked 
|  61|0x0000000748800000, 0x0000000748a00000, 0x0000000748a00000|100%| O|  |TAMS 0x0000000748800000| PB 0x0000000748800000| Untracked 
|  62|0x0000000748a00000, 0x0000000748c00000, 0x0000000748c00000|100%| O|  |TAMS 0x0000000748a00000| PB 0x0000000748a00000| Untracked 
|  63|0x0000000748c00000, 0x0000000748e00000, 0x0000000748e00000|100%| O|  |TAMS 0x0000000748c00000| PB 0x0000000748c00000| Untracked 
|  64|0x0000000748e00000, 0x0000000749000000, 0x0000000749000000|100%| O|  |TAMS 0x0000000748e00000| PB 0x0000000748e00000| Untracked 
|  65|0x0000000749000000, 0x00000007491ffff0, 0x0000000749200000| 99%| O|  |TAMS 0x0000000749000000| PB 0x0000000749000000| Untracked 
|  66|0x0000000749200000, 0x0000000749400000, 0x0000000749400000|100%| O|  |TAMS 0x0000000749200000| PB 0x0000000749200000| Untracked 
|  67|0x0000000749400000, 0x0000000749600000, 0x0000000749600000|100%| O|  |TAMS 0x0000000749400000| PB 0x0000000749400000| Untracked 
|  68|0x0000000749600000, 0x00000007497f6060, 0x0000000749800000| 98%| O|  |TAMS 0x0000000749600000| PB 0x0000000749600000| Untracked 
|  69|0x0000000749800000, 0x0000000749a00000, 0x0000000749a00000|100%| O|  |TAMS 0x0000000749800000| PB 0x0000000749800000| Untracked 
|  70|0x0000000749a00000, 0x0000000749bac340, 0x0000000749c00000| 83%| O|  |TAMS 0x0000000749a00000| PB 0x0000000749a00000| Untracked 
|  71|0x0000000749c00000, 0x0000000749dffff0, 0x0000000749e00000| 99%| O|  |TAMS 0x0000000749c00000| PB 0x0000000749c00000| Untracked 
|  72|0x0000000749e00000, 0x0000000749f328e0, 0x000000074a000000| 59%| O|  |TAMS 0x0000000749e00000| PB 0x0000000749e00000| Untracked 
|  73|0x000000074a000000, 0x000000074a200000, 0x000000074a200000|100%|HS|  |TAMS 0x000000074a000000| PB 0x000000074a000000| Complete 
|  74|0x000000074a200000, 0x000000074a400000, 0x000000074a400000|100%|HC|  |TAMS 0x000000074a200000| PB 0x000000074a200000| Complete 
|  75|0x000000074a400000, 0x000000074a600000, 0x000000074a600000|100%|HS|  |TAMS 0x000000074a400000| PB 0x000000074a400000| Complete 
|  76|0x000000074a600000, 0x000000074a800000, 0x000000074a800000|100%|HC|  |TAMS 0x000000074a600000| PB 0x000000074a600000| Complete 
|  77|0x000000074a800000, 0x000000074aa00000, 0x000000074aa00000|100%|HC|  |TAMS 0x000000074a800000| PB 0x000000074a800000| Complete 
|  78|0x000000074aa00000, 0x000000074ac00000, 0x000000074ac00000|100%| O|  |TAMS 0x000000074aa00000| PB 0x000000074aa00000| Untracked 
|  79|0x000000074ac00000, 0x000000074ae00000, 0x000000074ae00000|100%| O|  |TAMS 0x000000074ac00000| PB 0x000000074ac00000| Untracked 
|  80|0x000000074ae00000, 0x000000074affffe8, 0x000000074b000000| 99%| O|  |TAMS 0x000000074ae00000| PB 0x000000074ae00000| Untracked 
|  81|0x000000074b000000, 0x000000074b200000, 0x000000074b200000|100%| O|  |TAMS 0x000000074b000000| PB 0x000000074b000000| Untracked 
|  82|0x000000074b200000, 0x000000074b400000, 0x000000074b400000|100%| O|  |TAMS 0x000000074b200000| PB 0x000000074b200000| Untracked 
|  83|0x000000074b400000, 0x000000074b600000, 0x000000074b600000|100%| O|  |TAMS 0x000000074b400000| PB 0x000000074b400000| Untracked 
|  84|0x000000074b600000, 0x000000074b7ee1e0, 0x000000074b800000| 96%| O|  |TAMS 0x000000074b600000| PB 0x000000074b600000| Untracked 
|  85|0x000000074b800000, 0x000000074ba00000, 0x000000074ba00000|100%| O|  |TAMS 0x000000074b800000| PB 0x000000074b800000| Untracked 
|  86|0x000000074ba00000, 0x000000074bc00000, 0x000000074bc00000|100%| O|  |TAMS 0x000000074ba00000| PB 0x000000074ba00000| Untracked 
|  87|0x000000074bc00000, 0x000000074be00000, 0x000000074be00000|100%| O|  |TAMS 0x000000074bc00000| PB 0x000000074bc00000| Untracked 
|  88|0x000000074be00000, 0x000000074c000000, 0x000000074c000000|100%| O|  |TAMS 0x000000074be00000| PB 0x000000074be00000| Untracked 
|  89|0x000000074c000000, 0x000000074c200000, 0x000000074c200000|100%| O|  |TAMS 0x000000074c000000| PB 0x000000074c000000| Untracked 
|  90|0x000000074c200000, 0x000000074c400000, 0x000000074c400000|100%| O|  |TAMS 0x000000074c200000| PB 0x000000074c200000| Untracked 
|  91|0x000000074c400000, 0x000000074c600000, 0x000000074c600000|100%| O|  |TAMS 0x000000074c400000| PB 0x000000074c400000| Untracked 
|  92|0x000000074c600000, 0x000000074c800000, 0x000000074c800000|100%| O|  |TAMS 0x000000074c600000| PB 0x000000074c600000| Untracked 
|  93|0x000000074c800000, 0x000000074ca00000, 0x000000074ca00000|100%| O|  |TAMS 0x000000074c800000| PB 0x000000074c800000| Untracked 
|  94|0x000000074ca00000, 0x000000074cc00000, 0x000000074cc00000|100%| O|  |TAMS 0x000000074ca00000| PB 0x000000074ca00000| Untracked 
|  95|0x000000074cc00000, 0x000000074ce00000, 0x000000074ce00000|100%| O|  |TAMS 0x000000074cc00000| PB 0x000000074cc00000| Untracked 
|  96|0x000000074ce00000, 0x000000074d000000, 0x000000074d000000|100%| O|  |TAMS 0x000000074ce00000| PB 0x000000074ce00000| Untracked 
|  97|0x000000074d000000, 0x000000074d200000, 0x000000074d200000|100%| O|  |TAMS 0x000000074d000000| PB 0x000000074d000000| Untracked 
|  98|0x000000074d200000, 0x000000074d400000, 0x000000074d400000|100%| O|  |TAMS 0x000000074d200000| PB 0x000000074d200000| Untracked 
|  99|0x000000074d400000, 0x000000074d600000, 0x000000074d600000|100%| O|  |TAMS 0x000000074d400000| PB 0x000000074d400000| Untracked 
| 100|0x000000074d600000, 0x000000074d800000, 0x000000074d800000|100%| O|  |TAMS 0x000000074d600000| PB 0x000000074d600000| Untracked 
| 101|0x000000074d800000, 0x000000074da00000, 0x000000074da00000|100%| O|  |TAMS 0x000000074d800000| PB 0x000000074d800000| Untracked 
| 102|0x000000074da00000, 0x000000074dc00000, 0x000000074dc00000|100%| O|  |TAMS 0x000000074da00000| PB 0x000000074da00000| Untracked 
| 103|0x000000074dc00000, 0x000000074de00000, 0x000000074de00000|100%| O|  |TAMS 0x000000074dc00000| PB 0x000000074dc00000| Untracked 
| 104|0x000000074de00000, 0x000000074e000000, 0x000000074e000000|100%| O|  |TAMS 0x000000074de00000| PB 0x000000074de00000| Untracked 
| 105|0x000000074e000000, 0x000000074e200000, 0x000000074e200000|100%| O|  |TAMS 0x000000074e000000| PB 0x000000074e000000| Untracked 
| 106|0x000000074e200000, 0x000000074e400000, 0x000000074e400000|100%| O|  |TAMS 0x000000074e200000| PB 0x000000074e200000| Untracked 
| 107|0x000000074e400000, 0x000000074e600000, 0x000000074e600000|100%| O|  |TAMS 0x000000074e400000| PB 0x000000074e400000| Untracked 
| 108|0x000000074e600000, 0x000000074e800000, 0x000000074e800000|100%| O|  |TAMS 0x000000074e600000| PB 0x000000074e600000| Untracked 
| 109|0x000000074e800000, 0x000000074ea00000, 0x000000074ea00000|100%| O|  |TAMS 0x000000074e800000| PB 0x000000074e800000| Untracked 
| 110|0x000000074ea00000, 0x000000074ec00000, 0x000000074ec00000|100%| O|  |TAMS 0x000000074ea00000| PB 0x000000074ea00000| Untracked 
| 111|0x000000074ec00000, 0x000000074ee00000, 0x000000074ee00000|100%| O|  |TAMS 0x000000074ec00000| PB 0x000000074ec00000| Untracked 
| 112|0x000000074ee00000, 0x000000074f000000, 0x000000074f000000|100%| O|  |TAMS 0x000000074ee00000| PB 0x000000074ee00000| Untracked 
| 113|0x000000074f000000, 0x000000074f200000, 0x000000074f200000|100%| O|  |TAMS 0x000000074f000000| PB 0x000000074f000000| Untracked 
| 114|0x000000074f200000, 0x000000074f400000, 0x000000074f400000|100%| O|  |TAMS 0x000000074f200000| PB 0x000000074f200000| Untracked 
| 115|0x000000074f400000, 0x000000074f600000, 0x000000074f600000|100%| O|  |TAMS 0x000000074f400000| PB 0x000000074f400000| Untracked 
| 116|0x000000074f600000, 0x000000074f800000, 0x000000074f800000|100%| O|  |TAMS 0x000000074f600000| PB 0x000000074f600000| Untracked 
| 117|0x000000074f800000, 0x000000074fa00000, 0x000000074fa00000|100%| O|  |TAMS 0x000000074f800000| PB 0x000000074f800000| Untracked 
| 118|0x000000074fa00000, 0x000000074fc00000, 0x000000074fc00000|100%| O|  |TAMS 0x000000074fa00000| PB 0x000000074fa00000| Untracked 
| 119|0x000000074fc00000, 0x000000074fe00000, 0x000000074fe00000|100%| O|  |TAMS 0x000000074fc00000| PB 0x000000074fc00000| Untracked 
| 120|0x000000074fe00000, 0x0000000750000000, 0x0000000750000000|100%| O|  |TAMS 0x000000074fe00000| PB 0x000000074fe00000| Untracked 
| 121|0x0000000750000000, 0x0000000750200000, 0x0000000750200000|100%| O|  |TAMS 0x0000000750000000| PB 0x0000000750000000| Untracked 
| 122|0x0000000750200000, 0x0000000750400000, 0x0000000750400000|100%| O|  |TAMS 0x0000000750200000| PB 0x0000000750200000| Untracked 
| 123|0x0000000750400000, 0x0000000750600000, 0x0000000750600000|100%| O|  |TAMS 0x0000000750400000| PB 0x0000000750400000| Untracked 
| 124|0x0000000750600000, 0x0000000750800000, 0x0000000750800000|100%| O|  |TAMS 0x0000000750600000| PB 0x0000000750600000| Untracked 
| 125|0x0000000750800000, 0x0000000750a00000, 0x0000000750a00000|100%| O|  |TAMS 0x0000000750800000| PB 0x0000000750800000| Untracked 
| 126|0x0000000750a00000, 0x0000000750c00000, 0x0000000750c00000|100%| O|  |TAMS 0x0000000750a00000| PB 0x0000000750a00000| Untracked 
| 127|0x0000000750c00000, 0x0000000750e00000, 0x0000000750e00000|100%| O|  |TAMS 0x0000000750c00000| PB 0x0000000750c00000| Untracked 
| 128|0x0000000750e00000, 0x0000000751000000, 0x0000000751000000|100%| O|  |TAMS 0x0000000750e00000| PB 0x0000000750e00000| Untracked 
| 129|0x0000000751000000, 0x0000000751200000, 0x0000000751200000|100%| O|  |TAMS 0x0000000751000000| PB 0x0000000751000000| Untracked 
| 130|0x0000000751200000, 0x0000000751400000, 0x0000000751400000|100%| O|  |TAMS 0x0000000751200000| PB 0x0000000751200000| Untracked 
| 131|0x0000000751400000, 0x0000000751600000, 0x0000000751600000|100%| O|  |TAMS 0x0000000751400000| PB 0x0000000751400000| Untracked 
| 132|0x0000000751600000, 0x0000000751800000, 0x0000000751800000|100%| O|  |TAMS 0x0000000751600000| PB 0x0000000751600000| Untracked 
| 133|0x0000000751800000, 0x0000000751a00000, 0x0000000751a00000|100%| O|  |TAMS 0x0000000751800000| PB 0x0000000751800000| Untracked 
| 134|0x0000000751a00000, 0x0000000751c00000, 0x0000000751c00000|100%| O|  |TAMS 0x0000000751a00000| PB 0x0000000751a00000| Untracked 
| 135|0x0000000751c00000, 0x0000000751e00000, 0x0000000751e00000|100%| O|  |TAMS 0x0000000751c00000| PB 0x0000000751c00000| Untracked 
| 136|0x0000000751e00000, 0x0000000752000000, 0x0000000752000000|100%| O|  |TAMS 0x0000000751e00000| PB 0x0000000751e00000| Untracked 
| 137|0x0000000752000000, 0x0000000752200000, 0x0000000752200000|100%| O|  |TAMS 0x0000000752000000| PB 0x0000000752000000| Untracked 
| 138|0x0000000752200000, 0x0000000752400000, 0x0000000752400000|100%| O|  |TAMS 0x0000000752200000| PB 0x0000000752200000| Untracked 
| 139|0x0000000752400000, 0x0000000752400000, 0x0000000752600000|  0%| F|  |TAMS 0x0000000752400000| PB 0x0000000752400000| Untracked 
| 140|0x0000000752600000, 0x0000000752800000, 0x0000000752800000|100%| O|  |TAMS 0x0000000752600000| PB 0x0000000752600000| Untracked 
| 141|0x0000000752800000, 0x0000000752a00000, 0x0000000752a00000|100%| O|  |TAMS 0x0000000752800000| PB 0x0000000752800000| Untracked 
| 142|0x0000000752a00000, 0x0000000752c00000, 0x0000000752c00000|100%| O|  |TAMS 0x0000000752a00000| PB 0x0000000752a00000| Untracked 
| 143|0x0000000752c00000, 0x0000000752e00000, 0x0000000752e00000|100%| O|  |TAMS 0x0000000752c00000| PB 0x0000000752c00000| Untracked 
| 144|0x0000000752e00000, 0x0000000753000000, 0x0000000753000000|100%| O|  |TAMS 0x0000000752e00000| PB 0x0000000752e00000| Untracked 
| 145|0x0000000753000000, 0x0000000753200000, 0x0000000753200000|100%| O|  |TAMS 0x0000000753000000| PB 0x0000000753000000| Untracked 
| 146|0x0000000753200000, 0x0000000753400000, 0x0000000753400000|100%| O|  |TAMS 0x0000000753200000| PB 0x0000000753200000| Untracked 
| 147|0x0000000753400000, 0x0000000753600000, 0x0000000753600000|100%| O|  |TAMS 0x0000000753400000| PB 0x0000000753400000| Untracked 
| 148|0x0000000753600000, 0x0000000753800000, 0x0000000753800000|100%| O|  |TAMS 0x0000000753600000| PB 0x0000000753600000| Untracked 
| 149|0x0000000753800000, 0x0000000753a00000, 0x0000000753a00000|100%| O|  |TAMS 0x0000000753800000| PB 0x0000000753800000| Untracked 
| 150|0x0000000753a00000, 0x0000000753c00000, 0x0000000753c00000|100%| O|  |TAMS 0x0000000753a00000| PB 0x0000000753a00000| Untracked 
| 151|0x0000000753c00000, 0x0000000753e00000, 0x0000000753e00000|100%| O|  |TAMS 0x0000000753c00000| PB 0x0000000753c00000| Untracked 
| 152|0x0000000753e00000, 0x0000000754000000, 0x0000000754000000|100%| O|  |TAMS 0x0000000753e00000| PB 0x0000000753e00000| Untracked 
| 153|0x0000000754000000, 0x0000000754200000, 0x0000000754200000|100%| O|  |TAMS 0x0000000754000000| PB 0x0000000754000000| Untracked 
| 154|0x0000000754200000, 0x0000000754400000, 0x0000000754400000|100%| O|  |TAMS 0x0000000754200000| PB 0x0000000754200000| Untracked 
| 155|0x0000000754400000, 0x0000000754600000, 0x0000000754600000|100%| O|  |TAMS 0x0000000754400000| PB 0x0000000754400000| Untracked 
| 156|0x0000000754600000, 0x0000000754800000, 0x0000000754800000|100%| O|  |TAMS 0x0000000754600000| PB 0x0000000754600000| Untracked 
| 157|0x0000000754800000, 0x0000000754a00000, 0x0000000754a00000|100%| O|  |TAMS 0x0000000754800000| PB 0x0000000754800000| Untracked 
| 158|0x0000000754a00000, 0x0000000754c00000, 0x0000000754c00000|100%| O|  |TAMS 0x0000000754a00000| PB 0x0000000754a00000| Untracked 
| 159|0x0000000754c00000, 0x0000000754e00000, 0x0000000754e00000|100%| O|  |TAMS 0x0000000754c00000| PB 0x0000000754c00000| Untracked 
| 160|0x0000000754e00000, 0x0000000755000000, 0x0000000755000000|100%| O|  |TAMS 0x0000000754e00000| PB 0x0000000754e00000| Untracked 
| 161|0x0000000755000000, 0x0000000755200000, 0x0000000755200000|100%| O|  |TAMS 0x0000000755000000| PB 0x0000000755000000| Untracked 
| 162|0x0000000755200000, 0x0000000755400000, 0x0000000755400000|100%|HS|  |TAMS 0x0000000755200000| PB 0x0000000755200000| Complete 
| 163|0x0000000755400000, 0x0000000755600000, 0x0000000755600000|100%|HC|  |TAMS 0x0000000755400000| PB 0x0000000755400000| Complete 
| 164|0x0000000755600000, 0x0000000755800000, 0x0000000755800000|100%|HC|  |TAMS 0x0000000755600000| PB 0x0000000755600000| Complete 
| 165|0x0000000755800000, 0x0000000755a00000, 0x0000000755a00000|100%|HS|  |TAMS 0x0000000755800000| PB 0x0000000755800000| Complete 
| 166|0x0000000755a00000, 0x0000000755c00000, 0x0000000755c00000|100%|HC|  |TAMS 0x0000000755a00000| PB 0x0000000755a00000| Complete 
| 167|0x0000000755c00000, 0x0000000755e00000, 0x0000000755e00000|100%|HC|  |TAMS 0x0000000755c00000| PB 0x0000000755c00000| Complete 
| 168|0x0000000755e00000, 0x0000000756000000, 0x0000000756000000|100%| O|  |TAMS 0x0000000755e00000| PB 0x0000000755e00000| Untracked 
| 169|0x0000000756000000, 0x0000000756200000, 0x0000000756200000|100%| O|  |TAMS 0x0000000756000000| PB 0x0000000756000000| Untracked 
| 170|0x0000000756200000, 0x0000000756400000, 0x0000000756400000|100%| O|  |TAMS 0x0000000756200000| PB 0x0000000756200000| Untracked 
| 171|0x0000000756400000, 0x0000000756600000, 0x0000000756600000|100%| O|  |TAMS 0x0000000756400000| PB 0x0000000756400000| Untracked 
| 172|0x0000000756600000, 0x0000000756800000, 0x0000000756800000|100%| O|  |TAMS 0x0000000756600000| PB 0x0000000756600000| Untracked 
| 173|0x0000000756800000, 0x0000000756a00000, 0x0000000756a00000|100%| O|  |TAMS 0x0000000756800000| PB 0x0000000756800000| Untracked 
| 174|0x0000000756a00000, 0x0000000756c00000, 0x0000000756c00000|100%| O|  |TAMS 0x0000000756a00000| PB 0x0000000756a00000| Untracked 
| 175|0x0000000756c00000, 0x0000000756e00000, 0x0000000756e00000|100%| O|  |TAMS 0x0000000756c00000| PB 0x0000000756c00000| Untracked 
| 176|0x0000000756e00000, 0x0000000757000000, 0x0000000757000000|100%| O|  |TAMS 0x0000000756e00000| PB 0x0000000756e00000| Untracked 
| 177|0x0000000757000000, 0x0000000757200000, 0x0000000757200000|100%| O|  |TAMS 0x0000000757000000| PB 0x0000000757000000| Untracked 
| 178|0x0000000757200000, 0x0000000757200000, 0x0000000757400000|  0%| F|  |TAMS 0x0000000757200000| PB 0x0000000757200000| Untracked 
| 179|0x0000000757400000, 0x0000000757400000, 0x0000000757600000|  0%| F|  |TAMS 0x0000000757400000| PB 0x0000000757400000| Untracked 
| 180|0x0000000757600000, 0x0000000757600000, 0x0000000757800000|  0%| F|  |TAMS 0x0000000757600000| PB 0x0000000757600000| Untracked 
| 181|0x0000000757800000, 0x0000000757800000, 0x0000000757a00000|  0%| F|  |TAMS 0x0000000757800000| PB 0x0000000757800000| Untracked 
| 182|0x0000000757a00000, 0x0000000757a00000, 0x0000000757c00000|  0%| F|  |TAMS 0x0000000757a00000| PB 0x0000000757a00000| Untracked 
| 183|0x0000000757c00000, 0x0000000757e00000, 0x0000000757e00000|100%| O|  |TAMS 0x0000000757c00000| PB 0x0000000757c00000| Untracked 
| 184|0x0000000757e00000, 0x0000000757e00000, 0x0000000758000000|  0%| F|  |TAMS 0x0000000757e00000| PB 0x0000000757e00000| Untracked 
| 185|0x0000000758000000, 0x0000000758000000, 0x0000000758200000|  0%| F|  |TAMS 0x0000000758000000| PB 0x0000000758000000| Untracked 
| 186|0x0000000758200000, 0x0000000758400000, 0x0000000758400000|100%| O|  |TAMS 0x0000000758200000| PB 0x0000000758200000| Untracked 
| 187|0x0000000758400000, 0x0000000758600000, 0x0000000758600000|100%| O|  |TAMS 0x0000000758400000| PB 0x0000000758400000| Untracked 
| 188|0x0000000758600000, 0x0000000758800000, 0x0000000758800000|100%| O|  |TAMS 0x0000000758600000| PB 0x0000000758600000| Untracked 
| 189|0x0000000758800000, 0x0000000758a00000, 0x0000000758a00000|100%| O|  |TAMS 0x0000000758800000| PB 0x0000000758800000| Untracked 
| 190|0x0000000758a00000, 0x0000000758c00000, 0x0000000758c00000|100%| O|  |TAMS 0x0000000758a00000| PB 0x0000000758a00000| Untracked 
| 191|0x0000000758c00000, 0x0000000758e00000, 0x0000000758e00000|100%| O|  |TAMS 0x0000000758c00000| PB 0x0000000758c00000| Untracked 
| 192|0x0000000758e00000, 0x0000000759000000, 0x0000000759000000|100%| O|  |TAMS 0x0000000758e00000| PB 0x0000000758e00000| Untracked 
| 193|0x0000000759000000, 0x0000000759200000, 0x0000000759200000|100%| O|  |TAMS 0x0000000759000000| PB 0x0000000759000000| Untracked 
| 194|0x0000000759200000, 0x0000000759400000, 0x0000000759400000|100%| O|  |TAMS 0x0000000759200000| PB 0x0000000759200000| Untracked 
| 195|0x0000000759400000, 0x0000000759600000, 0x0000000759600000|100%| O|  |TAMS 0x0000000759400000| PB 0x0000000759400000| Untracked 
| 196|0x0000000759600000, 0x0000000759800000, 0x0000000759800000|100%| O|  |TAMS 0x0000000759600000| PB 0x0000000759600000| Untracked 
| 197|0x0000000759800000, 0x0000000759a00000, 0x0000000759a00000|100%| O|  |TAMS 0x0000000759800000| PB 0x0000000759800000| Untracked 
| 198|0x0000000759a00000, 0x0000000759c00000, 0x0000000759c00000|100%| O|  |TAMS 0x0000000759a00000| PB 0x0000000759a00000| Untracked 
| 199|0x0000000759c00000, 0x0000000759e00000, 0x0000000759e00000|100%| O|  |TAMS 0x0000000759c00000| PB 0x0000000759c00000| Untracked 
| 200|0x0000000759e00000, 0x000000075a000000, 0x000000075a000000|100%| O|  |TAMS 0x0000000759e00000| PB 0x0000000759e00000| Untracked 
| 201|0x000000075a000000, 0x000000075a200000, 0x000000075a200000|100%| O|  |TAMS 0x000000075a000000| PB 0x000000075a000000| Untracked 
| 202|0x000000075a200000, 0x000000075a400000, 0x000000075a400000|100%| O|  |TAMS 0x000000075a200000| PB 0x000000075a200000| Untracked 
| 203|0x000000075a400000, 0x000000075a600000, 0x000000075a600000|100%| O|  |TAMS 0x000000075a400000| PB 0x000000075a400000| Untracked 
| 204|0x000000075a600000, 0x000000075a800000, 0x000000075a800000|100%| O|  |TAMS 0x000000075a600000| PB 0x000000075a600000| Untracked 
| 205|0x000000075a800000, 0x000000075aa00000, 0x000000075aa00000|100%| O|  |TAMS 0x000000075a800000| PB 0x000000075a800000| Untracked 
| 206|0x000000075aa00000, 0x000000075ac00000, 0x000000075ac00000|100%| O|  |TAMS 0x000000075aa00000| PB 0x000000075aa00000| Untracked 
| 207|0x000000075ac00000, 0x000000075ae00000, 0x000000075ae00000|100%| O|  |TAMS 0x000000075ac00000| PB 0x000000075ac00000| Untracked 
| 208|0x000000075ae00000, 0x000000075b000000, 0x000000075b000000|100%| O|  |TAMS 0x000000075ae00000| PB 0x000000075ae00000| Untracked 
| 209|0x000000075b000000, 0x000000075b200000, 0x000000075b200000|100%| O|  |TAMS 0x000000075b000000| PB 0x000000075b000000| Untracked 
| 210|0x000000075b200000, 0x000000075b400000, 0x000000075b400000|100%| O|  |TAMS 0x000000075b200000| PB 0x000000075b200000| Untracked 
| 211|0x000000075b400000, 0x000000075b600000, 0x000000075b600000|100%| O|  |TAMS 0x000000075b400000| PB 0x000000075b400000| Untracked 
| 212|0x000000075b600000, 0x000000075b800000, 0x000000075b800000|100%| O|  |TAMS 0x000000075b600000| PB 0x000000075b600000| Untracked 
| 213|0x000000075b800000, 0x000000075ba00000, 0x000000075ba00000|100%| O|  |TAMS 0x000000075b800000| PB 0x000000075b800000| Untracked 
| 214|0x000000075ba00000, 0x000000075bc00000, 0x000000075bc00000|100%| O|  |TAMS 0x000000075ba00000| PB 0x000000075ba00000| Untracked 
| 215|0x000000075bc00000, 0x000000075be00000, 0x000000075be00000|100%| O|  |TAMS 0x000000075bc00000| PB 0x000000075bc00000| Untracked 
| 216|0x000000075be00000, 0x000000075c000000, 0x000000075c000000|100%| O|  |TAMS 0x000000075be00000| PB 0x000000075be00000| Untracked 
| 217|0x000000075c000000, 0x000000075c200000, 0x000000075c200000|100%| O|  |TAMS 0x000000075c000000| PB 0x000000075c000000| Untracked 
| 218|0x000000075c200000, 0x000000075c400000, 0x000000075c400000|100%| O|  |TAMS 0x000000075c200000| PB 0x000000075c200000| Untracked 
| 219|0x000000075c400000, 0x000000075c600000, 0x000000075c600000|100%| O|  |TAMS 0x000000075c400000| PB 0x000000075c400000| Untracked 
| 220|0x000000075c600000, 0x000000075c800000, 0x000000075c800000|100%| O|  |TAMS 0x000000075c600000| PB 0x000000075c600000| Untracked 
| 221|0x000000075c800000, 0x000000075ca00000, 0x000000075ca00000|100%| O|  |TAMS 0x000000075c800000| PB 0x000000075c800000| Untracked 
| 222|0x000000075ca00000, 0x000000075cc00000, 0x000000075cc00000|100%| O|  |TAMS 0x000000075ca00000| PB 0x000000075ca00000| Untracked 
| 223|0x000000075cc00000, 0x000000075ce00000, 0x000000075ce00000|100%| O|  |TAMS 0x000000075cc00000| PB 0x000000075cc00000| Untracked 
| 224|0x000000075ce00000, 0x000000075d000000, 0x000000075d000000|100%| O|  |TAMS 0x000000075ce00000| PB 0x000000075ce00000| Untracked 
| 225|0x000000075d000000, 0x000000075d200000, 0x000000075d200000|100%| O|  |TAMS 0x000000075d000000| PB 0x000000075d000000| Untracked 
| 226|0x000000075d200000, 0x000000075d400000, 0x000000075d400000|100%| O|  |TAMS 0x000000075d200000| PB 0x000000075d200000| Untracked 
| 227|0x000000075d400000, 0x000000075d600000, 0x000000075d600000|100%| O|  |TAMS 0x000000075d400000| PB 0x000000075d400000| Untracked 
| 228|0x000000075d600000, 0x000000075d800000, 0x000000075d800000|100%| O|  |TAMS 0x000000075d600000| PB 0x000000075d600000| Untracked 
| 229|0x000000075d800000, 0x000000075da00000, 0x000000075da00000|100%| O|  |TAMS 0x000000075d800000| PB 0x000000075d800000| Untracked 
| 230|0x000000075da00000, 0x000000075dc00000, 0x000000075dc00000|100%| O|  |TAMS 0x000000075da00000| PB 0x000000075da00000| Untracked 
| 231|0x000000075dc00000, 0x000000075de00000, 0x000000075de00000|100%| O|  |TAMS 0x000000075dc00000| PB 0x000000075dc00000| Untracked 
| 232|0x000000075de00000, 0x000000075e000000, 0x000000075e000000|100%| O|  |TAMS 0x000000075de00000| PB 0x000000075de00000| Untracked 
| 233|0x000000075e000000, 0x000000075e200000, 0x000000075e200000|100%| O|  |TAMS 0x000000075e000000| PB 0x000000075e000000| Untracked 
| 234|0x000000075e200000, 0x000000075e400000, 0x000000075e400000|100%| O|  |TAMS 0x000000075e200000| PB 0x000000075e200000| Untracked 
| 235|0x000000075e400000, 0x000000075e600000, 0x000000075e600000|100%| O|  |TAMS 0x000000075e400000| PB 0x000000075e400000| Untracked 
| 236|0x000000075e600000, 0x000000075e800000, 0x000000075e800000|100%| O|  |TAMS 0x000000075e600000| PB 0x000000075e600000| Untracked 
| 237|0x000000075e800000, 0x000000075ea00000, 0x000000075ea00000|100%| O|  |TAMS 0x000000075e800000| PB 0x000000075e800000| Untracked 
| 238|0x000000075ea00000, 0x000000075ec00000, 0x000000075ec00000|100%| O|  |TAMS 0x000000075ea00000| PB 0x000000075ea00000| Untracked 
| 239|0x000000075ec00000, 0x000000075ee00000, 0x000000075ee00000|100%| O|  |TAMS 0x000000075ec00000| PB 0x000000075ec00000| Untracked 
| 240|0x000000075ee00000, 0x000000075f000000, 0x000000075f000000|100%| O|  |TAMS 0x000000075ee00000| PB 0x000000075ee00000| Untracked 
| 241|0x000000075f000000, 0x000000075f200000, 0x000000075f200000|100%| O|  |TAMS 0x000000075f000000| PB 0x000000075f000000| Untracked 
| 242|0x000000075f200000, 0x000000075f400000, 0x000000075f400000|100%| O|  |TAMS 0x000000075f200000| PB 0x000000075f200000| Untracked 
| 243|0x000000075f400000, 0x000000075f600000, 0x000000075f600000|100%| O|  |TAMS 0x000000075f400000| PB 0x000000075f400000| Untracked 
| 244|0x000000075f600000, 0x000000075f800000, 0x000000075f800000|100%| O|  |TAMS 0x000000075f600000| PB 0x000000075f600000| Untracked 
| 245|0x000000075f800000, 0x000000075fa00000, 0x000000075fa00000|100%| O|  |TAMS 0x000000075f800000| PB 0x000000075f800000| Untracked 
| 246|0x000000075fa00000, 0x000000075fc00000, 0x000000075fc00000|100%| O|  |TAMS 0x000000075fa00000| PB 0x000000075fa00000| Untracked 
| 247|0x000000075fc00000, 0x000000075fe00000, 0x000000075fe00000|100%| O|  |TAMS 0x000000075fc00000| PB 0x000000075fc00000| Untracked 
| 248|0x000000075fe00000, 0x0000000760000000, 0x0000000760000000|100%| O|  |TAMS 0x000000075fe00000| PB 0x000000075fe00000| Untracked 
| 249|0x0000000760000000, 0x0000000760200000, 0x0000000760200000|100%| O|  |TAMS 0x0000000760000000| PB 0x0000000760000000| Untracked 
| 250|0x0000000760200000, 0x0000000760400000, 0x0000000760400000|100%| O|  |TAMS 0x0000000760200000| PB 0x0000000760200000| Untracked 
| 251|0x0000000760400000, 0x0000000760600000, 0x0000000760600000|100%| O|  |TAMS 0x0000000760400000| PB 0x0000000760400000| Untracked 
| 252|0x0000000760600000, 0x0000000760800000, 0x0000000760800000|100%| O|  |TAMS 0x0000000760600000| PB 0x0000000760600000| Untracked 
| 253|0x0000000760800000, 0x0000000760a00000, 0x0000000760a00000|100%| O|  |TAMS 0x0000000760800000| PB 0x0000000760800000| Untracked 
| 254|0x0000000760a00000, 0x0000000760c00000, 0x0000000760c00000|100%| O|  |TAMS 0x0000000760a00000| PB 0x0000000760a00000| Untracked 
| 255|0x0000000760c00000, 0x0000000760e00000, 0x0000000760e00000|100%| O|  |TAMS 0x0000000760c00000| PB 0x0000000760c00000| Untracked 
| 256|0x0000000760e00000, 0x0000000761000000, 0x0000000761000000|100%| O|  |TAMS 0x0000000760e00000| PB 0x0000000760e00000| Untracked 
| 257|0x0000000761000000, 0x0000000761200000, 0x0000000761200000|100%| O|  |TAMS 0x0000000761000000| PB 0x0000000761000000| Untracked 
| 258|0x0000000761200000, 0x0000000761300000, 0x0000000761400000| 50%| O|  |TAMS 0x0000000761200000| PB 0x0000000761200000| Untracked 
| 259|0x0000000761400000, 0x0000000761600000, 0x0000000761600000|100%| O|  |TAMS 0x0000000761400000| PB 0x0000000761400000| Untracked 
| 260|0x0000000761600000, 0x0000000761800000, 0x0000000761800000|100%| O|  |TAMS 0x0000000761600000| PB 0x0000000761600000| Untracked 
| 261|0x0000000761800000, 0x0000000761800000, 0x0000000761a00000|  0%| F|  |TAMS 0x0000000761800000| PB 0x0000000761800000| Untracked 
| 262|0x0000000761a00000, 0x0000000761a00000, 0x0000000761c00000|  0%| F|  |TAMS 0x0000000761a00000| PB 0x0000000761a00000| Untracked 
| 263|0x0000000761c00000, 0x0000000761c00000, 0x0000000761e00000|  0%| F|  |TAMS 0x0000000761c00000| PB 0x0000000761c00000| Untracked 
| 264|0x0000000761e00000, 0x0000000761e00000, 0x0000000762000000|  0%| F|  |TAMS 0x0000000761e00000| PB 0x0000000761e00000| Untracked 
| 265|0x0000000762000000, 0x0000000762000000, 0x0000000762200000|  0%| F|  |TAMS 0x0000000762000000| PB 0x0000000762000000| Untracked 
| 266|0x0000000762200000, 0x0000000762200000, 0x0000000762400000|  0%| F|  |TAMS 0x0000000762200000| PB 0x0000000762200000| Untracked 
| 267|0x0000000762400000, 0x0000000762400000, 0x0000000762600000|  0%| F|  |TAMS 0x0000000762400000| PB 0x0000000762400000| Untracked 
| 268|0x0000000762600000, 0x0000000762600000, 0x0000000762800000|  0%| F|  |TAMS 0x0000000762600000| PB 0x0000000762600000| Untracked 
| 269|0x0000000762800000, 0x0000000762800000, 0x0000000762a00000|  0%| F|  |TAMS 0x0000000762800000| PB 0x0000000762800000| Untracked 
| 270|0x0000000762a00000, 0x0000000762a00000, 0x0000000762c00000|  0%| F|  |TAMS 0x0000000762a00000| PB 0x0000000762a00000| Untracked 
| 271|0x0000000762c00000, 0x0000000762c00000, 0x0000000762e00000|  0%| F|  |TAMS 0x0000000762c00000| PB 0x0000000762c00000| Untracked 
| 272|0x0000000762e00000, 0x0000000762e00000, 0x0000000763000000|  0%| F|  |TAMS 0x0000000762e00000| PB 0x0000000762e00000| Untracked 
| 273|0x0000000763000000, 0x0000000763000000, 0x0000000763200000|  0%| F|  |TAMS 0x0000000763000000| PB 0x0000000763000000| Untracked 
| 274|0x0000000763200000, 0x0000000763200000, 0x0000000763400000|  0%| F|  |TAMS 0x0000000763200000| PB 0x0000000763200000| Untracked 
| 275|0x0000000763400000, 0x0000000763400000, 0x0000000763600000|  0%| F|  |TAMS 0x0000000763400000| PB 0x0000000763400000| Untracked 
| 276|0x0000000763600000, 0x0000000763600000, 0x0000000763800000|  0%| F|  |TAMS 0x0000000763600000| PB 0x0000000763600000| Untracked 
| 277|0x0000000763800000, 0x0000000763800000, 0x0000000763a00000|  0%| F|  |TAMS 0x0000000763800000| PB 0x0000000763800000| Untracked 
| 278|0x0000000763a00000, 0x0000000763a00000, 0x0000000763c00000|  0%| F|  |TAMS 0x0000000763a00000| PB 0x0000000763a00000| Untracked 
| 279|0x0000000763c00000, 0x0000000763c00000, 0x0000000763e00000|  0%| F|  |TAMS 0x0000000763c00000| PB 0x0000000763c00000| Untracked 
| 280|0x0000000763e00000, 0x0000000763e00000, 0x0000000764000000|  0%| F|  |TAMS 0x0000000763e00000| PB 0x0000000763e00000| Untracked 
| 281|0x0000000764000000, 0x0000000764000000, 0x0000000764200000|  0%| F|  |TAMS 0x0000000764000000| PB 0x0000000764000000| Untracked 
| 282|0x0000000764200000, 0x0000000764200000, 0x0000000764400000|  0%| F|  |TAMS 0x0000000764200000| PB 0x0000000764200000| Untracked 
| 283|0x0000000764400000, 0x0000000764400000, 0x0000000764600000|  0%| F|  |TAMS 0x0000000764400000| PB 0x0000000764400000| Untracked 
| 284|0x0000000764600000, 0x0000000764600000, 0x0000000764800000|  0%| F|  |TAMS 0x0000000764600000| PB 0x0000000764600000| Untracked 
| 285|0x0000000764800000, 0x0000000764800000, 0x0000000764a00000|  0%| F|  |TAMS 0x0000000764800000| PB 0x0000000764800000| Untracked 
| 286|0x0000000764a00000, 0x0000000764a00000, 0x0000000764c00000|  0%| F|  |TAMS 0x0000000764a00000| PB 0x0000000764a00000| Untracked 
| 287|0x0000000764c00000, 0x0000000764c00000, 0x0000000764e00000|  0%| F|  |TAMS 0x0000000764c00000| PB 0x0000000764c00000| Untracked 
| 288|0x0000000764e00000, 0x0000000764e00000, 0x0000000765000000|  0%| F|  |TAMS 0x0000000764e00000| PB 0x0000000764e00000| Untracked 
| 289|0x0000000765000000, 0x0000000765000000, 0x0000000765200000|  0%| F|  |TAMS 0x0000000765000000| PB 0x0000000765000000| Untracked 
| 290|0x0000000765200000, 0x0000000765200000, 0x0000000765400000|  0%| F|  |TAMS 0x0000000765200000| PB 0x0000000765200000| Untracked 
| 291|0x0000000765400000, 0x0000000765400000, 0x0000000765600000|  0%| F|  |TAMS 0x0000000765400000| PB 0x0000000765400000| Untracked 
| 292|0x0000000765600000, 0x0000000765600000, 0x0000000765800000|  0%| F|  |TAMS 0x0000000765600000| PB 0x0000000765600000| Untracked 
| 293|0x0000000765800000, 0x0000000765800000, 0x0000000765a00000|  0%| F|  |TAMS 0x0000000765800000| PB 0x0000000765800000| Untracked 
| 294|0x0000000765a00000, 0x0000000765a00000, 0x0000000765c00000|  0%| F|  |TAMS 0x0000000765a00000| PB 0x0000000765a00000| Untracked 
| 295|0x0000000765c00000, 0x0000000765c00000, 0x0000000765e00000|  0%| F|  |TAMS 0x0000000765c00000| PB 0x0000000765c00000| Untracked 
| 296|0x0000000765e00000, 0x0000000765e00000, 0x0000000766000000|  0%| F|  |TAMS 0x0000000765e00000| PB 0x0000000765e00000| Untracked 
| 297|0x0000000766000000, 0x0000000766000000, 0x0000000766200000|  0%| F|  |TAMS 0x0000000766000000| PB 0x0000000766000000| Untracked 
| 298|0x0000000766200000, 0x0000000766200000, 0x0000000766400000|  0%| F|  |TAMS 0x0000000766200000| PB 0x0000000766200000| Untracked 
| 299|0x0000000766400000, 0x0000000766400000, 0x0000000766600000|  0%| F|  |TAMS 0x0000000766400000| PB 0x0000000766400000| Untracked 
| 300|0x0000000766600000, 0x0000000766600000, 0x0000000766800000|  0%| F|  |TAMS 0x0000000766600000| PB 0x0000000766600000| Untracked 
| 301|0x0000000766800000, 0x0000000766800000, 0x0000000766a00000|  0%| F|  |TAMS 0x0000000766800000| PB 0x0000000766800000| Untracked 
| 302|0x0000000766a00000, 0x0000000766a00000, 0x0000000766c00000|  0%| F|  |TAMS 0x0000000766a00000| PB 0x0000000766a00000| Untracked 
| 303|0x0000000766c00000, 0x0000000766c00000, 0x0000000766e00000|  0%| F|  |TAMS 0x0000000766c00000| PB 0x0000000766c00000| Untracked 
| 304|0x0000000766e00000, 0x0000000766e00000, 0x0000000767000000|  0%| F|  |TAMS 0x0000000766e00000| PB 0x0000000766e00000| Untracked 
| 305|0x0000000767000000, 0x0000000767000000, 0x0000000767200000|  0%| F|  |TAMS 0x0000000767000000| PB 0x0000000767000000| Untracked 
| 306|0x0000000767200000, 0x0000000767200000, 0x0000000767400000|  0%| F|  |TAMS 0x0000000767200000| PB 0x0000000767200000| Untracked 
| 307|0x0000000767400000, 0x0000000767400000, 0x0000000767600000|  0%| F|  |TAMS 0x0000000767400000| PB 0x0000000767400000| Untracked 
| 308|0x0000000767600000, 0x0000000767600000, 0x0000000767800000|  0%| F|  |TAMS 0x0000000767600000| PB 0x0000000767600000| Untracked 
| 309|0x0000000767800000, 0x0000000767800000, 0x0000000767a00000|  0%| F|  |TAMS 0x0000000767800000| PB 0x0000000767800000| Untracked 
| 310|0x0000000767a00000, 0x0000000767bc61d0, 0x0000000767c00000| 88%| S|CS|TAMS 0x0000000767a00000| PB 0x0000000767a00000| Complete 
| 311|0x0000000767c00000, 0x0000000767e00000, 0x0000000767e00000|100%| S|CS|TAMS 0x0000000767c00000| PB 0x0000000767c00000| Complete 
| 312|0x0000000767e00000, 0x0000000768000000, 0x0000000768000000|100%| S|CS|TAMS 0x0000000767e00000| PB 0x0000000767e00000| Complete 
| 313|0x0000000768000000, 0x0000000768200000, 0x0000000768200000|100%| S|CS|TAMS 0x0000000768000000| PB 0x0000000768000000| Complete 
| 314|0x0000000768200000, 0x0000000768400000, 0x0000000768400000|100%| S|CS|TAMS 0x0000000768200000| PB 0x0000000768200000| Complete 
| 315|0x0000000768400000, 0x0000000768600000, 0x0000000768600000|100%| S|CS|TAMS 0x0000000768400000| PB 0x0000000768400000| Complete 
| 316|0x0000000768600000, 0x0000000768800000, 0x0000000768800000|100%| S|CS|TAMS 0x0000000768600000| PB 0x0000000768600000| Complete 
| 317|0x0000000768800000, 0x0000000768a00000, 0x0000000768a00000|100%| S|CS|TAMS 0x0000000768800000| PB 0x0000000768800000| Complete 
| 318|0x0000000768a00000, 0x0000000768c00000, 0x0000000768c00000|100%| S|CS|TAMS 0x0000000768a00000| PB 0x0000000768a00000| Complete 
| 319|0x0000000768c00000, 0x0000000768e00000, 0x0000000768e00000|100%| O|  |TAMS 0x0000000768c00000| PB 0x0000000768c00000| Untracked 
| 320|0x0000000768e00000, 0x0000000769000000, 0x0000000769000000|100%| O|  |TAMS 0x0000000768e00000| PB 0x0000000768e00000| Untracked 
| 321|0x0000000769000000, 0x0000000769200000, 0x0000000769200000|100%| O|  |TAMS 0x0000000769000000| PB 0x0000000769000000| Untracked 
| 322|0x0000000769200000, 0x0000000769400000, 0x0000000769400000|100%| O|  |TAMS 0x0000000769200000| PB 0x0000000769200000| Untracked 
| 323|0x0000000769400000, 0x0000000769600000, 0x0000000769600000|100%| O|  |TAMS 0x0000000769400000| PB 0x0000000769400000| Untracked 
| 324|0x0000000769600000, 0x0000000769800000, 0x0000000769800000|100%| O|  |TAMS 0x0000000769600000| PB 0x0000000769600000| Untracked 
| 325|0x0000000769800000, 0x0000000769a00000, 0x0000000769a00000|100%| O|  |TAMS 0x0000000769800000| PB 0x0000000769800000| Untracked 
| 326|0x0000000769a00000, 0x0000000769c00000, 0x0000000769c00000|100%| O|  |TAMS 0x0000000769a00000| PB 0x0000000769a00000| Untracked 
| 327|0x0000000769c00000, 0x0000000769e00000, 0x0000000769e00000|100%| O|  |TAMS 0x0000000769c00000| PB 0x0000000769c00000| Untracked 
| 328|0x0000000769e00000, 0x000000076a000000, 0x000000076a000000|100%| O|  |TAMS 0x0000000769e00000| PB 0x0000000769e00000| Untracked 
| 329|0x000000076a000000, 0x000000076a200000, 0x000000076a200000|100%| O|  |TAMS 0x000000076a000000| PB 0x000000076a000000| Untracked 
| 330|0x000000076a200000, 0x000000076a400000, 0x000000076a400000|100%| O|  |TAMS 0x000000076a200000| PB 0x000000076a200000| Untracked 
| 331|0x000000076a400000, 0x000000076a600000, 0x000000076a600000|100%| O|  |TAMS 0x000000076a400000| PB 0x000000076a400000| Untracked 
| 332|0x000000076a600000, 0x000000076a600000, 0x000000076a800000|  0%| F|  |TAMS 0x000000076a600000| PB 0x000000076a600000| Untracked 
| 333|0x000000076a800000, 0x000000076a800000, 0x000000076aa00000|  0%| F|  |TAMS 0x000000076a800000| PB 0x000000076a800000| Untracked 
| 334|0x000000076aa00000, 0x000000076aa00000, 0x000000076ac00000|  0%| F|  |TAMS 0x000000076aa00000| PB 0x000000076aa00000| Untracked 
| 335|0x000000076ac00000, 0x000000076ac00000, 0x000000076ae00000|  0%| F|  |TAMS 0x000000076ac00000| PB 0x000000076ac00000| Untracked 
| 336|0x000000076ae00000, 0x000000076ae00000, 0x000000076b000000|  0%| F|  |TAMS 0x000000076ae00000| PB 0x000000076ae00000| Untracked 
| 337|0x000000076b000000, 0x000000076b000000, 0x000000076b200000|  0%| F|  |TAMS 0x000000076b000000| PB 0x000000076b000000| Untracked 
| 338|0x000000076b200000, 0x000000076b200000, 0x000000076b400000|  0%| F|  |TAMS 0x000000076b200000| PB 0x000000076b200000| Untracked 
| 339|0x000000076b400000, 0x000000076b400000, 0x000000076b600000|  0%| F|  |TAMS 0x000000076b400000| PB 0x000000076b400000| Untracked 
| 340|0x000000076b600000, 0x000000076b600000, 0x000000076b800000|  0%| F|  |TAMS 0x000000076b600000| PB 0x000000076b600000| Untracked 
| 341|0x000000076b800000, 0x000000076b800000, 0x000000076ba00000|  0%| F|  |TAMS 0x000000076b800000| PB 0x000000076b800000| Untracked 
| 342|0x000000076ba00000, 0x000000076ba00000, 0x000000076bc00000|  0%| F|  |TAMS 0x000000076ba00000| PB 0x000000076ba00000| Untracked 
| 343|0x000000076bc00000, 0x000000076bc00000, 0x000000076be00000|  0%| F|  |TAMS 0x000000076bc00000| PB 0x000000076bc00000| Untracked 
| 344|0x000000076be00000, 0x000000076be00000, 0x000000076c000000|  0%| F|  |TAMS 0x000000076be00000| PB 0x000000076be00000| Untracked 
| 345|0x000000076c000000, 0x000000076c000000, 0x000000076c200000|  0%| F|  |TAMS 0x000000076c000000| PB 0x000000076c000000| Untracked 
| 346|0x000000076c200000, 0x000000076c200000, 0x000000076c400000|  0%| F|  |TAMS 0x000000076c200000| PB 0x000000076c200000| Untracked 
| 347|0x000000076c400000, 0x000000076c400000, 0x000000076c600000|  0%| F|  |TAMS 0x000000076c400000| PB 0x000000076c400000| Untracked 
| 348|0x000000076c600000, 0x000000076c600000, 0x000000076c800000|  0%| F|  |TAMS 0x000000076c600000| PB 0x000000076c600000| Untracked 
| 349|0x000000076c800000, 0x000000076c800000, 0x000000076ca00000|  0%| F|  |TAMS 0x000000076c800000| PB 0x000000076c800000| Untracked 
| 350|0x000000076ca00000, 0x000000076ca00000, 0x000000076cc00000|  0%| F|  |TAMS 0x000000076ca00000| PB 0x000000076ca00000| Untracked 
| 351|0x000000076cc00000, 0x000000076cc00000, 0x000000076ce00000|  0%| F|  |TAMS 0x000000076cc00000| PB 0x000000076cc00000| Untracked 
| 352|0x000000076ce00000, 0x000000076ce00000, 0x000000076d000000|  0%| F|  |TAMS 0x000000076ce00000| PB 0x000000076ce00000| Untracked 
| 353|0x000000076d000000, 0x000000076d000000, 0x000000076d200000|  0%| F|  |TAMS 0x000000076d000000| PB 0x000000076d000000| Untracked 
| 354|0x000000076d200000, 0x000000076d200000, 0x000000076d400000|  0%| F|  |TAMS 0x000000076d200000| PB 0x000000076d200000| Untracked 
| 355|0x000000076d400000, 0x000000076d400000, 0x000000076d600000|  0%| F|  |TAMS 0x000000076d400000| PB 0x000000076d400000| Untracked 
| 356|0x000000076d600000, 0x000000076d600000, 0x000000076d800000|  0%| F|  |TAMS 0x000000076d600000| PB 0x000000076d600000| Untracked 
| 357|0x000000076d800000, 0x000000076d800000, 0x000000076da00000|  0%| F|  |TAMS 0x000000076d800000| PB 0x000000076d800000| Untracked 
| 358|0x000000076da00000, 0x000000076da00000, 0x000000076dc00000|  0%| F|  |TAMS 0x000000076da00000| PB 0x000000076da00000| Untracked 
| 359|0x000000076dc00000, 0x000000076dc00000, 0x000000076de00000|  0%| F|  |TAMS 0x000000076dc00000| PB 0x000000076dc00000| Untracked 
| 360|0x000000076de00000, 0x000000076de00000, 0x000000076e000000|  0%| F|  |TAMS 0x000000076de00000| PB 0x000000076de00000| Untracked 
| 361|0x000000076e000000, 0x000000076e000000, 0x000000076e200000|  0%| F|  |TAMS 0x000000076e000000| PB 0x000000076e000000| Untracked 
| 362|0x000000076e200000, 0x000000076e200000, 0x000000076e400000|  0%| F|  |TAMS 0x000000076e200000| PB 0x000000076e200000| Untracked 
| 363|0x000000076e400000, 0x000000076e400000, 0x000000076e600000|  0%| F|  |TAMS 0x000000076e400000| PB 0x000000076e400000| Untracked 
| 364|0x000000076e600000, 0x000000076e600000, 0x000000076e800000|  0%| F|  |TAMS 0x000000076e600000| PB 0x000000076e600000| Untracked 
| 365|0x000000076e800000, 0x000000076e800000, 0x000000076ea00000|  0%| F|  |TAMS 0x000000076e800000| PB 0x000000076e800000| Untracked 
| 366|0x000000076ea00000, 0x000000076ea00000, 0x000000076ec00000|  0%| F|  |TAMS 0x000000076ea00000| PB 0x000000076ea00000| Untracked 
| 367|0x000000076ec00000, 0x000000076ec00000, 0x000000076ee00000|  0%| F|  |TAMS 0x000000076ec00000| PB 0x000000076ec00000| Untracked 
| 368|0x000000076ee00000, 0x000000076ee00000, 0x000000076f000000|  0%| F|  |TAMS 0x000000076ee00000| PB 0x000000076ee00000| Untracked 
| 369|0x000000076f000000, 0x000000076f000000, 0x000000076f200000|  0%| F|  |TAMS 0x000000076f000000| PB 0x000000076f000000| Untracked 
| 370|0x000000076f200000, 0x000000076f200000, 0x000000076f400000|  0%| F|  |TAMS 0x000000076f200000| PB 0x000000076f200000| Untracked 
| 371|0x000000076f400000, 0x000000076f400000, 0x000000076f600000|  0%| F|  |TAMS 0x000000076f400000| PB 0x000000076f400000| Untracked 
| 372|0x000000076f600000, 0x000000076f600000, 0x000000076f800000|  0%| F|  |TAMS 0x000000076f600000| PB 0x000000076f600000| Untracked 
| 373|0x000000076f800000, 0x000000076f800000, 0x000000076fa00000|  0%| F|  |TAMS 0x000000076f800000| PB 0x000000076f800000| Untracked 
| 374|0x000000076fa00000, 0x000000076fa00000, 0x000000076fc00000|  0%| F|  |TAMS 0x000000076fa00000| PB 0x000000076fa00000| Untracked 
| 375|0x000000076fc00000, 0x000000076fc00000, 0x000000076fe00000|  0%| F|  |TAMS 0x000000076fc00000| PB 0x000000076fc00000| Untracked 
| 376|0x000000076fe00000, 0x000000076fe00000, 0x0000000770000000|  0%| F|  |TAMS 0x000000076fe00000| PB 0x000000076fe00000| Untracked 
| 377|0x0000000770000000, 0x0000000770000000, 0x0000000770200000|  0%| F|  |TAMS 0x0000000770000000| PB 0x0000000770000000| Untracked 
| 378|0x0000000770200000, 0x0000000770200000, 0x0000000770400000|  0%| F|  |TAMS 0x0000000770200000| PB 0x0000000770200000| Untracked 
| 379|0x0000000770400000, 0x0000000770400000, 0x0000000770600000|  0%| F|  |TAMS 0x0000000770400000| PB 0x0000000770400000| Untracked 
| 380|0x0000000770600000, 0x0000000770600000, 0x0000000770800000|  0%| F|  |TAMS 0x0000000770600000| PB 0x0000000770600000| Untracked 
| 381|0x0000000770800000, 0x0000000770800000, 0x0000000770a00000|  0%| F|  |TAMS 0x0000000770800000| PB 0x0000000770800000| Untracked 
| 382|0x0000000770a00000, 0x0000000770a00000, 0x0000000770c00000|  0%| F|  |TAMS 0x0000000770a00000| PB 0x0000000770a00000| Untracked 
| 383|0x0000000770c00000, 0x0000000770c00000, 0x0000000770e00000|  0%| F|  |TAMS 0x0000000770c00000| PB 0x0000000770c00000| Untracked 
| 384|0x0000000770e00000, 0x0000000770e00000, 0x0000000771000000|  0%| F|  |TAMS 0x0000000770e00000| PB 0x0000000770e00000| Untracked 
| 385|0x0000000771000000, 0x0000000771000000, 0x0000000771200000|  0%| F|  |TAMS 0x0000000771000000| PB 0x0000000771000000| Untracked 
| 386|0x0000000771200000, 0x0000000771200000, 0x0000000771400000|  0%| F|  |TAMS 0x0000000771200000| PB 0x0000000771200000| Untracked 
| 387|0x0000000771400000, 0x0000000771400000, 0x0000000771600000|  0%| F|  |TAMS 0x0000000771400000| PB 0x0000000771400000| Untracked 
| 388|0x0000000771600000, 0x0000000771600000, 0x0000000771800000|  0%| F|  |TAMS 0x0000000771600000| PB 0x0000000771600000| Untracked 
| 389|0x0000000771800000, 0x0000000771800000, 0x0000000771a00000|  0%| F|  |TAMS 0x0000000771800000| PB 0x0000000771800000| Untracked 
| 390|0x0000000771a00000, 0x0000000771a00000, 0x0000000771c00000|  0%| F|  |TAMS 0x0000000771a00000| PB 0x0000000771a00000| Untracked 
| 391|0x0000000771c00000, 0x0000000771c00000, 0x0000000771e00000|  0%| F|  |TAMS 0x0000000771c00000| PB 0x0000000771c00000| Untracked 
| 392|0x0000000771e00000, 0x0000000771e00000, 0x0000000772000000|  0%| F|  |TAMS 0x0000000771e00000| PB 0x0000000771e00000| Untracked 
| 393|0x0000000772000000, 0x0000000772000000, 0x0000000772200000|  0%| F|  |TAMS 0x0000000772000000| PB 0x0000000772000000| Untracked 
| 394|0x0000000772200000, 0x0000000772200000, 0x0000000772400000|  0%| F|  |TAMS 0x0000000772200000| PB 0x0000000772200000| Untracked 
| 395|0x0000000772400000, 0x0000000772400000, 0x0000000772600000|  0%| F|  |TAMS 0x0000000772400000| PB 0x0000000772400000| Untracked 
| 396|0x0000000772600000, 0x0000000772600000, 0x0000000772800000|  0%| F|  |TAMS 0x0000000772600000| PB 0x0000000772600000| Untracked 
| 397|0x0000000772800000, 0x0000000772800000, 0x0000000772a00000|  0%| F|  |TAMS 0x0000000772800000| PB 0x0000000772800000| Untracked 
| 398|0x0000000772a00000, 0x0000000772a00000, 0x0000000772c00000|  0%| F|  |TAMS 0x0000000772a00000| PB 0x0000000772a00000| Untracked 
| 399|0x0000000772c00000, 0x0000000772c00000, 0x0000000772e00000|  0%| F|  |TAMS 0x0000000772c00000| PB 0x0000000772c00000| Untracked 
| 400|0x0000000772e00000, 0x0000000772e00000, 0x0000000773000000|  0%| F|  |TAMS 0x0000000772e00000| PB 0x0000000772e00000| Untracked 
| 401|0x0000000773000000, 0x0000000773000000, 0x0000000773200000|  0%| F|  |TAMS 0x0000000773000000| PB 0x0000000773000000| Untracked 
| 402|0x0000000773200000, 0x0000000773200000, 0x0000000773400000|  0%| F|  |TAMS 0x0000000773200000| PB 0x0000000773200000| Untracked 
| 403|0x0000000773400000, 0x0000000773400000, 0x0000000773600000|  0%| F|  |TAMS 0x0000000773400000| PB 0x0000000773400000| Untracked 
| 404|0x0000000773600000, 0x0000000773600000, 0x0000000773800000|  0%| F|  |TAMS 0x0000000773600000| PB 0x0000000773600000| Untracked 
| 405|0x0000000773800000, 0x0000000773800000, 0x0000000773a00000|  0%| F|  |TAMS 0x0000000773800000| PB 0x0000000773800000| Untracked 
| 406|0x0000000773a00000, 0x0000000773a00000, 0x0000000773c00000|  0%| F|  |TAMS 0x0000000773a00000| PB 0x0000000773a00000| Untracked 
| 407|0x0000000773c00000, 0x0000000773c00000, 0x0000000773e00000|  0%| F|  |TAMS 0x0000000773c00000| PB 0x0000000773c00000| Untracked 
| 408|0x0000000773e00000, 0x0000000773e00000, 0x0000000774000000|  0%| F|  |TAMS 0x0000000773e00000| PB 0x0000000773e00000| Untracked 
| 409|0x0000000774000000, 0x0000000774000000, 0x0000000774200000|  0%| F|  |TAMS 0x0000000774000000| PB 0x0000000774000000| Untracked 
| 410|0x0000000774200000, 0x0000000774200000, 0x0000000774400000|  0%| F|  |TAMS 0x0000000774200000| PB 0x0000000774200000| Untracked 
| 411|0x0000000774400000, 0x00000007744084f8, 0x0000000774600000|  1%| E|  |TAMS 0x0000000774400000| PB 0x0000000774400000| Complete 
| 412|0x0000000774600000, 0x0000000774800000, 0x0000000774800000|100%| E|CS|TAMS 0x0000000774600000| PB 0x0000000774600000| Complete 
| 413|0x0000000774800000, 0x0000000774a00000, 0x0000000774a00000|100%| E|CS|TAMS 0x0000000774800000| PB 0x0000000774800000| Complete 
| 414|0x0000000774a00000, 0x0000000774c00000, 0x0000000774c00000|100%| E|CS|TAMS 0x0000000774a00000| PB 0x0000000774a00000| Complete 
| 415|0x0000000774c00000, 0x0000000774e00000, 0x0000000774e00000|100%| E|CS|TAMS 0x0000000774c00000| PB 0x0000000774c00000| Complete 
| 416|0x0000000774e00000, 0x0000000775000000, 0x0000000775000000|100%| E|CS|TAMS 0x0000000774e00000| PB 0x0000000774e00000| Complete 
| 417|0x0000000775000000, 0x0000000775200000, 0x0000000775200000|100%| E|CS|TAMS 0x0000000775000000| PB 0x0000000775000000| Complete 
| 418|0x0000000775200000, 0x0000000775400000, 0x0000000775400000|100%| E|  |TAMS 0x0000000775200000| PB 0x0000000775200000| Complete 
| 419|0x0000000775400000, 0x0000000775600000, 0x0000000775600000|100%| E|CS|TAMS 0x0000000775400000| PB 0x0000000775400000| Complete 
| 420|0x0000000775600000, 0x0000000775800000, 0x0000000775800000|100%| E|CS|TAMS 0x0000000775600000| PB 0x0000000775600000| Complete 
| 421|0x0000000775800000, 0x0000000775a00000, 0x0000000775a00000|100%| E|CS|TAMS 0x0000000775800000| PB 0x0000000775800000| Complete 
| 422|0x0000000775a00000, 0x0000000775c00000, 0x0000000775c00000|100%| E|CS|TAMS 0x0000000775a00000| PB 0x0000000775a00000| Complete 
| 423|0x0000000775c00000, 0x0000000775e00000, 0x0000000775e00000|100%| E|CS|TAMS 0x0000000775c00000| PB 0x0000000775c00000| Complete 
| 424|0x0000000775e00000, 0x0000000776000000, 0x0000000776000000|100%| E|CS|TAMS 0x0000000775e00000| PB 0x0000000775e00000| Complete 
| 425|0x0000000776000000, 0x0000000776200000, 0x0000000776200000|100%| E|CS|TAMS 0x0000000776000000| PB 0x0000000776000000| Complete 
| 426|0x0000000776200000, 0x0000000776400000, 0x0000000776400000|100%| E|CS|TAMS 0x0000000776200000| PB 0x0000000776200000| Complete 
| 427|0x0000000776400000, 0x0000000776600000, 0x0000000776600000|100%| E|CS|TAMS 0x0000000776400000| PB 0x0000000776400000| Complete 
| 428|0x0000000776600000, 0x0000000776800000, 0x0000000776800000|100%| E|CS|TAMS 0x0000000776600000| PB 0x0000000776600000| Complete 
| 429|0x0000000776800000, 0x0000000776a00000, 0x0000000776a00000|100%| E|CS|TAMS 0x0000000776800000| PB 0x0000000776800000| Complete 
| 430|0x0000000776a00000, 0x0000000776c00000, 0x0000000776c00000|100%| E|CS|TAMS 0x0000000776a00000| PB 0x0000000776a00000| Complete 
| 431|0x0000000776c00000, 0x0000000776e00000, 0x0000000776e00000|100%| E|CS|TAMS 0x0000000776c00000| PB 0x0000000776c00000| Complete 
| 599|0x000000078bc00000, 0x000000078be00000, 0x000000078be00000|100%| O|  |TAMS 0x000000078bc00000| PB 0x000000078bc00000| Untracked 
| 600|0x000000078be00000, 0x000000078c000000, 0x000000078c000000|100%| E|CS|TAMS 0x000000078be00000| PB 0x000000078be00000| Complete 
| 601|0x000000078c000000, 0x000000078c200000, 0x000000078c200000|100%| O|  |TAMS 0x000000078c000000| PB 0x000000078c000000| Untracked 
| 603|0x000000078c400000, 0x000000078c600000, 0x000000078c600000|100%| O|  |TAMS 0x000000078c400000| PB 0x000000078c400000| Untracked 
| 608|0x000000078ce00000, 0x000000078d000000, 0x000000078d000000|100%| O|  |TAMS 0x000000078ce00000| PB 0x000000078ce00000| Untracked 
| 610|0x000000078d200000, 0x000000078d400000, 0x000000078d400000|100%| O|  |TAMS 0x000000078d200000| PB 0x000000078d200000| Untracked 
| 612|0x000000078d600000, 0x000000078d800000, 0x000000078d800000|100%| O|  |TAMS 0x000000078d600000| PB 0x000000078d600000| Untracked 
| 986|0x00000007bc200000, 0x00000007bc400000, 0x00000007bc400000|100%| O|  |TAMS 0x00000007bc200000| PB 0x00000007bc200000| Untracked 
|1520|0x00000007fee00000, 0x00000007ff000000, 0x00000007ff000000|100%| O|  |TAMS 0x00000007fee00000| PB 0x00000007fee00000| Untracked 
|1521|0x00000007ff000000, 0x00000007ff200000, 0x00000007ff200000|100%| O|  |TAMS 0x00000007ff000000| PB 0x00000007ff000000| Untracked 
|1522|0x00000007ff200000, 0x00000007ff400000, 0x00000007ff400000|100%| O|  |TAMS 0x00000007ff200000| PB 0x00000007ff200000| Untracked 
|1523|0x00000007ff400000, 0x00000007ff600000, 0x00000007ff600000|100%| E|CS|TAMS 0x00000007ff400000| PB 0x00000007ff400000| Complete 
|1524|0x00000007ff600000, 0x00000007ff800000, 0x00000007ff800000|100%| E|CS|TAMS 0x00000007ff600000| PB 0x00000007ff600000| Complete 
|1525|0x00000007ff800000, 0x00000007ffa00000, 0x00000007ffa00000|100%| E|CS|TAMS 0x00000007ff800000| PB 0x00000007ff800000| Complete 
|1526|0x00000007ffa00000, 0x00000007ffc00000, 0x00000007ffc00000|100%| E|CS|TAMS 0x00000007ffa00000| PB 0x00000007ffa00000| Complete 
|1527|0x00000007ffc00000, 0x00000007ffe00000, 0x00000007ffe00000|100%| E|CS|TAMS 0x00000007ffc00000| PB 0x00000007ffc00000| Complete 
|1528|0x00000007ffe00000, 0x0000000800000000, 0x0000000800000000|100%| O|  |TAMS 0x00000007ffe00000| PB 0x00000007ffe00000| Untracked 

Card table byte_map: [0x00000280fc370000,0x00000280fc970000] _byte_map_base: 0x00000280f8969000

Marking Bits: (CMBitMap*) 0x00000280fbd1b920
 Bits: [0x00000280fc970000, 0x00000280ff938000)

Polling page: 0x00000280fb470000

Metaspace:

Usage:
  Non-class:    141.95 MB used.
      Class:     24.74 MB used.
       Both:    166.69 MB used.

Virtual space:
  Non-class space:      192.00 MB reserved,     142.88 MB ( 74%) committed,  3 nodes.
      Class space:        1.00 GB reserved,      25.50 MB (  2%) committed,  1 nodes.
             Both:        1.19 GB reserved,     168.38 MB ( 14%) committed. 

Chunk freelists:
   Non-Class:  395.00 KB
       Class:  6.48 MB
        Both:  6.87 MB

MaxMetaspaceSize: unlimited
CompressedClassSpaceSize: 1.00 GB
Initial GC threshold: 21.00 MB
Current GC threshold: 273.88 MB
CDS: on
 - commit_granule_bytes: 65536.
 - commit_granule_words: 8192.
 - virtual_space_node_default_size: 8388608.
 - enlarge_chunks_in_place: 1.
 - use_allocation_guard: 0.


Internal statistics:

num_allocs_failed_limit: 24.
num_arena_births: 2758.
num_arena_deaths: 0.
num_vsnodes_births: 4.
num_vsnodes_deaths: 0.
num_space_committed: 2686.
num_space_uncommitted: 0.
num_chunks_returned_to_freelist: 24.
num_chunks_taken_from_freelist: 9555.
num_chunk_merges: 24.
num_chunk_splits: 6344.
num_chunks_enlarged: 4709.
num_inconsistent_stats: 0.

CodeHeap 'non-profiled nmethods': size=120000Kb used=19902Kb max_used=20541Kb free=100097Kb
 bounds [0x0000028090110000, 0x0000028091520000, 0x0000028097640000]
CodeHeap 'profiled nmethods': size=120000Kb used=32833Kb max_used=34322Kb free=87166Kb
 bounds [0x0000028088640000, 0x000002808a800000, 0x000002808fb70000]
CodeHeap 'non-nmethods': size=5760Kb used=3854Kb max_used=3900Kb free=1905Kb
 bounds [0x000002808fb70000, 0x000002808ff60000, 0x0000028090110000]
CodeCache: size=245760Kb, used=56589Kb, max_used=58763Kb, free=189168Kb
 total_blobs=20899, nmethods=18499, adapters=2302, full_count=0
Compilation: enabled, stopped_count=0, restarted_count=0

Compilation events (20 events):
Event: 179.214 Thread 0x00000280ffe31bb0 30171   !   3       jdk.internal.misc.ScopedMemoryAccess::putLongUnaligned (23 bytes)
Event: 179.214 Thread 0x00000280ffe31bb0 nmethod 30171 0x0000028089a5fa10 code [0x0000028089a5fc20, 0x0000028089a60190]
Event: 179.214 Thread 0x00000280ffe31bb0 30172   !   3       jdk.internal.misc.ScopedMemoryAccess::putLongUnalignedInternal (37 bytes)
Event: 179.215 Thread 0x00000280ffe31bb0 nmethod 30172 0x0000028088a8d610 code [0x0000028088a8d7e0, 0x0000028088a8dc00]
Event: 179.215 Thread 0x00000280ffe31bb0 30173       3       net.minecraft.world.chunk.ChunkGenerationSteps$$Lambda/0x000002809bbb3208::doWork (9 bytes)
Event: 179.215 Thread 0x00000280ffe31bb0 nmethod 30173 0x0000028089a5f510 code [0x0000028089a5f6c0, 0x0000028089a5f820]
Event: 179.215 Thread 0x00000280ffe31bb0 30174       3       net.minecraft.world.chunk.WrapperProtoChunk::refreshSurfaceY (8 bytes)
Event: 179.215 Thread 0x00000280ffe31bb0 nmethod 30174 0x0000028088a8d090 code [0x0000028088a8d240, 0x0000028088a8d4a0]
Event: 179.215 Thread 0x00000280ffe31bb0 30175       3       net.minecraft.server.world.ServerLightingProvider::initializeLight (57 bytes)
Event: 179.217 Thread 0x00000280ffe31bb0 nmethod 30175 0x0000028088a8a910 code [0x0000028088a8aca0, 0x0000028088a8c6d0]
Event: 179.217 Thread 0x00000280ffe31bb0 30176       3       net.minecraft.server.world.ServerLightingProvider$$Lambda/0x000002809c710690::<init> (20 bytes)
Event: 179.217 Thread 0x00000280ffe31bb0 nmethod 30176 0x0000028088a8a410 code [0x0000028088a8a5c0, 0x0000028088a8a858]
Event: 179.217 Thread 0x00000280ffe31bb0 30177       3       net.minecraft.server.world.ServerLightingProvider$$Lambda/0x000002809c7108b8::<init> (10 bytes)
Event: 179.217 Thread 0x00000280ffe31bb0 nmethod 30177 0x0000028088a8a010 code [0x0000028088a8a1c0, 0x0000028088a8a380]
Event: 179.230 Thread 0x00000280ffe31bb0 30178       3       java.util.AbstractList::listIterator (15 bytes)
Event: 179.230 Thread 0x00000280ffe31bb0 nmethod 30178 0x0000028088a89490 code [0x0000028088a896a0, 0x0000028088a89cc8]
Event: 179.230 Thread 0x00000280ffe31bb0 30180       3       com.ibm.asyncutil.util.Combinators::collectImpl (90 bytes)
Event: 179.231 Thread 0x00000280ffe31bb0 nmethod 30180 0x000002808a3a3810 code [0x000002808a3a3b20, 0x000002808a3a4da0]
Event: 179.231 Thread 0x00000280ffe31bb0 30179       3       java.util.AbstractList::rangeCheckForAdd (26 bytes)
Event: 179.231 Thread 0x00000280ffe31bb0 nmethod 30179 0x000002808a3a2890 code [0x000002808a3a2b20, 0x000002808a3a34d0]

GC Heap History (20 events):
Event: 164.546 GC heap before
{Heap before GC invocations=77 (full 3):
 garbage-first heap   total 704512K, used 633941K [0x0000000740e00000, 0x0000000800000000)
  region size 2048K, 168 young (344064K), 14 survivors (28672K)
 Metaspace       used 154352K, committed 155968K, reserved 1245184K
  class space    used 22854K, committed 23552K, reserved 1048576K
}
Event: 164.588 GC heap after
{Heap after GC invocations=78 (full 3):
 garbage-first heap   total 704512K, used 347237K [0x0000000740e00000, 0x0000000800000000)
  region size 2048K, 21 young (43008K), 21 survivors (43008K)
 Metaspace       used 154352K, committed 155968K, reserved 1245184K
  class space    used 22854K, committed 23552K, reserved 1048576K
}
Event: 165.550 GC heap before
{Heap before GC invocations=79 (full 3):
 garbage-first heap   total 704512K, used 621669K [0x0000000740e00000, 0x0000000800000000)
  region size 2048K, 155 young (317440K), 21 survivors (43008K)
 Metaspace       used 154435K, committed 156032K, reserved 1245184K
  class space    used 22854K, committed 23552K, reserved 1048576K
}
Event: 165.592 GC heap after
{Heap after GC invocations=80 (full 3):
 garbage-first heap   total 704512K, used 368387K [0x0000000740e00000, 0x0000000800000000)
  region size 2048K, 15 young (30720K), 15 survivors (30720K)
 Metaspace       used 154435K, committed 156032K, reserved 1245184K
  class space    used 22854K, committed 23552K, reserved 1048576K
}
Event: 170.068 GC heap before
{Heap before GC invocations=80 (full 3):
 garbage-first heap   total 704512K, used 634627K [0x0000000740e00000, 0x0000000800000000)
  region size 2048K, 145 young (296960K), 15 survivors (30720K)
 Metaspace       used 156341K, committed 157952K, reserved 1245184K
  class space    used 23119K, committed 23872K, reserved 1048576K
}
Event: 170.119 GC heap after
{Heap after GC invocations=81 (full 3):
 garbage-first heap   total 716800K, used 410371K [0x0000000740e00000, 0x0000000800000000)
  region size 2048K, 19 young (38912K), 19 survivors (38912K)
 Metaspace       used 156341K, committed 157952K, reserved 1245184K
  class space    used 23119K, committed 23872K, reserved 1048576K
}
Event: 170.882 GC heap before
{Heap before GC invocations=81 (full 3):
 garbage-first heap   total 716800K, used 480003K [0x0000000740e00000, 0x0000000800000000)
  region size 2048K, 54 young (110592K), 19 survivors (38912K)
 Metaspace       used 159971K, committed 161536K, reserved 1245184K
  class space    used 23637K, committed 24320K, reserved 1048576K
}
Event: 170.905 GC heap after
{Heap after GC invocations=82 (full 3):
 garbage-first heap   total 716800K, used 408323K [0x0000000740e00000, 0x0000000800000000)
  region size 2048K, 2 young (4096K), 2 survivors (4096K)
 Metaspace       used 159971K, committed 161536K, reserved 1245184K
  class space    used 23637K, committed 24320K, reserved 1048576K
}
Event: 173.151 GC heap before
{Heap before GC invocations=83 (full 3):
 garbage-first heap   total 716800K, used 660227K [0x0000000740e00000, 0x0000000800000000)
  region size 2048K, 119 young (243712K), 2 survivors (4096K)
 Metaspace       used 165827K, committed 167488K, reserved 1245184K
  class space    used 24662K, committed 25408K, reserved 1048576K
}
Event: 173.166 GC heap after
{Heap after GC invocations=84 (full 3):
 garbage-first heap   total 716800K, used 429310K [0x0000000740e00000, 0x0000000800000000)
  region size 2048K, 7 young (14336K), 7 survivors (14336K)
 Metaspace       used 165827K, committed 167488K, reserved 1245184K
  class space    used 24662K, committed 25408K, reserved 1048576K
}
Event: 173.993 GC heap before
{Heap before GC invocations=84 (full 3):
 garbage-first heap   total 716800K, used 654590K [0x0000000740e00000, 0x0000000800000000)
  region size 2048K, 118 young (241664K), 7 survivors (14336K)
 Metaspace       used 166415K, committed 168000K, reserved 1245184K
  class space    used 24756K, committed 25472K, reserved 1048576K
}
Event: 174.030 GC heap after
{Heap after GC invocations=85 (full 3):
 garbage-first heap   total 716800K, used 454703K [0x0000000740e00000, 0x0000000800000000)
  region size 2048K, 15 young (30720K), 15 survivors (30720K)
 Metaspace       used 166415K, committed 168000K, reserved 1245184K
  class space    used 24756K, committed 25472K, reserved 1048576K
}
Event: 174.727 GC heap before
{Heap before GC invocations=85 (full 3):
 garbage-first heap   total 716800K, used 647215K [0x0000000740e00000, 0x0000000800000000)
  region size 2048K, 109 young (223232K), 15 survivors (30720K)
 Metaspace       used 166535K, committed 168192K, reserved 1245184K
  class space    used 24768K, committed 25472K, reserved 1048576K
}
Event: 174.759 GC heap after
{Heap after GC invocations=86 (full 3):
 garbage-first heap   total 720896K, used 496387K [0x0000000740e00000, 0x0000000800000000)
  region size 2048K, 14 young (28672K), 14 survivors (28672K)
 Metaspace       used 166535K, committed 168192K, reserved 1245184K
  class space    used 24768K, committed 25472K, reserved 1048576K
}
Event: 175.580 GC heap before
{Heap before GC invocations=86 (full 3):
 garbage-first heap   total 720896K, used 639747K [0x0000000740e00000, 0x0000000800000000)
  region size 2048K, 84 young (172032K), 14 survivors (28672K)
 Metaspace       used 166621K, committed 168256K, reserved 1245184K
  class space    used 24771K, committed 25472K, reserved 1048576K
}
Event: 175.620 GC heap after
{Heap after GC invocations=87 (full 3):
 garbage-first heap   total 722944K, used 549635K [0x0000000740e00000, 0x0000000800000000)
  region size 2048K, 11 young (22528K), 11 survivors (22528K)
 Metaspace       used 166621K, committed 168256K, reserved 1245184K
  class space    used 24771K, committed 25472K, reserved 1048576K
}
Event: 176.698 GC heap before
{Heap before GC invocations=88 (full 3):
 garbage-first heap   total 919552K, used 645891K [0x0000000740e00000, 0x0000000800000000)
  region size 2048K, 58 young (118784K), 11 survivors (22528K)
 Metaspace       used 167275K, committed 168896K, reserved 1245184K
  class space    used 24879K, committed 25600K, reserved 1048576K
}
Event: 176.725 GC heap after
{Heap after GC invocations=89 (full 3):
 garbage-first heap   total 919552K, used 575235K [0x0000000740e00000, 0x0000000800000000)
  region size 2048K, 8 young (16384K), 8 survivors (16384K)
 Metaspace       used 167275K, committed 168896K, reserved 1245184K
  class space    used 24879K, committed 25600K, reserved 1048576K
}
Event: 178.760 GC heap before
{Heap before GC invocations=89 (full 3):
 garbage-first heap   total 919552K, used 773891K [0x0000000740e00000, 0x0000000800000000)
  region size 2048K, 106 young (217088K), 8 survivors (16384K)
 Metaspace       used 170553K, committed 172224K, reserved 1245184K
  class space    used 25324K, committed 26048K, reserved 1048576K
}
Event: 178.791 GC heap after
{Heap after GC invocations=90 (full 3):
 garbage-first heap   total 919552K, used 583196K [0x0000000740e00000, 0x0000000800000000)
  region size 2048K, 9 young (18432K), 9 survivors (18432K)
 Metaspace       used 170553K, committed 172224K, reserved 1245184K
  class space    used 25324K, committed 26048K, reserved 1048576K
}

Dll operation events (20 events):
Event: 0.021 Loaded shared library C:\Users\Admin\.jdks\corretto-21.0.8\bin\java.dll
Event: 0.026 Loaded shared library C:\Users\Admin\.jdks\corretto-21.0.8\bin\zip.dll
Event: 0.065 Loaded shared library C:\Users\Admin\.jdks\corretto-21.0.8\bin\jsvml.dll
Event: 0.622 Loaded shared library C:\Users\Admin\.jdks\corretto-21.0.8\bin\instrument.dll
Event: 0.780 Loaded shared library C:\Users\Admin\.jdks\corretto-21.0.8\bin\net.dll
Event: 0.785 Loaded shared library C:\Users\Admin\.jdks\corretto-21.0.8\bin\nio.dll
Event: 0.802 Loaded shared library C:\Users\Admin\.jdks\corretto-21.0.8\bin\zip.dll
Event: 1.238 Loaded shared library C:\Users\Admin\.jdks\corretto-21.0.8\bin\jimage.dll
Event: 3.101 Loaded shared library C:\Users\Admin\.jdks\corretto-21.0.8\bin\management.dll
Event: 3.109 Loaded shared library C:\Users\Admin\.jdks\corretto-21.0.8\bin\management_ext.dll
Event: 3.846 Loaded shared library C:\Users\Admin\.jdks\corretto-21.0.8\bin\verify.dll
Event: 52.339 Loaded shared library C:\Users\Admin\AppData\Local\Temp\lwjgl_Admin\3.3.3-snapshot\x64\lwjgl.dll
Event: 61.518 Loaded shared library C:\Users\Admin\AppData\Local\Temp\jna-63116079\jna4400112213333555564.dll
Event: 78.663 Loaded shared library C:\Users\Admin\.jdks\corretto-21.0.8\bin\sunmscapi.dll
Event: 79.147 Loaded shared library C:\Users\Admin\.jdks\corretto-21.0.8\bin\extnet.dll
Event: 81.936 Loaded shared library C:\Users\Admin\.jdks\corretto-21.0.8\bin\awt.dll
Event: 88.229 Loaded shared library C:\Users\Admin\AppData\Local\Temp\lwjgl_Admin\3.3.3-snapshot\x64\lwjgl_opengl.dll
Event: 89.223 Loaded shared library C:\Users\Admin\AppData\Local\Temp\lwjgl_Admin\3.3.3-snapshot\x64\lwjgl_stb.dll
Event: 95.821 Loaded shared library C:\Users\Admin\.jdks\corretto-21.0.8\bin\freetype.dll
Event: 95.850 Loaded shared library C:\Users\Admin\.jdks\corretto-21.0.8\bin\fontmanager.dll

Deoptimization events (20 events):
Event: 179.209 Thread 0x000002811cf779f0 DEOPT PACKING pc=0x0000028088ebcdf1 sp=0x000000f172cf9b70
Event: 179.209 Thread 0x000002811cf779f0 DEOPT UNPACKING pc=0x000002808fbc4e23 sp=0x000000f172cf90a8 mode 1
Event: 179.209 Thread 0x000002811cf779f0 DEOPT PACKING pc=0x000002808a1e5324 sp=0x000000f172cf9db0
Event: 179.209 Thread 0x000002811cf779f0 DEOPT UNPACKING pc=0x000002808fbc4e23 sp=0x000000f172cf9258 mode 1
Event: 179.209 Thread 0x000002811cf779f0 DEOPT PACKING pc=0x0000028088ebcdf1 sp=0x000000f172cf9290
Event: 179.209 Thread 0x000002811cf779f0 DEOPT UNPACKING pc=0x000002808fbc4e23 sp=0x000000f172cf87c8 mode 1
Event: 179.209 Thread 0x000002811cf779f0 DEOPT PACKING pc=0x000002808a1e5324 sp=0x000000f172cf94d0
Event: 179.209 Thread 0x000002811cf779f0 DEOPT UNPACKING pc=0x000002808fbc4e23 sp=0x000000f172cf8978 mode 1
Event: 179.210 Thread 0x000002811cf779f0 DEOPT PACKING pc=0x0000028088ebcdf1 sp=0x000000f172cfda10
Event: 179.210 Thread 0x000002811cf779f0 DEOPT UNPACKING pc=0x000002808fbc4e23 sp=0x000000f172cfcf48 mode 1
Event: 179.210 Thread 0x000002811cf779f0 DEOPT PACKING pc=0x000002808a1e5324 sp=0x000000f172cfdc50
Event: 179.210 Thread 0x000002811cf779f0 DEOPT UNPACKING pc=0x000002808fbc4e23 sp=0x000000f172cfd0f8 mode 1
Event: 179.210 Thread 0x000002811cb62980 DEOPT PACKING pc=0x0000028088ebcdf1 sp=0x000000f172dfdeb0
Event: 179.210 Thread 0x000002811cb62980 DEOPT UNPACKING pc=0x000002808fbc4e23 sp=0x000000f172dfd3e8 mode 1
Event: 179.210 Thread 0x000002811cb62980 DEOPT PACKING pc=0x000002808a1e5324 sp=0x000000f172dfe140
Event: 179.210 Thread 0x000002811cb62980 DEOPT UNPACKING pc=0x000002808fbc4e23 sp=0x000000f172dfd5e8 mode 1
Event: 179.226 Thread 0x00000280e1e46230 Uncommon trap: trap_request=0xffffffde fr.pc=0x0000028091011d28 relative=0x00000000000002c8
Event: 179.226 Thread 0x00000280e1e46230 Uncommon trap: reason=class_check action=maybe_recompile pc=0x0000028091011d28 method=it.unimi.dsi.fastutil.objects.Object2ObjectOpenHashMap.containsKey(Ljava/lang/Object;)Z @ 16 c2
Event: 179.226 Thread 0x00000280e1e46230 DEOPT PACKING pc=0x0000028091011d28 sp=0x000000f16f8fe6f0
Event: 179.226 Thread 0x00000280e1e46230 DEOPT UNPACKING pc=0x000002808fbc469c sp=0x000000f16f8fe690 mode 2

Classes loaded (20 events):
Event: 178.571 Loading class net/minecraft/entity/EntityData
Event: 178.571 Loading class net/minecraft/entity/EntityData done
Event: 178.571 Loading class net/minecraft/entity/EntityData
Event: 178.571 Loading class net/minecraft/entity/EntityData done
Event: 178.573 Loading class net/minecraft/world/ServerWorldAccess
Event: 178.573 Loading class net/minecraft/world/ServerWorldAccess done
Event: 178.573 Loading class net/minecraft/entity/Entity
Event: 178.573 Loading class net/minecraft/entity/Entity done
Event: 178.573 Loading class net/minecraft/entity/Entity
Event: 178.573 Loading class net/minecraft/entity/Entity done
Event: 178.669 Loading class net/minecraft/item/ItemStack
Event: 178.669 Loading class net/minecraft/item/ItemStack done
Event: 178.669 Loading class net/minecraft/item/ItemStack
Event: 178.669 Loading class net/minecraft/item/ItemStack done
Event: 178.703 Loading class net/minecraft/entity/LivingEntity
Event: 178.703 Loading class net/minecraft/entity/LivingEntity done
Event: 178.916 Loading class net/minecraft/entity/ai/control/LookControl
Event: 178.916 Loading class net/minecraft/entity/ai/control/LookControl done
Event: 178.943 Loading class net/minecraft/entity/ai/control/LookControl
Event: 178.943 Loading class net/minecraft/entity/ai/control/LookControl done

Classes unloaded (0 events):
No events

Classes redefined (1 events):
Event: 0.673 Thread 0x00000280f9a7de80 redefined class name=java.lang.Throwable, count=1

Internal exceptions (20 events):
Event: 177.300 Thread 0x00000280f9aace40 Exception <a 'java/lang/NoSuchMethodError'{0x0000000773191328}: 'int java.lang.invoke.DirectMethodHandle$Holder.invokeStatic(java.lang.Object, java.lang.Object, int, int)'> (0x0000000773191328) 
thrown [s\src\hotspot\share\interpreter\linkResolver.cpp, line 773]
Event: 177.301 Thread 0x00000280e1e4cb30 Exception <a 'java/lang/NoSuchMethodError'{0x00000007731ec7a0}: 'java.lang.Object java.lang.invoke.DirectMethodHandle$Holder.invokeStatic(java.lang.Object, java.lang.Object, java.lang.Object, float, java.lang.Object)'> (0x00000007731ec7a0) 
thrown [s\src\hotspot\share\interpreter\linkResolver.cpp, line 773]
Event: 177.343 Thread 0x00000280e1e4cb30 Exception <a 'java/lang/NoSuchMethodError'{0x0000000772eb9e58}: 'java.lang.Object java.lang.invoke.DirectMethodHandle$Holder.invokeStatic(java.lang.Object, java.lang.Object, java.lang.Object, java.lang.Object, int, java.lang.Object, java.lang.Object)'> (0x0000000772eb9e58) 
thrown [s\src\hotspot\share\interpreter\linkResolver.cpp, line 773]
Event: 177.350 Thread 0x00000280f9aace40 Exception <a 'java/lang/IncompatibleClassChangeError'{0x0000000772e97898}: Found class java.lang.Object, but interface was expected> (0x0000000772e97898) 
thrown [s\src\hotspot\share\interpreter\linkResolver.cpp, line 840]
Event: 177.356 Thread 0x00000280e1e4cb30 Exception <a 'java/lang/NoSuchMethodError'{0x0000000772f1f840}: 'java.lang.Object java.lang.invoke.DirectMethodHandle$Holder.invokeStatic(java.lang.Object, java.lang.Object, int, java.lang.Object, java.lang.Object, java.lang.Object, java.lang.Object)'> (0x0000000772f1f840) 
thrown [s\src\hotspot\share\interpreter\linkResolver.cpp, line 773]
Event: 177.380 Thread 0x00000280e1e4cb30 Exception <a 'java/lang/NoSuchMethodError'{0x0000000772c29580}: 'java.lang.Object java.lang.invoke.DirectMethodHandle$Holder.invokeStatic(java.lang.Object, java.lang.Object, java.lang.Object, int, java.lang.Object, java.lang.Object, java.lang.Object, java.lang.Object)'> (0x0000000772c29580) 
thrown [s\src\hotspot\share\interpreter\linkResolver.cpp, line 773]
Event: 177.423 Thread 0x00000280f9aace40 Exception <a 'java/lang/NoSuchMethodError'{0x00000007728da448}: 'void java.lang.invoke.DirectMethodHandle$Holder.invokeVirtual(java.lang.Object, java.lang.Object, long, int)'> (0x00000007728da448) 
thrown [s\src\hotspot\share\interpreter\linkResolver.cpp, line 773]
Event: 177.503 Thread 0x00000280f9aace40 Exception <a 'java/lang/NoSuchMethodError'{0x000000077248bdb0}: 'java.lang.Object java.lang.invoke.DirectMethodHandle$Holder.invokeStatic(java.lang.Object, java.lang.Object, float)'> (0x000000077248bdb0) 
thrown [s\src\hotspot\share\interpreter\linkResolver.cpp, line 773]
Event: 177.601 Thread 0x00000280ec4308d0 Exception <a 'java/lang/NoSuchMethodError'{0x0000000771e57ab8}: 'int java.lang.invoke.DirectMethodHandle$Holder.invokeSpecial(java.lang.Object, java.lang.Object, java.lang.Object, java.lang.Object, java.lang.Object, java.lang.Object, java.lang.Object)'> (0x0000000771e57ab8) 
thrown [s\src\hotspot\share\interpreter\linkResolver.cpp, line 773]
Event: 177.605 Thread 0x00000280e1e4cb30 Exception <a 'java/lang/NoSuchMethodError'{0x0000000771e4ae28}: 'int java.lang.invoke.DirectMethodHandle$Holder.invokeInterface(java.lang.Object, java.lang.Object, java.lang.Object, java.lang.Object)'> (0x0000000771e4ae28) 
thrown [s\src\hotspot\share\interpreter\linkResolver.cpp, line 773]
Event: 177.606 Thread 0x00000280e1e4cb30 Exception <a 'java/lang/IncompatibleClassChangeError'{0x0000000771e4e2a8}: Found class java.lang.Object, but interface was expected> (0x0000000771e4e2a8) 
thrown [s\src\hotspot\share\interpreter\linkResolver.cpp, line 840]
Event: 177.625 Thread 0x00000280e1e4cb30 Exception <a 'java/lang/NoSuchMethodError'{0x0000000771fa45e0}: 'java.lang.Object java.lang.invoke.DirectMethodHandle$Holder.invokeStatic(java.lang.Object, float, java.lang.Object)'> (0x0000000771fa45e0) 
thrown [s\src\hotspot\share\interpreter\linkResolver.cpp, line 773]
Event: 177.690 Thread 0x00000280f4a548a0 Implicit null exception at 0x000002809146738c to 0x0000028091467420
Event: 178.122 Thread 0x00000280e1e4cb30 Exception <a 'java/lang/IncompatibleClassChangeError'{0x000000076d1b2708}: Found class java.lang.Object, but interface was expected> (0x000000076d1b2708) 
thrown [s\src\hotspot\share\interpreter\linkResolver.cpp, line 840]
Event: 178.139 Thread 0x00000280f9aace40 Implicit null exception at 0x0000028091203561 to 0x0000028091203b08
Event: 178.139 Thread 0x00000280f9aace40 Implicit null exception at 0x00000280912726e0 to 0x0000028091272a10
Event: 178.139 Thread 0x00000280f9aace40 Implicit null exception at 0x0000028090b44a60 to 0x0000028090b44d4c
Event: 178.158 Thread 0x00000280f9aace40 Exception <a 'java/lang/NoSuchMethodError'{0x000000076cf4e208}: 'java.lang.Object java.lang.invoke.DirectMethodHandle$Holder.invokeStatic(java.lang.Object, java.lang.Object, java.lang.Object, int, java.lang.Object, java.lang.Object)'> (0x000000076cf4e208) 
thrown [s\src\hotspot\share\interpreter\linkResolver.cpp, line 773]
Event: 178.573 Thread 0x00000280e1e4cb30 Exception <a 'java/lang/IncompatibleClassChangeError'{0x000000076bbc4528}: Found class java.lang.Object, but interface was expected> (0x000000076bbc4528) 
thrown [s\src\hotspot\share\interpreter\linkResolver.cpp, line 840]
Event: 178.943 Thread 0x00000280f4a548a0 Exception <a 'sun/nio/fs/WindowsException'{0x000000077689d610}> (0x000000077689d610) 
thrown [s\src\hotspot\share\prims\jni.cpp, line 520]

ZGC Phase Switch (0 events):
No events

VM Operations (20 events):
Event: 176.697 Executing VM operation: G1CollectForAllocation (G1 Evacuation Pause)
Event: 176.725 Executing VM operation: G1CollectForAllocation (G1 Evacuation Pause) done
Event: 176.933 Executing VM operation: HandshakeAllThreads (Deoptimize)
Event: 176.962 Executing VM operation: HandshakeAllThreads (Deoptimize) done
Event: 177.056 Executing VM operation: HandshakeAllThreads (Deoptimize)
Event: 177.056 Executing VM operation: HandshakeAllThreads (Deoptimize) done
Event: 177.233 Executing VM operation: HandshakeAllThreads (Deoptimize)
Event: 177.233 Executing VM operation: HandshakeAllThreads (Deoptimize) done
Event: 177.349 Executing VM operation: HandshakeAllThreads (Deoptimize)
Event: 177.349 Executing VM operation: HandshakeAllThreads (Deoptimize) done
Event: 177.590 Executing VM operation: ICBufferFull
Event: 177.590 Executing VM operation: ICBufferFull done
Event: 178.005 Executing VM operation: ICBufferFull
Event: 178.005 Executing VM operation: ICBufferFull done
Event: 178.288 Executing VM operation: ICBufferFull
Event: 178.288 Executing VM operation: ICBufferFull done
Event: 178.576 Executing VM operation: ICBufferFull
Event: 178.576 Executing VM operation: ICBufferFull done
Event: 178.760 Executing VM operation: G1CollectForAllocation (G1 Evacuation Pause)
Event: 178.791 Executing VM operation: G1CollectForAllocation (G1 Evacuation Pause) done

Memory protections (0 events):
No events

Nmethod flushes (20 events):
Event: 175.711 Thread 0x00000280f9a7de80 flushing  nmethod 0x0000028089535c90
Event: 175.711 Thread 0x00000280f9a7de80 flushing  nmethod 0x000002808962b490
Event: 175.711 Thread 0x00000280f9a7de80 flushing  nmethod 0x0000028089637410
Event: 175.711 Thread 0x00000280f9a7de80 flushing  nmethod 0x0000028089701990
Event: 175.711 Thread 0x00000280f9a7de80 flushing  nmethod 0x0000028089744990
Event: 175.711 Thread 0x00000280f9a7de80 flushing  nmethod 0x000002808978c010
Event: 175.711 Thread 0x00000280f9a7de80 flushing  nmethod 0x00000280899ec590
Event: 175.711 Thread 0x00000280f9a7de80 flushing  nmethod 0x0000028089b5d490
Event: 175.711 Thread 0x00000280f9a7de80 flushing  nmethod 0x0000028089b81410
Event: 175.712 Thread 0x00000280f9a7de80 flushing  nmethod 0x0000028089ecd790
Event: 175.712 Thread 0x00000280f9a7de80 flushing  nmethod 0x000002808a227810
Event: 175.712 Thread 0x00000280f9a7de80 flushing  nmethod 0x000002808a254f10
Event: 175.712 Thread 0x00000280f9a7de80 flushing  nmethod 0x000002808a5e7310
Event: 175.712 Thread 0x00000280f9a7de80 flushing  nmethod 0x000002808a5ebe90
Event: 175.712 Thread 0x00000280f9a7de80 flushing  nmethod 0x000002808a62cb90
Event: 175.712 Thread 0x00000280f9a7de80 flushing  nmethod 0x000002808a62e190
Event: 175.712 Thread 0x00000280f9a7de80 flushing  nmethod 0x000002808a644a10
Event: 175.712 Thread 0x00000280f9a7de80 flushing  nmethod 0x000002808a64ef90
Event: 175.712 Thread 0x00000280f9a7de80 flushing  nmethod 0x000002808a6a3190
Event: 175.712 Thread 0x00000280f9a7de80 flushing  nmethod 0x000002808a6a5f10

Events (20 events):
Event: 164.967 Thread 0x00000280e6e76c40 Thread exited: 0x00000280e6e76c40
Event: 165.167 Thread 0x00000280ebb25060 Thread exited: 0x00000280ebb25060
Event: 165.908 Thread 0x00000280ffe31bb0 Thread added: 0x00000280ebb27270
Event: 166.182 Thread 0x00000280ebb27270 Thread exited: 0x00000280ebb27270
Event: 166.484 Thread 0x00000280ffe31bb0 Thread added: 0x00000280ebb286e0
Event: 166.743 Thread 0x00000280ebb286e0 Thread exited: 0x00000280ebb286e0
Event: 168.702 Thread 0x00000280e1e46230 Thread added: 0x00000280f4332690
Event: 168.782 Thread 0x00000280ffe31bb0 Thread added: 0x00000280ebb27940
Event: 169.476 Thread 0x00000280edc16ab0 Thread added: 0x000002812700ab00
Event: 169.476 Thread 0x00000280edc16ab0 Thread added: 0x000002812700cbd0
Event: 170.161 Thread 0x00000280e1e4cb30 Thread added: 0x00000280ec438790
Event: 170.727 Thread 0x00000280f9aace40 Thread added: 0x00000280e9329d40
Event: 170.799 Thread 0x00000280f9aace40 Thread added: 0x000002811cf779f0
Event: 170.819 Thread 0x00000280e9329d40 Thread added: 0x000002811cb62980
Event: 171.805 Thread 0x00000280ebb27940 Thread exited: 0x00000280ebb27940
Event: 172.172 Thread 0x00000280ffe31bb0 Thread added: 0x00000280ebb2b690
Event: 172.622 Thread 0x00000280ebe819e0 Thread exited: 0x00000280ebe819e0
Event: 172.622 Thread 0x00000280f9aace40 Thread added: 0x00000280f4eb5fa0
Event: 172.953 Thread 0x00000280f9aace40 Thread added: 0x00000280ec4308d0
Event: 176.846 Thread 0x00000280f9aace40 Thread added: 0x00000280ec42dc70


Dynamic libraries:
0x00007ff7e55b0000 - 0x00007ff7e55be000 	C:\Users\Admin\.jdks\corretto-21.0.8\bin\java.exe
0x00007fff0bc10000 - 0x00007fff0be26000 	C:\Windows\SYSTEM32\ntdll.dll
0x00007fff0a310000 - 0x00007fff0a3d4000 	C:\Windows\System32\KERNEL32.DLL
0x00007fff093a0000 - 0x00007fff09747000 	C:\Windows\System32\KERNELBASE.dll
0x00007fff08f30000 - 0x00007fff09041000 	C:\Windows\System32\ucrtbase.dll
0x00007ffed8470000 - 0x00007ffed848b000 	C:\Users\Admin\.jdks\corretto-21.0.8\bin\VCRUNTIME140.dll
0x00007ffed82f0000 - 0x00007ffed8308000 	C:\Users\Admin\.jdks\corretto-21.0.8\bin\jli.dll
0x00007fff0b2e0000 - 0x00007fff0b48e000 	C:\Windows\System32\USER32.dll
0x00007fff09910000 - 0x00007fff09936000 	C:\Windows\System32\win32u.dll
0x00007fff0a230000 - 0x00007fff0a259000 	C:\Windows\System32\GDI32.dll
0x00007fff09750000 - 0x00007fff09869000 	C:\Windows\System32\gdi32full.dll
0x00007fff09870000 - 0x00007fff0990a000 	C:\Windows\System32\msvcp_win.dll
0x00007ffef4fc0000 - 0x00007ffef5253000 	C:\Windows\WinSxS\amd64_microsoft.windows.common-controls_6595b64144ccf1df_6.0.22621.3235_none_270f74e173860f98\COMCTL32.dll
0x00007fff0a260000 - 0x00007fff0a307000 	C:\Windows\System32\msvcrt.dll
0x00007fff0bb90000 - 0x00007fff0bbc1000 	C:\Windows\System32\IMM32.DLL
0x00007ffeedd50000 - 0x00007ffeedd5c000 	C:\Users\Admin\.jdks\corretto-21.0.8\bin\vcruntime140_1.dll
0x00007ffe989f0000 - 0x00007ffe98a7d000 	C:\Users\Admin\.jdks\corretto-21.0.8\bin\msvcp140.dll
0x00007ffe97c40000 - 0x00007ffe989e7000 	C:\Users\Admin\.jdks\corretto-21.0.8\bin\server\jvm.dll
0x00007fff0b220000 - 0x00007fff0b2d2000 	C:\Windows\System32\ADVAPI32.dll
0x00007fff09ca0000 - 0x00007fff09d48000 	C:\Windows\System32\sechost.dll
0x00007fff09050000 - 0x00007fff09078000 	C:\Windows\System32\bcrypt.dll
0x00007fff0b490000 - 0x00007fff0b5a5000 	C:\Windows\System32\RPCRT4.dll
0x00007fff0b0a0000 - 0x00007fff0b111000 	C:\Windows\System32\WS2_32.dll
0x00007fff08c50000 - 0x00007fff08c9d000 	C:\Windows\SYSTEM32\POWRPROF.dll
0x00007fff029c0000 - 0x00007fff029f4000 	C:\Windows\SYSTEM32\WINMM.dll
0x00007fff01db0000 - 0x00007fff01dba000 	C:\Windows\SYSTEM32\VERSION.dll
0x00007fff08c30000 - 0x00007fff08c43000 	C:\Windows\SYSTEM32\UMPDC.dll
0x00007fff07f80000 - 0x00007fff07f98000 	C:\Windows\SYSTEM32\kernel.appcore.dll
0x00007ffeed0e0000 - 0x00007ffeed0ea000 	C:\Users\Admin\.jdks\corretto-21.0.8\bin\jimage.dll
0x00007ffefd260000 - 0x00007ffefd493000 	C:\Windows\SYSTEM32\DBGHELP.DLL
0x00007fff0ad10000 - 0x00007fff0b098000 	C:\Windows\System32\combase.dll
0x00007fff0b5b0000 - 0x00007fff0b687000 	C:\Windows\System32\OLEAUT32.dll
0x00007ffeef010000 - 0x00007ffeef042000 	C:\Windows\SYSTEM32\dbgcore.DLL
0x00007fff092b0000 - 0x00007fff09329000 	C:\Windows\System32\bcryptPrimitives.dll
0x00007ffed8310000 - 0x00007ffed834c000 	C:\Users\Admin\.jdks\corretto-21.0.8\bin\jdwp.dll
0x00007ffeebe20000 - 0x00007ffeebe2e000 	C:\Users\Admin\.jdks\corretto-21.0.8\bin\instrument.dll
0x00007ffed8280000 - 0x00007ffed829f000 	C:\Users\Admin\.jdks\corretto-21.0.8\bin\java.dll
0x00007ffecb2b0000 - 0x00007ffecb2c8000 	C:\Users\Admin\.jdks\corretto-21.0.8\bin\zip.dll
0x00007fff0a4b0000 - 0x00007fff0ad0c000 	C:\Windows\System32\SHELL32.dll
0x00007fff06eb0000 - 0x00007fff077a9000 	C:\Windows\SYSTEM32\windows.storage.dll
0x00007fff06d70000 - 0x00007fff06eae000 	C:\Windows\SYSTEM32\wintypes.dll
0x00007fff09b00000 - 0x00007fff09bf3000 	C:\Windows\System32\SHCORE.dll
0x00007fff0b690000 - 0x00007fff0b6ee000 	C:\Windows\System32\shlwapi.dll
0x00007fff08e60000 - 0x00007fff08e81000 	C:\Windows\SYSTEM32\profapi.dll
0x00007ffe97b60000 - 0x00007ffe97c37000 	C:\Users\Admin\.jdks\corretto-21.0.8\bin\jsvml.dll
0x00007ffef9ac0000 - 0x00007ffef9acb000 	C:\Users\Admin\.jdks\corretto-21.0.8\bin\dt_socket.dll
0x00007fff07a10000 - 0x00007fff07a3d000 	C:\Windows\SYSTEM32\IPHLPAPI.DLL
0x00007fff083f0000 - 0x00007fff08459000 	C:\Windows\system32\mswsock.dll
0x00007ffee6e00000 - 0x00007ffee6e10000 	C:\Users\Admin\.jdks\corretto-21.0.8\bin\net.dll
0x00007fff01650000 - 0x00007fff01786000 	C:\Windows\SYSTEM32\WINHTTP.dll
0x00007ffeb8ed0000 - 0x00007ffeb8ee6000 	C:\Users\Admin\.jdks\corretto-21.0.8\bin\nio.dll
0x00007ffee1a70000 - 0x00007ffee1a79000 	C:\Users\Admin\.jdks\corretto-21.0.8\bin\management.dll
0x00007ffedfa50000 - 0x00007ffedfa5b000 	C:\Users\Admin\.jdks\corretto-21.0.8\bin\management_ext.dll
0x00007fff09db0000 - 0x00007fff09db8000 	C:\Windows\System32\PSAPI.DLL
0x00007ffeee9f0000 - 0x00007ffeeea07000 	C:\Windows\system32\napinsp.dll
0x00007ffeedad0000 - 0x00007ffeedaeb000 	C:\Windows\system32\pnrpnsp.dll
0x00007fff07a80000 - 0x00007fff07b79000 	C:\Windows\SYSTEM32\DNSAPI.dll
0x00007fff09dc0000 - 0x00007fff09dc9000 	C:\Windows\System32\NSI.dll
0x00007ffeeda30000 - 0x00007ffeeda41000 	C:\Windows\System32\winrnr.dll
0x00007ffef4510000 - 0x00007ffef4525000 	C:\Windows\system32\wshbth.dll
0x00007ffeec780000 - 0x00007ffeec7a1000 	C:\Windows\system32\nlansp_c.dll
0x00007ffefded0000 - 0x00007ffefdeda000 	C:\Windows\System32\rasadhlp.dll
0x00007ffefec30000 - 0x00007ffefecb3000 	C:\Windows\System32\fwpuclnt.dll
0x00007ffee44d0000 - 0x00007ffee44e0000 	C:\Users\Admin\.jdks\corretto-21.0.8\bin\verify.dll
0x00007fff08650000 - 0x00007fff0866b000 	C:\Windows\SYSTEM32\CRYPTSP.dll
0x00007fff07ee0000 - 0x00007fff07f15000 	C:\Windows\system32\rsaenh.dll
0x00007fff084e0000 - 0x00007fff08508000 	C:\Windows\SYSTEM32\USERENV.dll
0x00007fff08640000 - 0x00007fff0864c000 	C:\Windows\SYSTEM32\CRYPTBASE.dll
0x00007ffeb03f0000 - 0x00007ffeb046b000 	C:\Users\Admin\AppData\Local\Temp\lwjgl_Admin\3.3.3-snapshot\x64\lwjgl.dll
0x00007fff065d0000 - 0x00007fff06609000 	C:\Windows\SYSTEM32\dxcore.dll
0x00007ffeaa480000 - 0x00007ffeaa6f0000 	C:\Users\Admin\AppData\Local\Temp\lwjgl_Admin\3.3.3-snapshot\x64\jemalloc.dll
0x00007ffeb03a0000 - 0x00007ffeb03e9000 	C:\Users\Admin\AppData\Local\Temp\jna-63116079\jna4400112213333555564.dll
0x00007fff09e60000 - 0x00007fff0a005000 	C:\Windows\System32\Ole32.dll
0x00007fff0a3e0000 - 0x00007fff0a490000 	C:\Windows\System32\clbcatq.dll
0x00007ffefc000000 - 0x00007ffefc050000 	C:\Windows\SYSTEM32\Pdh.dll
0x00007ffef58e0000 - 0x00007ffef58f0000 	C:\Windows\System32\perfos.dll
0x00007fff064c0000 - 0x00007fff064d0000 	C:\Windows\SYSTEM32\pfclient.dll
0x00007ffec6f00000 - 0x00007ffec6f0e000 	C:\Users\Admin\.jdks\corretto-21.0.8\bin\sunmscapi.dll
0x00007fff09080000 - 0x00007fff091e6000 	C:\Windows\System32\CRYPT32.dll
0x00007fff08800000 - 0x00007fff0882e000 	C:\Windows\SYSTEM32\ncrypt.dll
0x00007fff087c0000 - 0x00007fff087f7000 	C:\Windows\SYSTEM32\NTASN1.dll
0x00007ffeaa3e0000 - 0x00007ffeaa47c000 	C:\Users\Admin\Desktop\luxury2\build\resources\main\win32-x86-64\discord-rpc.dll
0x00007ffed8900000 - 0x00007ffed8909000 	C:\Users\Admin\.jdks\corretto-21.0.8\bin\extnet.dll
0x00007ffeb6920000 - 0x00007ffeb6928000 	C:\Windows\system32\wshunix.dll
0x00007ffeaa250000 - 0x00007ffeaa3de000 	C:\Users\Admin\.jdks\corretto-21.0.8\bin\awt.dll
0x00007fff06300000 - 0x00007fff06397000 	C:\Windows\SYSTEM32\apphelp.dll
0x00007fff064d0000 - 0x00007fff0657b000 	C:\Windows\system32\uxtheme.dll
0x00007fff0a060000 - 0x00007fff0a1b3000 	C:\Windows\System32\MSCTF.dll
0x00007fff06900000 - 0x00007fff0692b000 	C:\Windows\system32\DWMAPI.DLL
0x00007ffeb5590000 - 0x00007ffeb5612000 	C:\Users\Admin\AppData\Local\Temp\lwjgl_Admin\3.3.3-snapshot\x64\glfw.dll
0x00007ffeb4960000 - 0x00007ffeb49a6000 	C:\Windows\SYSTEM32\dinput8.dll
0x00007ffed8910000 - 0x00007ffed8921000 	C:\Windows\SYSTEM32\xinput1_4.dll
0x00007fff08ba0000 - 0x00007fff08bee000 	C:\Windows\SYSTEM32\cfgmgr32.dll
0x00007fff08b70000 - 0x00007fff08b9c000 	C:\Windows\SYSTEM32\DEVOBJ.dll
0x00007ffeef890000 - 0x00007ffeefa9a000 	C:\Windows\SYSTEM32\inputhost.dll
0x00007fff05c00000 - 0x00007fff05d34000 	C:\Windows\SYSTEM32\CoreMessaging.dll
0x00007ffeb06e0000 - 0x00007ffeb07e0000 	C:\Windows\SYSTEM32\opengl32.dll
0x00007ffee5f60000 - 0x00007ffee5f8d000 	C:\Windows\SYSTEM32\GLU32.dll
0x00007fff02830000 - 0x00007fff02967000 	C:\Windows\System32\AppXDeploymentClient.dll
0x00007ffe84720000 - 0x00007ffe86d08000 	C:\Windows\System32\DriverStore\FileRepository\nv_dispig.inf_amd64_0afec3f2050014a0\nvoglv64.dll
0x00007fff0b710000 - 0x00007fff0bb84000 	C:\Windows\System32\SETUPAPI.dll
0x00007fff07d40000 - 0x00007fff07d54000 	C:\Windows\SYSTEM32\WTSAPI32.dll
0x00007fff086a0000 - 0x00007fff086b2000 	C:\Windows\SYSTEM32\msasn1.dll
0x00007fff01d50000 - 0x00007fff01d82000 	C:\Windows\SYSTEM32\cryptnet.dll
0x00007fff08710000 - 0x00007fff08758000 	C:\Windows\SYSTEM32\wldp.dll
0x00007fff01790000 - 0x00007fff018e8000 	C:\Windows\SYSTEM32\drvstore.dll
0x00007fff09330000 - 0x00007fff0939b000 	C:\Windows\System32\WINTRUST.dll
0x00007fff07fa0000 - 0x00007fff07fd4000 	C:\Windows\SYSTEM32\ntmarta.dll
0x00007fff09c80000 - 0x00007fff09c9f000 	C:\Windows\System32\imagehlp.dll
0x00007ffef7a10000 - 0x00007ffef99fe000 	C:\Windows\System32\DriverStore\FileRepository\nv_dispig.inf_amd64_0afec3f2050014a0\nvgpucomp64.dll
0x00007fff08b00000 - 0x00007fff08b66000 	C:\Windows\SYSTEM32\WINSTA.dll
0x00007ffeeeb20000 - 0x00007ffeeec6a000 	C:\Windows\SYSTEM32\textinputframework.dll
0x00007ffeb0490000 - 0x00007ffeb04ee000 	C:\Users\Admin\AppData\Local\Temp\lwjgl_Admin\3.3.3-snapshot\x64\lwjgl_opengl.dll
0x00007ffeb0310000 - 0x00007ffeb0392000 	C:\Users\Admin\AppData\Local\Temp\lwjgl_Admin\3.3.3-snapshot\x64\lwjgl_stb.dll
0x00007ffefee30000 - 0x00007ffefeeec000 	C:\Windows\SYSTEM32\mscms.dll
0x00007ffeb02c0000 - 0x00007ffeb0309000 	C:\Windows\SYSTEM32\icm32.dll
0x00007ffefde90000 - 0x00007ffefdea0000 	C:\Windows\system32\wbem\wbemprox.dll
0x00007ffef4be0000 - 0x00007ffef4c60000 	C:\Windows\SYSTEM32\wbemcomn.dll
0x00007ffefcc90000 - 0x00007ffefcca4000 	C:\Windows\system32\wbem\wbemsvc.dll
0x00007ffefbb00000 - 0x00007ffefbbf8000 	C:\Windows\system32\wbem\fastprox.dll
0x00007ffea8b40000 - 0x00007ffea8d07000 	C:\Users\Admin\AppData\Local\Temp\lwjgl_Admin\3.3.3-snapshot\x64\OpenAL.dll
0x00007fff015b0000 - 0x00007fff0164d000 	C:\Windows\System32\MMDevApi.dll
0x00007ffead900000 - 0x00007ffead987000 	C:\Users\Admin\.jdks\corretto-21.0.8\bin\freetype.dll
0x00007ffea8a50000 - 0x00007ffea8b3b000 	C:\Users\Admin\.jdks\corretto-21.0.8\bin\fontmanager.dll
0x00007fff019b0000 - 0x00007fff01d1c000 	C:\Windows\SYSTEM32\CoreUIComponents.dll
0x00007ffeedaf0000 - 0x00007ffeedba0000 	C:\Windows\SYSTEM32\TextShaping.dll
0x00007ffee8e60000 - 0x00007ffee904c000 	C:\Windows\SYSTEM32\AUDIOSES.DLL
0x00007fff06980000 - 0x00007fff06995000 	C:\Windows\SYSTEM32\resourcepolicyclient.dll

JVMTI agents:
jdwp path:C:\Users\Admin\.jdks\corretto-21.0.8\bin\jdwp.dll, loaded, initialized, options:transport=dt_socket,server=n,suspend=y,address=127.0.0.1:53467
C:\Users\Admin\AppData\Local\JetBrains\IdeaIC2025.2\captureAgent\debugger-agent.jar path:C:\Users\Admin\.jdks\corretto-21.0.8\bin\instrument.dll, loaded, initialized, instrumentlib options:file:///C:/Users/Admin/AppData/Local/Temp/capture1766217038667145943.props

dbghelp: loaded successfully - version: 4.0.5 - missing functions: none
symbol engine: initialized successfully - sym options: 0x614 - pdb path: .;C:\Users\Admin\.jdks\corretto-21.0.8\bin;C:\Windows\SYSTEM32;C:\Windows\WinSxS\amd64_microsoft.windows.common-controls_6595b64144ccf1df_6.0.22621.3235_none_270f74e173860f98;C:\Users\Admin\.jdks\corretto-21.0.8\bin\server;C:\Users\Admin\AppData\Local\Temp\lwjgl_Admin\3.3.3-snapshot\x64;C:\Users\Admin\AppData\Local\Temp\jna-63116079;C:\Users\Admin\Desktop\luxury2\build\resources\main\win32-x86-64;C:\Windows\System32\DriverStore\FileRepository\nv_dispig.inf_amd64_0afec3f2050014a0;C:\Windows\system32\wbem

VM Arguments:
jvm_args: -Ddebugger.agent.enable.coroutines=true -Dfabric.dli.config=C:\Users\Admin\Desktop\luxury2\.gradle\loom-cache\launch.cfg -Dfabric.dli.env=client -Dfabric.dli.main=net.fabricmc.loader.impl.launch.knot.KnotClient -Dkotlinx.coroutines.debug.enable.creation.stack.trace=false -Dkotlinx.coroutines.debug.enable.flows.stack.trace=true -Dkotlinx.coroutines.debug.enable.mutable.state.flows.stack.trace=true -agentlib:jdwp=transport=dt_socket,server=n,suspend=y,address=127.0.0.1:53467 -javaagent:C:\Users\Admin\AppData\Local\JetBrains\IdeaIC2025.2\captureAgent\debugger-agent.jar=file:///C:/Users/Admin/AppData/Local/Temp/capture1766217038667145943.props -Dfile.encoding=UTF-8 -Duser.country=RU -Duser.language=ru -Duser.variant 
java_command: net.fabricmc.devlaunchinjector.Main -XX:+UseZGC -XX:+UnlockExperimentalVMOptions -XX:+AlwaysPreTouch -XX:+UseStringDeduplication -XX:G1NewSizePercent=25 -XX:G1MaxNewSizePercent=40 -XX:G1HeapRegionSize=16M -XX:InitiatingHeapOccupancyPercent=15 -XX:G1MixedGCCountTarget=4 -XX:MaxGCPauseMillis=40 -XX:+PerfDisableSharedMem -XX:+OptimizeStringConcat
java_class_path (initial): C:\Users\Admin\Desktop\luxury2\build\classes\java\main;C:\Users\Admin\Desktop\luxury2\build\resources\main;C:\Users\Admin\.gradle\caches\fabric-loom\1.21.4\net.fabricmc.yarn.1_21_4.1.21.4+build.8-v2\mappings.jar;C:\Users\Admin\.gradle\caches\modules-2\files-2.1\dev.redstones.mediaplayerinfo\media-player-info\0.1.0\32aa3b264c4fd692636e6d35ca97dec2ee074994\media-player-info-0.1.0.jar;C:\Users\Admin\.gradle\caches\modules-2\files-2.1\com.github.hypfvieh\dbus-java-transport-jnr-unixsocket\5.0.0\45604388617e766bfda8aed601b870c45cf1618e\dbus-java-transport-jnr-unixsocket-5.0.0.jar;C:\Users\Admin\.gradle\caches\modules-2\files-2.1\com.github.jnr\jnr-unixsocket\0.38.21\a82bcad60a471aff9c73c944322ce10481029c80\jnr-unixsocket-0.38.21.jar;C:\Users\Admin\.gradle\caches\modules-2\files-2.1\com.github.jnr\jnr-enxio\0.32.16\e5150a15ba39c3712510020ad164d424b6878551\jnr-enxio-0.32.16.jar;C:\Users\Admin\.gradle\caches\modules-2\files-2.1\com.github.jnr\jnr-posix\3.1.18\b8dd3917e186f47636bf50a2483e40d49880ca67\jnr-posix-3.1.18.jar;C:\Users\Admin\.gradle\caches\modules-2\files-2.1\com.github.jnr\jnr-ffi\2.2.15\fa3c32f463423469de314b03a157d5f1f7476ec0\jnr-ffi-2.2.15.jar;C:\Users\Admin\.gradle\caches\modules-2\files-2.1\org.ow2.asm\asm-commons\9.7.1\406c6a2225cfe1819f102a161e54cc16a5c24f75\asm-commons-9.7.1.jar;C:\Users\Admin\.gradle\caches\modules-2\files-2.1\org.ow2.asm\asm-util\9.7.1\9e23359b598ec6b74b23e53110dd5c577adf2243\asm-util-9.7.1.jar;C:\Users\Admin\.gradle\caches\modules-2\files-2.1\org.ow2.asm\asm-analysis\9.7.1\f97a3b319f0ed6a8cd944dc79060d3912a28985f\asm-analysis-9.7.1.jar;C:\Users\Admin\.gradle\caches\modules-2\files-2.1\org.ow2.asm\asm-tree\9.7.1\3a53139787663b139de76b627fca0084ab60d32c\asm-tree-9.7.1.jar;C:\Users\Admin\.gradle\caches\modules-2\files-2.1\org.ow2.asm\asm\9.7.1\f0ed132a49244b042cd0e15702ab9f2ce3cc8436\asm-9.7.1.jar;C:\Users\Admin\.gradle\caches\modules-2\files-2.1\net.fabricmc\sponge-mixin\0.15.4+mixin.0.8.7\6a12aacc794f1078458433116e9ed42c1cc98096\sponge-mixin-0.15.4+mixin.0.8.7.jar;C:\Users\Admin\.gradle\caches\modules-2\files-2.1\io.github.llamalad7\mixinextras-fabric\0.4.1\8d1a9e96afb990367fa1f904d17580d164da72e3\mixinextras-fabric-0.4.1.jar;C:\Users\Admin\.gradle\caches\modules-2\files-2.1\net.fabricmc\dev-launch-injector\0.2.1+build.8\da8bef7e6e2f952da707f282bdb46882a0fce5e3\dev-launch-injector-0.2.1+build.8.jar;C:\Users\Admin\.gradle\caches\modules-2\files-2.1\net.minecrell\terminalconsoleappender\1.3.0\b562e9bb61235c9520e26282cdee71f8f802d1fc\terminalconsoleappender-1.3.0.jar;C:\Users\Admin\.gradle\caches\modules-2\files-2.1\com.fasterxml.jackson.core\jackson-annotations\2.13.4\858c6cc78e1f08a885b1613e1d817c829df70a6e\jackson-annotations-2.13.4.jar;C:\Users\Admin\.gradle\caches\modules-2\files-2.1\com.fasterxml.jackson.core\jackson-core\2.13.4\cf934c681294b97ef6d80082faeefbe1edadf56\jackson-core-2.13.4.jar;C:\Users\Admin\.gradle\caches\modules-2\files-2.1\com.fasterxml.jackson.core\jackson-databind\2.13.4.2\325c06bdfeb628cfb80ebaaf1a26cc1eb558a585\jackson-databind-2.13.4.2.jar;C:\Users\Admin\.gradle\caches\modules-2\files-2.1\com.github.oshi\oshi-core\6.6.5\e1099981fd15dc4236c4499d82aba1276fb43a9a\oshi-core-6.6.5.jar;C:\Users\Admin\.gradle\caches\modules-2\files-2.1\com.github.stephenc.jcip\jcip-annotations\1.0-1\ef31541dd28ae2cefdd17c7ebf352d93e9058c63\jcip-annotations-1.0-1.jar;C:\Users\Admin\.gradle\caches\modules-2\files-2.1\com.google.code.gson\gson\2.11.0\527175ca6d81050b53bdd4c457a6d6e017626b0e\gson-2.11.0.jar;C:\Users\Admin\.gradle\caches\modules-2\files-2.1\com.google.guava\failureaccess\1.0.2\c4a06a64e650562f30b7bf9aaec1bfed43aca12b\failureaccess-1.0.2.jar;C:\Users\Admin\.gradle\caches\modules-2\files-2.1\com.google.guava\guava\33.3.1-jre\852f8b363da0111e819460021ca693cacca3e8db\guava-33.3.1-jre.jar;C:\Users\Admin\.gradle\caches\modules-2\files-2.1\com.ibm.icu\icu4j\76.1\215f3a8e936d4069344bd75f2b1368fd58112894\icu4j-76.1.jar;C:\Users\Admin\.gradle\caches\modules-2\files-2.1\com.microsoft.azure\msal4j\1.17.2\a6211e3d71d0388929babaa0ff0951b30d001852\msal4j-1.17.2.jar;C:\Users\Admin\.gradle\caches\modules-2\files-2.1\com.mojang\authlib\6.0.57\bded3161a7346de32213da750388ec6529fe4f6b\authlib-6.0.57.jar;C:\Users\Admin\.gradle\caches\modules-2\files-2.1\com.mojang\blocklist\1.0.10\5c685c5ffa94c4cd39496c7184c1d122e515ecef\blocklist-1.0.10.jar;C:\Users\Admin\.gradle\caches\modules-2\files-2.1\com.mojang\brigadier\1.3.10\d15b53a14cf20fdcaa98f731af5dda654452c010\brigadier-1.3.10.jar;C:\Users\Admin\.gradle\caches\modules-2\files-2.1\com.mojang\datafixerupper\8.0.16\67d4de6d7f95d89bcf5862995fb854ebaec02a34\datafixerupper-8.0.16.jar;C:\Users\Admin\.gradle\caches\modules-2\files-2.1\com.mojang\jtracy\1.0.29\6f07dcb6a2e595c7ee2ca43b67e5d1c018ca0770\jtracy-1.0.29.jar;C:\Users\Admin\.gradle\caches\modules-2\files-2.1\com.mojang\jtracy\1.0.29\e05332cb31c7ae582dc8d8bd1bffd47c2ff7636f\jtracy-1.0.29-natives-windows.jar;C:\Users\Admin\.gradle\caches\modules-2\files-2.1\com.mojang\logging\1.5.10\9ab1202793717af9df9c1704d0a02892067001eb\logging-1.5.10.jar;C:\Users\Admin\.gradle\caches\modules-2\files-2.1\com.mojang\patchy\2.2.10\da05971b07cbb379d002cf7eaec6a2048211fefc\patchy-2.2.10.jar;C:\Users\Admin\.gradle\caches\modules-2\files-2.1\com.mojang\text2speech\1.17.9\3cad216e3a7f0c19b4b394388bc9ffc446f13b14\text2speech-1.17.9.jar;C:\Users\Admin\.gradle\caches\modules-2\files-2.1\com.nimbusds\content-type\2.3\e3aa0be212d7a42839a8f3f506f5b990bcce0222\content-type-2.3.jar;C:\Users\Admin\.gradle\caches\modules-2\files-2.1\com.nimbusds\lang-tag\1.7\97c73ecd70bc7e8eefb26c5eea84f251a63f1031\lang-tag-1.7.jar;C:\Users\Admin\.gradle\caches\modules-2\files-2.1\com.nimbusds\nimbus-jose-jwt\9.40\42b1dfa0360e4062951b070bac52dd8d96fd7b38\nimbus-jose-jwt-9.40.jar;C:\Users\Admin\.gradle\caches\modules-2\files-2.1\com.nimbusds\oauth2-oidc-sdk\11.18\7c7ec4f4066625ff07a711ad856fa04da1ff9de\oauth2-oidc-sdk-11.18.jar;C:\Users\Admin\.gradle\caches\modules-2\files-2.1\commons-codec\commons-codec\1.17.1\973638b7149d333563584137ebf13a691bb60579\commons-codec-1.17.1.jar;C:\Users\Admin\.gradle\caches\modules-2\files-2.1\commons-io\commons-io\2.17.0\ddcc8433eb019fb48fe25207c0278143f3e1d7e2\commons-io-2.17.0.jar;C:\Users\Admin\.gradle\caches\modules-2\files-2.1\commons-logging\commons-logging\1.3.4\b9fc14968d63a8b8a8a2c1885fe3e90564239708\commons-logging-1.3.4.jar;C:\Users\Admin\.gradle\caches\modules-2\files-2.1\io.netty\netty-buffer\4.1.115.Final\d5daf1030e5c36d198caf7562da2441a97ec0df6\netty-buffer-4.1.115.Final.jar;C:\Users\Admin\.gradle\caches\modules-2\files-2.1\io.netty\netty-codec\4.1.115.Final\d326bf3a4c785b272da3db6941779a1bd5448378\netty-codec-4.1.115.Final.jar;C:\Users\Admin\.gradle\caches\modules-2\files-2.1\io.netty\netty-common\4.1.115.Final\9da10a9f72e3f87e181d91b525174007a6fc4f11\netty-common-4.1.115.Final.jar;C:\Users\Admin\.gradle\caches\modules-2\files-2.1\io.netty\netty-handler\4.1.115.Final\d54dbf68b9d88a98240107758c6b63da5e46e23a\netty-handler-4.1.115.Final.jar;C:\Users\Admin\.gradle\caches\modules-2\files-2.1\io.netty\netty-resolver\4.1.115.Final\e33b4d476c03975957f5d8d0319d592bf2bc5e96\netty-resolver-4.1.115.Final.jar;C:\Users\Admin\.gradle\caches\modules-2\files-2.1\io.netty\netty-transport-classes-epoll\4.1.115.Final\11fea00408ecbd8b8d1f0698d708e37db4a01841\netty-transport-classes-epoll-4.1.115.Final.jar;C:\Users\Admin\.gradle\caches\modules-2\files-2.1\io.netty\netty-transport-native-unix-common\4.1.115.Final\dc96c67d06cd6b5eb677f2728f27bf2e3d9a7284\netty-transport-native-unix-common-4.1.115.Final.jar;C:\Users\Admin\.gradle\caches\modules-2\files-2.1\io.netty\netty-transport\4.1.115.Final\39cef77c1a25908ac1abf4960c2e789f0bf70ff9\netty-transport-4.1.115.Final.jar;C:\Users\Admin\.gradle\caches\modules-2\files-2.1\it.unimi.dsi\fastutil\8.5.15\1e885b40c9563ab0d3899b871fd0b30e958705dc\fastutil-8.5.15.jar;C:\Users\Admin\.gradle\caches\modules-2\files-2.1\net.java.dev.jna\jna-platform\5.15.0\86b502cad57d45da172b5e3231c537b042e296ef\jna-platform-5.15.0.jar;C:\Users\Admin\.gradle\caches\modules-2\files-2.1\net.java.dev.jna\jna\5.15.0\1ee1d80ff44f08280188f7c0e740d57207841ac\jna-5.15.0.jar;C:\Users\Admin\.gradle\caches\modules-2\files-2.1\net.minidev\accessors-smart\2.5.1\19b820261eb2e7de7d5bde11d1c06e4501dd7e5f\accessors-smart-2.5.1.jar;C:\Users\Admin\.gradle\caches\modules-2\files-2.1\net.minidev\json-smart\2.5.1\4c11d2808d009132dfbbf947ebf37de6bf266c8e\json-smart-2.5.1.jar;C:\Users\Admin\.gradle\caches\modules-2\files-2.1\net.sf.jopt-simple\jopt-simple\5.0.4\4fdac2fbe92dfad86aa6e9301736f6b4342a3f5c\jopt-simple-5.0.4.jar;C:\Users\Admin\.gradle\caches\modules-2\files-2.1\org.apache.commons\commons-compress\1.27.1\a19151084758e2fbb6b41eddaa88e7b8ff4e6599\commons-compress-1.27.1.jar;C:\Users\Admin\.gradle\caches\modules-2\files-2.1\org.apache.commons\commons-lang3\3.17.0\b17d2136f0460dcc0d2016ceefca8723bdf4ee70\commons-lang3-3.17.0.jar;C:\Users\Admin\.gradle\caches\modules-2\files-2.1\org.apache.httpcomponents\httpclient\4.5.14\1194890e6f56ec29177673f2f12d0b8e627dec98\httpclient-4.5.14.jar;C:\Users\Admin\.gradle\caches\modules-2\files-2.1\org.apache.httpcomponents\httpcore\4.4.16\51cf043c87253c9f58b539c9f7e44c8894223850\httpcore-4.4.16.jar;C:\Users\Admin\.gradle\caches\modules-2\files-2.1\org.apache.logging.log4j\log4j-core\2.24.1\c85285146f28d8c8962384f786e2dff04172fb43\log4j-core-2.24.1.jar;C:\Users\Admin\.gradle\caches\modules-2\files-2.1\org.apache.logging.log4j\log4j-api\2.24.1\7ebeb12c20606373005af4232cd0ecca72613dda\log4j-api-2.24.1.jar;C:\Users\Admin\.gradle\caches\modules-2\files-2.1\org.apache.logging.log4j\log4j-slf4j2-impl\2.24.1\8e3ddc96464ef7f768823e7e001a52b23de8cd0a\log4j-slf4j2-impl-2.24.1.jar;C:\Users\Admin\.gradle\caches\modules-2\files-2.1\org.jcraft\jorbis\0.0.17\8872d22b293e8f5d7d56ff92be966e6dc28ebdc6\jorbis-0.0.17.jar;C:\Users\Admin\.gradle\caches\modules-2\files-2.1\org.joml\joml\1.10.8\fc0a71dad90a2cf41d82a76156a0e700af8e4f8d\joml-1.10.8.jar;C:\Users\Admin\.gradle\caches\modules-2\files-2.1\org.lwjgl\lwjgl-freetype\3.3.3\a0db6c84a8becc8ca05f9dbfa985edc348a824c7\lwjgl-freetype-3.3.3.jar;C:\Users\Admin\.gradle\caches\modules-2\files-2.1\org.lwjgl\lwjgl-freetype\3.3.3\81091b006dbb43fab04c8c638e9ac87c51b4096d\lwjgl-freetype-3.3.3-natives-windows.jar;C:\Users\Admin\.gradle\caches\modules-2\files-2.1\org.lwjgl\lwjgl-freetype\3.3.3\82028265a0a2ff33523ca75137ada7dc176e5210\lwjgl-freetype-3.3.3-natives-windows-arm64.jar;C:\Users\Admin\.gradle\caches\modules-2\files-2.1\org.lwjgl\lwjgl-freetype\3.3.3\15a8c1de7f51d07a92eae7ce1222557073a0c0c3\lwjgl-freetype-3.3.3-natives-windows-x86.jar;C:\Users\Admin\.gradle\caches\modules-2\files-2.1\org.lwjgl\lwjgl-glfw\3.3.3\efa1eb78c5ccd840e9f329717109b5e892d72f8e\lwjgl-glfw-3.3.3.jar;C:\Users\Admin\.gradle\caches\modules-2\files-2.1\org.lwjgl\lwjgl-glfw\3.3.3\e449e28b4891fc423c54c85fbc5bb0b9efece67a\lwjgl-glfw-3.3.3-natives-windows.jar;C:\Users\Admin\.gradle\caches\modules-2\files-2.1\org.lwjgl\lwjgl-glfw\3.3.3\f27018dc74f6289574502b46cce55d52817554e2\lwjgl-glfw-3.3.3-natives-windows-arm64.jar;C:\Users\Admin\.gradle\caches\modules-2\files-2.1\org.lwjgl\lwjgl-glfw\3.3.3\32334f3fd5270a59bad9939a93115acb6de36dcf\lwjgl-glfw-3.3.3-natives-windows-x86.jar;C:\Users\Admin\.gradle\caches\modules-2\files-2.1\org.lwjgl\lwjgl-jemalloc\3.3.3\b543467b7ff3c6920539a88ee602d34098628be5\lwjgl-jemalloc-3.3.3.jar;C:\Users\Admin\.gradle\caches\modules-2\files-2.1\org.lwjgl\lwjgl-jemalloc\3.3.3\426222fc027602a5f21b9c0fe79cde6a4c7a011f\lwjgl-jemalloc-3.3.3-natives-windows.jar;C:\Users\Admin\.gradle\caches\modules-2\files-2.1\org.lwjgl\lwjgl-jemalloc\3.3.3\ba1f3fed0ee4be0217eaa41c5bbfb4b9b1383c33\lwjgl-jemalloc-3.3.3-natives-windows-arm64.jar;C:\Users\Admin\.gradle\caches\modules-2\files-2.1\org.lwjgl\lwjgl-jemalloc\3.3.3\f6063b6e0f23be483c5c88d84ce51b39dc69126c\lwjgl-jemalloc-3.3.3-natives-windows-x86.jar;C:\Users\Admin\.gradle\caches\modules-2\files-2.1\org.lwjgl\lwjgl-openal\3.3.3\daada81ceb5fc0c291fbfdd4433cb8d9423577f2\lwjgl-openal-3.3.3.jar;C:\Users\Admin\.gradle\caches\modules-2\files-2.1\org.lwjgl\lwjgl-openal\3.3.3\cf83862ae95d98496b26915024c7e666d8ab1c8f\lwjgl-openal-3.3.3-natives-windows.jar;C:\Users\Admin\.gradle\caches\modules-2\files-2.1\org.lwjgl\lwjgl-openal\3.3.3\8e0615235116b9e4160dfe87bec90f5f6378bf72\lwjgl-openal-3.3.3-natives-windows-arm64.jar;C:\Users\Admin\.gradle\caches\modules-2\files-2.1\org.lwjgl\lwjgl-openal\3.3.3\87b8d5050e3adb46bb58fe1cb2669a4a48fce10d\lwjgl-openal-3.3.3-natives-windows-x86.jar;C:\Users\Admin\.gradle\caches\modules-2\files-2.1\org.lwjgl\lwjgl-opengl\3.3.3\2f6b0147078396a58979125a4c947664e98293a\lwjgl-opengl-3.3.3.jar;C:\Users\Admin\.gradle\caches\modules-2\files-2.1\org.lwjgl\lwjgl-opengl\3.3.3\e6c1eec8be8a71951b830a4d69efc01c6531900c\lwjgl-opengl-3.3.3-natives-windows.jar;C:\Users\Admin\.gradle\caches\modules-2\files-2.1\org.lwjgl\lwjgl-opengl\3.3.3\65e956d3735a1abdc82eff4baec1b61174697d4b\lwjgl-opengl-3.3.3-natives-windows-arm64.jar;C:\Users\Admin\.gradle\caches\modules-2\files-2.1\org.lwjgl\lwjgl-opengl\3.3.3\d32d833dcaa2f355a886eaf21f0408b5f03241d\lwjgl-opengl-3.3.3-natives-windows-x86.jar;C:\Users\Admin\.gradle\caches\modules-2\files-2.1\org.lwjgl\lwjgl-stb\3.3.3\25dd6161988d7e65f71d5065c99902402ee32746\lwjgl-stb-3.3.3.jar;C:\Users\Admin\.gradle\caches\modules-2\files-2.1\org.lwjgl\lwjgl-stb\3.3.3\1d9facdf6541de114b0f963be33505b7679c78cb\lwjgl-stb-3.3.3-natives-windows.jar;C:\Users\Admin\.gradle\caches\modules-2\files-2.1\org.lwjgl\lwjgl-stb\3.3.3\a584ab44de569708871f0a79561f4d8c37487f2c\lwjgl-stb-3.3.3-natives-windows-arm64.jar;C:\Users\Admin\.gradle\caches\modules-2\files-2.1\org.lwjgl\lwjgl-stb\3.3.3\b5c874687b9aac1a936501d4ed2c49567fd1b575\lwjgl-stb-3.3.3-natives-windows-x86.jar;C:\Users\Admin\.gradle\caches\modules-2\files-2.1\org.lwjgl\lwjgl-tinyfd\3.3.3\82d755ca94b102e9ca77283b9e2dc46d1b15fbe5\lwjgl-tinyfd-3.3.3.jar;C:\Users\Admin\.gradle\caches\modules-2\files-2.1\org.lwjgl\lwjgl-tinyfd\3.3.3\a6697981b0449a5087c1d546fc08b4f73e8f98c9\lwjgl-tinyfd-3.3.3-natives-windows.jar;C:\Users\Admin\.gradle\caches\modules-2\files-2.1\org.lwjgl\lwjgl-tinyfd\3.3.3\a88c494f3006eb91a7433b12a3a55a9a6c20788b\lwjgl-tinyfd-3.3.3-natives-windows-arm64.jar;C:\Users\Admin\.gradle\caches\modules-2\files-2.1\org.lwjgl\lwjgl-tinyfd\3.3.3\c336c84ee88cccb495c6ffa112395509e7378e8a\lwjgl-tinyfd-3.3.3-natives-windows-x86.jar;C:\Users\Admin\.gradle\caches\modules-2\files-2.1\org.lwjgl\lwjgl\3.3.3\29589b5f87ed335a6c7e7ee6a5775f81f97ecb84\lwjgl-3.3.3.jar;C:\Users\Admin\.gradle\caches\modules-2\files-2.1\org.lwjgl\lwjgl\3.3.3\a5ed18a2b82fc91b81f40d717cb1f64c9dcb0540\lwjgl-3.3.3-natives-windows.jar;C:\Users\Admin\.gradle\caches\modules-2\files-2.1\org.lwjgl\lwjgl\3.3.3\e9aca8c5479b520a2a7f0d542a118140e812c5e8\lwjgl-3.3.3-natives-windows-arm64.jar;C:\Users\Admin\.gradle\caches\modules-2\files-2.1\org.lwjgl\lwjgl\3.3.3\9e670718e050aeaeea0c2d5b907cffb142f2e58f\lwjgl-3.3.3-natives-windows-x86.jar;C:\Users\Admin\.gradle\caches\modules-2\files-2.1\org.lz4\lz4-java\1.8.0\4b986a99445e49ea5fbf5d149c4b63f6ed6c6780\lz4-java-1.8.0.jar;C:\Users\Admin\.gradle\caches\modules-2\files-2.1\com.github.hypfvieh\dbus-java-core\5.0.0\fe1faacc4e7be00387b715a16a658bcc1cfc6434\dbus-java-core-5.0.0.jar;C:\Users\Admin\.gradle\caches\modules-2\files-2.1\org.slf4j\slf4j-api\2.0.16\172931663a09a1fa515567af5fbef00897d3c04\slf4j-api-2.0.16.jar;C:\Users\Admin\Desktop\luxury2\.gradle\loom-cache\minecraftMaven\net\minecraft\minecraft-merged-a172fc6613\1.21.4-net.fabricmc.yarn.1_21_4.1.21.4+build.8-v2\minecraft-merged-a172fc6613-1.21.4-net.fabricmc.yarn.1_21_4.1.21.4+build.8-v2.jar;C:\Users\Admin\.gradle\caches\modules-2\files-2.1\io.netty\netty-transport-native-epoll\4.1.115.Final\a6cc58c4a259bad159cbb06120cea9b3474e86a0\netty-transport-native-epoll-4.1.115.Final-linux-x86_64.jar;C:\Users\Admin\.gradle\caches\modules-2\files-2.1\io.netty\netty-transport-native-epoll\4.1.115.Final\a80b32f98ceb4e27958c0ceaf22ddad9ea6c0d4e\netty-transport-native-epoll-4.1.115.Final-linux-aarch_64.jar;C:\Users\Admin\.gradle\caches\modules-2\files-2.1\net.fabricmc\fabric-loader\0.16.10\dbd932c2a3641d2c41cf9abfe47e140a5753fa86\fabric-loader-0.16.10.jar;C:\Users\Admin\.gradle\caches\modules-2\files-2.1\org.projectlombok\lombok\1.18.34\ec547ef414ab1d2c040118fb9c1c265ada63af14\lombok-1.18.34.jar;C:\Users\Admin\Desktop\luxury2\.gradle\loom-cache\remapped_mods\remapped\net\fabricmc\fabric-api\fabric-api-46549a5a\0.119.4+1.21.4\fabric-api-46549a5a-0.119.4+1.21.4.jar;C:\Users\Admin\Desktop\luxury2\.gradle\loom-cache\remapped_mods\remapped\net\fabricmc\fabric-api\fabric-transfer-api-v1-46549a5a\5.4.9+efa825c904\fabric-transfer-api-v1-46549a5a-5.4.9+efa825c904.jar;C:\Users\Admin\Desktop\luxury2\.gradle\loom-cache\remapped_mods\remapped\net\fabricmc\fabric-api\fabric-api-lookup-api-v1-46549a5a\1.6.86+b1caf1e904\fabric-api-lookup-api-v1-46549a5a-1.6.86+b1caf1e904.jar;C:\Users\Admin\Desktop\luxury2\.gradle\loom-cache\remapped_mods\remapped\net\fabricmc\fabric-api\fabric-blockrenderlayer-v1-46549a5a\2.0.8+7feeb73304\fabric-blockrenderlayer-v1-46549a5a-2.0.8+7feeb73304.jar;C:\Users\Admin\Desktop\luxury2\.gradle\loom-cache\remapped_mods\remapped\net\fabricmc\fabric-api\fabric-client-tags-api-v1-46549a5a\1.1.29+20ea1e2304\fabric-client-tags-api-v1-46549a5a-1.1.29+20ea1e2304.jar;C:\Users\Admin\Desktop\luxury2\.gradle\loom-cache\remapped_mods\remapped\net\fabricmc\fabric-api\fabric-command-api-v1-46549a5a\1.2.62+f71b366f04\fabric-command-api-v1-46549a5a-1.2.62+f71b366f04.jar;C:\Users\Admin\Desktop\luxury2\.gradle\loom-cache\remapped_mods\remapped\net\fabricmc\fabric-api\fabric-commands-v0-46549a5a\0.2.79+df3654b304\fabric-commands-v0-46549a5a-0.2.79+df3654b304.jar;C:\Users\Admin\Desktop\luxury2\.gradle\loom-cache\remapped_mods\remapped\net\fabricmc\fabric-api\fabric-command-api-v2-46549a5a\2.2.41+e496eb1504\fabric-command-api-v2-46549a5a-2.2.41+e496eb1504.jar;C:\Users\Admin\Desktop\luxury2\.gradle\loom-cache\remapped_mods\remapped\net\fabricmc\fabric-api\fabric-content-registries-v0-46549a5a\9.1.19+25d1a67604\fabric-content-registries-v0-46549a5a-9.1.19+25d1a67604.jar;C:\Users\Admin\Desktop\luxury2\.gradle\loom-cache\remapped_mods\remapped\net\fabricmc\fabric-api\fabric-data-generation-api-v1-46549a5a\22.3.1+0f4e5f5504\fabric-data-generation-api-v1-46549a5a-22.3.1+0f4e5f5504.jar;C:\Users\Admin\Desktop\luxury2\.gradle\loom-cache\remapped_mods\remapped\net\fabricmc\fabric-api\fabric-convention-tags-v1-46549a5a\2.1.20+7f945d5b04\fabric-convention-tags-v1-46549a5a-2.1.20+7f945d5b04.jar;C:\Users\Admin\Desktop\luxury2\.gradle\loom-cache\remapped_mods\remapped\net\fabricmc\fabric-api\fabric-convention-tags-v2-46549a5a\2.14.1+aebda09404\fabric-convention-tags-v2-46549a5a-2.14.1+aebda09404.jar;C:\Users\Admin\Desktop\luxury2\.gradle\loom-cache\remapped_mods\remapped\net\fabricmc\fabric-api\fabric-data-attachment-api-v1-46549a5a\1.6.2+e99da0f704\fabric-data-attachment-api-v1-46549a5a-1.6.2+e99da0f704.jar;C:\Users\Admin\Desktop\luxury2\.gradle\loom-cache\remapped_mods\remapped\net\fabricmc\fabric-api\fabric-entity-events-v1-46549a5a\2.0.15+62245bef04\fabric-entity-events-v1-46549a5a-2.0.15+62245bef04.jar;C:\Users\Admin\Desktop\luxury2\.gradle\loom-cache\remapped_mods\remapped\net\fabricmc\fabric-api\fabric-events-interaction-v0-46549a5a\4.0.4+a4eebcf004\fabric-events-interaction-v0-46549a5a-4.0.4+a4eebcf004.jar;C:\Users\Admin\Desktop\luxury2\.gradle\loom-cache\remapped_mods\remapped\net\fabricmc\fabric-api\fabric-gametest-api-v1-46549a5a\2.0.26+7feeb73304\fabric-gametest-api-v1-46549a5a-2.0.26+7feeb73304.jar;C:\Users\Admin\Desktop\luxury2\.gradle\loom-cache\remapped_mods\remapped\net\fabricmc\fabric-api\fabric-item-api-v1-46549a5a\11.4.0+189dd6fe04\fabric-item-api-v1-46549a5a-11.4.0+189dd6fe04.jar;C:\Users\Admin\Desktop\luxury2\.gradle\loom-cache\remapped_mods\remapped\net\fabricmc\fabric-api\fabric-item-group-api-v1-46549a5a\4.2.2+fcb9601404\fabric-item-group-api-v1-46549a5a-4.2.2+fcb9601404.jar;C:\Users\Admin\Desktop\luxury2\.gradle\loom-cache\remapped_mods\remapped\net\fabricmc\fabric-api\fabric-lifecycle-events-v1-46549a5a\2.5.4+bf2a60eb04\fabric-lifecycle-events-v1-46549a5a-2.5.4+bf2a60eb04.jar;C:\Users\Admin\Desktop\luxury2\.gradle\loom-cache\remapped_mods\remapped\net\fabricmc\fabric-api\fabric-loot-api-v2-46549a5a\3.0.38+3f89f5a504\fabric-loot-api-v2-46549a5a-3.0.38+3f89f5a504.jar;C:\Users\Admin\Desktop\luxury2\.gradle\loom-cache\remapped_mods\remapped\net\fabricmc\fabric-api\fabric-loot-api-v3-46549a5a\1.0.26+203e6b2304\fabric-loot-api-v3-46549a5a-1.0.26+203e6b2304.jar;C:\Users\Admin\Desktop\luxury2\.gradle\loom-cache\remapped_mods\remapped\net\fabricmc\fabric-api\fabric-message-api-v1-46549a5a\6.0.26+238a33c004\fabric-message-api-v1-46549a5a-6.0.26+238a33c004.jar;C:\Users\Admin\Desktop\luxury2\.gradle\loom-cache\remapped_mods\remapped\net\fabricmc\fabric-api\fabric-model-loading-api-v1-46549a5a\4.3.0+ae23723504\fabric-model-loading-api-v1-46549a5a-4.3.0+ae23723504.jar;C:\Users\Admin\Desktop\luxury2\.gradle\loom-cache\remapped_mods\remapped\net\fabricmc\fabric-api\fabric-recipe-api-v1-46549a5a\8.1.1+640e77ae04\fabric-recipe-api-v1-46549a5a-8.1.1+640e77ae04.jar;C:\Users\Admin\Desktop\luxury2\.gradle\loom-cache\remapped_mods\remapped\net\fabricmc\fabric-api\fabric-screen-handler-api-v1-46549a5a\1.3.118+7feeb73304\fabric-screen-handler-api-v1-46549a5a-1.3.118+7feeb73304.jar;C:\Users\Admin\Desktop\luxury2\.gradle\loom-cache\remapped_mods\remapped\net\fabricmc\fabric-api\fabric-registry-sync-v0-46549a5a\6.1.11+4a9c1ece04\fabric-registry-sync-v0-46549a5a-6.1.11+4a9c1ece04.jar;C:\Users\Admin\Desktop\luxury2\.gradle\loom-cache\remapped_mods\remapped\net\fabricmc\fabric-api\fabric-networking-api-v1-46549a5a\4.4.0+db5e668204\fabric-networking-api-v1-46549a5a-4.4.0+db5e668204.jar;C:\Users\Admin\Desktop\luxury2\.gradle\loom-cache\remapped_mods\remapped\net\fabricmc\fabric-api\fabric-object-builder-api-v1-46549a5a\18.0.14+38b0d59804\fabric-object-builder-api-v1-46549a5a-18.0.14+38b0d59804.jar;C:\Users\Admin\Desktop\luxury2\.gradle\loom-cache\remapped_mods\remapped\net\fabricmc\fabric-api\fabric-particles-v1-46549a5a\4.0.14+7feeb73304\fabric-particles-v1-46549a5a-4.0.14+7feeb73304.jar;C:\Users\Admin\Desktop\luxury2\.gradle\loom-cache\remapped_mods\remapped\net\fabricmc\fabric-api\fabric-renderer-indigo-46549a5a\2.0.3+50f0feb204\fabric-renderer-indigo-46549a5a-2.0.3+50f0feb204.jar;C:\Users\Admin\Desktop\luxury2\.gradle\loom-cache\remapped_mods\remapped\net\fabricmc\fabric-api\fabric-renderer-api-v1-46549a5a\5.0.3+50f0feb204\fabric-renderer-api-v1-46549a5a-5.0.3+50f0feb204.jar;C:\Users\Admin\Desktop\luxury2\.gradle\loom-cache\remapped_mods\remapped\net\fabricmc\fabric-api\fabric-rendering-fluids-v1-46549a5a\3.1.19+7feeb73304\fabric-rendering-fluids-v1-46549a5a-3.1.19+7feeb73304.jar;C:\Users\Admin\Desktop\luxury2\.gradle\loom-cache\remapped_mods\remapped\net\fabricmc\fabric-api\fabric-rendering-v1-46549a5a\10.2.1+0d31b09f04\fabric-rendering-v1-46549a5a-10.2.1+0d31b09f04.jar;C:\Users\Admin\Desktop\luxury2\.gradle\loom-cache\remapped_mods\remapped\net\fabricmc\fabric-api\fabric-tag-api-v1-46549a5a\1.0.7+7d48d43904\fabric-tag-api-v1-46549a5a-1.0.7+7d48d43904.jar;C:\Users\Admin\Desktop\luxury2\.gradle\loom-cache\remapped_mods\remapped\net\fabricmc\fabric-api\fabric-resource-loader-v0-46549a5a\3.1.1+360374ac04\fabric-resource-loader-v0-46549a5a-3.1.1+360374ac04.jar;C:\Users\Admin\Desktop\luxury2\.gradle\loom-cache\remapped_mods\remapped\net\fabricmc\fabric-api\fabric-screen-api-v1-46549a5a\2.0.38+7feeb73304\fabric-screen-api-v1-46549a5a-2.0.38+7feeb73304.jar;C:\Users\Admin\Desktop\luxury2\.gradle\loom-cache\remapped_mods\remapped\net\fabricmc\fabric-api\fabric-api-base-46549a5a\0.4.54+b47eab6b04\fabric-api-base-46549a5a-0.4.54+b47eab6b04.jar;C:\Users\Admin\Desktop\luxury2\.gradle\loom-cache\remapped_mods\remapped\net\fabricmc\fabric-api\fabric-biome-api-v1-46549a5a\15.0.6+b1c29d8e04\fabric-biome-api-v1-46549a5a-15.0.6+b1c29d8e04.jar;C:\Users\Admin\Desktop\luxury2\.gradle\loom-cache\remapped_mods\remapped\net\fabricmc\fabric-api\fabric-block-api-v1-46549a5a\1.0.31+7feeb73304\fabric-block-api-v1-46549a5a-1.0.31+7feeb73304.jar;C:\Users\Admin\Desktop\luxury2\.gradle\loom-cache\remapped_mods\remapped\net\fabricmc\fabric-api\fabric-rendering-data-attachment-v1-46549a5a\0.3.58+73761d2e04\fabric-rendering-data-attachment-v1-46549a5a-0.3.58+73761d2e04.jar;C:\Users\Admin\Desktop\luxury2\.gradle\loom-cache\remapped_mods\remapped\net\fabricmc\fabric-api\fabric-block-view-api-v2-46549a5a\1.0.20+9c49cc8c04\fabric-block-view-api-v2-46549a5a-1.0.20+9c49cc8c04.jar;C:\Users\Admin\Desktop\luxury2\.gradle\loom-cache\remapped_mods\remapped\net\fabricmc\fabric-api\fabric-client-gametest-api-v1-46549a5a\4.1.1+6816ccd404\fabric-client-gametest-api-v1-46549a5a-4.1.1+6816ccd404.jar;C:\Users\Admin\Desktop\luxury2\.gradle\loom-cache\remapped_mods\remapped\net\fabricmc\fabric-api\fabric-crash-report-info-v1-46549a5a\0.3.6+7feeb73304\fabric-crash-report-info-v1-46549a5a-0.3.6+7feeb73304.jar;C:\Users\Admin\Desktop\luxury2\.gradle\loom-cache\remapped_mods\remapped\net\fabricmc\fabric-api\fabric-dimensions-v1-46549a5a\4.0.10+7feeb73304\fabric-dimensions-v1-46549a5a-4.0.10+7feeb73304.jar;C:\Users\Admin\Desktop\luxury2\.gradle\loom-cache\remapped_mods\remapped\net\fabricmc\fabric-api\fabric-game-rule-api-v1-46549a5a\1.0.63+7d48d43904\fabric-game-rule-api-v1-46549a5a-1.0.63+7d48d43904.jar;C:\Users\Admin\Desktop\luxury2\.gradle\loom-cache\remapped_mods\remapped\net\fabricmc\fabric-api\fabric-keybindings-v0-46549a5a\0.2.55+df3654b304\fabric-keybindings-v0-46549a5a-0.2.55+df3654b304.jar;C:\Users\Admin\Desktop\luxury2\.gradle\loom-cache\remapped_mods\remapped\net\fabricmc\fabric-api\fabric-key-binding-api-v1-46549a5a\1.0.57+7d48d43904\fabric-key-binding-api-v1-46549a5a-1.0.57+7d48d43904.jar;C:\Users\Admin\Desktop\luxury2\.gradle\loom-cache\remapped_mods\remapped\net\fabricmc\fabric-api\fabric-resource-conditions-api-v1-46549a5a\5.0.13+203e6b2304\fabric-resource-conditions-api-v1-46549a5a-5.0.13+203e6b2304.jar;C:\Users\Admin\Desktop\luxury2\.gradle\loom-cache\remapped_mods\remapped\net\fabricmc\fabric-api\fabric-sound-api-v1-46549a5a\1.0.32+7feeb73304\fabric-sound-api-v1-46549a5a-1.0.32+7feeb73304.jar;C:\Users\Admin\Desktop\luxury2\.gradle\loom-cache\remapped_mods\remapped\net\fabricmc\fabric-api\fabric-transitive-access-wideners-v1-46549a5a\6.3.2+56e78b9b04\fabric-transitive-access-wideners-v1-46549a5a-6.3.2+56e78b9b04.jar;C:\Users\Admin\.gradle\caches\modules-2\files-2.1\org.jetbrains.kotlinx\kotlinx-serialization-core-jvm\1.6.3\6b6c17d0312ba7192893adea9d52959941d0119b\kotlinx-serialization-core-jvm-1.6.3.jar;C:\Users\Admin\.gradle\caches\modules-2\files-2.1\org.jetbrains.kotlin\kotlin-stdlib\1.9.22\d6c44cd08d8f3f9bece8101216dbe6553365c6e3\kotlin-stdlib-1.9.22.jar;C:\Users\Admin\.gradle\caches\modules-2\files-2.1\org.jline\jline-reader\3.20.0\8f15415b022a25b473e8e16c28ae913186ffb9c4\jline-reader-3.20.0.jar;C:\Users\Admin\.gradle\caches\modules-2\files-2.1\org.jetbrains\annotations\13.0\919f0dfe192fb4e063e7dacadee7f8bb9a2672a9\annotations-13.0.jar;C:\Users\Admin\.gradle\caches\modules-2\files-2.1\org.jline\jline-terminal\3.20.0\d0ddcc708ddf527a3454c941b7b9225cc83a15ff\jline-terminal-3.20.0.jar;C:\Users\Admin\.gradle\caches\modules-2\files-2.1\com.github.jnr\jnr-constants\0.10.4\9f6f23763bf40ea7b56391791f574174914430a\jnr-constants-0.10.4.jar;C:\Users\Admin\.gradle\caches\modules-2\files-2.1\com.github.jnr\jffi\1.3.12\a439d46fb5d5d9539f16db7d574c7aafb952874a\jffi-1.3.12.jar;C:\Users\Admin\.gradle\caches\modules-2\files-2.1\com.github.jnr\jffi\1.3.12\ebd0e45f447d80c16fbf2a82ff0253de28837b41\jffi-1.3.12-native.jar;C:\Users\Admin\.gradle\caches\modules-2\files-2.1\com.github.jnr\jnr-a64asm\1.0.0\a1cb8dbe71b5a6a0288043c3ba3ca64545be165\jnr-a64asm-1.0.0.jar;C:\Users\Admin\.gradle\caches\modules-2\files-2.1\com.github.jnr\jnr-x86asm\1.0.2\6936bbd6c5b235665d87bd450f5e13b52d4b48\jnr-x86asm-1.0.2.jar
Launcher Type: SUN_STANDARD

[Global flags]
     intx CICompilerCount                          = 3                                         {product} {ergonomic}
     uint ConcGCThreads                            = 1                                         {product} {ergonomic}
     uint G1ConcRefinementThreads                  = 4                                         {product} {ergonomic}
   size_t G1HeapRegionSize                         = 2097152                                   {product} {ergonomic}
    uintx GCDrainStackTargetSize                   = 64                                        {product} {ergonomic}
   size_t InitialHeapSize                          = 201326592                                 {product} {ergonomic}
   size_t MarkStackSize                            = 4194304                                   {product} {ergonomic}
   size_t MaxHeapSize                              = 3206545408                                {product} {ergonomic}
   size_t MaxNewSize                               = 1923088384                                {product} {ergonomic}
   size_t MinHeapDeltaBytes                        = 2097152                                   {product} {ergonomic}
   size_t MinHeapSize                              = 8388608                                   {product} {ergonomic}
    uintx NonNMethodCodeHeapSize                   = 5832780                                {pd product} {ergonomic}
    uintx NonProfiledCodeHeapSize                  = 122912730                              {pd product} {ergonomic}
    uintx ProfiledCodeHeapSize                     = 122912730                              {pd product} {ergonomic}
    uintx ReservedCodeCacheSize                    = 251658240                              {pd product} {ergonomic}
     bool SegmentedCodeCache                       = true                                      {product} {ergonomic}
   size_t SoftMaxHeapSize                          = 3206545408                             {manageable} {ergonomic}
     bool UseCompressedOops                        = true                           {product lp64_product} {ergonomic}
     bool UseG1GC                                  = true                                      {product} {ergonomic}
     bool UseLargePagesIndividualAllocation        = false                                  {pd product} {ergonomic}

Logging:
Log output configuration:
 #0: stdout all=warning uptime,level,tags foldmultilines=false
 #1: stderr all=off uptime,level,tags foldmultilines=false

Environment Variables:
PATH=C:\Program Files (x86)\NVIDIA Corporation\PhysX\Common;C:\Program Files\Common Files\Oracle\Java\javapath;C:\Program Files\Python311\Scripts\;C:\Program Files\Python311\;C:\Program Files\Python310\Scripts\;C:\Program Files\Python310\;C:\Program Files\Eclipse Adoptium\jdk-17.0.1.12-hotspot\bin;C:\Windows\system32;C:\Windows;C:\Windows\System32\Wbem;C:\Windows\System32\WindowsPowerShell\v1.0\;C:\Windows\System32\OpenSSH\;C:\Program Files\Cloudflare\Cloudflare WARP\;e:\cursor\resources\app\bin;C:\Program Files\Git\cmd;C:\Program Files\dotnet\;D:\Windows Kits\10\Windows Performance Toolkit\;D:\cursor\resources\app\bin;C:\Users\Admin\AppData\Local\Programs\Python\Python38-32\Scripts\;C:\Users\Admin\AppData\Local\Programs\Python\Python38-32\;C:\Users\Admin\AppData\Local\Microsoft\WindowsApps;;C:\Users\Admin\IntelliJ IDEA 2025.1.3\bin;C:\Program Files (x86)\rubberband;;E:\cursor\resources\app\bin;D:\IntelliJ IDEA Community Edition 2025.2.1\bin;E:\Microsoft VS Code\bin
USERNAME=Admin
OS=Windows_NT
PROCESSOR_IDENTIFIER=Intel64 Family 6 Model 158 Stepping 10, GenuineIntel
TMP=C:\Users\Admin\AppData\Local\Temp
TEMP=C:\Users\Admin\AppData\Local\Temp




Periodic native trim disabled

---------------  S Y S T E M  ---------------

OS:
 Windows 11 , 64 bit Build 22621 (10.0.22621.3371)
OS uptime: 0 days 2:03 hours

CPU: total 4 (initial active 4) (2 cores per cpu, 2 threads per core) family 6 model 158 stepping 10 microcode 0xde, cx8, cmov, fxsr, ht, mmx, 3dnowpref, sse, sse2, sse3, ssse3, sse4.1, sse4.2, popcnt, lzcnt, tsc, tscinvbit, aes, erms, clmul, clflush, clflushopt, rdtscp
Processor Information for the first 4 processors :
  Max Mhz: 3696, Current Mhz: 3696, Mhz Limit: 3696

Memory: 4k page, system-wide physical 12230M (1237M free)
TotalPageFile size 28276M (AvailPageFile size 5M)
current process WorkingSet (physical memory assigned to process): 1723M, peak: 2187M
current process commit charge ("private bytes"): 2139M, peak: 2324M

vm_info: OpenJDK 64-Bit Server VM (21.0.8+9-LTS) for windows-amd64 JRE (21.0.8+9-LTS), built on 2025-07-09T19:22:31Z by "Administrator" with MS VC++ 16.10 / 16.11 (VS2019)

END.
