#
# There is insufficient memory for the Java Runtime Environment to continue.
# Native memory allocation (malloc) failed to allocate 1946576 bytes. Error detail: Chunk::new
# Possible reasons:
#   The system is out of physical RAM or swap space
#   This process is running with CompressedOops enabled, and the Java Heap may be blocking the growth of the native heap
# Possible solutions:
#   Reduce memory load on the system
#   Increase physical memory or swap space
#   Check if swap backing store is full
#   Decrease Java heap size (-Xmx/-Xms)
#   Decrease number of Java threads
#   Decrease Java thread stack sizes (-Xss)
#   Set larger code cache with -XX:ReservedCodeCacheSize=
#   JVM is running with Zero Based Compressed Oops mode in which the Java heap is
#     placed in the first 32GB address space. The Java Heap base address is the
#     maximum limit for the native heap growth. Please use -XX:HeapBaseMinAddress
#     to set the Java Heap base and to place the Java Heap above 32GB virtual address.
# This output file may be truncated or incomplete.
#
#  Out of Memory Error (arena.cpp:168), pid=4252, tid=7340
#
# JRE version: OpenJDK Runtime Environment Corretto-21.0.8.9.1 (21.0.8+9) (build 21.0.8+9-LTS)
# Java VM: OpenJDK 64-Bit Server VM Corretto-21.0.8.9.1 (21.0.8+9-LTS, mixed mode, sharing, tiered, compressed oops, compressed class ptrs, g1 gc, windows-amd64)
# No core dump will be written. Minidumps are not enabled by default on client versions of Windows
#

---------------  S U M M A R Y ------------

Command Line: -Ddebugger.agent.enable.coroutines=true -Dfabric.dli.config=C:\Users\Admin\Desktop\luxury2\.gradle\loom-cache\launch.cfg -Dfabric.dli.env=client -Dfabric.dli.main=net.fabricmc.loader.impl.launch.knot.KnotClient -Dkotlinx.coroutines.debug.enable.creation.stack.trace=false -Dkotlinx.coroutines.debug.enable.flows.stack.trace=true -Dkotlinx.coroutines.debug.enable.mutable.state.flows.stack.trace=true -agentlib:jdwp=transport=dt_socket,server=n,suspend=y,address=127.0.0.1:59797 -javaagent:C:\Users\Admin\AppData\Local\JetBrains\IdeaIC2025.2\captureAgent\debugger-agent.jar=file:///C:/Users/Admin/AppData/Local/Temp/capture5512728394951128234.props -Dfile.encoding=UTF-8 -Duser.country=RU -Duser.language=ru -Duser.variant net.fabricmc.devlaunchinjector.Main -XX:+UseZGC -XX:+UnlockExperimentalVMOptions -XX:+AlwaysPreTouch -XX:+UseStringDeduplication -XX:G1NewSizePercent=25 -XX:G1MaxNewSizePercent=40 -XX:G1HeapRegionSize=16M -XX:InitiatingHeapOccupancyPercent=15 -XX:G1MixedGCCountTarget=4 -XX:MaxGCPauseMillis=40 -XX:+PerfDisableSharedMem -XX:+OptimizeStringConcat

Host: Intel(R) Pentium(R) Gold G5400 CPU @ 3.70GHz, 4 cores, 11G,  Windows 11 , 64 bit Build 22621 (10.0.22621.3371)
Time: Wed Oct  1 03:22:14 2025 elapsed time: 269.386546 seconds (0d 0h 4m 29s)

---------------  T H R E A D  ---------------

Current thread (0x00000137711e7990):  JavaThread "C2 CompilerThread1" daemon [_thread_in_native, id=7340, stack(0x0000000d99300000,0x0000000d99400000) (1024K)]


Current CompileTask:
C2:269386 31205 %     4       net.minecraft.world.chunk.SerializedChunk::convert @ 669 (903 bytes)

Stack: [0x0000000d99300000,0x0000000d99400000]
Native frames: (J=compiled Java code, j=interpreted, Vv=VM code, C=native code)
V  [jvm.dll+0x6deaf9]
V  [jvm.dll+0x8bccc3]
V  [jvm.dll+0x8bf07e]
V  [jvm.dll+0x8bf763]
V  [jvm.dll+0x287836]
V  [jvm.dll+0xc6e0d]
V  [jvm.dll+0xc7343]
V  [jvm.dll+0x3c308b]
V  [jvm.dll+0x1e6572]
V  [jvm.dll+0x24fc64]
V  [jvm.dll+0x24f0e1]
V  [jvm.dll+0x1cd844]
V  [jvm.dll+0x25e7ca]
V  [jvm.dll+0x25cd7b]
V  [jvm.dll+0x3fd7a6]
V  [jvm.dll+0x865958]
V  [jvm.dll+0x6dd2bd]
C  [ucrtbase.dll+0x29333]
C  [KERNEL32.DLL+0x1257d]
C  [ntdll.dll+0x5aa48]


---------------  P R O C E S S  ---------------

Threads class SMR info:
_java_thread_list=0x00000137cb5edee0, length=75, elements={
0x000001377fbf3de0, 0x000001371ef561c0, 0x000001371ef57020, 0x000001371ef5abb0,
0x000001371ef5c7c0, 0x000001371ef5d210, 0x000001371ef5e0f0, 0x000001371ef6b760,
0x000001371ef76340, 0x00000137641f2a40, 0x0000013764379630, 0x00000137642d3fc0,
0x00000137642d4640, 0x00000137642b5320, 0x0000013764326a20, 0x000001376ba244e0,
0x000001376ba26c40, 0x00000137678e5c20, 0x000001376b000320, 0x000001376b6479f0,
0x000001376a401060, 0x00000137734da450, 0x00000137734dcbb0, 0x000001377344dd90,
0x000001377344f7d0, 0x0000013773449560, 0x000001377344fe60, 0x000001377344e420,
0x0000013773451210, 0x000001377344a280, 0x00000137734518a0, 0x000001377344a910,
0x00000137734525c0, 0x000001376b64dc60, 0x000001376b64e2f0, 0x0000013767341f30,
0x000001376b64f010, 0x000001377947d2f0, 0x00000137794797e0, 0x0000013779480770,
0x000001377947b220, 0x0000013779483560, 0x000001377947cc60, 0x0000013779488420,
0x0000013779484910, 0x00000137794869e0, 0x0000013779487700, 0x0000013779485630,
0x0000013779484fa0, 0x0000013779487070, 0x0000013783ac5bb0, 0x0000013783ac5520,
0x0000013783ac6240, 0x0000013783ac68d0, 0x0000013783ac9030, 0x0000013783acaa70,
0x0000013773455a40, 0x00000137cb1b7050, 0x00000137cb1b2820, 0x00000137cb1b3bd0,
0x00000137cb1b69c0, 0x00000137cb1b4f80, 0x00000137cb1b7d70, 0x00000137cb1bdfe0,
0x00000137cb1bd950, 0x00000137cb1bb880, 0x00000137711e7990, 0x00000137cb1bc5a0,
0x00000137cb1be670, 0x00000137cb1b8a90, 0x00000137cb1b6330, 0x00000137cb1c0dd0,
0x00000137cb1c00b0, 0x0000013783acb100, 0x00000137734d7cf0
}

Java Threads: ( => current thread )
  0x000001377fbf3de0 JavaThread "Render thread"                     [_thread_in_native, id=6756, stack(0x0000000d93a00000,0x0000000d93b00000) (1024K)]
  0x000001371ef561c0 JavaThread "Reference Handler"          daemon [_thread_blocked, id=6236, stack(0x0000000d94200000,0x0000000d94300000) (1024K)]
  0x000001371ef57020 JavaThread "Finalizer"                  daemon [_thread_blocked, id=8996, stack(0x0000000d94300000,0x0000000d94400000) (1024K)]
  0x000001371ef5abb0 JavaThread "Signal Dispatcher"          daemon [_thread_blocked, id=7528, stack(0x0000000d94400000,0x0000000d94500000) (1024K)]
  0x000001371ef5c7c0 JavaThread "Attach Listener"            daemon [_thread_blocked, id=10956, stack(0x0000000d94500000,0x0000000d94600000) (1024K)]
  0x000001371ef5d210 JavaThread "Service Thread"             daemon [_thread_blocked, id=13928, stack(0x0000000d94600000,0x0000000d94700000) (1024K)]
  0x000001371ef5e0f0 JavaThread "Monitor Deflation Thread"   daemon [_thread_blocked, id=468, stack(0x0000000d94700000,0x0000000d94800000) (1024K)]
  0x000001371ef6b760 JavaThread "C2 CompilerThread0"         daemon [_thread_in_native, id=14204, stack(0x0000000d94800000,0x0000000d94900000) (1024K)]
  0x000001371ef76340 JavaThread "C1 CompilerThread0"         daemon [_thread_in_native, id=12296, stack(0x0000000d94900000,0x0000000d94a00000) (1024K)]
  0x00000137641f2a40 JavaThread "Common-Cleaner"             daemon [_thread_blocked, id=11992, stack(0x0000000d94a00000,0x0000000d94b00000) (1024K)]
  0x0000013764379630 JavaThread "JDWP Transport Listener: dt_socket" daemon [_thread_blocked, id=13252, stack(0x0000000d94b00000,0x0000000d94c00000) (1024K)]
  0x00000137642d3fc0 JavaThread "JDWP Event Helper Thread"   daemon [_thread_blocked, id=12244, stack(0x0000000d94c00000,0x0000000d94d00000) (1024K)]
  0x00000137642d4640 JavaThread "JDWP Command Reader"        daemon [_thread_in_native, id=13524, stack(0x0000000d94d00000,0x0000000d94e00000) (1024K)]
  0x00000137642b5320 JavaThread "IntelliJ Suspend Helper"    daemon [_thread_blocked, id=12344, stack(0x0000000d94e00000,0x0000000d94f00000) (1024K)]
  0x0000013764326a20 JavaThread "Notification Thread"        daemon [_thread_blocked, id=11972, stack(0x0000000d94f00000,0x0000000d95000000) (1024K)]
  0x000001376ba244e0 JavaThread "c2me-worker-0"              daemon [_thread_blocked, id=5464, stack(0x0000000d95400000,0x0000000d95500000) (1024K)]
  0x000001376ba26c40 JavaThread "c2me-sched"                 daemon [_thread_blocked, id=13372, stack(0x0000000d95500000,0x0000000d95600000) (1024K)]
  0x00000137678e5c20 JavaThread "JNA Cleaner"                daemon [_thread_blocked, id=7356, stack(0x0000000d95000000,0x0000000d95100000) (1024K)]
  0x000001376b000320 JavaThread "Timer hack thread"          daemon [_thread_blocked, id=2352, stack(0x0000000d93700000,0x0000000d93800000) (1024K)]
  0x000001376b6479f0 JavaThread "Yggdrasil Key Fetcher"      daemon [_thread_blocked, id=5836, stack(0x0000000d95c00000,0x0000000d95d00000) (1024K)]
  0x000001376a401060 JavaThread "Discord-RPC"                       [_thread_blocked, id=1908, stack(0x0000000d96100000,0x0000000d96200000) (1024K)]
  0x00000137734da450 JavaThread "FileSystemWatchService"     daemon [_thread_in_native, id=9260, stack(0x0000000d96300000,0x0000000d96400000) (1024K)]
  0x00000137734dcbb0 JavaThread "HttpClient-1-SelectorManager" daemon [_thread_in_native, id=8780, stack(0x0000000d96500000,0x0000000d96600000) (1024K)]
  0x000001377344dd90 JavaThread "Java2D Disposer"            daemon [_thread_blocked, id=8836, stack(0x0000000d96900000,0x0000000d96a00000) (1024K)]
  0x000001377344f7d0 JavaThread "AWT-Windows"                daemon [_thread_in_native, id=8088, stack(0x0000000d96b00000,0x0000000d96c00000) (1024K)]
  0x0000013773449560 JavaThread "IAS"                               [_thread_blocked, id=11360, stack(0x0000000d93900000,0x0000000d93a00000) (1024K)]
  0x000001377344fe60 JavaThread "FileSystemWatchService"     daemon [_thread_in_native, id=2512, stack(0x0000000d96e00000,0x0000000d96f00000) (1024K)]
  0x000001377344e420 JavaThread "config-file-watcher-0-0"    daemon [_thread_blocked, id=3600, stack(0x0000000d96f00000,0x0000000d97000000) (1024K)]
  0x0000013773451210 JavaThread "Read-Poller"                daemon [_thread_in_native, id=9604, stack(0x0000000d97300000,0x0000000d97400000) (1024K)]
  0x000001377344a280 JavaThread "Read-Updater"               daemon [_thread_blocked, id=2796, stack(0x0000000d97400000,0x0000000d97500000) (1024K)]
  0x00000137734518a0 JavaThread "Write-Poller"               daemon [_thread_in_native, id=13360, stack(0x0000000d97500000,0x0000000d97600000) (1024K)]
  0x000001377344a910 JavaThread "Write-Updater"              daemon [_thread_blocked, id=12236, stack(0x0000000d97600000,0x0000000d97700000) (1024K)]
  0x00000137734525c0 JavaThread "HttpClient-3-SelectorManager" daemon [_thread_in_native, id=7420, stack(0x0000000d97700000,0x0000000d97800000) (1024K)]
  0x000001376b64dc60 JavaThread "Worker-ResourceReload-1"    daemon [_thread_blocked, id=12800, stack(0x0000000d98500000,0x0000000d98600000) (1024K)]
  0x000001376b64e2f0 JavaThread "Worker-ResourceReload-2"    daemon [_thread_blocked, id=11296, stack(0x0000000d98600000,0x0000000d98700000) (1024K)]
  0x0000013767341f30 JavaThread "CullThread"                        [_thread_blocked, id=2540, stack(0x0000000d98700000,0x0000000d98800000) (1024K)]
  0x000001376b64f010 JavaThread "IO-Worker-1"                       [_thread_blocked, id=3636, stack(0x0000000d98800000,0x0000000d98900000) (1024K)]
  0x000001377947d2f0 JavaThread "Download-3"                 daemon [_thread_blocked, id=13880, stack(0x0000000d95600000,0x0000000d95700000) (1024K)]
  0x00000137794797e0 JavaThread "Worker-Main-2"              daemon [_thread_blocked, id=3228, stack(0x0000000d95a00000,0x0000000d95b00000) (1024K)]
  0x0000013779480770 JavaThread "Worker-Main-3"              daemon [_thread_blocked, id=4004, stack(0x0000000d95800000,0x0000000d95900000) (1024K)]
  0x000001377947b220 JavaThread "Worker-ResourceReload-3"    daemon [_thread_blocked, id=6232, stack(0x0000000d95d00000,0x0000000d95e00000) (1024K)]
  0x0000013779483560 JavaThread "Server thread"                     [_thread_in_Java, id=13808, stack(0x0000000d96600000,0x0000000d96700000) (1024K)]
  0x000001377947cc60 JavaThread "C2ME Storage #1"            daemon [_thread_blocked, id=6552, stack(0x0000000d96700000,0x0000000d96800000) (1024K)]
  0x0000013779488420 JavaThread "C2ME Storage #2"            daemon [_thread_in_vm, id=9852, stack(0x0000000d96800000,0x0000000d96900000) (1024K)]
  0x0000013779484910 JavaThread "C2ME Storage #3"            daemon [_thread_blocked, id=8016, stack(0x0000000d95e00000,0x0000000d95f00000) (1024K)]
  0x00000137794869e0 JavaThread "RxCachedWorkerPoolEvictor-1" daemon [_thread_blocked, id=9776, stack(0x0000000d96a00000,0x0000000d96b00000) (1024K)]
  0x0000013779487700 JavaThread "chunksystem-minecraft_overworld"        [_thread_blocked, id=13340, stack(0x0000000d96d00000,0x0000000d96e00000) (1024K)]
  0x0000013779485630 JavaThread "Worker-Main-4"              daemon [_thread_blocked, id=10272, stack(0x0000000d97000000,0x0000000d97100000) (1024K)]
  0x0000013779484fa0 JavaThread "C2ME Storage #4"            daemon [_thread_blocked, id=14140, stack(0x0000000d97200000,0x0000000d97300000) (1024K)]
  0x0000013779487070 JavaThread "C2ME Storage #5"            daemon [_thread_blocked, id=5880, stack(0x0000000d97800000,0x0000000d97900000) (1024K)]
  0x0000013783ac5bb0 JavaThread "C2ME Storage #6"            daemon [_thread_blocked, id=3544, stack(0x0000000d97100000,0x0000000d97200000) (1024K)]
  0x0000013783ac5520 JavaThread "chunksystem-minecraft_the_nether"        [_thread_blocked, id=9136, stack(0x0000000d97900000,0x0000000d97a00000) (1024K)]
  0x0000013783ac6240 JavaThread "C2ME Storage #7"            daemon [_thread_blocked, id=1124, stack(0x0000000d97b00000,0x0000000d97c00000) (1024K)]
  0x0000013783ac68d0 JavaThread "C2ME Storage #8"            daemon [_thread_blocked, id=13216, stack(0x0000000d97c00000,0x0000000d97d00000) (1024K)]
  0x0000013783ac9030 JavaThread "C2ME Storage #9"            daemon [_thread_blocked, id=3516, stack(0x0000000d97e00000,0x0000000d97f00000) (1024K)]
  0x0000013783acaa70 JavaThread "chunksystem-minecraft_the_end"        [_thread_blocked, id=12980, stack(0x0000000d98000000,0x0000000d98100000) (1024K)]
  0x0000013773455a40 JavaThread "ThreadStateHolderCleaner"   daemon [_thread_blocked, id=12196, stack(0x0000000d98100000,0x0000000d98200000) (1024K)]
  0x00000137cb1b7050 JavaThread "minecraft_overworld - Light" daemon [_thread_in_Java, id=12020, stack(0x0000000d98400000,0x0000000d98500000) (1024K)] _threads_hazard_ptr=0x00000137cb5edee0
  0x00000137cb1b2820 JavaThread "ForkJoinPool-4-worker-5"    daemon [_thread_blocked, id=2912, stack(0x0000000d98c00000,0x0000000d98d00000) (1024K)]
  0x00000137cb1b3bd0 JavaThread "ForkJoinPool-4-worker-6"    daemon [_thread_blocked, id=2124, stack(0x0000000d98d00000,0x0000000d98e00000) (1024K)]
  0x00000137cb1b69c0 JavaThread "ForkJoinPool-4-worker-7"    daemon [_thread_blocked, id=12736, stack(0x0000000d98e00000,0x0000000d98f00000) (1024K)]
  0x00000137cb1b4f80 JavaThread "ForkJoinPool-4-worker-8"    daemon [_thread_blocked, id=12384, stack(0x0000000d98f00000,0x0000000d99000000) (1024K)]
  0x00000137cb1b7d70 JavaThread "ModernFix integrated server watchdog" daemon [_thread_blocked, id=9692, stack(0x0000000d98b00000,0x0000000d98c00000) (1024K)]
  0x00000137cb1bdfe0 JavaThread "Netty Server IO #0"         daemon [_thread_in_native, id=10660, stack(0x0000000d99100000,0x0000000d99200000) (1024K)]
  0x00000137cb1bd950 JavaThread "Netty Local Client IO #0"   daemon [_thread_blocked, id=724, stack(0x0000000d99000000,0x0000000d99100000) (1024K)]
  0x00000137cb1bb880 JavaThread "Netty Server IO #1"         daemon [_thread_in_native, id=5892, stack(0x0000000d99200000,0x0000000d99300000) (1024K)]
=>0x00000137711e7990 JavaThread "C2 CompilerThread1"         daemon [_thread_in_native, id=7340, stack(0x0000000d99300000,0x0000000d99400000) (1024K)]
  0x00000137cb1bc5a0 JavaThread "Sound engine"               daemon [_thread_blocked, id=2808, stack(0x0000000d99400000,0x0000000d99500000) (1024K)]
  0x00000137cb1be670 JavaThread "Chunk Render Task Executor #0"        [_thread_blocked, id=13436, stack(0x0000000d96400000,0x0000000d96500000) (1024K)]
  0x00000137cb1b8a90 JavaThread "ForkJoinPool.commonPool-worker-3" daemon [_thread_blocked, id=14028, stack(0x0000000d99500000,0x0000000d99600000) (1024K)]
  0x00000137cb1b6330 JavaThread "ForkJoinPool.commonPool-worker-4" daemon [_thread_blocked, id=11796, stack(0x0000000d99600000,0x0000000d99700000) (1024K)]
  0x00000137cb1c0dd0 JavaThread "HttpClient-1-Worker-2"      daemon [_thread_blocked, id=9792, stack(0x0000000d99700000,0x0000000d99800000) (1024K)]
  0x00000137cb1c00b0 JavaThread "HttpClient-1-Worker-3"      daemon [_thread_blocked, id=14180, stack(0x0000000d99800000,0x0000000d99900000) (1024K)]
  0x0000013783acb100 JavaThread "pool-19-thread-1"                  [_thread_blocked, id=3016, stack(0x0000000d99a00000,0x0000000d99b00000) (1024K)]
  0x00000137734d7cf0 JavaThread "Keep-Alive-Timer"           daemon [_thread_blocked, id=13160, stack(0x0000000d99900000,0x0000000d99a00000) (1024K)]
Total: 75

Other Threads:
  0x000001371ef3ff90 VMThread "VM Thread"                           [id=5844, stack(0x0000000d94100000,0x0000000d94200000) (1024K)]
  0x000001371ef2cf50 WatcherThread "VM Periodic Task Thread"        [id=11692, stack(0x0000000d94000000,0x0000000d94100000) (1024K)]
  0x000001377fc4aeb0 WorkerThread "GC Thread#0"                     [id=11940, stack(0x0000000d93b00000,0x0000000d93c00000) (1024K)]
  0x000001376492a450 WorkerThread "GC Thread#1"                     [id=10316, stack(0x0000000d95100000,0x0000000d95200000) (1024K)]
  0x000001376492a7f0 WorkerThread "GC Thread#2"                     [id=9896, stack(0x0000000d95200000,0x0000000d95300000) (1024K)]
  0x000001376492ab90 WorkerThread "GC Thread#3"                     [id=11096, stack(0x0000000d95300000,0x0000000d95400000) (1024K)]
  0x000001377fc57da0 ConcurrentGCThread "G1 Main Marker"            [id=2564, stack(0x0000000d93c00000,0x0000000d93d00000) (1024K)]
  0x000001377fc58c00 WorkerThread "G1 Conc#0"                       [id=4616, stack(0x0000000d93d00000,0x0000000d93e00000) (1024K)]
  0x000001371ee00140 ConcurrentGCThread "G1 Refine#0"               [id=4080, stack(0x0000000d93e00000,0x0000000d93f00000) (1024K)]
  0x0000013767473640 ConcurrentGCThread "G1 Refine#1"               [id=8908, stack(0x0000000d95700000,0x0000000d95800000) (1024K)]
  0x000001371ee00ac0 ConcurrentGCThread "G1 Service"                [id=5992, stack(0x0000000d93f00000,0x0000000d94000000) (1024K)]
Total: 11

Threads with active compile tasks:
C2 CompilerThread0  269425 31621       4       com.logisticscraft.occlusionculling.OcclusionCullingInstance::rayIntersection (203 bytes)
C2 CompilerThread1  269425 31205 %     4       net.minecraft.world.chunk.SerializedChunk::convert @ 669 (903 bytes)
Total: 2

VM state: not at safepoint (normal execution)

VM Mutex/Monitor currently owned by a thread: None

Heap address: 0x0000000740e00000, size: 3058 MB, Compressed Oops mode: Zero based, Oop shift amount: 3

CDS archive(s) mapped at: [0x000001371f000000-0x000001371fc80000-0x000001371fc80000), size 13107200, SharedBaseAddress: 0x000001371f000000, ArchiveRelocationMode: 1.
Compressed class space mapped at: 0x0000013720000000-0x0000013760000000, reserved size: 1073741824
Narrow klass base: 0x000001371f000000, Narrow klass shift: 0, Narrow klass range: 0x100000000

GC Precious Log:
 CardTable entry size: 512
 Card Set container configuration: InlinePtr #cards 4 size 8 Array Of Cards #cards 16 size 48 Howl #buckets 8 coarsen threshold 3686 Howl Bitmap #cards 512 size 80 coarsen threshold 460 Card regions per heap region 1 cards per card region 4096
 CPUs: 4 total, 4 available
 Memory: 12230M
 Large Page Support: Disabled
 NUMA Support: Disabled
 Compressed Oops: Enabled (Zero based)
 Heap Region Size: 2M
 Heap Min Capacity: 8M
 Heap Initial Capacity: 192M
 Heap Max Capacity: 3058M
 Pre-touch: Disabled
 Parallel Workers: 4
 Concurrent Workers: 1
 Concurrent Refinement Workers: 4
 Periodic GC: Disabled

Heap:
 garbage-first heap   total 940032K, used 696178K [0x0000000740e00000, 0x0000000800000000)
  region size 2048K, 114 young (233472K), 19 survivors (38912K)
 Metaspace       used 174991K, committed 176704K, reserved 1245184K
  class space    used 25843K, committed 26624K, reserved 1048576K

Heap Regions: E=young(eden), S=young(survivor), O=old, HS=humongous(starts), HC=humongous(continues), CS=collection set, F=free, TAMS=top-at-mark-start, PB=parsable bottom
|   0|0x0000000740e00000, 0x0000000741000000, 0x0000000741000000|100%|HS|  |TAMS 0x0000000740e00000| PB 0x0000000740e00000| Complete 
|   1|0x0000000741000000, 0x0000000741200000, 0x0000000741200000|100%|HS|  |TAMS 0x0000000741000000| PB 0x0000000741000000| Complete 
|   2|0x0000000741200000, 0x0000000741400000, 0x0000000741400000|100%|HC|  |TAMS 0x0000000741200000| PB 0x0000000741200000| Complete 
|   3|0x0000000741400000, 0x0000000741600000, 0x0000000741600000|100%| O|  |TAMS 0x0000000741400000| PB 0x0000000741400000| Untracked 
|   4|0x0000000741600000, 0x00000007417ffff8, 0x0000000741800000| 99%| O|  |TAMS 0x0000000741600000| PB 0x0000000741600000| Untracked 
|   5|0x0000000741800000, 0x0000000741a00000, 0x0000000741a00000|100%| O|  |TAMS 0x0000000741800000| PB 0x0000000741800000| Untracked 
|   6|0x0000000741a00000, 0x0000000741bffff8, 0x0000000741c00000| 99%| O|  |TAMS 0x0000000741a00000| PB 0x0000000741a00000| Untracked 
|   7|0x0000000741c00000, 0x0000000741dffff0, 0x0000000741e00000| 99%| O|  |TAMS 0x0000000741c00000| PB 0x0000000741c00000| Untracked 
|   8|0x0000000741e00000, 0x0000000742000000, 0x0000000742000000|100%| O|  |TAMS 0x0000000741e00000| PB 0x0000000741e00000| Untracked 
|   9|0x0000000742000000, 0x00000007421f51d0, 0x0000000742200000| 97%| O|  |TAMS 0x0000000742000000| PB 0x0000000742000000| Untracked 
|  10|0x0000000742200000, 0x00000007423ffff0, 0x0000000742400000| 99%| O|  |TAMS 0x0000000742200000| PB 0x0000000742200000| Untracked 
|  11|0x0000000742400000, 0x00000007425ffff0, 0x0000000742600000| 99%| O|  |TAMS 0x0000000742400000| PB 0x0000000742400000| Untracked 
|  12|0x0000000742600000, 0x00000007427fffe8, 0x0000000742800000| 99%| O|  |TAMS 0x0000000742600000| PB 0x0000000742600000| Untracked 
|  13|0x0000000742800000, 0x00000007429ffff0, 0x0000000742a00000| 99%| O|  |TAMS 0x0000000742800000| PB 0x0000000742800000| Untracked 
|  14|0x0000000742a00000, 0x0000000742c00000, 0x0000000742c00000|100%| O|  |TAMS 0x0000000742a00000| PB 0x0000000742a00000| Untracked 
|  15|0x0000000742c00000, 0x0000000742dffff0, 0x0000000742e00000| 99%| O|  |TAMS 0x0000000742c00000| PB 0x0000000742c00000| Untracked 
|  16|0x0000000742e00000, 0x0000000742fffff8, 0x0000000743000000| 99%| O|  |TAMS 0x0000000742e00000| PB 0x0000000742e00000| Untracked 
|  17|0x0000000743000000, 0x0000000743200000, 0x0000000743200000|100%| O|  |TAMS 0x0000000743000000| PB 0x0000000743000000| Untracked 
|  18|0x0000000743200000, 0x00000007433fffd0, 0x0000000743400000| 99%| O|  |TAMS 0x0000000743200000| PB 0x0000000743200000| Untracked 
|  19|0x0000000743400000, 0x0000000743600000, 0x0000000743600000|100%| O|  |TAMS 0x0000000743400000| PB 0x0000000743400000| Untracked 
|  20|0x0000000743600000, 0x0000000743800000, 0x0000000743800000|100%| O|  |TAMS 0x0000000743600000| PB 0x0000000743600000| Untracked 
|  21|0x0000000743800000, 0x0000000743a00000, 0x0000000743a00000|100%| O|  |TAMS 0x0000000743800000| PB 0x0000000743800000| Untracked 
|  22|0x0000000743a00000, 0x0000000743c00000, 0x0000000743c00000|100%| O|  |TAMS 0x0000000743a00000| PB 0x0000000743a00000| Untracked 
|  23|0x0000000743c00000, 0x0000000743e00000, 0x0000000743e00000|100%| O|  |TAMS 0x0000000743c00000| PB 0x0000000743c00000| Untracked 
|  24|0x0000000743e00000, 0x0000000744000000, 0x0000000744000000|100%| O|  |TAMS 0x0000000743e00000| PB 0x0000000743e00000| Untracked 
|  25|0x0000000744000000, 0x0000000744200000, 0x0000000744200000|100%| O|  |TAMS 0x0000000744000000| PB 0x0000000744000000| Untracked 
|  26|0x0000000744200000, 0x0000000744400000, 0x0000000744400000|100%| O|  |TAMS 0x0000000744200000| PB 0x0000000744200000| Untracked 
|  27|0x0000000744400000, 0x0000000744600000, 0x0000000744600000|100%| O|  |TAMS 0x0000000744400000| PB 0x0000000744400000| Untracked 
|  28|0x0000000744600000, 0x0000000744800000, 0x0000000744800000|100%| O|  |TAMS 0x0000000744600000| PB 0x0000000744600000| Untracked 
|  29|0x0000000744800000, 0x0000000744a00000, 0x0000000744a00000|100%| O|  |TAMS 0x0000000744800000| PB 0x0000000744800000| Untracked 
|  30|0x0000000744a00000, 0x0000000744c00000, 0x0000000744c00000|100%| O|  |TAMS 0x0000000744a00000| PB 0x0000000744a00000| Untracked 
|  31|0x0000000744c00000, 0x0000000744dffff0, 0x0000000744e00000| 99%| O|  |TAMS 0x0000000744c00000| PB 0x0000000744c00000| Untracked 
|  32|0x0000000744e00000, 0x0000000744fe7980, 0x0000000745000000| 95%| O|  |TAMS 0x0000000744e00000| PB 0x0000000744e00000| Untracked 
|  33|0x0000000745000000, 0x0000000745200000, 0x0000000745200000|100%| O|  |TAMS 0x0000000745000000| PB 0x0000000745000000| Untracked 
|  34|0x0000000745200000, 0x0000000745400000, 0x0000000745400000|100%| O|  |TAMS 0x0000000745200000| PB 0x0000000745200000| Untracked 
|  35|0x0000000745400000, 0x00000007455ffff0, 0x0000000745600000| 99%| O|  |TAMS 0x0000000745400000| PB 0x0000000745400000| Untracked 
|  36|0x0000000745600000, 0x0000000745800000, 0x0000000745800000|100%| O|  |TAMS 0x0000000745600000| PB 0x0000000745600000| Untracked 
|  37|0x0000000745800000, 0x0000000745a00000, 0x0000000745a00000|100%| O|  |TAMS 0x0000000745800000| PB 0x0000000745800000| Untracked 
|  38|0x0000000745a00000, 0x0000000745c00000, 0x0000000745c00000|100%| O|  |TAMS 0x0000000745a00000| PB 0x0000000745a00000| Untracked 
|  39|0x0000000745c00000, 0x0000000745e00000, 0x0000000745e00000|100%| O|  |TAMS 0x0000000745c00000| PB 0x0000000745c00000| Untracked 
|  40|0x0000000745e00000, 0x0000000745fffff8, 0x0000000746000000| 99%| O|  |TAMS 0x0000000745e00000| PB 0x0000000745e00000| Untracked 
|  41|0x0000000746000000, 0x0000000746200000, 0x0000000746200000|100%| O|  |TAMS 0x0000000746000000| PB 0x0000000746000000| Untracked 
|  42|0x0000000746200000, 0x0000000746400000, 0x0000000746400000|100%| O|  |TAMS 0x0000000746200000| PB 0x0000000746200000| Untracked 
|  43|0x0000000746400000, 0x00000007465fffe8, 0x0000000746600000| 99%| O|  |TAMS 0x0000000746400000| PB 0x0000000746400000| Untracked 
|  44|0x0000000746600000, 0x00000007467ffff0, 0x0000000746800000| 99%| O|  |TAMS 0x0000000746600000| PB 0x0000000746600000| Untracked 
|  45|0x0000000746800000, 0x00000007469fffc0, 0x0000000746a00000| 99%| O|  |TAMS 0x0000000746800000| PB 0x0000000746800000| Untracked 
|  46|0x0000000746a00000, 0x0000000746bfffb0, 0x0000000746c00000| 99%| O|  |TAMS 0x0000000746a00000| PB 0x0000000746a00000| Untracked 
|  47|0x0000000746c00000, 0x0000000746e00000, 0x0000000746e00000|100%| O|  |TAMS 0x0000000746c00000| PB 0x0000000746c00000| Untracked 
|  48|0x0000000746e00000, 0x0000000747000000, 0x0000000747000000|100%| O|  |TAMS 0x0000000746e00000| PB 0x0000000746e00000| Untracked 
|  49|0x0000000747000000, 0x0000000747200000, 0x0000000747200000|100%| O|  |TAMS 0x0000000747000000| PB 0x0000000747000000| Untracked 
|  50|0x0000000747200000, 0x0000000747400000, 0x0000000747400000|100%| O|  |TAMS 0x0000000747200000| PB 0x0000000747200000| Untracked 
|  51|0x0000000747400000, 0x00000007475fffe8, 0x0000000747600000| 99%| O|  |TAMS 0x0000000747400000| PB 0x0000000747400000| Untracked 
|  52|0x0000000747600000, 0x0000000747800000, 0x0000000747800000|100%| O|  |TAMS 0x0000000747600000| PB 0x0000000747600000| Untracked 
|  53|0x0000000747800000, 0x00000007479fffe8, 0x0000000747a00000| 99%| O|  |TAMS 0x0000000747800000| PB 0x0000000747800000| Untracked 
|  54|0x0000000747a00000, 0x0000000747bffff0, 0x0000000747c00000| 99%| O|  |TAMS 0x0000000747a00000| PB 0x0000000747a00000| Untracked 
|  55|0x0000000747c00000, 0x0000000747e00000, 0x0000000747e00000|100%| O|  |TAMS 0x0000000747c00000| PB 0x0000000747c00000| Untracked 
|  56|0x0000000747e00000, 0x0000000748000000, 0x0000000748000000|100%| O|  |TAMS 0x0000000747e00000| PB 0x0000000747e00000| Untracked 
|  57|0x0000000748000000, 0x0000000748200000, 0x0000000748200000|100%| O|  |TAMS 0x0000000748000000| PB 0x0000000748000000| Untracked 
|  58|0x0000000748200000, 0x0000000748400000, 0x0000000748400000|100%| O|  |TAMS 0x0000000748200000| PB 0x0000000748200000| Untracked 
|  59|0x0000000748400000, 0x0000000748600000, 0x0000000748600000|100%| O|  |TAMS 0x0000000748400000| PB 0x0000000748400000| Untracked 
|  60|0x0000000748600000, 0x00000007487fffe8, 0x0000000748800000| 99%| O|  |TAMS 0x0000000748600000| PB 0x0000000748600000| Untracked 
|  61|0x0000000748800000, 0x0000000748a00000, 0x0000000748a00000|100%|HS|  |TAMS 0x0000000748800000| PB 0x0000000748800000| Complete 
|  62|0x0000000748a00000, 0x0000000748c00000, 0x0000000748c00000|100%|HC|  |TAMS 0x0000000748a00000| PB 0x0000000748a00000| Complete 
|  63|0x0000000748c00000, 0x0000000748e00000, 0x0000000748e00000|100%|HS|  |TAMS 0x0000000748c00000| PB 0x0000000748c00000| Complete 
|  64|0x0000000748e00000, 0x0000000749000000, 0x0000000749000000|100%|HC|  |TAMS 0x0000000748e00000| PB 0x0000000748e00000| Complete 
|  65|0x0000000749000000, 0x0000000749200000, 0x0000000749200000|100%|HC|  |TAMS 0x0000000749000000| PB 0x0000000749000000| Complete 
|  66|0x0000000749200000, 0x00000007493ffff8, 0x0000000749400000| 99%| O|  |TAMS 0x0000000749200000| PB 0x0000000749200000| Untracked 
|  67|0x0000000749400000, 0x00000007495fffd8, 0x0000000749600000| 99%| O|  |TAMS 0x0000000749400000| PB 0x0000000749400000| Untracked 
|  68|0x0000000749600000, 0x00000007497fffe0, 0x0000000749800000| 99%| O|  |TAMS 0x0000000749600000| PB 0x0000000749600000| Untracked 
|  69|0x0000000749800000, 0x00000007499fffe8, 0x0000000749a00000| 99%| O|  |TAMS 0x0000000749800000| PB 0x0000000749800000| Untracked 
|  70|0x0000000749a00000, 0x0000000749c00000, 0x0000000749c00000|100%| O|  |TAMS 0x0000000749a00000| PB 0x0000000749a00000| Untracked 
|  71|0x0000000749c00000, 0x0000000749e00000, 0x0000000749e00000|100%| O|  |TAMS 0x0000000749c00000| PB 0x0000000749c00000| Untracked 
|  72|0x0000000749e00000, 0x0000000749fffff0, 0x000000074a000000| 99%| O|  |TAMS 0x0000000749e00000| PB 0x0000000749e00000| Untracked 
|  73|0x000000074a000000, 0x000000074a1fffd0, 0x000000074a200000| 99%| O|  |TAMS 0x000000074a000000| PB 0x000000074a000000| Untracked 
|  74|0x000000074a200000, 0x000000074a400000, 0x000000074a400000|100%| O|  |TAMS 0x000000074a200000| PB 0x000000074a200000| Untracked 
|  75|0x000000074a400000, 0x000000074a5ffff0, 0x000000074a600000| 99%| O|  |TAMS 0x000000074a400000| PB 0x000000074a400000| Untracked 
|  76|0x000000074a600000, 0x000000074a800000, 0x000000074a800000|100%| O|  |TAMS 0x000000074a600000| PB 0x000000074a600000| Untracked 
|  77|0x000000074a800000, 0x000000074aa00000, 0x000000074aa00000|100%| O|  |TAMS 0x000000074a800000| PB 0x000000074a800000| Untracked 
|  78|0x000000074aa00000, 0x000000074ac00000, 0x000000074ac00000|100%| O|  |TAMS 0x000000074aa00000| PB 0x000000074aa00000| Untracked 
|  79|0x000000074ac00000, 0x000000074adfffd0, 0x000000074ae00000| 99%| O|  |TAMS 0x000000074ac00000| PB 0x000000074ac00000| Untracked 
|  80|0x000000074ae00000, 0x000000074b000000, 0x000000074b000000|100%| O|  |TAMS 0x000000074ae00000| PB 0x000000074ae00000| Untracked 
|  81|0x000000074b000000, 0x000000074b200000, 0x000000074b200000|100%| O|  |TAMS 0x000000074b000000| PB 0x000000074b000000| Untracked 
|  82|0x000000074b200000, 0x000000074b400000, 0x000000074b400000|100%| O|  |TAMS 0x000000074b200000| PB 0x000000074b200000| Untracked 
|  83|0x000000074b400000, 0x000000074b600000, 0x000000074b600000|100%| O|  |TAMS 0x000000074b400000| PB 0x000000074b400000| Untracked 
|  84|0x000000074b600000, 0x000000074b800000, 0x000000074b800000|100%| O|  |TAMS 0x000000074b600000| PB 0x000000074b600000| Untracked 
|  85|0x000000074b800000, 0x000000074ba00000, 0x000000074ba00000|100%| O|  |TAMS 0x000000074b800000| PB 0x000000074b800000| Untracked 
|  86|0x000000074ba00000, 0x000000074bc00000, 0x000000074bc00000|100%| O|  |TAMS 0x000000074ba00000| PB 0x000000074ba00000| Untracked 
|  87|0x000000074bc00000, 0x000000074be00000, 0x000000074be00000|100%| O|  |TAMS 0x000000074bc00000| PB 0x000000074bc00000| Untracked 
|  88|0x000000074be00000, 0x000000074c000000, 0x000000074c000000|100%| O|  |TAMS 0x000000074be00000| PB 0x000000074be00000| Untracked 
|  89|0x000000074c000000, 0x000000074c200000, 0x000000074c200000|100%| O|Cm|TAMS 0x000000074c000000| PB 0x000000074c000000| Complete 
|  90|0x000000074c200000, 0x000000074c400000, 0x000000074c400000|100%| O|  |TAMS 0x000000074c200000| PB 0x000000074c200000| Untracked 
|  91|0x000000074c400000, 0x000000074c600000, 0x000000074c600000|100%| O|  |TAMS 0x000000074c400000| PB 0x000000074c400000| Untracked 
|  92|0x000000074c600000, 0x000000074c800000, 0x000000074c800000|100%| O|  |TAMS 0x000000074c600000| PB 0x000000074c600000| Untracked 
|  93|0x000000074c800000, 0x000000074ca00000, 0x000000074ca00000|100%| O|  |TAMS 0x000000074c800000| PB 0x000000074c800000| Untracked 
|  94|0x000000074ca00000, 0x000000074cc00000, 0x000000074cc00000|100%| O|  |TAMS 0x000000074ca00000| PB 0x000000074ca00000| Untracked 
|  95|0x000000074cc00000, 0x000000074ce00000, 0x000000074ce00000|100%| O|  |TAMS 0x000000074cc00000| PB 0x000000074cc00000| Untracked 
|  96|0x000000074ce00000, 0x000000074d000000, 0x000000074d000000|100%| O|  |TAMS 0x000000074ce00000| PB 0x000000074ce00000| Untracked 
|  97|0x000000074d000000, 0x000000074d200000, 0x000000074d200000|100%| O|  |TAMS 0x000000074d000000| PB 0x000000074d000000| Untracked 
|  98|0x000000074d200000, 0x000000074d400000, 0x000000074d400000|100%| O|  |TAMS 0x000000074d200000| PB 0x000000074d200000| Untracked 
|  99|0x000000074d400000, 0x000000074d600000, 0x000000074d600000|100%| O|  |TAMS 0x000000074d400000| PB 0x000000074d400000| Untracked 
| 100|0x000000074d600000, 0x000000074d800000, 0x000000074d800000|100%| O|  |TAMS 0x000000074d600000| PB 0x000000074d600000| Untracked 
| 101|0x000000074d800000, 0x000000074da00000, 0x000000074da00000|100%| O|  |TAMS 0x000000074d800000| PB 0x000000074d800000| Untracked 
| 102|0x000000074da00000, 0x000000074dc00000, 0x000000074dc00000|100%| O|  |TAMS 0x000000074da00000| PB 0x000000074da00000| Untracked 
| 103|0x000000074dc00000, 0x000000074de00000, 0x000000074de00000|100%| O|  |TAMS 0x000000074dc00000| PB 0x000000074dc00000| Untracked 
| 104|0x000000074de00000, 0x000000074e000000, 0x000000074e000000|100%| O|  |TAMS 0x000000074de00000| PB 0x000000074de00000| Untracked 
| 105|0x000000074e000000, 0x000000074e200000, 0x000000074e200000|100%| O|  |TAMS 0x000000074e000000| PB 0x000000074e000000| Untracked 
| 106|0x000000074e200000, 0x000000074e400000, 0x000000074e400000|100%| O|  |TAMS 0x000000074e200000| PB 0x000000074e200000| Untracked 
| 107|0x000000074e400000, 0x000000074e600000, 0x000000074e600000|100%| O|  |TAMS 0x000000074e400000| PB 0x000000074e400000| Untracked 
| 108|0x000000074e600000, 0x000000074e800000, 0x000000074e800000|100%| O|  |TAMS 0x000000074e600000| PB 0x000000074e600000| Untracked 
| 109|0x000000074e800000, 0x000000074ea00000, 0x000000074ea00000|100%| O|  |TAMS 0x000000074e800000| PB 0x000000074e800000| Untracked 
| 110|0x000000074ea00000, 0x000000074ec00000, 0x000000074ec00000|100%| O|  |TAMS 0x000000074ea00000| PB 0x000000074ea00000| Untracked 
| 111|0x000000074ec00000, 0x000000074ee00000, 0x000000074ee00000|100%| O|  |TAMS 0x000000074ec00000| PB 0x000000074ec00000| Untracked 
| 112|0x000000074ee00000, 0x000000074f000000, 0x000000074f000000|100%| O|  |TAMS 0x000000074ee00000| PB 0x000000074ee00000| Untracked 
| 113|0x000000074f000000, 0x000000074f200000, 0x000000074f200000|100%| O|  |TAMS 0x000000074f000000| PB 0x000000074f000000| Untracked 
| 114|0x000000074f200000, 0x000000074f400000, 0x000000074f400000|100%| O|  |TAMS 0x000000074f200000| PB 0x000000074f200000| Untracked 
| 115|0x000000074f400000, 0x000000074f600000, 0x000000074f600000|100%| O|  |TAMS 0x000000074f400000| PB 0x000000074f400000| Untracked 
| 116|0x000000074f600000, 0x000000074f800000, 0x000000074f800000|100%| O|  |TAMS 0x000000074f600000| PB 0x000000074f600000| Untracked 
| 117|0x000000074f800000, 0x000000074fa00000, 0x000000074fa00000|100%| O|  |TAMS 0x000000074f800000| PB 0x000000074f800000| Untracked 
| 118|0x000000074fa00000, 0x000000074fc00000, 0x000000074fc00000|100%| O|  |TAMS 0x000000074fa00000| PB 0x000000074fa00000| Untracked 
| 119|0x000000074fc00000, 0x000000074fe00000, 0x000000074fe00000|100%| O|  |TAMS 0x000000074fc00000| PB 0x000000074fc00000| Untracked 
| 120|0x000000074fe00000, 0x0000000750000000, 0x0000000750000000|100%| O|  |TAMS 0x000000074fe00000| PB 0x000000074fe00000| Untracked 
| 121|0x0000000750000000, 0x0000000750200000, 0x0000000750200000|100%| O|  |TAMS 0x0000000750000000| PB 0x0000000750000000| Untracked 
| 122|0x0000000750200000, 0x0000000750400000, 0x0000000750400000|100%| O|  |TAMS 0x0000000750200000| PB 0x0000000750200000| Untracked 
| 123|0x0000000750400000, 0x0000000750600000, 0x0000000750600000|100%| O|  |TAMS 0x0000000750400000| PB 0x0000000750400000| Untracked 
| 124|0x0000000750600000, 0x0000000750800000, 0x0000000750800000|100%| O|  |TAMS 0x0000000750600000| PB 0x0000000750600000| Untracked 
| 125|0x0000000750800000, 0x0000000750a00000, 0x0000000750a00000|100%| O|  |TAMS 0x0000000750800000| PB 0x0000000750800000| Untracked 
| 126|0x0000000750a00000, 0x0000000750c00000, 0x0000000750c00000|100%| O|  |TAMS 0x0000000750a00000| PB 0x0000000750a00000| Untracked 
| 127|0x0000000750c00000, 0x0000000750e00000, 0x0000000750e00000|100%| O|  |TAMS 0x0000000750c00000| PB 0x0000000750c00000| Untracked 
| 128|0x0000000750e00000, 0x0000000751000000, 0x0000000751000000|100%| O|  |TAMS 0x0000000750e00000| PB 0x0000000750e00000| Untracked 
| 129|0x0000000751000000, 0x0000000751200000, 0x0000000751200000|100%| O|  |TAMS 0x0000000751000000| PB 0x0000000751000000| Untracked 
| 130|0x0000000751200000, 0x0000000751400000, 0x0000000751400000|100%| O|  |TAMS 0x0000000751200000| PB 0x0000000751200000| Untracked 
| 131|0x0000000751400000, 0x0000000751600000, 0x0000000751600000|100%| O|  |TAMS 0x0000000751400000| PB 0x0000000751400000| Untracked 
| 132|0x0000000751600000, 0x0000000751800000, 0x0000000751800000|100%| O|  |TAMS 0x0000000751600000| PB 0x0000000751600000| Untracked 
| 133|0x0000000751800000, 0x0000000751a00000, 0x0000000751a00000|100%| O|  |TAMS 0x0000000751800000| PB 0x0000000751800000| Untracked 
| 134|0x0000000751a00000, 0x0000000751c00000, 0x0000000751c00000|100%| O|  |TAMS 0x0000000751a00000| PB 0x0000000751a00000| Untracked 
| 135|0x0000000751c00000, 0x0000000751e00000, 0x0000000751e00000|100%| O|  |TAMS 0x0000000751c00000| PB 0x0000000751c00000| Untracked 
| 136|0x0000000751e00000, 0x0000000752000000, 0x0000000752000000|100%| O|  |TAMS 0x0000000751e00000| PB 0x0000000751e00000| Untracked 
| 137|0x0000000752000000, 0x0000000752200000, 0x0000000752200000|100%| O|  |TAMS 0x0000000752000000| PB 0x0000000752000000| Untracked 
| 138|0x0000000752200000, 0x0000000752400000, 0x0000000752400000|100%| O|  |TAMS 0x0000000752200000| PB 0x0000000752200000| Untracked 
| 139|0x0000000752400000, 0x0000000752600000, 0x0000000752600000|100%| O|  |TAMS 0x0000000752400000| PB 0x0000000752400000| Untracked 
| 140|0x0000000752600000, 0x0000000752800000, 0x0000000752800000|100%| O|  |TAMS 0x0000000752600000| PB 0x0000000752600000| Untracked 
| 141|0x0000000752800000, 0x0000000752a00000, 0x0000000752a00000|100%| O|  |TAMS 0x0000000752800000| PB 0x0000000752800000| Untracked 
| 142|0x0000000752a00000, 0x0000000752c00000, 0x0000000752c00000|100%| O|  |TAMS 0x0000000752a00000| PB 0x0000000752a00000| Untracked 
| 143|0x0000000752c00000, 0x0000000752e00000, 0x0000000752e00000|100%| O|  |TAMS 0x0000000752c00000| PB 0x0000000752c00000| Untracked 
| 144|0x0000000752e00000, 0x0000000753000000, 0x0000000753000000|100%| O|  |TAMS 0x0000000752e00000| PB 0x0000000752e00000| Untracked 
| 145|0x0000000753000000, 0x0000000753200000, 0x0000000753200000|100%| O|  |TAMS 0x0000000753000000| PB 0x0000000753000000| Untracked 
| 146|0x0000000753200000, 0x0000000753400000, 0x0000000753400000|100%| O|  |TAMS 0x0000000753200000| PB 0x0000000753200000| Untracked 
| 147|0x0000000753400000, 0x0000000753600000, 0x0000000753600000|100%| O|  |TAMS 0x0000000753400000| PB 0x0000000753400000| Untracked 
| 148|0x0000000753600000, 0x0000000753800000, 0x0000000753800000|100%| O|  |TAMS 0x0000000753600000| PB 0x0000000753600000| Untracked 
| 149|0x0000000753800000, 0x0000000753a00000, 0x0000000753a00000|100%| O|  |TAMS 0x0000000753800000| PB 0x0000000753800000| Untracked 
| 150|0x0000000753a00000, 0x0000000753c00000, 0x0000000753c00000|100%|HS|  |TAMS 0x0000000753a00000| PB 0x0000000753a00000| Complete 
| 151|0x0000000753c00000, 0x0000000753e00000, 0x0000000753e00000|100%|HC|  |TAMS 0x0000000753c00000| PB 0x0000000753c00000| Complete 
| 152|0x0000000753e00000, 0x0000000754000000, 0x0000000754000000|100%|HS|  |TAMS 0x0000000753e00000| PB 0x0000000753e00000| Complete 
| 153|0x0000000754000000, 0x0000000754200000, 0x0000000754200000|100%|HS|  |TAMS 0x0000000754000000| PB 0x0000000754000000| Complete 
| 154|0x0000000754200000, 0x0000000754400000, 0x0000000754400000|100%|HC|  |TAMS 0x0000000754200000| PB 0x0000000754200000| Complete 
| 155|0x0000000754400000, 0x0000000754600000, 0x0000000754600000|100%|HC|  |TAMS 0x0000000754400000| PB 0x0000000754400000| Complete 
| 156|0x0000000754600000, 0x0000000754800000, 0x0000000754800000|100%|HS|  |TAMS 0x0000000754600000| PB 0x0000000754600000| Complete 
| 157|0x0000000754800000, 0x0000000754a00000, 0x0000000754a00000|100%|HC|  |TAMS 0x0000000754800000| PB 0x0000000754800000| Complete 
| 158|0x0000000754a00000, 0x0000000754c00000, 0x0000000754c00000|100%|HC|  |TAMS 0x0000000754a00000| PB 0x0000000754a00000| Complete 
| 159|0x0000000754c00000, 0x0000000754e00000, 0x0000000754e00000|100%| O|  |TAMS 0x0000000754c00000| PB 0x0000000754c00000| Untracked 
| 160|0x0000000754e00000, 0x0000000755000000, 0x0000000755000000|100%| O|  |TAMS 0x0000000754e00000| PB 0x0000000754e00000| Untracked 
| 161|0x0000000755000000, 0x0000000755000000, 0x0000000755200000|  0%| F|  |TAMS 0x0000000755000000| PB 0x0000000755000000| Untracked 
| 162|0x0000000755200000, 0x0000000755200000, 0x0000000755400000|  0%| F|  |TAMS 0x0000000755200000| PB 0x0000000755200000| Untracked 
| 163|0x0000000755400000, 0x0000000755400000, 0x0000000755600000|  0%| F|  |TAMS 0x0000000755400000| PB 0x0000000755400000| Untracked 
| 164|0x0000000755600000, 0x0000000755600000, 0x0000000755800000|  0%| F|  |TAMS 0x0000000755600000| PB 0x0000000755600000| Untracked 
| 165|0x0000000755800000, 0x0000000755800000, 0x0000000755a00000|  0%| F|  |TAMS 0x0000000755800000| PB 0x0000000755800000| Untracked 
| 166|0x0000000755a00000, 0x0000000755a00000, 0x0000000755c00000|  0%| F|  |TAMS 0x0000000755a00000| PB 0x0000000755a00000| Untracked 
| 167|0x0000000755c00000, 0x0000000755c00000, 0x0000000755e00000|  0%| F|  |TAMS 0x0000000755c00000| PB 0x0000000755c00000| Untracked 
| 168|0x0000000755e00000, 0x0000000755e00000, 0x0000000756000000|  0%| F|  |TAMS 0x0000000755e00000| PB 0x0000000755e00000| Untracked 
| 169|0x0000000756000000, 0x0000000756000000, 0x0000000756200000|  0%| F|  |TAMS 0x0000000756000000| PB 0x0000000756000000| Untracked 
| 170|0x0000000756200000, 0x0000000756200000, 0x0000000756400000|  0%| F|  |TAMS 0x0000000756200000| PB 0x0000000756200000| Untracked 
| 171|0x0000000756400000, 0x0000000756400000, 0x0000000756600000|  0%| F|  |TAMS 0x0000000756400000| PB 0x0000000756400000| Untracked 
| 172|0x0000000756600000, 0x0000000756600000, 0x0000000756800000|  0%| F|  |TAMS 0x0000000756600000| PB 0x0000000756600000| Untracked 
| 173|0x0000000756800000, 0x0000000756a00000, 0x0000000756a00000|100%| O|  |TAMS 0x0000000756800000| PB 0x0000000756800000| Untracked 
| 174|0x0000000756a00000, 0x0000000756c00000, 0x0000000756c00000|100%| O|  |TAMS 0x0000000756a00000| PB 0x0000000756a00000| Untracked 
| 175|0x0000000756c00000, 0x0000000756e00000, 0x0000000756e00000|100%| O|  |TAMS 0x0000000756c00000| PB 0x0000000756c00000| Untracked 
| 176|0x0000000756e00000, 0x0000000757000000, 0x0000000757000000|100%| O|  |TAMS 0x0000000756e00000| PB 0x0000000756e00000| Untracked 
| 177|0x0000000757000000, 0x0000000757200000, 0x0000000757200000|100%| O|  |TAMS 0x0000000757000000| PB 0x0000000757000000| Untracked 
| 178|0x0000000757200000, 0x0000000757400000, 0x0000000757400000|100%| O|  |TAMS 0x0000000757200000| PB 0x0000000757200000| Untracked 
| 179|0x0000000757400000, 0x0000000757600000, 0x0000000757600000|100%| O|  |TAMS 0x0000000757400000| PB 0x0000000757400000| Untracked 
| 180|0x0000000757600000, 0x0000000757800000, 0x0000000757800000|100%| O|  |TAMS 0x0000000757600000| PB 0x0000000757600000| Untracked 
| 181|0x0000000757800000, 0x0000000757a00000, 0x0000000757a00000|100%| O|  |TAMS 0x0000000757800000| PB 0x0000000757800000| Untracked 
| 182|0x0000000757a00000, 0x0000000757c00000, 0x0000000757c00000|100%| O|  |TAMS 0x0000000757a00000| PB 0x0000000757a00000| Untracked 
| 183|0x0000000757c00000, 0x0000000757e00000, 0x0000000757e00000|100%| O|  |TAMS 0x0000000757c00000| PB 0x0000000757c00000| Untracked 
| 184|0x0000000757e00000, 0x0000000758000000, 0x0000000758000000|100%| O|  |TAMS 0x0000000757e00000| PB 0x0000000757e00000| Untracked 
| 185|0x0000000758000000, 0x0000000758000000, 0x0000000758200000|  0%| F|  |TAMS 0x0000000758000000| PB 0x0000000758000000| Untracked 
| 186|0x0000000758200000, 0x0000000758200000, 0x0000000758400000|  0%| F|  |TAMS 0x0000000758200000| PB 0x0000000758200000| Untracked 
| 187|0x0000000758400000, 0x0000000758400000, 0x0000000758600000|  0%| F|  |TAMS 0x0000000758400000| PB 0x0000000758400000| Untracked 
| 188|0x0000000758600000, 0x0000000758600000, 0x0000000758800000|  0%| F|  |TAMS 0x0000000758600000| PB 0x0000000758600000| Untracked 
| 189|0x0000000758800000, 0x0000000758800000, 0x0000000758a00000|  0%| F|  |TAMS 0x0000000758800000| PB 0x0000000758800000| Untracked 
| 190|0x0000000758a00000, 0x0000000758a00000, 0x0000000758c00000|  0%| F|  |TAMS 0x0000000758a00000| PB 0x0000000758a00000| Untracked 
| 191|0x0000000758c00000, 0x0000000758c00000, 0x0000000758e00000|  0%| F|  |TAMS 0x0000000758c00000| PB 0x0000000758c00000| Untracked 
| 192|0x0000000758e00000, 0x0000000758e00000, 0x0000000759000000|  0%| F|  |TAMS 0x0000000758e00000| PB 0x0000000758e00000| Untracked 
| 193|0x0000000759000000, 0x0000000759000000, 0x0000000759200000|  0%| F|  |TAMS 0x0000000759000000| PB 0x0000000759000000| Untracked 
| 194|0x0000000759200000, 0x0000000759200000, 0x0000000759400000|  0%| F|  |TAMS 0x0000000759200000| PB 0x0000000759200000| Untracked 
| 195|0x0000000759400000, 0x0000000759400000, 0x0000000759600000|  0%| F|  |TAMS 0x0000000759400000| PB 0x0000000759400000| Untracked 
| 196|0x0000000759600000, 0x0000000759600000, 0x0000000759800000|  0%| F|  |TAMS 0x0000000759600000| PB 0x0000000759600000| Untracked 
| 197|0x0000000759800000, 0x0000000759800000, 0x0000000759a00000|  0%| F|  |TAMS 0x0000000759800000| PB 0x0000000759800000| Untracked 
| 198|0x0000000759a00000, 0x0000000759a00000, 0x0000000759c00000|  0%| F|  |TAMS 0x0000000759a00000| PB 0x0000000759a00000| Untracked 
| 199|0x0000000759c00000, 0x0000000759e00000, 0x0000000759e00000|100%| O|  |TAMS 0x0000000759c00000| PB 0x0000000759c00000| Untracked 
| 200|0x0000000759e00000, 0x000000075a000000, 0x000000075a000000|100%| O|  |TAMS 0x0000000759e00000| PB 0x0000000759e00000| Untracked 
| 201|0x000000075a000000, 0x000000075a200000, 0x000000075a200000|100%| O|  |TAMS 0x000000075a000000| PB 0x000000075a000000| Untracked 
| 202|0x000000075a200000, 0x000000075a400000, 0x000000075a400000|100%| O|  |TAMS 0x000000075a200000| PB 0x000000075a200000| Untracked 
| 203|0x000000075a400000, 0x000000075a600000, 0x000000075a600000|100%| O|  |TAMS 0x000000075a400000| PB 0x000000075a400000| Untracked 
| 204|0x000000075a600000, 0x000000075a800000, 0x000000075a800000|100%| O|  |TAMS 0x000000075a600000| PB 0x000000075a600000| Untracked 
| 205|0x000000075a800000, 0x000000075aa00000, 0x000000075aa00000|100%| O|  |TAMS 0x000000075a800000| PB 0x000000075a800000| Untracked 
| 206|0x000000075aa00000, 0x000000075ac00000, 0x000000075ac00000|100%| O|  |TAMS 0x000000075aa00000| PB 0x000000075aa00000| Untracked 
| 207|0x000000075ac00000, 0x000000075ae00000, 0x000000075ae00000|100%| O|  |TAMS 0x000000075ac00000| PB 0x000000075ac00000| Untracked 
| 208|0x000000075ae00000, 0x000000075b000000, 0x000000075b000000|100%| O|  |TAMS 0x000000075ae00000| PB 0x000000075ae00000| Untracked 
| 209|0x000000075b000000, 0x000000075b200000, 0x000000075b200000|100%| O|  |TAMS 0x000000075b000000| PB 0x000000075b000000| Untracked 
| 210|0x000000075b200000, 0x000000075b400000, 0x000000075b400000|100%| O|  |TAMS 0x000000075b200000| PB 0x000000075b200000| Untracked 
| 211|0x000000075b400000, 0x000000075b600000, 0x000000075b600000|100%| O|  |TAMS 0x000000075b400000| PB 0x000000075b400000| Untracked 
| 212|0x000000075b600000, 0x000000075b800000, 0x000000075b800000|100%| O|  |TAMS 0x000000075b600000| PB 0x000000075b600000| Untracked 
| 213|0x000000075b800000, 0x000000075ba00000, 0x000000075ba00000|100%| O|  |TAMS 0x000000075b800000| PB 0x000000075b800000| Untracked 
| 214|0x000000075ba00000, 0x000000075bc00000, 0x000000075bc00000|100%| O|  |TAMS 0x000000075ba00000| PB 0x000000075ba00000| Untracked 
| 215|0x000000075bc00000, 0x000000075be00000, 0x000000075be00000|100%| O|Cm|TAMS 0x000000075bc00000| PB 0x000000075bc00000| Complete 
| 216|0x000000075be00000, 0x000000075c000000, 0x000000075c000000|100%| O|Cm|TAMS 0x000000075be00000| PB 0x000000075be00000| Complete 
| 217|0x000000075c000000, 0x000000075c200000, 0x000000075c200000|100%| O|  |TAMS 0x000000075c000000| PB 0x000000075c000000| Untracked 
| 218|0x000000075c200000, 0x000000075c400000, 0x000000075c400000|100%| O|  |TAMS 0x000000075c200000| PB 0x000000075c200000| Untracked 
| 219|0x000000075c400000, 0x000000075c600000, 0x000000075c600000|100%| O|  |TAMS 0x000000075c400000| PB 0x000000075c400000| Untracked 
| 220|0x000000075c600000, 0x000000075c800000, 0x000000075c800000|100%| O|  |TAMS 0x000000075c600000| PB 0x000000075c600000| Untracked 
| 221|0x000000075c800000, 0x000000075ca00000, 0x000000075ca00000|100%| O|  |TAMS 0x000000075c800000| PB 0x000000075c800000| Untracked 
| 222|0x000000075ca00000, 0x000000075cc00000, 0x000000075cc00000|100%| O|  |TAMS 0x000000075ca00000| PB 0x000000075ca00000| Untracked 
| 223|0x000000075cc00000, 0x000000075ce00000, 0x000000075ce00000|100%| O|  |TAMS 0x000000075cc00000| PB 0x000000075cc00000| Untracked 
| 224|0x000000075ce00000, 0x000000075d000000, 0x000000075d000000|100%| O|  |TAMS 0x000000075ce00000| PB 0x000000075ce00000| Untracked 
| 225|0x000000075d000000, 0x000000075d200000, 0x000000075d200000|100%| O|  |TAMS 0x000000075d000000| PB 0x000000075d000000| Untracked 
| 226|0x000000075d200000, 0x000000075d400000, 0x000000075d400000|100%| O|  |TAMS 0x000000075d200000| PB 0x000000075d200000| Untracked 
| 227|0x000000075d400000, 0x000000075d600000, 0x000000075d600000|100%| O|  |TAMS 0x000000075d400000| PB 0x000000075d400000| Untracked 
| 228|0x000000075d600000, 0x000000075d800000, 0x000000075d800000|100%| O|  |TAMS 0x000000075d600000| PB 0x000000075d600000| Untracked 
| 229|0x000000075d800000, 0x000000075da00000, 0x000000075da00000|100%| O|  |TAMS 0x000000075d800000| PB 0x000000075d800000| Untracked 
| 230|0x000000075da00000, 0x000000075dc00000, 0x000000075dc00000|100%| O|  |TAMS 0x000000075da00000| PB 0x000000075da00000| Untracked 
| 231|0x000000075dc00000, 0x000000075de00000, 0x000000075de00000|100%| O|  |TAMS 0x000000075dc00000| PB 0x000000075dc00000| Untracked 
| 232|0x000000075de00000, 0x000000075e000000, 0x000000075e000000|100%| O|  |TAMS 0x000000075de00000| PB 0x000000075de00000| Untracked 
| 233|0x000000075e000000, 0x000000075e200000, 0x000000075e200000|100%| O|  |TAMS 0x000000075e000000| PB 0x000000075e000000| Untracked 
| 234|0x000000075e200000, 0x000000075e400000, 0x000000075e400000|100%| O|  |TAMS 0x000000075e200000| PB 0x000000075e200000| Untracked 
| 235|0x000000075e400000, 0x000000075e600000, 0x000000075e600000|100%| O|  |TAMS 0x000000075e400000| PB 0x000000075e400000| Untracked 
| 236|0x000000075e600000, 0x000000075e800000, 0x000000075e800000|100%| O|  |TAMS 0x000000075e600000| PB 0x000000075e600000| Untracked 
| 237|0x000000075e800000, 0x000000075ea00000, 0x000000075ea00000|100%| O|  |TAMS 0x000000075e800000| PB 0x000000075e800000| Untracked 
| 238|0x000000075ea00000, 0x000000075ec00000, 0x000000075ec00000|100%| O|  |TAMS 0x000000075ea00000| PB 0x000000075ea00000| Untracked 
| 239|0x000000075ec00000, 0x000000075ed00000, 0x000000075ee00000| 50%| O|  |TAMS 0x000000075ec00000| PB 0x000000075ec00000| Untracked 
| 240|0x000000075ee00000, 0x000000075ee00000, 0x000000075f000000|  0%| F|  |TAMS 0x000000075ee00000| PB 0x000000075ee00000| Untracked 
| 241|0x000000075f000000, 0x000000075f000000, 0x000000075f200000|  0%| F|  |TAMS 0x000000075f000000| PB 0x000000075f000000| Untracked 
| 242|0x000000075f200000, 0x000000075f200000, 0x000000075f400000|  0%| F|  |TAMS 0x000000075f200000| PB 0x000000075f200000| Untracked 
| 243|0x000000075f400000, 0x000000075f400000, 0x000000075f600000|  0%| F|  |TAMS 0x000000075f400000| PB 0x000000075f400000| Untracked 
| 244|0x000000075f600000, 0x000000075f600000, 0x000000075f800000|  0%| F|  |TAMS 0x000000075f600000| PB 0x000000075f600000| Untracked 
| 245|0x000000075f800000, 0x000000075f800000, 0x000000075fa00000|  0%| F|  |TAMS 0x000000075f800000| PB 0x000000075f800000| Untracked 
| 246|0x000000075fa00000, 0x000000075fa00000, 0x000000075fc00000|  0%| F|  |TAMS 0x000000075fa00000| PB 0x000000075fa00000| Untracked 
| 247|0x000000075fc00000, 0x000000075fc00000, 0x000000075fe00000|  0%| F|  |TAMS 0x000000075fc00000| PB 0x000000075fc00000| Untracked 
| 248|0x000000075fe00000, 0x000000075fe00000, 0x0000000760000000|  0%| F|  |TAMS 0x000000075fe00000| PB 0x000000075fe00000| Untracked 
| 249|0x0000000760000000, 0x0000000760000000, 0x0000000760200000|  0%| F|  |TAMS 0x0000000760000000| PB 0x0000000760000000| Untracked 
| 250|0x0000000760200000, 0x0000000760200000, 0x0000000760400000|  0%| F|  |TAMS 0x0000000760200000| PB 0x0000000760200000| Untracked 
| 251|0x0000000760400000, 0x0000000760500000, 0x0000000760600000| 50%| S|CS|TAMS 0x0000000760400000| PB 0x0000000760400000| Complete 
| 252|0x0000000760600000, 0x0000000760800000, 0x0000000760800000|100%| S|CS|TAMS 0x0000000760600000| PB 0x0000000760600000| Complete 
| 253|0x0000000760800000, 0x0000000760a00000, 0x0000000760a00000|100%| S|CS|TAMS 0x0000000760800000| PB 0x0000000760800000| Complete 
| 254|0x0000000760a00000, 0x0000000760c00000, 0x0000000760c00000|100%| S|CS|TAMS 0x0000000760a00000| PB 0x0000000760a00000| Complete 
| 255|0x0000000760c00000, 0x0000000760e00000, 0x0000000760e00000|100%| S|CS|TAMS 0x0000000760c00000| PB 0x0000000760c00000| Complete 
| 256|0x0000000760e00000, 0x0000000761000000, 0x0000000761000000|100%| S|CS|TAMS 0x0000000760e00000| PB 0x0000000760e00000| Complete 
| 257|0x0000000761000000, 0x0000000761200000, 0x0000000761200000|100%| S|CS|TAMS 0x0000000761000000| PB 0x0000000761000000| Complete 
| 258|0x0000000761200000, 0x0000000761400000, 0x0000000761400000|100%| S|CS|TAMS 0x0000000761200000| PB 0x0000000761200000| Complete 
| 259|0x0000000761400000, 0x0000000761600000, 0x0000000761600000|100%| S|CS|TAMS 0x0000000761400000| PB 0x0000000761400000| Complete 
| 260|0x0000000761600000, 0x0000000761800000, 0x0000000761800000|100%| S|CS|TAMS 0x0000000761600000| PB 0x0000000761600000| Complete 
| 261|0x0000000761800000, 0x0000000761a00000, 0x0000000761a00000|100%| S|CS|TAMS 0x0000000761800000| PB 0x0000000761800000| Complete 
| 262|0x0000000761a00000, 0x0000000761c00000, 0x0000000761c00000|100%| S|CS|TAMS 0x0000000761a00000| PB 0x0000000761a00000| Complete 
| 263|0x0000000761c00000, 0x0000000761e00000, 0x0000000761e00000|100%| S|CS|TAMS 0x0000000761c00000| PB 0x0000000761c00000| Complete 
| 264|0x0000000761e00000, 0x0000000762000000, 0x0000000762000000|100%| S|CS|TAMS 0x0000000761e00000| PB 0x0000000761e00000| Complete 
| 265|0x0000000762000000, 0x0000000762200000, 0x0000000762200000|100%| S|CS|TAMS 0x0000000762000000| PB 0x0000000762000000| Complete 
| 266|0x0000000762200000, 0x0000000762400000, 0x0000000762400000|100%| S|CS|TAMS 0x0000000762200000| PB 0x0000000762200000| Complete 
| 267|0x0000000762400000, 0x0000000762600000, 0x0000000762600000|100%| S|CS|TAMS 0x0000000762400000| PB 0x0000000762400000| Complete 
| 268|0x0000000762600000, 0x0000000762800000, 0x0000000762800000|100%| S|CS|TAMS 0x0000000762600000| PB 0x0000000762600000| Complete 
| 269|0x0000000762800000, 0x0000000762a00000, 0x0000000762a00000|100%| S|CS|TAMS 0x0000000762800000| PB 0x0000000762800000| Complete 
| 270|0x0000000762a00000, 0x0000000762a00000, 0x0000000762c00000|  0%| F|  |TAMS 0x0000000762a00000| PB 0x0000000762a00000| Untracked 
| 271|0x0000000762c00000, 0x0000000762c00000, 0x0000000762e00000|  0%| F|  |TAMS 0x0000000762c00000| PB 0x0000000762c00000| Untracked 
| 272|0x0000000762e00000, 0x0000000762e00000, 0x0000000763000000|  0%| F|  |TAMS 0x0000000762e00000| PB 0x0000000762e00000| Untracked 
| 273|0x0000000763000000, 0x0000000763000000, 0x0000000763200000|  0%| F|  |TAMS 0x0000000763000000| PB 0x0000000763000000| Untracked 
| 274|0x0000000763200000, 0x0000000763200000, 0x0000000763400000|  0%| F|  |TAMS 0x0000000763200000| PB 0x0000000763200000| Untracked 
| 275|0x0000000763400000, 0x0000000763400000, 0x0000000763600000|  0%| F|  |TAMS 0x0000000763400000| PB 0x0000000763400000| Untracked 
| 276|0x0000000763600000, 0x0000000763600000, 0x0000000763800000|  0%| F|  |TAMS 0x0000000763600000| PB 0x0000000763600000| Untracked 
| 277|0x0000000763800000, 0x0000000763800000, 0x0000000763a00000|  0%| F|  |TAMS 0x0000000763800000| PB 0x0000000763800000| Untracked 
| 278|0x0000000763a00000, 0x0000000763a00000, 0x0000000763c00000|  0%| F|  |TAMS 0x0000000763a00000| PB 0x0000000763a00000| Untracked 
| 279|0x0000000763c00000, 0x0000000763c00000, 0x0000000763e00000|  0%| F|  |TAMS 0x0000000763c00000| PB 0x0000000763c00000| Untracked 
| 280|0x0000000763e00000, 0x0000000763e00000, 0x0000000764000000|  0%| F|  |TAMS 0x0000000763e00000| PB 0x0000000763e00000| Untracked 
| 281|0x0000000764000000, 0x0000000764000000, 0x0000000764200000|  0%| F|  |TAMS 0x0000000764000000| PB 0x0000000764000000| Untracked 
| 282|0x0000000764200000, 0x0000000764200000, 0x0000000764400000|  0%| F|  |TAMS 0x0000000764200000| PB 0x0000000764200000| Untracked 
| 283|0x0000000764400000, 0x0000000764400000, 0x0000000764600000|  0%| F|  |TAMS 0x0000000764400000| PB 0x0000000764400000| Untracked 
| 284|0x0000000764600000, 0x0000000764600000, 0x0000000764800000|  0%| F|  |TAMS 0x0000000764600000| PB 0x0000000764600000| Untracked 
| 285|0x0000000764800000, 0x0000000764800000, 0x0000000764a00000|  0%| F|  |TAMS 0x0000000764800000| PB 0x0000000764800000| Untracked 
| 286|0x0000000764a00000, 0x0000000764a00000, 0x0000000764c00000|  0%| F|  |TAMS 0x0000000764a00000| PB 0x0000000764a00000| Untracked 
| 287|0x0000000764c00000, 0x0000000764c00000, 0x0000000764e00000|  0%| F|  |TAMS 0x0000000764c00000| PB 0x0000000764c00000| Untracked 
| 288|0x0000000764e00000, 0x0000000764e00000, 0x0000000765000000|  0%| F|  |TAMS 0x0000000764e00000| PB 0x0000000764e00000| Untracked 
| 289|0x0000000765000000, 0x0000000765000000, 0x0000000765200000|  0%| F|  |TAMS 0x0000000765000000| PB 0x0000000765000000| Untracked 
| 290|0x0000000765200000, 0x0000000765200000, 0x0000000765400000|  0%| F|  |TAMS 0x0000000765200000| PB 0x0000000765200000| Untracked 
| 291|0x0000000765400000, 0x0000000765400000, 0x0000000765600000|  0%| F|  |TAMS 0x0000000765400000| PB 0x0000000765400000| Untracked 
| 292|0x0000000765600000, 0x0000000765600000, 0x0000000765800000|  0%| F|  |TAMS 0x0000000765600000| PB 0x0000000765600000| Untracked 
| 293|0x0000000765800000, 0x0000000765800000, 0x0000000765a00000|  0%| F|  |TAMS 0x0000000765800000| PB 0x0000000765800000| Untracked 
| 294|0x0000000765a00000, 0x0000000765a00000, 0x0000000765c00000|  0%| F|  |TAMS 0x0000000765a00000| PB 0x0000000765a00000| Untracked 
| 295|0x0000000765c00000, 0x0000000765c00000, 0x0000000765e00000|  0%| F|  |TAMS 0x0000000765c00000| PB 0x0000000765c00000| Untracked 
| 296|0x0000000765e00000, 0x0000000765e00000, 0x0000000766000000|  0%| F|  |TAMS 0x0000000765e00000| PB 0x0000000765e00000| Untracked 
| 297|0x0000000766000000, 0x0000000766000000, 0x0000000766200000|  0%| F|  |TAMS 0x0000000766000000| PB 0x0000000766000000| Untracked 
| 298|0x0000000766200000, 0x0000000766200000, 0x0000000766400000|  0%| F|  |TAMS 0x0000000766200000| PB 0x0000000766200000| Untracked 
| 299|0x0000000766400000, 0x0000000766400000, 0x0000000766600000|  0%| F|  |TAMS 0x0000000766400000| PB 0x0000000766400000| Untracked 
| 300|0x0000000766600000, 0x0000000766600000, 0x0000000766800000|  0%| F|  |TAMS 0x0000000766600000| PB 0x0000000766600000| Untracked 
| 301|0x0000000766800000, 0x0000000766800000, 0x0000000766a00000|  0%| F|  |TAMS 0x0000000766800000| PB 0x0000000766800000| Untracked 
| 302|0x0000000766a00000, 0x0000000766a00000, 0x0000000766c00000|  0%| F|  |TAMS 0x0000000766a00000| PB 0x0000000766a00000| Untracked 
| 303|0x0000000766c00000, 0x0000000766c00000, 0x0000000766e00000|  0%| F|  |TAMS 0x0000000766c00000| PB 0x0000000766c00000| Untracked 
| 304|0x0000000766e00000, 0x0000000766e00000, 0x0000000767000000|  0%| F|  |TAMS 0x0000000766e00000| PB 0x0000000766e00000| Untracked 
| 305|0x0000000767000000, 0x0000000767000000, 0x0000000767200000|  0%| F|  |TAMS 0x0000000767000000| PB 0x0000000767000000| Untracked 
| 306|0x0000000767200000, 0x0000000767200000, 0x0000000767400000|  0%| F|  |TAMS 0x0000000767200000| PB 0x0000000767200000| Untracked 
| 307|0x0000000767400000, 0x0000000767400000, 0x0000000767600000|  0%| F|  |TAMS 0x0000000767400000| PB 0x0000000767400000| Untracked 
| 308|0x0000000767600000, 0x0000000767600000, 0x0000000767800000|  0%| F|  |TAMS 0x0000000767600000| PB 0x0000000767600000| Untracked 
| 309|0x0000000767800000, 0x0000000767800000, 0x0000000767a00000|  0%| F|  |TAMS 0x0000000767800000| PB 0x0000000767800000| Untracked 
| 310|0x0000000767a00000, 0x0000000767a00000, 0x0000000767c00000|  0%| F|  |TAMS 0x0000000767a00000| PB 0x0000000767a00000| Untracked 
| 311|0x0000000767c00000, 0x0000000767c00000, 0x0000000767e00000|  0%| F|  |TAMS 0x0000000767c00000| PB 0x0000000767c00000| Untracked 
| 312|0x0000000767e00000, 0x0000000767e00000, 0x0000000768000000|  0%| F|  |TAMS 0x0000000767e00000| PB 0x0000000767e00000| Untracked 
| 313|0x0000000768000000, 0x0000000768000000, 0x0000000768200000|  0%| F|  |TAMS 0x0000000768000000| PB 0x0000000768000000| Untracked 
| 314|0x0000000768200000, 0x0000000768200000, 0x0000000768400000|  0%| F|  |TAMS 0x0000000768200000| PB 0x0000000768200000| Untracked 
| 315|0x0000000768400000, 0x0000000768400000, 0x0000000768600000|  0%| F|  |TAMS 0x0000000768400000| PB 0x0000000768400000| Untracked 
| 316|0x0000000768600000, 0x0000000768600000, 0x0000000768800000|  0%| F|  |TAMS 0x0000000768600000| PB 0x0000000768600000| Untracked 
| 317|0x0000000768800000, 0x0000000768800000, 0x0000000768a00000|  0%| F|  |TAMS 0x0000000768800000| PB 0x0000000768800000| Untracked 
| 318|0x0000000768a00000, 0x0000000768a00000, 0x0000000768c00000|  0%| F|  |TAMS 0x0000000768a00000| PB 0x0000000768a00000| Untracked 
| 319|0x0000000768c00000, 0x0000000768c00000, 0x0000000768e00000|  0%| F|  |TAMS 0x0000000768c00000| PB 0x0000000768c00000| Untracked 
| 320|0x0000000768e00000, 0x0000000768e00000, 0x0000000769000000|  0%| F|  |TAMS 0x0000000768e00000| PB 0x0000000768e00000| Untracked 
| 321|0x0000000769000000, 0x0000000769000000, 0x0000000769200000|  0%| F|  |TAMS 0x0000000769000000| PB 0x0000000769000000| Untracked 
| 322|0x0000000769200000, 0x0000000769200000, 0x0000000769400000|  0%| F|  |TAMS 0x0000000769200000| PB 0x0000000769200000| Untracked 
| 323|0x0000000769400000, 0x0000000769400000, 0x0000000769600000|  0%| F|  |TAMS 0x0000000769400000| PB 0x0000000769400000| Untracked 
| 324|0x0000000769600000, 0x0000000769600000, 0x0000000769800000|  0%| F|  |TAMS 0x0000000769600000| PB 0x0000000769600000| Untracked 
| 325|0x0000000769800000, 0x0000000769800000, 0x0000000769a00000|  0%| F|  |TAMS 0x0000000769800000| PB 0x0000000769800000| Untracked 
| 326|0x0000000769a00000, 0x0000000769a00000, 0x0000000769c00000|  0%| F|  |TAMS 0x0000000769a00000| PB 0x0000000769a00000| Untracked 
| 327|0x0000000769c00000, 0x0000000769c00000, 0x0000000769e00000|  0%| F|  |TAMS 0x0000000769c00000| PB 0x0000000769c00000| Untracked 
| 328|0x0000000769e00000, 0x0000000769e00000, 0x000000076a000000|  0%| F|  |TAMS 0x0000000769e00000| PB 0x0000000769e00000| Untracked 
| 329|0x000000076a000000, 0x000000076a000000, 0x000000076a200000|  0%| F|  |TAMS 0x000000076a000000| PB 0x000000076a000000| Untracked 
| 330|0x000000076a200000, 0x000000076a200000, 0x000000076a400000|  0%| F|  |TAMS 0x000000076a200000| PB 0x000000076a200000| Untracked 
| 331|0x000000076a400000, 0x000000076a400000, 0x000000076a600000|  0%| F|  |TAMS 0x000000076a400000| PB 0x000000076a400000| Untracked 
| 332|0x000000076a600000, 0x000000076a600000, 0x000000076a800000|  0%| F|  |TAMS 0x000000076a600000| PB 0x000000076a600000| Untracked 
| 333|0x000000076a800000, 0x000000076a800000, 0x000000076aa00000|  0%| F|  |TAMS 0x000000076a800000| PB 0x000000076a800000| Untracked 
| 334|0x000000076aa00000, 0x000000076aa00000, 0x000000076ac00000|  0%| F|  |TAMS 0x000000076aa00000| PB 0x000000076aa00000| Untracked 
| 335|0x000000076ac00000, 0x000000076ac00000, 0x000000076ae00000|  0%| F|  |TAMS 0x000000076ac00000| PB 0x000000076ac00000| Untracked 
| 336|0x000000076ae00000, 0x000000076ae00000, 0x000000076b000000|  0%| F|  |TAMS 0x000000076ae00000| PB 0x000000076ae00000| Untracked 
| 337|0x000000076b000000, 0x000000076b000000, 0x000000076b200000|  0%| F|  |TAMS 0x000000076b000000| PB 0x000000076b000000| Untracked 
| 338|0x000000076b200000, 0x000000076b200000, 0x000000076b400000|  0%| F|  |TAMS 0x000000076b200000| PB 0x000000076b200000| Untracked 
| 339|0x000000076b400000, 0x000000076b400000, 0x000000076b600000|  0%| F|  |TAMS 0x000000076b400000| PB 0x000000076b400000| Untracked 
| 340|0x000000076b600000, 0x000000076b600000, 0x000000076b800000|  0%| F|  |TAMS 0x000000076b600000| PB 0x000000076b600000| Untracked 
| 341|0x000000076b800000, 0x000000076b800000, 0x000000076ba00000|  0%| F|  |TAMS 0x000000076b800000| PB 0x000000076b800000| Untracked 
| 342|0x000000076ba00000, 0x000000076ba00000, 0x000000076bc00000|  0%| F|  |TAMS 0x000000076ba00000| PB 0x000000076ba00000| Untracked 
| 343|0x000000076bc00000, 0x000000076bc00000, 0x000000076be00000|  0%| F|  |TAMS 0x000000076bc00000| PB 0x000000076bc00000| Untracked 
| 344|0x000000076be00000, 0x000000076be00000, 0x000000076c000000|  0%| F|  |TAMS 0x000000076be00000| PB 0x000000076be00000| Untracked 
| 345|0x000000076c000000, 0x000000076c000000, 0x000000076c200000|  0%| F|  |TAMS 0x000000076c000000| PB 0x000000076c000000| Untracked 
| 346|0x000000076c200000, 0x000000076c200000, 0x000000076c400000|  0%| F|  |TAMS 0x000000076c200000| PB 0x000000076c200000| Untracked 
| 347|0x000000076c400000, 0x000000076c400000, 0x000000076c600000|  0%| F|  |TAMS 0x000000076c400000| PB 0x000000076c400000| Untracked 
| 348|0x000000076c600000, 0x000000076c600000, 0x000000076c800000|  0%| F|  |TAMS 0x000000076c600000| PB 0x000000076c600000| Untracked 
| 349|0x000000076c800000, 0x000000076c800000, 0x000000076ca00000|  0%| F|  |TAMS 0x000000076c800000| PB 0x000000076c800000| Untracked 
| 350|0x000000076ca00000, 0x000000076cb630b0, 0x000000076cc00000| 69%| E|  |TAMS 0x000000076ca00000| PB 0x000000076ca00000| Complete 
| 351|0x000000076cc00000, 0x000000076ce00000, 0x000000076ce00000|100%| E|CS|TAMS 0x000000076cc00000| PB 0x000000076cc00000| Complete 
| 352|0x000000076ce00000, 0x000000076d000000, 0x000000076d000000|100%| E|CS|TAMS 0x000000076ce00000| PB 0x000000076ce00000| Complete 
| 353|0x000000076d000000, 0x000000076d200000, 0x000000076d200000|100%| E|CS|TAMS 0x000000076d000000| PB 0x000000076d000000| Complete 
| 354|0x000000076d200000, 0x000000076d400000, 0x000000076d400000|100%| E|CS|TAMS 0x000000076d200000| PB 0x000000076d200000| Complete 
| 355|0x000000076d400000, 0x000000076d600000, 0x000000076d600000|100%| E|CS|TAMS 0x000000076d400000| PB 0x000000076d400000| Complete 
| 356|0x000000076d600000, 0x000000076d800000, 0x000000076d800000|100%| E|CS|TAMS 0x000000076d600000| PB 0x000000076d600000| Complete 
| 357|0x000000076d800000, 0x000000076da00000, 0x000000076da00000|100%| E|CS|TAMS 0x000000076d800000| PB 0x000000076d800000| Complete 
| 358|0x000000076da00000, 0x000000076dc00000, 0x000000076dc00000|100%| E|CS|TAMS 0x000000076da00000| PB 0x000000076da00000| Complete 
| 359|0x000000076dc00000, 0x000000076de00000, 0x000000076de00000|100%| E|CS|TAMS 0x000000076dc00000| PB 0x000000076dc00000| Complete 
| 360|0x000000076de00000, 0x000000076e000000, 0x000000076e000000|100%| E|CS|TAMS 0x000000076de00000| PB 0x000000076de00000| Complete 
| 361|0x000000076e000000, 0x000000076e200000, 0x000000076e200000|100%| E|CS|TAMS 0x000000076e000000| PB 0x000000076e000000| Complete 
| 362|0x000000076e200000, 0x000000076e400000, 0x000000076e400000|100%| E|CS|TAMS 0x000000076e200000| PB 0x000000076e200000| Complete 
| 363|0x000000076e400000, 0x000000076e600000, 0x000000076e600000|100%| E|CS|TAMS 0x000000076e400000| PB 0x000000076e400000| Complete 
| 364|0x000000076e600000, 0x000000076e800000, 0x000000076e800000|100%| E|CS|TAMS 0x000000076e600000| PB 0x000000076e600000| Complete 
| 365|0x000000076e800000, 0x000000076ea00000, 0x000000076ea00000|100%| E|CS|TAMS 0x000000076e800000| PB 0x000000076e800000| Complete 
| 366|0x000000076ea00000, 0x000000076ec00000, 0x000000076ec00000|100%| E|CS|TAMS 0x000000076ea00000| PB 0x000000076ea00000| Complete 
| 367|0x000000076ec00000, 0x000000076ee00000, 0x000000076ee00000|100%| E|CS|TAMS 0x000000076ec00000| PB 0x000000076ec00000| Complete 
| 368|0x000000076ee00000, 0x000000076f000000, 0x000000076f000000|100%| E|CS|TAMS 0x000000076ee00000| PB 0x000000076ee00000| Complete 
| 369|0x000000076f000000, 0x000000076f200000, 0x000000076f200000|100%| E|CS|TAMS 0x000000076f000000| PB 0x000000076f000000| Complete 
| 370|0x000000076f200000, 0x000000076f400000, 0x000000076f400000|100%| E|CS|TAMS 0x000000076f200000| PB 0x000000076f200000| Complete 
| 371|0x000000076f400000, 0x000000076f600000, 0x000000076f600000|100%| E|CS|TAMS 0x000000076f400000| PB 0x000000076f400000| Complete 
| 372|0x000000076f600000, 0x000000076f800000, 0x000000076f800000|100%| E|CS|TAMS 0x000000076f600000| PB 0x000000076f600000| Complete 
| 373|0x000000076f800000, 0x000000076fa00000, 0x000000076fa00000|100%| E|CS|TAMS 0x000000076f800000| PB 0x000000076f800000| Complete 
| 374|0x000000076fa00000, 0x000000076fc00000, 0x000000076fc00000|100%| E|CS|TAMS 0x000000076fa00000| PB 0x000000076fa00000| Complete 
| 375|0x000000076fc00000, 0x000000076fe00000, 0x000000076fe00000|100%| E|CS|TAMS 0x000000076fc00000| PB 0x000000076fc00000| Complete 
| 376|0x000000076fe00000, 0x0000000770000000, 0x0000000770000000|100%| E|CS|TAMS 0x000000076fe00000| PB 0x000000076fe00000| Complete 
| 377|0x0000000770000000, 0x0000000770200000, 0x0000000770200000|100%| E|CS|TAMS 0x0000000770000000| PB 0x0000000770000000| Complete 
| 378|0x0000000770200000, 0x0000000770400000, 0x0000000770400000|100%| E|CS|TAMS 0x0000000770200000| PB 0x0000000770200000| Complete 
| 379|0x0000000770400000, 0x0000000770600000, 0x0000000770600000|100%| E|CS|TAMS 0x0000000770400000| PB 0x0000000770400000| Complete 
| 380|0x0000000770600000, 0x0000000770800000, 0x0000000770800000|100%| E|CS|TAMS 0x0000000770600000| PB 0x0000000770600000| Complete 
| 381|0x0000000770800000, 0x0000000770a00000, 0x0000000770a00000|100%| E|CS|TAMS 0x0000000770800000| PB 0x0000000770800000| Complete 
| 382|0x0000000770a00000, 0x0000000770c00000, 0x0000000770c00000|100%| E|CS|TAMS 0x0000000770a00000| PB 0x0000000770a00000| Complete 
| 383|0x0000000770c00000, 0x0000000770e00000, 0x0000000770e00000|100%| E|CS|TAMS 0x0000000770c00000| PB 0x0000000770c00000| Complete 
| 384|0x0000000770e00000, 0x0000000771000000, 0x0000000771000000|100%| E|CS|TAMS 0x0000000770e00000| PB 0x0000000770e00000| Complete 
| 385|0x0000000771000000, 0x0000000771200000, 0x0000000771200000|100%| E|CS|TAMS 0x0000000771000000| PB 0x0000000771000000| Complete 
| 386|0x0000000771200000, 0x0000000771400000, 0x0000000771400000|100%| E|CS|TAMS 0x0000000771200000| PB 0x0000000771200000| Complete 
| 387|0x0000000771400000, 0x0000000771600000, 0x0000000771600000|100%| E|CS|TAMS 0x0000000771400000| PB 0x0000000771400000| Complete 
| 388|0x0000000771600000, 0x0000000771800000, 0x0000000771800000|100%| E|CS|TAMS 0x0000000771600000| PB 0x0000000771600000| Complete 
| 389|0x0000000771800000, 0x0000000771a00000, 0x0000000771a00000|100%| E|CS|TAMS 0x0000000771800000| PB 0x0000000771800000| Complete 
| 390|0x0000000771a00000, 0x0000000771c00000, 0x0000000771c00000|100%| E|CS|TAMS 0x0000000771a00000| PB 0x0000000771a00000| Complete 
| 391|0x0000000771c00000, 0x0000000771e00000, 0x0000000771e00000|100%| E|CS|TAMS 0x0000000771c00000| PB 0x0000000771c00000| Complete 
| 392|0x0000000771e00000, 0x0000000772000000, 0x0000000772000000|100%| E|CS|TAMS 0x0000000771e00000| PB 0x0000000771e00000| Complete 
| 393|0x0000000772000000, 0x0000000772200000, 0x0000000772200000|100%| E|CS|TAMS 0x0000000772000000| PB 0x0000000772000000| Complete 
| 394|0x0000000772200000, 0x0000000772400000, 0x0000000772400000|100%| E|CS|TAMS 0x0000000772200000| PB 0x0000000772200000| Complete 
| 395|0x0000000772400000, 0x0000000772600000, 0x0000000772600000|100%| E|CS|TAMS 0x0000000772400000| PB 0x0000000772400000| Complete 
| 396|0x0000000772600000, 0x0000000772800000, 0x0000000772800000|100%| E|CS|TAMS 0x0000000772600000| PB 0x0000000772600000| Complete 
| 397|0x0000000772800000, 0x0000000772a00000, 0x0000000772a00000|100%| E|CS|TAMS 0x0000000772800000| PB 0x0000000772800000| Complete 
| 398|0x0000000772a00000, 0x0000000772c00000, 0x0000000772c00000|100%| E|CS|TAMS 0x0000000772a00000| PB 0x0000000772a00000| Complete 
| 399|0x0000000772c00000, 0x0000000772e00000, 0x0000000772e00000|100%| E|CS|TAMS 0x0000000772c00000| PB 0x0000000772c00000| Complete 
| 400|0x0000000772e00000, 0x0000000773000000, 0x0000000773000000|100%| E|CS|TAMS 0x0000000772e00000| PB 0x0000000772e00000| Complete 
| 401|0x0000000773000000, 0x0000000773200000, 0x0000000773200000|100%| E|CS|TAMS 0x0000000773000000| PB 0x0000000773000000| Complete 
| 402|0x0000000773200000, 0x0000000773400000, 0x0000000773400000|100%| E|CS|TAMS 0x0000000773200000| PB 0x0000000773200000| Complete 
| 403|0x0000000773400000, 0x0000000773600000, 0x0000000773600000|100%| E|CS|TAMS 0x0000000773400000| PB 0x0000000773400000| Complete 
| 404|0x0000000773600000, 0x0000000773800000, 0x0000000773800000|100%| E|CS|TAMS 0x0000000773600000| PB 0x0000000773600000| Complete 
| 405|0x0000000773800000, 0x0000000773a00000, 0x0000000773a00000|100%| E|CS|TAMS 0x0000000773800000| PB 0x0000000773800000| Complete 
| 406|0x0000000773a00000, 0x0000000773c00000, 0x0000000773c00000|100%| E|CS|TAMS 0x0000000773a00000| PB 0x0000000773a00000| Complete 
| 407|0x0000000773c00000, 0x0000000773e00000, 0x0000000773e00000|100%| E|CS|TAMS 0x0000000773c00000| PB 0x0000000773c00000| Complete 
| 408|0x0000000773e00000, 0x0000000774000000, 0x0000000774000000|100%| E|CS|TAMS 0x0000000773e00000| PB 0x0000000773e00000| Complete 
| 409|0x0000000774000000, 0x0000000774200000, 0x0000000774200000|100%| E|CS|TAMS 0x0000000774000000| PB 0x0000000774000000| Complete 
| 410|0x0000000774200000, 0x0000000774400000, 0x0000000774400000|100%| E|CS|TAMS 0x0000000774200000| PB 0x0000000774200000| Complete 
| 411|0x0000000774400000, 0x0000000774600000, 0x0000000774600000|100%| E|CS|TAMS 0x0000000774400000| PB 0x0000000774400000| Complete 
| 412|0x0000000774600000, 0x0000000774800000, 0x0000000774800000|100%| E|CS|TAMS 0x0000000774600000| PB 0x0000000774600000| Complete 
| 413|0x0000000774800000, 0x0000000774a00000, 0x0000000774a00000|100%| E|CS|TAMS 0x0000000774800000| PB 0x0000000774800000| Complete 
| 414|0x0000000774a00000, 0x0000000774c00000, 0x0000000774c00000|100%| E|CS|TAMS 0x0000000774a00000| PB 0x0000000774a00000| Complete 
| 415|0x0000000774c00000, 0x0000000774e00000, 0x0000000774e00000|100%| E|CS|TAMS 0x0000000774c00000| PB 0x0000000774c00000| Complete 
| 416|0x0000000774e00000, 0x0000000775000000, 0x0000000775000000|100%| E|CS|TAMS 0x0000000774e00000| PB 0x0000000774e00000| Complete 
| 417|0x0000000775000000, 0x0000000775200000, 0x0000000775200000|100%| E|CS|TAMS 0x0000000775000000| PB 0x0000000775000000| Complete 
| 431|0x0000000776c00000, 0x0000000776e00000, 0x0000000776e00000|100%| E|CS|TAMS 0x0000000776c00000| PB 0x0000000776c00000| Complete 
| 432|0x0000000776e00000, 0x0000000777000000, 0x0000000777000000|100%| E|CS|TAMS 0x0000000776e00000| PB 0x0000000776e00000| Complete 
| 433|0x0000000777000000, 0x0000000777200000, 0x0000000777200000|100%| E|CS|TAMS 0x0000000777000000| PB 0x0000000777000000| Complete 
| 434|0x0000000777200000, 0x0000000777400000, 0x0000000777400000|100%| E|CS|TAMS 0x0000000777200000| PB 0x0000000777200000| Complete 
| 435|0x0000000777400000, 0x0000000777600000, 0x0000000777600000|100%| E|CS|TAMS 0x0000000777400000| PB 0x0000000777400000| Complete 
| 436|0x0000000777600000, 0x0000000777800000, 0x0000000777800000|100%| E|CS|TAMS 0x0000000777600000| PB 0x0000000777600000| Complete 
| 437|0x0000000777800000, 0x0000000777a00000, 0x0000000777a00000|100%| E|CS|TAMS 0x0000000777800000| PB 0x0000000777800000| Complete 
| 438|0x0000000777a00000, 0x0000000777c00000, 0x0000000777c00000|100%| E|CS|TAMS 0x0000000777a00000| PB 0x0000000777a00000| Complete 
| 439|0x0000000777c00000, 0x0000000777e00000, 0x0000000777e00000|100%| E|CS|TAMS 0x0000000777c00000| PB 0x0000000777c00000| Complete 
| 440|0x0000000777e00000, 0x0000000778000000, 0x0000000778000000|100%| E|CS|TAMS 0x0000000777e00000| PB 0x0000000777e00000| Complete 
| 441|0x0000000778000000, 0x0000000778200000, 0x0000000778200000|100%| E|CS|TAMS 0x0000000778000000| PB 0x0000000778000000| Complete 
| 442|0x0000000778200000, 0x0000000778400000, 0x0000000778400000|100%| E|CS|TAMS 0x0000000778200000| PB 0x0000000778200000| Complete 
| 443|0x0000000778400000, 0x0000000778600000, 0x0000000778600000|100%| E|CS|TAMS 0x0000000778400000| PB 0x0000000778400000| Complete 
| 444|0x0000000778600000, 0x0000000778800000, 0x0000000778800000|100%| E|CS|TAMS 0x0000000778600000| PB 0x0000000778600000| Complete 
| 445|0x0000000778800000, 0x0000000778a00000, 0x0000000778a00000|100%| E|CS|TAMS 0x0000000778800000| PB 0x0000000778800000| Complete 
| 446|0x0000000778a00000, 0x0000000778c00000, 0x0000000778c00000|100%| E|CS|TAMS 0x0000000778a00000| PB 0x0000000778a00000| Complete 
| 447|0x0000000778c00000, 0x0000000778e00000, 0x0000000778e00000|100%| E|CS|TAMS 0x0000000778c00000| PB 0x0000000778c00000| Complete 
| 448|0x0000000778e00000, 0x0000000779000000, 0x0000000779000000|100%| E|CS|TAMS 0x0000000778e00000| PB 0x0000000778e00000| Complete 
| 449|0x0000000779000000, 0x0000000779200000, 0x0000000779200000|100%| E|CS|TAMS 0x0000000779000000| PB 0x0000000779000000| Complete 
| 450|0x0000000779200000, 0x0000000779400000, 0x0000000779400000|100%| E|CS|TAMS 0x0000000779200000| PB 0x0000000779200000| Complete 
| 451|0x0000000779400000, 0x0000000779600000, 0x0000000779600000|100%| E|CS|TAMS 0x0000000779400000| PB 0x0000000779400000| Complete 
| 484|0x000000077d600000, 0x000000077d800000, 0x000000077d800000|100%| E|CS|TAMS 0x000000077d600000| PB 0x000000077d600000| Complete 
| 486|0x000000077da00000, 0x000000077dc00000, 0x000000077dc00000|100%| E|CS|TAMS 0x000000077da00000| PB 0x000000077da00000| Complete 
| 487|0x000000077dc00000, 0x000000077de00000, 0x000000077de00000|100%| E|CS|TAMS 0x000000077dc00000| PB 0x000000077dc00000| Complete 
| 488|0x000000077de00000, 0x000000077e000000, 0x000000077e000000|100%| E|CS|TAMS 0x000000077de00000| PB 0x000000077de00000| Complete 
| 490|0x000000077e200000, 0x000000077e400000, 0x000000077e400000|100%| E|CS|TAMS 0x000000077e200000| PB 0x000000077e200000| Complete 
| 492|0x000000077e600000, 0x000000077e800000, 0x000000077e800000|100%| E|CS|TAMS 0x000000077e600000| PB 0x000000077e600000| Complete 
| 525|0x0000000782800000, 0x0000000782a00000, 0x0000000782a00000|100%| O|  |TAMS 0x0000000782800000| PB 0x0000000782800000| Untracked 
| 528|0x0000000782e00000, 0x0000000783000000, 0x0000000783000000|100%| O|  |TAMS 0x0000000782e00000| PB 0x0000000782e00000| Untracked 
| 537|0x0000000784000000, 0x0000000784200000, 0x0000000784200000|100%| O|  |TAMS 0x0000000784000000| PB 0x0000000784000000| Untracked 
| 538|0x0000000784200000, 0x0000000784400000, 0x0000000784400000|100%| O|  |TAMS 0x0000000784200000| PB 0x0000000784200000| Untracked 
| 539|0x0000000784400000, 0x0000000784600000, 0x0000000784600000|100%| O|  |TAMS 0x0000000784400000| PB 0x0000000784400000| Untracked 
| 549|0x0000000785800000, 0x0000000785a00000, 0x0000000785a00000|100%| O|  |TAMS 0x0000000785800000| PB 0x0000000785800000| Untracked 
| 551|0x0000000785c00000, 0x0000000785e00000, 0x0000000785e00000|100%| O|  |TAMS 0x0000000785c00000| PB 0x0000000785c00000| Untracked 
| 553|0x0000000786000000, 0x0000000786200000, 0x0000000786200000|100%| O|  |TAMS 0x0000000786000000| PB 0x0000000786000000| Untracked 
|1523|0x00000007ff400000, 0x00000007ff600000, 0x00000007ff600000|100%| O|  |TAMS 0x00000007ff400000| PB 0x00000007ff400000| Untracked 
|1524|0x00000007ff600000, 0x00000007ff800000, 0x00000007ff800000|100%| O|  |TAMS 0x00000007ff600000| PB 0x00000007ff600000| Untracked 
|1525|0x00000007ff800000, 0x00000007ffa00000, 0x00000007ffa00000|100%| O|  |TAMS 0x00000007ff800000| PB 0x00000007ff800000| Untracked 
|1526|0x00000007ffa00000, 0x00000007ffc00000, 0x00000007ffc00000|100%| O|  |TAMS 0x00000007ffa00000| PB 0x00000007ffa00000| Untracked 
|1527|0x00000007ffc00000, 0x00000007ffe00000, 0x00000007ffe00000|100%| O|  |TAMS 0x00000007ffc00000| PB 0x00000007ffc00000| Untracked 
|1528|0x00000007ffe00000, 0x0000000800000000, 0x0000000800000000|100%| O|  |TAMS 0x00000007ffe00000| PB 0x00000007ffe00000| Untracked 

Card table byte_map: [0x0000013719380000,0x0000013719980000] _byte_map_base: 0x0000013715979000

Marking Bits: (CMBitMap*) 0x000001377fc4b5b0
 Bits: [0x0000013719980000, 0x000001371c948000)

Polling page: 0x000001377fca0000

Metaspace:

Usage:
  Non-class:    145.65 MB used.
      Class:     25.24 MB used.
       Both:    170.89 MB used.

Virtual space:
  Non-class space:      192.00 MB reserved,     146.56 MB ( 76%) committed,  3 nodes.
      Class space:        1.00 GB reserved,      26.00 MB (  3%) committed,  1 nodes.
             Both:        1.19 GB reserved,     172.56 MB ( 14%) committed. 

Chunk freelists:
   Non-Class:  13.00 MB
       Class:  5.92 MB
        Both:  18.92 MB

MaxMetaspaceSize: unlimited
CompressedClassSpaceSize: 1.00 GB
Initial GC threshold: 21.00 MB
Current GC threshold: 282.12 MB
CDS: on
 - commit_granule_bytes: 65536.
 - commit_granule_words: 8192.
 - virtual_space_node_default_size: 8388608.
 - enlarge_chunks_in_place: 1.
 - use_allocation_guard: 0.


Internal statistics:

num_allocs_failed_limit: 24.
num_arena_births: 2772.
num_arena_deaths: 4.
num_vsnodes_births: 4.
num_vsnodes_deaths: 0.
num_space_committed: 2753.
num_space_uncommitted: 0.
num_chunks_returned_to_freelist: 29.
num_chunks_taken_from_freelist: 9745.
num_chunk_merges: 24.
num_chunk_splits: 6467.
num_chunks_enlarged: 4810.
num_inconsistent_stats: 0.

CodeHeap 'non-profiled nmethods': size=120000Kb used=21599Kb max_used=24815Kb free=98400Kb
 bounds [0x0000013711520000, 0x0000013712d60000, 0x0000013718a50000]
CodeHeap 'profiled nmethods': size=120000Kb used=36097Kb max_used=41874Kb free=83902Kb
 bounds [0x0000013709a50000, 0x000001370c340000, 0x0000013710f80000]
CodeHeap 'non-nmethods': size=5760Kb used=3882Kb max_used=3999Kb free=1877Kb
 bounds [0x0000013710f80000, 0x0000013711390000, 0x0000013711520000]
CodeCache: size=245760Kb, used=61578Kb, max_used=70688Kb, free=184179Kb
 total_blobs=22561, nmethods=20139, adapters=2325, full_count=0
Compilation: enabled, stopped_count=0, restarted_count=0

Compilation events (20 events):
Event: 269.360 Thread 0x000001371ef76340 31728       2       net.minecraft.entity.Entity::method_65039 (26 bytes)
Event: 269.360 Thread 0x000001371ef76340 nmethod 31728 0x000001370ad88310 code [0x000001370ad884e0, 0x000001370ad887d8]
Event: 269.360 Thread 0x000001371ef76340 31729       2       net.minecraft.server.world.ChunkTicketManager::update (299 bytes)
Event: 269.362 Thread 0x000001371ef76340 nmethod 31729 0x000001370b3b9590 code [0x000001370b3b99a0, 0x000001370b3ba7f0]
Event: 269.362 Thread 0x000001371ef76340 31730       2       net.minecraft.util.math.BlockPos::stream (46 bytes)
Event: 269.362 Thread 0x000001371ef76340 nmethod 31730 0x000001370ad87d90 code [0x000001370ad87f80, 0x000001370ad88168]
Event: 269.364 Thread 0x000001371ef76340 31731       2       net.minecraft.server.world.ServerWorld::getEnabledFeatures (13 bytes)
Event: 269.364 Thread 0x000001371ef76340 nmethod 31731 0x000001370adb4d10 code [0x000001370adb4ec0, 0x000001370adb5080]
Event: 269.366 Thread 0x000001371ef76340 31732       1       net.minecraft.world.entity.EntityTrackingSection::lithium$setPos (6 bytes)
Event: 269.366 Thread 0x000001371ef76340 nmethod 31732 0x00000137119bb590 code [0x00000137119bb720, 0x00000137119bb7e8]
Event: 269.366 Thread 0x000001371ef76340 31733       1       net.minecraft.entity.mob.MobEntity::lithium$setRegisteredToWorld (6 bytes)
Event: 269.366 Thread 0x000001371ef76340 nmethod 31733 0x0000013711a7c110 code [0x0000013711a7c2a0, 0x0000013711a7c3c0]
Event: 269.366 Thread 0x000001371ef76340 31734       1       net.minecraft.entity.ai.pathing.EntityNavigation::getCurrentPath (5 bytes)
Event: 269.366 Thread 0x000001371ef76340 nmethod 31734 0x0000013711a7bc90 code [0x0000013711a7be20, 0x0000013711a7bef0]
Event: 269.372 Thread 0x000001371ef76340 31735       2       net.minecraft.network.PacketByteBuf::readDouble (8 bytes)
Event: 269.372 Thread 0x000001371ef76340 nmethod 31735 0x000001370a8dc090 code [0x000001370a8dc240, 0x000001370a8dc380]
Event: 269.372 Thread 0x000001371ef76340 31736       2       io.netty.buffer.AbstractByteBuf::readDouble (8 bytes)
Event: 269.373 Thread 0x000001371ef76340 nmethod 31736 0x000001370ac65210 code [0x000001370ac653c0, 0x000001370ac654f8]
Event: 269.374 Thread 0x000001371ef6b760 nmethod 31601 0x0000013711987690 code [0x0000013711987aa0, 0x000001371198af78]
Event: 269.374 Thread 0x000001371ef6b760 31623       4       net.minecraft.world.chunk.light.LightStorage::setSectionStatus (162 bytes)

GC Heap History (20 events):
Event: 116.225 GC heap before
{Heap before GC invocations=73 (full 3):
 garbage-first heap   total 929792K, used 795522K [0x0000000740e00000, 0x0000000800000000)
  region size 2048K, 272 young (557056K), 17 survivors (34816K)
 Metaspace       used 135615K, committed 137024K, reserved 1179648K
  class space    used 20053K, committed 20672K, reserved 1048576K
}
Event: 116.278 GC heap after
{Heap after GC invocations=74 (full 3):
 garbage-first heap   total 929792K, used 277378K [0x0000000740e00000, 0x0000000800000000)
  region size 2048K, 24 young (49152K), 24 survivors (49152K)
 Metaspace       used 135615K, committed 137024K, reserved 1179648K
  class space    used 20053K, committed 20672K, reserved 1048576K
}
Event: 119.674 GC heap before
{Heap before GC invocations=74 (full 3):
 garbage-first heap   total 929792K, used 795522K [0x0000000740e00000, 0x0000000800000000)
  region size 2048K, 272 young (557056K), 24 survivors (49152K)
 Metaspace       used 137308K, committed 138688K, reserved 1179648K
  class space    used 20249K, committed 20864K, reserved 1048576K
}
Event: 119.741 GC heap after
{Heap after GC invocations=75 (full 3):
 garbage-first heap   total 929792K, used 296421K [0x0000000740e00000, 0x0000000800000000)
  region size 2048K, 23 young (47104K), 23 survivors (47104K)
 Metaspace       used 137308K, committed 138688K, reserved 1179648K
  class space    used 20249K, committed 20864K, reserved 1048576K
}
Event: 122.150 GC heap before
{Heap before GC invocations=75 (full 3):
 garbage-first heap   total 929792K, used 806373K [0x0000000740e00000, 0x0000000800000000)
  region size 2048K, 272 young (557056K), 23 survivors (47104K)
 Metaspace       used 139166K, committed 140544K, reserved 1179648K
  class space    used 20574K, committed 21184K, reserved 1048576K
}
Event: 122.207 GC heap after
{Heap after GC invocations=76 (full 3):
 garbage-first heap   total 929792K, used 305204K [0x0000000740e00000, 0x0000000800000000)
  region size 2048K, 21 young (43008K), 21 survivors (43008K)
 Metaspace       used 139166K, committed 140544K, reserved 1179648K
  class space    used 20574K, committed 21184K, reserved 1048576K
}
Event: 235.289 GC heap before
{Heap before GC invocations=77 (full 3):
 garbage-first heap   total 929792K, used 817204K [0x0000000740e00000, 0x0000000800000000)
  region size 2048K, 272 young (557056K), 21 survivors (43008K)
 Metaspace       used 143074K, committed 144512K, reserved 1179648K
  class space    used 21052K, committed 21696K, reserved 1048576K
}
Event: 235.325 GC heap after
{Heap after GC invocations=78 (full 3):
 garbage-first heap   total 929792K, used 308507K [0x0000000740e00000, 0x0000000800000000)
  region size 2048K, 8 young (16384K), 8 survivors (16384K)
 Metaspace       used 143074K, committed 144512K, reserved 1179648K
  class space    used 21052K, committed 21696K, reserved 1048576K
}
Event: 239.951 GC heap before
{Heap before GC invocations=78 (full 3):
 garbage-first heap   total 929792K, used 849179K [0x0000000740e00000, 0x0000000800000000)
  region size 2048K, 272 young (557056K), 8 survivors (16384K)
 Metaspace       used 149535K, committed 150976K, reserved 1179648K
  class space    used 22220K, committed 22848K, reserved 1048576K
}
Event: 239.991 GC heap after
{Heap after GC invocations=79 (full 3):
 garbage-first heap   total 929792K, used 318322K [0x0000000740e00000, 0x0000000800000000)
  region size 2048K, 12 young (24576K), 12 survivors (24576K)
 Metaspace       used 149535K, committed 150976K, reserved 1179648K
  class space    used 22220K, committed 22848K, reserved 1048576K
}
Event: 248.632 GC heap before
{Heap before GC invocations=79 (full 3):
 garbage-first heap   total 929792K, used 848754K [0x0000000740e00000, 0x0000000800000000)
  region size 2048K, 272 young (557056K), 12 survivors (24576K)
 Metaspace       used 157581K, committed 159168K, reserved 1245184K
  class space    used 23297K, committed 24000K, reserved 1048576K
}
Event: 248.682 GC heap after
{Heap after GC invocations=80 (full 3):
 garbage-first heap   total 929792K, used 334706K [0x0000000740e00000, 0x0000000800000000)
  region size 2048K, 20 young (40960K), 20 survivors (40960K)
 Metaspace       used 157581K, committed 159168K, reserved 1245184K
  class space    used 23297K, committed 24000K, reserved 1048576K
}
Event: 257.200 GC heap before
{Heap before GC invocations=81 (full 3):
 garbage-first heap   total 929792K, used 836466K [0x0000000740e00000, 0x0000000800000000)
  region size 2048K, 266 young (544768K), 20 survivors (40960K)
 Metaspace       used 159211K, committed 160832K, reserved 1245184K
  class space    used 23477K, committed 24192K, reserved 1048576K
}
Event: 257.265 GC heap after
{Heap after GC invocations=82 (full 3):
 garbage-first heap   total 929792K, used 382590K [0x0000000740e00000, 0x0000000800000000)
  region size 2048K, 34 young (69632K), 34 survivors (69632K)
 Metaspace       used 159211K, committed 160832K, reserved 1245184K
  class space    used 23477K, committed 24192K, reserved 1048576K
}
Event: 262.789 GC heap before
{Heap before GC invocations=82 (full 3):
 garbage-first heap   total 929792K, used 820862K [0x0000000740e00000, 0x0000000800000000)
  region size 2048K, 243 young (497664K), 34 survivors (69632K)
 Metaspace       used 169579K, committed 171200K, reserved 1245184K
  class space    used 25146K, committed 25856K, reserved 1048576K
}
Event: 262.850 GC heap after
{Heap after GC invocations=83 (full 3):
 garbage-first heap   total 929792K, used 403314K [0x0000000740e00000, 0x0000000800000000)
  region size 2048K, 9 young (18432K), 9 survivors (18432K)
 Metaspace       used 169579K, committed 171200K, reserved 1245184K
  class space    used 25146K, committed 25856K, reserved 1048576K
}
Event: 264.550 GC heap before
{Heap before GC invocations=83 (full 3):
 garbage-first heap   total 929792K, used 849778K [0x0000000740e00000, 0x0000000800000000)
  region size 2048K, 228 young (466944K), 9 survivors (18432K)
 Metaspace       used 171251K, committed 172928K, reserved 1245184K
  class space    used 25356K, committed 26112K, reserved 1048576K
}
Event: 264.605 GC heap after
{Heap after GC invocations=84 (full 3):
 garbage-first heap   total 940032K, used 472946K [0x0000000740e00000, 0x0000000800000000)
  region size 2048K, 29 young (59392K), 29 survivors (59392K)
 Metaspace       used 171251K, committed 172928K, reserved 1245184K
  class space    used 25356K, committed 26112K, reserved 1048576K
}
Event: 267.914 GC heap before
{Heap before GC invocations=85 (full 3):
 garbage-first heap   total 940032K, used 831346K [0x0000000740e00000, 0x0000000800000000)
  region size 2048K, 204 young (417792K), 29 survivors (59392K)
 Metaspace       used 173391K, committed 175104K, reserved 1245184K
  class space    used 25665K, committed 26432K, reserved 1048576K
}
Event: 267.978 GC heap after
{Heap after GC invocations=86 (full 3):
 garbage-first heap   total 940032K, used 497522K [0x0000000740e00000, 0x0000000800000000)
  region size 2048K, 19 young (38912K), 19 survivors (38912K)
 Metaspace       used 173391K, committed 175104K, reserved 1245184K
  class space    used 25665K, committed 26432K, reserved 1048576K
}

Dll operation events (20 events):
Event: 0.039 Loaded shared library C:\Users\Admin\.jdks\corretto-21.0.8\bin\java.dll
Event: 0.044 Loaded shared library C:\Users\Admin\.jdks\corretto-21.0.8\bin\zip.dll
Event: 0.128 Loaded shared library C:\Users\Admin\.jdks\corretto-21.0.8\bin\jsvml.dll
Event: 0.327 Loaded shared library C:\Users\Admin\.jdks\corretto-21.0.8\bin\instrument.dll
Event: 0.426 Loaded shared library C:\Users\Admin\.jdks\corretto-21.0.8\bin\net.dll
Event: 0.429 Loaded shared library C:\Users\Admin\.jdks\corretto-21.0.8\bin\nio.dll
Event: 0.450 Loaded shared library C:\Users\Admin\.jdks\corretto-21.0.8\bin\zip.dll
Event: 0.811 Loaded shared library C:\Users\Admin\.jdks\corretto-21.0.8\bin\jimage.dll
Event: 1.949 Loaded shared library C:\Users\Admin\.jdks\corretto-21.0.8\bin\management.dll
Event: 1.955 Loaded shared library C:\Users\Admin\.jdks\corretto-21.0.8\bin\management_ext.dll
Event: 3.463 Loaded shared library C:\Users\Admin\.jdks\corretto-21.0.8\bin\verify.dll
Event: 59.223 Loaded shared library C:\Users\Admin\AppData\Local\Temp\lwjgl_Admin\3.3.3-snapshot\x64\lwjgl.dll
Event: 70.525 Loaded shared library C:\Users\Admin\AppData\Local\Temp\jna-63116079\jna16677958628278980388.dll
Event: 96.319 Loaded shared library C:\Users\Admin\.jdks\corretto-21.0.8\bin\sunmscapi.dll
Event: 96.997 Loaded shared library C:\Users\Admin\.jdks\corretto-21.0.8\bin\extnet.dll
Event: 100.438 Loaded shared library C:\Users\Admin\.jdks\corretto-21.0.8\bin\awt.dll
Event: 106.316 Loaded shared library C:\Users\Admin\AppData\Local\Temp\lwjgl_Admin\3.3.3-snapshot\x64\lwjgl_opengl.dll
Event: 107.166 Loaded shared library C:\Users\Admin\AppData\Local\Temp\lwjgl_Admin\3.3.3-snapshot\x64\lwjgl_stb.dll
Event: 112.811 Loaded shared library C:\Users\Admin\.jdks\corretto-21.0.8\bin\freetype.dll
Event: 112.821 Loaded shared library C:\Users\Admin\.jdks\corretto-21.0.8\bin\fontmanager.dll

Deoptimization events (20 events):
Event: 269.374 Thread 0x00000137cb1bd950 DEOPT PACKING pc=0x0000013709bc28d4 sp=0x0000000d990fddc0
Event: 269.374 Thread 0x00000137cb1bd950 DEOPT UNPACKING pc=0x0000013710fd4e23 sp=0x0000000d990fd258 mode 1
Event: 269.374 Thread 0x00000137cb1bd950 DEOPT PACKING pc=0x000001370c2b3e71 sp=0x0000000d990fd2b0
Event: 269.375 Thread 0x00000137cb1bd950 DEOPT UNPACKING pc=0x0000013710fd4e23 sp=0x0000000d990fc7e8 mode 1
Event: 269.375 Thread 0x00000137cb1bd950 DEOPT PACKING pc=0x0000013709bc28d4 sp=0x0000000d990fd4e0
Event: 269.375 Thread 0x00000137cb1bd950 DEOPT UNPACKING pc=0x0000013710fd4e23 sp=0x0000000d990fc978 mode 1
Event: 269.375 Thread 0x00000137cb1bd950 DEOPT PACKING pc=0x000001370c2b3e71 sp=0x0000000d990fc9b0
Event: 269.375 Thread 0x00000137cb1bd950 DEOPT UNPACKING pc=0x0000013710fd4e23 sp=0x0000000d990fbee8 mode 1
Event: 269.375 Thread 0x00000137cb1bd950 DEOPT PACKING pc=0x0000013709bc28d4 sp=0x0000000d990fcc00
Event: 269.375 Thread 0x00000137cb1bd950 DEOPT UNPACKING pc=0x0000013710fd4e23 sp=0x0000000d990fc098 mode 1
Event: 269.375 Thread 0x00000137cb1bd950 DEOPT PACKING pc=0x000001370c2b3e71 sp=0x0000000d990fc0f0
Event: 269.375 Thread 0x00000137cb1bd950 DEOPT UNPACKING pc=0x0000013710fd4e23 sp=0x0000000d990fb628 mode 1
Event: 269.376 Thread 0x00000137cb1bd950 DEOPT PACKING pc=0x0000013709bc28d4 sp=0x0000000d990fc320
Event: 269.376 Thread 0x00000137cb1bd950 DEOPT UNPACKING pc=0x0000013710fd4e23 sp=0x0000000d990fb7b8 mode 1
Event: 269.376 Thread 0x00000137cb1bd950 DEOPT PACKING pc=0x000001370c2b3e71 sp=0x0000000d990fb810
Event: 269.376 Thread 0x00000137cb1bd950 DEOPT UNPACKING pc=0x0000013710fd4e23 sp=0x0000000d990fad48 mode 1
Event: 269.376 Thread 0x00000137cb1bd950 DEOPT PACKING pc=0x0000013709bc28d4 sp=0x0000000d990fba40
Event: 269.376 Thread 0x00000137cb1bd950 DEOPT UNPACKING pc=0x0000013710fd4e23 sp=0x0000000d990faed8 mode 1
Event: 269.376 Thread 0x00000137cb1bd950 DEOPT PACKING pc=0x000001370c2b3e71 sp=0x0000000d990faf10
Event: 269.376 Thread 0x00000137cb1bd950 DEOPT UNPACKING pc=0x0000013710fd4e23 sp=0x0000000d990fa448 mode 1

Classes loaded (20 events):
Event: 269.367 Loading class net/minecraft/entity/EntityType
Event: 269.367 Loading class net/minecraft/entity/EntityType done
Event: 269.368 Loading class net/minecraft/entity/player/PlayerEntity
Event: 269.368 Loading class net/minecraft/entity/player/PlayerEntity done
Event: 269.368 Loading class net/minecraft/entity/EntityType
Event: 269.368 Loading class net/minecraft/entity/EntityType done
Event: 269.368 Loading class net/minecraft/entity/EntityType
Event: 269.368 Loading class net/minecraft/entity/EntityType done
Event: 269.371 Loading class net/minecraft/registry/entry/RegistryEntryList
Event: 269.371 Loading class net/minecraft/registry/entry/RegistryEntryList done
Event: 269.371 Loading class net/minecraft/registry/entry/RegistryEntry
Event: 269.371 Loading class net/minecraft/registry/entry/RegistryEntry done
Event: 269.371 Loading class net/minecraft/registry/entry/RegistryEntry
Event: 269.371 Loading class net/minecraft/registry/entry/RegistryEntry done
Event: 269.371 Loading class net/minecraft/registry/Registry
Event: 269.371 Loading class net/minecraft/registry/Registry done
Event: 269.371 Loading class net/minecraft/registry/Registry
Event: 269.371 Loading class net/minecraft/registry/Registry done
Event: 269.371 Loading class net/minecraft/world/gen/structure/Structure
Event: 269.371 Loading class net/minecraft/world/gen/structure/Structure done

Classes unloaded (2 events):
Event: 265.499 Thread 0x000001371ef3ff90 Unloading class 0x0000013721700800 'java/lang/invoke/LambdaForm$DMH+0x0000013721700800'
Event: 265.499 Thread 0x000001371ef3ff90 Unloading class 0x0000013721700000 'java/lang/invoke/LambdaForm$DMH+0x0000013721700000'

Classes redefined (1 events):
Event: 0.372 Thread 0x000001371ef3ff90 redefined class name=java.lang.Throwable, count=1

Internal exceptions (20 events):
Event: 267.647 Thread 0x0000013779483560 Exception <a 'java/lang/NoSuchMethodError'{0x0000000765134e28}: 'java.lang.Object java.lang.invoke.DirectMethodHandle$Holder.invokeSpecial(java.lang.Object, java.lang.Object, java.lang.Object, int, int, int)'> (0x0000000765134e28) 
thrown [s\src\hotspot\share\interpreter\linkResolver.cpp, line 773]
Event: 267.648 Thread 0x0000013779483560 Exception <a 'java/lang/NoSuchMethodError'{0x0000000765138568}: 'java.lang.Object java.lang.invoke.Invokers$Holder.linkToTargetMethod(java.lang.Object, int, int, int, java.lang.Object)'> (0x0000000765138568) 
thrown [s\src\hotspot\share\interpreter\linkResolver.cpp, line 773]
Event: 267.651 Thread 0x0000013779483560 Exception <a 'java/lang/NoSuchMethodError'{0x00000007647b59b0}: 'float java.lang.invoke.DirectMethodHandle$Holder.invokeVirtual(java.lang.Object, java.lang.Object, java.lang.Object)'> (0x00000007647b59b0) 
thrown [s\src\hotspot\share\interpreter\linkResolver.cpp, line 773]
Event: 267.652 Thread 0x0000013779483560 Implicit null exception at 0x0000013712bd9821 to 0x0000013712bd9a84
Event: 268.291 Thread 0x000001377fbf3de0 Exception <a 'java/lang/IncompatibleClassChangeError'{0x000000077db9cb70}: Found class java.lang.Object, but interface was expected> (0x000000077db9cb70) 
thrown [s\src\hotspot\share\interpreter\linkResolver.cpp, line 840]
Event: 268.427 Thread 0x000001377fbf3de0 Exception <a 'java/lang/NoSuchMethodError'{0x0000000778d7c320}: 'void java.lang.invoke.DirectMethodHandle$Holder.invokeVirtual(java.lang.Object, java.lang.Object, long, int)'> (0x0000000778d7c320) 
thrown [s\src\hotspot\share\interpreter\linkResolver.cpp, line 773]
Event: 268.497 Thread 0x0000013779483560 Exception <a 'java/lang/NoSuchMethodError'{0x00000007789e1b88}: 'java.lang.Object java.lang.invoke.DirectMethodHandle$Holder.newInvokeSpecial(java.lang.Object, java.lang.Object, java.lang.Object, float, java.lang.Object)'> (0x00000007789e1b88) 
thrown [s\src\hotspot\share\interpreter\linkResolver.cpp, line 773]
Event: 268.498 Thread 0x0000013779483560 Exception <a 'java/lang/NoSuchMethodError'{0x00000007789e5b28}: 'java.lang.Object java.lang.invoke.DirectMethodHandle$Holder.invokeSpecial(java.lang.Object, java.lang.Object, java.lang.Object, java.lang.Object, float, java.lang.Object)'> (0x00000007789e5b28) 
thrown [s\src\hotspot\share\interpreter\linkResolver.cpp, line 773]
Event: 268.499 Thread 0x0000013779483560 Exception <a 'java/lang/NoSuchMethodError'{0x00000007789e9670}: 'java.lang.Object java.lang.invoke.Invokers$Holder.linkToTargetMethod(java.lang.Object, java.lang.Object, float, java.lang.Object, java.lang.Object)'> (0x00000007789e9670) 
thrown [s\src\hotspot\share\interpreter\linkResolver.cpp, line 773]
Event: 268.564 Thread 0x00000137cb1be670 Exception <a 'java/lang/NoSuchMethodError'{0x0000000776c10a68}: 'int java.lang.invoke.DirectMethodHandle$Holder.invokeSpecial(java.lang.Object, java.lang.Object, java.lang.Object, java.lang.Object, java.lang.Object, java.lang.Object, java.lang.Object)'> (0x0000000776c10a68) 
thrown [s\src\hotspot\share\interpreter\linkResolver.cpp, line 773]
Event: 268.606 Thread 0x0000013779483560 Exception <a 'java/lang/NoSuchMethodError'{0x00000007774717f0}: 'java.lang.Object java.lang.invoke.DirectMethodHandle$Holder.invokeSpecial(java.lang.Object, java.lang.Object, java.lang.Object, int, float)'> (0x00000007774717f0) 
thrown [s\src\hotspot\share\interpreter\linkResolver.cpp, line 773]
Event: 268.615 Thread 0x0000013779483560 Exception <a 'java/lang/NoSuchMethodError'{0x00000007774b4558}: 'java.lang.Object java.lang.invoke.DirectMethodHandle$Holder.invokeStatic(java.lang.Object, java.lang.Object, java.lang.Object, float, java.lang.Object)'> (0x00000007774b4558) 
thrown [s\src\hotspot\share\interpreter\linkResolver.cpp, line 773]
Event: 268.623 Thread 0x0000013779483560 Exception <a 'java/lang/NoSuchMethodError'{0x00000007774fe310}: 'java.lang.Object java.lang.invoke.DirectMethodHandle$Holder.invokeStatic(java.lang.Object, java.lang.Object, java.lang.Object, java.lang.Object, int, java.lang.Object, java.lang.Object)'> (0x00000007774fe310) 
thrown [s\src\hotspot\share\interpreter\linkResolver.cpp, line 773]
Event: 268.632 Thread 0x0000013779483560 Exception <a 'java/lang/NoSuchMethodError'{0x0000000773a581d8}: 'java.lang.Object java.lang.invoke.DirectMethodHandle$Holder.invokeStatic(java.lang.Object, java.lang.Object, int, java.lang.Object, java.lang.Object, java.lang.Object, java.lang.Object)'> (0x0000000773a581d8) 
thrown [s\src\hotspot\share\interpreter\linkResolver.cpp, line 773]
Event: 268.634 Thread 0x000001376ba244e0 Exception <a 'sun/nio/fs/WindowsException'{0x00000007736af990}> (0x00000007736af990) 
thrown [s\src\hotspot\share\prims\jni.cpp, line 520]
Event: 268.644 Thread 0x0000013779483560 Exception <a 'java/lang/NoSuchMethodError'{0x0000000773acb5f0}: 'java.lang.Object java.lang.invoke.DirectMethodHandle$Holder.invokeStatic(java.lang.Object, java.lang.Object, java.lang.Object, int, java.lang.Object, java.lang.Object, java.lang.Object, java.lang.Object)'> (0x0000000773acb5f0) 
thrown [s\src\hotspot\share\interpreter\linkResolver.cpp, line 773]
Event: 268.748 Thread 0x000001377fbf3de0 Exception <a 'java/lang/NoSuchMethodError'{0x0000000772165828}: 'java.lang.Object java.lang.invoke.DirectMethodHandle$Holder.invokeStatic(java.lang.Object, java.lang.Object, float)'> (0x0000000772165828) 
thrown [s\src\hotspot\share\interpreter\linkResolver.cpp, line 773]
Event: 268.754 Thread 0x000001377fbf3de0 Exception <a 'java/lang/NoSuchMethodError'{0x00000007721a2320}: 'void java.lang.invoke.DirectMethodHandle$Holder.invokeStatic(java.lang.Object, java.lang.Object, java.lang.Object, float)'> (0x00000007721a2320) 
thrown [s\src\hotspot\share\interpreter\linkResolver.cpp, line 773]
Event: 268.754 Thread 0x000001377fbf3de0 Exception <a 'java/lang/NoSuchMethodError'{0x00000007721a5838}: 'void java.lang.invoke.DirectMethodHandle$Holder.invokeStaticInit(java.lang.Object, java.lang.Object, java.lang.Object, float)'> (0x00000007721a5838) 
thrown [s\src\hotspot\share\interpreter\linkResolver.cpp, line 773]
Event: 268.785 Thread 0x000001376ba244e0 Implicit null exception at 0x0000013711cad3f0 to 0x0000013711cb33a5

ZGC Phase Switch (0 events):
No events

VM Operations (20 events):
Event: 267.442 Executing VM operation: HandshakeAllThreads (Deoptimize)
Event: 267.442 Executing VM operation: HandshakeAllThreads (Deoptimize) done
Event: 267.482 Executing VM operation: HandshakeAllThreads (Deoptimize)
Event: 267.483 Executing VM operation: HandshakeAllThreads (Deoptimize) done
Event: 267.755 Executing VM operation: HandshakeAllThreads (Deoptimize)
Event: 267.757 Executing VM operation: HandshakeAllThreads (Deoptimize) done
Event: 267.856 Executing VM operation: ICBufferFull
Event: 267.856 Executing VM operation: ICBufferFull done
Event: 267.914 Executing VM operation: G1CollectForAllocation (G1 Evacuation Pause)
Event: 267.978 Executing VM operation: G1CollectForAllocation (G1 Evacuation Pause) done
Event: 268.274 Executing VM operation: HandshakeAllThreads (Deoptimize)
Event: 268.290 Executing VM operation: HandshakeAllThreads (Deoptimize) done
Event: 268.358 Executing VM operation: ICBufferFull
Event: 268.361 Executing VM operation: ICBufferFull done
Event: 268.855 Executing VM operation: ICBufferFull
Event: 268.855 Executing VM operation: ICBufferFull done
Event: 269.092 Executing VM operation: ICBufferFull
Event: 269.092 Executing VM operation: ICBufferFull done
Event: 269.364 Executing VM operation: ICBufferFull
Event: 269.364 Executing VM operation: ICBufferFull done

Memory protections (0 events):
No events

Nmethod flushes (20 events):
Event: 265.531 Thread 0x000001371ef3ff90 flushing  nmethod 0x000001370bcd9810
Event: 265.531 Thread 0x000001371ef3ff90 flushing  nmethod 0x000001370bcda610
Event: 265.531 Thread 0x000001371ef3ff90 flushing  nmethod 0x000001370bcdbc90
Event: 265.531 Thread 0x000001371ef3ff90 flushing  nmethod 0x000001370bcf8a10
Event: 265.531 Thread 0x000001371ef3ff90 flushing  nmethod 0x000001370bcfff10
Event: 265.531 Thread 0x000001371ef3ff90 flushing  nmethod 0x000001370bd07610
Event: 265.531 Thread 0x000001371ef3ff90 flushing  nmethod 0x000001370bd08510
Event: 265.531 Thread 0x000001371ef3ff90 flushing  nmethod 0x000001370bd08d90
Event: 265.531 Thread 0x000001371ef3ff90 flushing  nmethod 0x000001370bd09510
Event: 265.531 Thread 0x000001371ef3ff90 flushing  nmethod 0x000001370bd09890
Event: 265.531 Thread 0x000001371ef3ff90 flushing  nmethod 0x000001370bd0a410
Event: 265.531 Thread 0x000001371ef3ff90 flushing  nmethod 0x000001370bd37b10
Event: 265.531 Thread 0x000001371ef3ff90 flushing  nmethod 0x000001370bd3cb90
Event: 265.531 Thread 0x000001371ef3ff90 flushing  nmethod 0x000001370bd58a10
Event: 265.531 Thread 0x000001371ef3ff90 flushing  nmethod 0x000001370bd5e110
Event: 265.531 Thread 0x000001371ef3ff90 flushing  nmethod 0x000001370bd8a190
Event: 265.531 Thread 0x000001371ef3ff90 flushing  nmethod 0x000001370bda2f90
Event: 265.531 Thread 0x000001371ef3ff90 flushing  nmethod 0x000001370bda4210
Event: 265.531 Thread 0x000001371ef3ff90 flushing  nmethod 0x000001370bda9d90
Event: 265.531 Thread 0x000001371ef3ff90 flushing  nmethod 0x000001370bdaa090

Events (20 events):
Event: 258.761 Thread 0x0000013779483560 Thread added: 0x00000137cb1b4f80
Event: 259.919 Thread 0x00000137833ec5f0 Thread exited: 0x00000137833ec5f0
Event: 259.974 Thread 0x0000013779483560 Thread added: 0x00000137cb1b7d70
Event: 260.401 Thread 0x000001371ef76340 Thread added: 0x00000137833e81d0
Event: 260.582 Thread 0x000001377fbf3de0 Thread added: 0x00000137cb1bdfe0
Event: 260.618 Thread 0x00000137833e81d0 Thread exited: 0x00000137833e81d0
Event: 260.634 Thread 0x000001377fbf3de0 Thread added: 0x00000137cb1bd950
Event: 260.657 Thread 0x00000137cb1bdfe0 Thread added: 0x00000137cb1bb880
Event: 260.888 Thread 0x000001371ef76340 Thread added: 0x00000137711e7990
Event: 262.419 Thread 0x0000013779482840 Thread exited: 0x0000013779482840
Event: 262.419 Thread 0x000001377fbf3de0 Thread added: 0x00000137cb1bc5a0
Event: 262.782 Thread 0x000001377fbf3de0 Thread added: 0x00000137cb1be670
Event: 263.636 Thread 0x000001377fbf3de0 Thread added: 0x00000137cb1b8a90
Event: 263.663 Thread 0x00000137cb1b8a90 Thread added: 0x00000137cb1b6330
Event: 264.009 Thread 0x00000137734dcbb0 Thread added: 0x00000137cb1c0dd0
Event: 264.383 Thread 0x00000137734dcbb0 Thread added: 0x00000137cb1c00b0
Event: 266.917 Thread 0x00000137cb1b8a90 Thread added: 0x0000013783ac2dc0
Event: 267.193 Thread 0x000001377fbf3de0 Thread added: 0x0000013783acb100
Event: 267.258 Thread 0x0000013783ac2dc0 Thread exited: 0x0000013783ac2dc0
Event: 267.741 Thread 0x00000137cb1b8a90 Thread added: 0x00000137734d7cf0


Dynamic libraries:
0x00007ff798ae0000 - 0x00007ff798aee000 	C:\Users\Admin\.jdks\corretto-21.0.8\bin\java.exe
0x00007ffb216d0000 - 0x00007ffb218e6000 	C:\Windows\SYSTEM32\ntdll.dll
0x00007ffb1f980000 - 0x00007ffb1fa44000 	C:\Windows\System32\KERNEL32.DLL
0x00007ffb1e9f0000 - 0x00007ffb1ed97000 	C:\Windows\System32\KERNELBASE.dll
0x00007ffb1eda0000 - 0x00007ffb1eeb1000 	C:\Windows\System32\ucrtbase.dll
0x00007ffb13970000 - 0x00007ffb13988000 	C:\Users\Admin\.jdks\corretto-21.0.8\bin\jli.dll
0x00007ffb1fbf0000 - 0x00007ffb1fd9e000 	C:\Windows\System32\USER32.dll
0x00007ffb1f030000 - 0x00007ffb1f056000 	C:\Windows\System32\win32u.dll
0x00007ffb1f560000 - 0x00007ffb1f589000 	C:\Windows\System32\GDI32.dll
0x00007ffb1f260000 - 0x00007ffb1f379000 	C:\Windows\System32\gdi32full.dll
0x00007ffb1f120000 - 0x00007ffb1f1ba000 	C:\Windows\System32\msvcp_win.dll
0x00007ffb116f0000 - 0x00007ffb1170b000 	C:\Users\Admin\.jdks\corretto-21.0.8\bin\VCRUNTIME140.dll
0x00007ffb13220000 - 0x00007ffb134b3000 	C:\Windows\WinSxS\amd64_microsoft.windows.common-controls_6595b64144ccf1df_6.0.22621.3235_none_270f74e173860f98\COMCTL32.dll
0x00007ffb1f400000 - 0x00007ffb1f4a7000 	C:\Windows\System32\msvcrt.dll
0x00007ffb1fa50000 - 0x00007ffb1fa81000 	C:\Windows\System32\IMM32.DLL
0x00007ffb17f10000 - 0x00007ffb17f1c000 	C:\Users\Admin\.jdks\corretto-21.0.8\bin\vcruntime140_1.dll
0x00007ffaf7440000 - 0x00007ffaf74cd000 	C:\Users\Admin\.jdks\corretto-21.0.8\bin\msvcp140.dll
0x00007ffa93ad0000 - 0x00007ffa94877000 	C:\Users\Admin\.jdks\corretto-21.0.8\bin\server\jvm.dll
0x00007ffb1faa0000 - 0x00007ffb1fb52000 	C:\Windows\System32\ADVAPI32.dll
0x00007ffb20a20000 - 0x00007ffb20ac8000 	C:\Windows\System32\sechost.dll
0x00007ffb1f1c0000 - 0x00007ffb1f1e8000 	C:\Windows\System32\bcrypt.dll
0x00007ffb20c30000 - 0x00007ffb20d45000 	C:\Windows\System32\RPCRT4.dll
0x00007ffb1fb60000 - 0x00007ffb1fbd1000 	C:\Windows\System32\WS2_32.dll
0x00007ffb17eb0000 - 0x00007ffb17ee4000 	C:\Windows\SYSTEM32\WINMM.dll
0x00007ffb17ab0000 - 0x00007ffb17aba000 	C:\Windows\SYSTEM32\VERSION.dll
0x00007ffb1e810000 - 0x00007ffb1e85d000 	C:\Windows\SYSTEM32\POWRPROF.dll
0x00007ffb1e6f0000 - 0x00007ffb1e703000 	C:\Windows\SYSTEM32\UMPDC.dll
0x00007ffb1da40000 - 0x00007ffb1da58000 	C:\Windows\SYSTEM32\kernel.appcore.dll
0x00007ffb12840000 - 0x00007ffb1284a000 	C:\Users\Admin\.jdks\corretto-21.0.8\bin\jimage.dll
0x00007ffb0abe0000 - 0x00007ffb0ae13000 	C:\Windows\SYSTEM32\DBGHELP.DLL
0x00007ffb20680000 - 0x00007ffb20a08000 	C:\Windows\System32\combase.dll
0x00007ffb203d0000 - 0x00007ffb204a7000 	C:\Windows\System32\OLEAUT32.dll
0x00007ffb11210000 - 0x00007ffb11242000 	C:\Windows\SYSTEM32\dbgcore.DLL
0x00007ffb1f380000 - 0x00007ffb1f3f9000 	C:\Windows\System32\bcryptPrimitives.dll
0x00007ffb17f60000 - 0x00007ffb17f9c000 	C:\Users\Admin\.jdks\corretto-21.0.8\bin\jdwp.dll
0x00007ffb116e0000 - 0x00007ffb116ee000 	C:\Users\Admin\.jdks\corretto-21.0.8\bin\instrument.dll
0x00007ffb11570000 - 0x00007ffb1158f000 	C:\Users\Admin\.jdks\corretto-21.0.8\bin\java.dll
0x00007ffb0ddc0000 - 0x00007ffb0ddd8000 	C:\Users\Admin\.jdks\corretto-21.0.8\bin\zip.dll
0x00007ffb20e30000 - 0x00007ffb2168c000 	C:\Windows\System32\SHELL32.dll
0x00007ffb1c970000 - 0x00007ffb1d269000 	C:\Windows\SYSTEM32\windows.storage.dll
0x00007ffb1c830000 - 0x00007ffb1c96e000 	C:\Windows\SYSTEM32\wintypes.dll
0x00007ffb202d0000 - 0x00007ffb203c3000 	C:\Windows\System32\SHCORE.dll
0x00007ffb20dd0000 - 0x00007ffb20e2e000 	C:\Windows\System32\shlwapi.dll
0x00007ffb1e920000 - 0x00007ffb1e941000 	C:\Windows\SYSTEM32\profapi.dll
0x00007ffaf5480000 - 0x00007ffaf5557000 	C:\Users\Admin\.jdks\corretto-21.0.8\bin\jsvml.dll
0x00007ffb19ea0000 - 0x00007ffb19eab000 	C:\Users\Admin\.jdks\corretto-21.0.8\bin\dt_socket.dll
0x00007ffb1d510000 - 0x00007ffb1d53d000 	C:\Windows\SYSTEM32\IPHLPAPI.DLL
0x00007ffb1deb0000 - 0x00007ffb1df19000 	C:\Windows\system32\mswsock.dll
0x00007ffb11440000 - 0x00007ffb11450000 	C:\Users\Admin\.jdks\corretto-21.0.8\bin\net.dll
0x00007ffb182f0000 - 0x00007ffb18426000 	C:\Windows\SYSTEM32\WINHTTP.dll
0x00007ffb0dda0000 - 0x00007ffb0ddb6000 	C:\Users\Admin\.jdks\corretto-21.0.8\bin\nio.dll
0x00007ffb0d740000 - 0x00007ffb0d749000 	C:\Users\Admin\.jdks\corretto-21.0.8\bin\management.dll
0x00007ffb0d730000 - 0x00007ffb0d73b000 	C:\Users\Admin\.jdks\corretto-21.0.8\bin\management_ext.dll
0x00007ffb205b0000 - 0x00007ffb205b8000 	C:\Windows\System32\PSAPI.DLL
0x00007ffb122b0000 - 0x00007ffb122c7000 	C:\Windows\system32\napinsp.dll
0x00007ffb0d060000 - 0x00007ffb0d07b000 	C:\Windows\system32\pnrpnsp.dll
0x00007ffb1d590000 - 0x00007ffb1d689000 	C:\Windows\SYSTEM32\DNSAPI.dll
0x00007ffb1fbe0000 - 0x00007ffb1fbe9000 	C:\Windows\System32\NSI.dll
0x00007ffb0c620000 - 0x00007ffb0c631000 	C:\Windows\System32\winrnr.dll
0x00007ffafe870000 - 0x00007ffafe885000 	C:\Windows\system32\wshbth.dll
0x00007ffb14480000 - 0x00007ffb144a1000 	C:\Windows\system32\nlansp_c.dll
0x00007ffb17640000 - 0x00007ffb1764a000 	C:\Windows\System32\rasadhlp.dll
0x00007ffb16540000 - 0x00007ffb165c3000 	C:\Windows\System32\fwpuclnt.dll
0x00007ffb0dd40000 - 0x00007ffb0dd50000 	C:\Users\Admin\.jdks\corretto-21.0.8\bin\verify.dll
0x00007ffb1e110000 - 0x00007ffb1e12b000 	C:\Windows\SYSTEM32\CRYPTSP.dll
0x00007ffb1d9a0000 - 0x00007ffb1d9d5000 	C:\Windows\system32\rsaenh.dll
0x00007ffb1dfa0000 - 0x00007ffb1dfc8000 	C:\Windows\SYSTEM32\USERENV.dll
0x00007ffb1e100000 - 0x00007ffb1e10c000 	C:\Windows\SYSTEM32\CRYPTBASE.dll
0x00007ffb0de60000 - 0x00007ffb0dedb000 	C:\Users\Admin\AppData\Local\Temp\lwjgl_Admin\3.3.3-snapshot\x64\lwjgl.dll
0x00007ffb1c090000 - 0x00007ffb1c0c9000 	C:\Windows\SYSTEM32\dxcore.dll
0x00007ffab1bc0000 - 0x00007ffab1e30000 	C:\Users\Admin\AppData\Local\Temp\lwjgl_Admin\3.3.3-snapshot\x64\jemalloc.dll
0x00007ffb12c70000 - 0x00007ffb12cb9000 	C:\Users\Admin\AppData\Local\Temp\jna-63116079\jna16677958628278980388.dll
0x00007ffb1f590000 - 0x00007ffb1f735000 	C:\Windows\System32\Ole32.dll
0x00007ffb1f4b0000 - 0x00007ffb1f560000 	C:\Windows\System32\clbcatq.dll
0x00007ffb12720000 - 0x00007ffb12770000 	C:\Windows\SYSTEM32\Pdh.dll
0x00007ffb03a70000 - 0x00007ffb03a80000 	C:\Windows\System32\perfos.dll
0x00007ffb1bf80000 - 0x00007ffb1bf90000 	C:\Windows\SYSTEM32\pfclient.dll
0x00007ffb0d710000 - 0x00007ffb0d71e000 	C:\Users\Admin\.jdks\corretto-21.0.8\bin\sunmscapi.dll
0x00007ffb1eec0000 - 0x00007ffb1f026000 	C:\Windows\System32\CRYPT32.dll
0x00007ffb1e2c0000 - 0x00007ffb1e2ee000 	C:\Windows\SYSTEM32\ncrypt.dll
0x00007ffb1e280000 - 0x00007ffb1e2b7000 	C:\Windows\SYSTEM32\NTASN1.dll
0x00007ffb0d720000 - 0x00007ffb0d729000 	C:\Users\Admin\.jdks\corretto-21.0.8\bin\extnet.dll
0x00007ffb03e10000 - 0x00007ffb03eac000 	C:\Users\Admin\Desktop\luxury2\build\resources\main\win32-x86-64\discord-rpc.dll
0x00007ffb03d80000 - 0x00007ffb03e02000 	C:\Users\Admin\AppData\Local\Temp\lwjgl_Admin\3.3.3-snapshot\x64\glfw.dll
0x00007ffab7df0000 - 0x00007ffab7df8000 	C:\Windows\system32\wshunix.dll
0x00007ffaba1d0000 - 0x00007ffaba35e000 	C:\Users\Admin\.jdks\corretto-21.0.8\bin\awt.dll
0x00007ffb1bdc0000 - 0x00007ffb1be57000 	C:\Windows\SYSTEM32\apphelp.dll
0x00007ffb1bf90000 - 0x00007ffb1c03b000 	C:\Windows\system32\uxtheme.dll
0x00007ffb20ad0000 - 0x00007ffb20c23000 	C:\Windows\System32\MSCTF.dll
0x00007ffb1c3c0000 - 0x00007ffb1c3eb000 	C:\Windows\system32\DWMAPI.DLL
0x00007ffb0d930000 - 0x00007ffb0d976000 	C:\Windows\SYSTEM32\dinput8.dll
0x00007ffb13680000 - 0x00007ffb13691000 	C:\Windows\SYSTEM32\xinput1_4.dll
0x00007ffb1e5f0000 - 0x00007ffb1e63e000 	C:\Windows\SYSTEM32\cfgmgr32.dll
0x00007ffb1e5c0000 - 0x00007ffb1e5ec000 	C:\Windows\SYSTEM32\DEVOBJ.dll
0x00007ffb0c840000 - 0x00007ffb0ca4a000 	C:\Windows\SYSTEM32\inputhost.dll
0x00007ffb1bad0000 - 0x00007ffb1bc04000 	C:\Windows\SYSTEM32\CoreMessaging.dll
0x00007ffab0e60000 - 0x00007ffab0f60000 	C:\Windows\SYSTEM32\opengl32.dll
0x00007ffb12850000 - 0x00007ffb1287d000 	C:\Windows\SYSTEM32\GLU32.dll
0x00007ffb18100000 - 0x00007ffb18237000 	C:\Windows\System32\AppXDeploymentClient.dll
0x00007ffa9dc50000 - 0x00007ffaa0238000 	C:\Windows\System32\DriverStore\FileRepository\nv_dispig.inf_amd64_0afec3f2050014a0\nvoglv64.dll
0x00007ffb1fe30000 - 0x00007ffb202a4000 	C:\Windows\System32\SETUPAPI.dll
0x00007ffb1d800000 - 0x00007ffb1d814000 	C:\Windows\SYSTEM32\WTSAPI32.dll
0x00007ffb1e160000 - 0x00007ffb1e172000 	C:\Windows\SYSTEM32\msasn1.dll
0x00007ffb17770000 - 0x00007ffb177a2000 	C:\Windows\SYSTEM32\cryptnet.dll
0x00007ffb1e1d0000 - 0x00007ffb1e218000 	C:\Windows\SYSTEM32\wldp.dll
0x00007ffb17480000 - 0x00007ffb175d8000 	C:\Windows\SYSTEM32\drvstore.dll
0x00007ffb1f1f0000 - 0x00007ffb1f25b000 	C:\Windows\System32\WINTRUST.dll
0x00007ffb1da60000 - 0x00007ffb1da94000 	C:\Windows\SYSTEM32\ntmarta.dll
0x00007ffb1f740000 - 0x00007ffb1f75f000 	C:\Windows\System32\imagehlp.dll
0x00007ffb0e4e0000 - 0x00007ffb104ce000 	C:\Windows\System32\DriverStore\FileRepository\nv_dispig.inf_amd64_0afec3f2050014a0\nvgpucomp64.dll
0x00007ffb1e670000 - 0x00007ffb1e6d6000 	C:\Windows\SYSTEM32\WINSTA.dll
0x00007ffb0c6b0000 - 0x00007ffb0c7fa000 	C:\Windows\SYSTEM32\textinputframework.dll
0x00007ffb03d20000 - 0x00007ffb03d7e000 	C:\Users\Admin\AppData\Local\Temp\lwjgl_Admin\3.3.3-snapshot\x64\lwjgl_opengl.dll
0x00007ffadc410000 - 0x00007ffadc492000 	C:\Users\Admin\AppData\Local\Temp\lwjgl_Admin\3.3.3-snapshot\x64\lwjgl_stb.dll
0x00007ffb15130000 - 0x00007ffb151ec000 	C:\Windows\SYSTEM32\mscms.dll
0x00007ffaf73f0000 - 0x00007ffaf7439000 	C:\Windows\SYSTEM32\icm32.dll
0x00007ffb12d60000 - 0x00007ffb12d70000 	C:\Windows\system32\wbem\wbemprox.dll
0x00007ffb12ce0000 - 0x00007ffb12d60000 	C:\Windows\SYSTEM32\wbemcomn.dll
0x00007ffb0c5d0000 - 0x00007ffb0c5e4000 	C:\Windows\system32\wbem\wbemsvc.dll
0x00007ffb0ca50000 - 0x00007ffb0cb48000 	C:\Windows\system32\wbem\fastprox.dll
0x00007ffab19f0000 - 0x00007ffab1bb7000 	C:\Users\Admin\AppData\Local\Temp\lwjgl_Admin\3.3.3-snapshot\x64\OpenAL.dll
0x00007ffb16fe0000 - 0x00007ffb1707d000 	C:\Windows\System32\MMDevApi.dll
0x00007ffad94f0000 - 0x00007ffad9577000 	C:\Users\Admin\.jdks\corretto-21.0.8\bin\freetype.dll
0x00007ffab0630000 - 0x00007ffab071b000 	C:\Users\Admin\.jdks\corretto-21.0.8\bin\fontmanager.dll
0x00007ffafd490000 - 0x00007ffafd67c000 	C:\Windows\SYSTEM32\AUDIOSES.DLL
0x00007ffb1c440000 - 0x00007ffb1c455000 	C:\Windows\SYSTEM32\resourcepolicyclient.dll
0x00007ffb17110000 - 0x00007ffb1747c000 	C:\Windows\SYSTEM32\CoreUIComponents.dll

JVMTI agents:
jdwp path:C:\Users\Admin\.jdks\corretto-21.0.8\bin\jdwp.dll, loaded, initialized, options:transport=dt_socket,server=n,suspend=y,address=127.0.0.1:59797
C:\Users\Admin\AppData\Local\JetBrains\IdeaIC2025.2\captureAgent\debugger-agent.jar path:C:\Users\Admin\.jdks\corretto-21.0.8\bin\instrument.dll, loaded, initialized, instrumentlib options:file:///C:/Users/Admin/AppData/Local/Temp/capture5512728394951128234.props

dbghelp: loaded successfully - version: 4.0.5 - missing functions: none
symbol engine: initialized successfully - sym options: 0x614 - pdb path: .;C:\Users\Admin\.jdks\corretto-21.0.8\bin;C:\Windows\SYSTEM32;C:\Windows\WinSxS\amd64_microsoft.windows.common-controls_6595b64144ccf1df_6.0.22621.3235_none_270f74e173860f98;C:\Users\Admin\.jdks\corretto-21.0.8\bin\server;C:\Users\Admin\AppData\Local\Temp\lwjgl_Admin\3.3.3-snapshot\x64;C:\Users\Admin\AppData\Local\Temp\jna-63116079;C:\Users\Admin\Desktop\luxury2\build\resources\main\win32-x86-64;C:\Windows\System32\DriverStore\FileRepository\nv_dispig.inf_amd64_0afec3f2050014a0;C:\Windows\system32\wbem

VM Arguments:
jvm_args: -Ddebugger.agent.enable.coroutines=true -Dfabric.dli.config=C:\Users\Admin\Desktop\luxury2\.gradle\loom-cache\launch.cfg -Dfabric.dli.env=client -Dfabric.dli.main=net.fabricmc.loader.impl.launch.knot.KnotClient -Dkotlinx.coroutines.debug.enable.creation.stack.trace=false -Dkotlinx.coroutines.debug.enable.flows.stack.trace=true -Dkotlinx.coroutines.debug.enable.mutable.state.flows.stack.trace=true -agentlib:jdwp=transport=dt_socket,server=n,suspend=y,address=127.0.0.1:59797 -javaagent:C:\Users\Admin\AppData\Local\JetBrains\IdeaIC2025.2\captureAgent\debugger-agent.jar=file:///C:/Users/Admin/AppData/Local/Temp/capture5512728394951128234.props -Dfile.encoding=UTF-8 -Duser.country=RU -Duser.language=ru -Duser.variant 
java_command: net.fabricmc.devlaunchinjector.Main -XX:+UseZGC -XX:+UnlockExperimentalVMOptions -XX:+AlwaysPreTouch -XX:+UseStringDeduplication -XX:G1NewSizePercent=25 -XX:G1MaxNewSizePercent=40 -XX:G1HeapRegionSize=16M -XX:InitiatingHeapOccupancyPercent=15 -XX:G1MixedGCCountTarget=4 -XX:MaxGCPauseMillis=40 -XX:+PerfDisableSharedMem -XX:+OptimizeStringConcat
java_class_path (initial): C:\Users\Admin\Desktop\luxury2\build\classes\java\main;C:\Users\Admin\Desktop\luxury2\build\resources\main;C:\Users\Admin\.gradle\caches\fabric-loom\1.21.4\net.fabricmc.yarn.1_21_4.1.21.4+build.8-v2\mappings.jar;C:\Users\Admin\.gradle\caches\modules-2\files-2.1\dev.redstones.mediaplayerinfo\media-player-info\0.1.0\32aa3b264c4fd692636e6d35ca97dec2ee074994\media-player-info-0.1.0.jar;C:\Users\Admin\.gradle\caches\modules-2\files-2.1\com.github.hypfvieh\dbus-java-transport-jnr-unixsocket\5.0.0\45604388617e766bfda8aed601b870c45cf1618e\dbus-java-transport-jnr-unixsocket-5.0.0.jar;C:\Users\Admin\.gradle\caches\modules-2\files-2.1\com.github.jnr\jnr-unixsocket\0.38.21\a82bcad60a471aff9c73c944322ce10481029c80\jnr-unixsocket-0.38.21.jar;C:\Users\Admin\.gradle\caches\modules-2\files-2.1\com.github.jnr\jnr-enxio\0.32.16\e5150a15ba39c3712510020ad164d424b6878551\jnr-enxio-0.32.16.jar;C:\Users\Admin\.gradle\caches\modules-2\files-2.1\com.github.jnr\jnr-posix\3.1.18\b8dd3917e186f47636bf50a2483e40d49880ca67\jnr-posix-3.1.18.jar;C:\Users\Admin\.gradle\caches\modules-2\files-2.1\com.github.jnr\jnr-ffi\2.2.15\fa3c32f463423469de314b03a157d5f1f7476ec0\jnr-ffi-2.2.15.jar;C:\Users\Admin\.gradle\caches\modules-2\files-2.1\org.ow2.asm\asm-commons\9.7.1\406c6a2225cfe1819f102a161e54cc16a5c24f75\asm-commons-9.7.1.jar;C:\Users\Admin\.gradle\caches\modules-2\files-2.1\org.ow2.asm\asm-util\9.7.1\9e23359b598ec6b74b23e53110dd5c577adf2243\asm-util-9.7.1.jar;C:\Users\Admin\.gradle\caches\modules-2\files-2.1\org.ow2.asm\asm-analysis\9.7.1\f97a3b319f0ed6a8cd944dc79060d3912a28985f\asm-analysis-9.7.1.jar;C:\Users\Admin\.gradle\caches\modules-2\files-2.1\org.ow2.asm\asm-tree\9.7.1\3a53139787663b139de76b627fca0084ab60d32c\asm-tree-9.7.1.jar;C:\Users\Admin\.gradle\caches\modules-2\files-2.1\org.ow2.asm\asm\9.7.1\f0ed132a49244b042cd0e15702ab9f2ce3cc8436\asm-9.7.1.jar;C:\Users\Admin\.gradle\caches\modules-2\files-2.1\net.fabricmc\sponge-mixin\0.15.4+mixin.0.8.7\6a12aacc794f1078458433116e9ed42c1cc98096\sponge-mixin-0.15.4+mixin.0.8.7.jar;C:\Users\Admin\.gradle\caches\modules-2\files-2.1\io.github.llamalad7\mixinextras-fabric\0.4.1\8d1a9e96afb990367fa1f904d17580d164da72e3\mixinextras-fabric-0.4.1.jar;C:\Users\Admin\.gradle\caches\modules-2\files-2.1\net.fabricmc\dev-launch-injector\0.2.1+build.8\da8bef7e6e2f952da707f282bdb46882a0fce5e3\dev-launch-injector-0.2.1+build.8.jar;C:\Users\Admin\.gradle\caches\modules-2\files-2.1\net.minecrell\terminalconsoleappender\1.3.0\b562e9bb61235c9520e26282cdee71f8f802d1fc\terminalconsoleappender-1.3.0.jar;C:\Users\Admin\.gradle\caches\modules-2\files-2.1\com.fasterxml.jackson.core\jackson-annotations\2.13.4\858c6cc78e1f08a885b1613e1d817c829df70a6e\jackson-annotations-2.13.4.jar;C:\Users\Admin\.gradle\caches\modules-2\files-2.1\com.fasterxml.jackson.core\jackson-core\2.13.4\cf934c681294b97ef6d80082faeefbe1edadf56\jackson-core-2.13.4.jar;C:\Users\Admin\.gradle\caches\modules-2\files-2.1\com.fasterxml.jackson.core\jackson-databind\2.13.4.2\325c06bdfeb628cfb80ebaaf1a26cc1eb558a585\jackson-databind-2.13.4.2.jar;C:\Users\Admin\.gradle\caches\modules-2\files-2.1\com.github.oshi\oshi-core\6.6.5\e1099981fd15dc4236c4499d82aba1276fb43a9a\oshi-core-6.6.5.jar;C:\Users\Admin\.gradle\caches\modules-2\files-2.1\com.github.stephenc.jcip\jcip-annotations\1.0-1\ef31541dd28ae2cefdd17c7ebf352d93e9058c63\jcip-annotations-1.0-1.jar;C:\Users\Admin\.gradle\caches\modules-2\files-2.1\com.google.code.gson\gson\2.11.0\527175ca6d81050b53bdd4c457a6d6e017626b0e\gson-2.11.0.jar;C:\Users\Admin\.gradle\caches\modules-2\files-2.1\com.google.guava\failureaccess\1.0.2\c4a06a64e650562f30b7bf9aaec1bfed43aca12b\failureaccess-1.0.2.jar;C:\Users\Admin\.gradle\caches\modules-2\files-2.1\com.google.guava\guava\33.3.1-jre\852f8b363da0111e819460021ca693cacca3e8db\guava-33.3.1-jre.jar;C:\Users\Admin\.gradle\caches\modules-2\files-2.1\com.ibm.icu\icu4j\76.1\215f3a8e936d4069344bd75f2b1368fd58112894\icu4j-76.1.jar;C:\Users\Admin\.gradle\caches\modules-2\files-2.1\com.microsoft.azure\msal4j\1.17.2\a6211e3d71d0388929babaa0ff0951b30d001852\msal4j-1.17.2.jar;C:\Users\Admin\.gradle\caches\modules-2\files-2.1\com.mojang\authlib\6.0.57\bded3161a7346de32213da750388ec6529fe4f6b\authlib-6.0.57.jar;C:\Users\Admin\.gradle\caches\modules-2\files-2.1\com.mojang\blocklist\1.0.10\5c685c5ffa94c4cd39496c7184c1d122e515ecef\blocklist-1.0.10.jar;C:\Users\Admin\.gradle\caches\modules-2\files-2.1\com.mojang\brigadier\1.3.10\d15b53a14cf20fdcaa98f731af5dda654452c010\brigadier-1.3.10.jar;C:\Users\Admin\.gradle\caches\modules-2\files-2.1\com.mojang\datafixerupper\8.0.16\67d4de6d7f95d89bcf5862995fb854ebaec02a34\datafixerupper-8.0.16.jar;C:\Users\Admin\.gradle\caches\modules-2\files-2.1\com.mojang\jtracy\1.0.29\6f07dcb6a2e595c7ee2ca43b67e5d1c018ca0770\jtracy-1.0.29.jar;C:\Users\Admin\.gradle\caches\modules-2\files-2.1\com.mojang\jtracy\1.0.29\e05332cb31c7ae582dc8d8bd1bffd47c2ff7636f\jtracy-1.0.29-natives-windows.jar;C:\Users\Admin\.gradle\caches\modules-2\files-2.1\com.mojang\logging\1.5.10\9ab1202793717af9df9c1704d0a02892067001eb\logging-1.5.10.jar;C:\Users\Admin\.gradle\caches\modules-2\files-2.1\com.mojang\patchy\2.2.10\da05971b07cbb379d002cf7eaec6a2048211fefc\patchy-2.2.10.jar;C:\Users\Admin\.gradle\caches\modules-2\files-2.1\com.mojang\text2speech\1.17.9\3cad216e3a7f0c19b4b394388bc9ffc446f13b14\text2speech-1.17.9.jar;C:\Users\Admin\.gradle\caches\modules-2\files-2.1\com.nimbusds\content-type\2.3\e3aa0be212d7a42839a8f3f506f5b990bcce0222\content-type-2.3.jar;C:\Users\Admin\.gradle\caches\modules-2\files-2.1\com.nimbusds\lang-tag\1.7\97c73ecd70bc7e8eefb26c5eea84f251a63f1031\lang-tag-1.7.jar;C:\Users\Admin\.gradle\caches\modules-2\files-2.1\com.nimbusds\nimbus-jose-jwt\9.40\42b1dfa0360e4062951b070bac52dd8d96fd7b38\nimbus-jose-jwt-9.40.jar;C:\Users\Admin\.gradle\caches\modules-2\files-2.1\com.nimbusds\oauth2-oidc-sdk\11.18\7c7ec4f4066625ff07a711ad856fa04da1ff9de\oauth2-oidc-sdk-11.18.jar;C:\Users\Admin\.gradle\caches\modules-2\files-2.1\commons-codec\commons-codec\1.17.1\973638b7149d333563584137ebf13a691bb60579\commons-codec-1.17.1.jar;C:\Users\Admin\.gradle\caches\modules-2\files-2.1\commons-io\commons-io\2.17.0\ddcc8433eb019fb48fe25207c0278143f3e1d7e2\commons-io-2.17.0.jar;C:\Users\Admin\.gradle\caches\modules-2\files-2.1\commons-logging\commons-logging\1.3.4\b9fc14968d63a8b8a8a2c1885fe3e90564239708\commons-logging-1.3.4.jar;C:\Users\Admin\.gradle\caches\modules-2\files-2.1\io.netty\netty-buffer\4.1.115.Final\d5daf1030e5c36d198caf7562da2441a97ec0df6\netty-buffer-4.1.115.Final.jar;C:\Users\Admin\.gradle\caches\modules-2\files-2.1\io.netty\netty-codec\4.1.115.Final\d326bf3a4c785b272da3db6941779a1bd5448378\netty-codec-4.1.115.Final.jar;C:\Users\Admin\.gradle\caches\modules-2\files-2.1\io.netty\netty-common\4.1.115.Final\9da10a9f72e3f87e181d91b525174007a6fc4f11\netty-common-4.1.115.Final.jar;C:\Users\Admin\.gradle\caches\modules-2\files-2.1\io.netty\netty-handler\4.1.115.Final\d54dbf68b9d88a98240107758c6b63da5e46e23a\netty-handler-4.1.115.Final.jar;C:\Users\Admin\.gradle\caches\modules-2\files-2.1\io.netty\netty-resolver\4.1.115.Final\e33b4d476c03975957f5d8d0319d592bf2bc5e96\netty-resolver-4.1.115.Final.jar;C:\Users\Admin\.gradle\caches\modules-2\files-2.1\io.netty\netty-transport-classes-epoll\4.1.115.Final\11fea00408ecbd8b8d1f0698d708e37db4a01841\netty-transport-classes-epoll-4.1.115.Final.jar;C:\Users\Admin\.gradle\caches\modules-2\files-2.1\io.netty\netty-transport-native-unix-common\4.1.115.Final\dc96c67d06cd6b5eb677f2728f27bf2e3d9a7284\netty-transport-native-unix-common-4.1.115.Final.jar;C:\Users\Admin\.gradle\caches\modules-2\files-2.1\io.netty\netty-transport\4.1.115.Final\39cef77c1a25908ac1abf4960c2e789f0bf70ff9\netty-transport-4.1.115.Final.jar;C:\Users\Admin\.gradle\caches\modules-2\files-2.1\it.unimi.dsi\fastutil\8.5.15\1e885b40c9563ab0d3899b871fd0b30e958705dc\fastutil-8.5.15.jar;C:\Users\Admin\.gradle\caches\modules-2\files-2.1\net.java.dev.jna\jna-platform\5.15.0\86b502cad57d45da172b5e3231c537b042e296ef\jna-platform-5.15.0.jar;C:\Users\Admin\.gradle\caches\modules-2\files-2.1\net.java.dev.jna\jna\5.15.0\1ee1d80ff44f08280188f7c0e740d57207841ac\jna-5.15.0.jar;C:\Users\Admin\.gradle\caches\modules-2\files-2.1\net.minidev\accessors-smart\2.5.1\19b820261eb2e7de7d5bde11d1c06e4501dd7e5f\accessors-smart-2.5.1.jar;C:\Users\Admin\.gradle\caches\modules-2\files-2.1\net.minidev\json-smart\2.5.1\4c11d2808d009132dfbbf947ebf37de6bf266c8e\json-smart-2.5.1.jar;C:\Users\Admin\.gradle\caches\modules-2\files-2.1\net.sf.jopt-simple\jopt-simple\5.0.4\4fdac2fbe92dfad86aa6e9301736f6b4342a3f5c\jopt-simple-5.0.4.jar;C:\Users\Admin\.gradle\caches\modules-2\files-2.1\org.apache.commons\commons-compress\1.27.1\a19151084758e2fbb6b41eddaa88e7b8ff4e6599\commons-compress-1.27.1.jar;C:\Users\Admin\.gradle\caches\modules-2\files-2.1\org.apache.commons\commons-lang3\3.17.0\b17d2136f0460dcc0d2016ceefca8723bdf4ee70\commons-lang3-3.17.0.jar;C:\Users\Admin\.gradle\caches\modules-2\files-2.1\org.apache.httpcomponents\httpclient\4.5.14\1194890e6f56ec29177673f2f12d0b8e627dec98\httpclient-4.5.14.jar;C:\Users\Admin\.gradle\caches\modules-2\files-2.1\org.apache.httpcomponents\httpcore\4.4.16\51cf043c87253c9f58b539c9f7e44c8894223850\httpcore-4.4.16.jar;C:\Users\Admin\.gradle\caches\modules-2\files-2.1\org.apache.logging.log4j\log4j-core\2.24.1\c85285146f28d8c8962384f786e2dff04172fb43\log4j-core-2.24.1.jar;C:\Users\Admin\.gradle\caches\modules-2\files-2.1\org.apache.logging.log4j\log4j-api\2.24.1\7ebeb12c20606373005af4232cd0ecca72613dda\log4j-api-2.24.1.jar;C:\Users\Admin\.gradle\caches\modules-2\files-2.1\org.apache.logging.log4j\log4j-slf4j2-impl\2.24.1\8e3ddc96464ef7f768823e7e001a52b23de8cd0a\log4j-slf4j2-impl-2.24.1.jar;C:\Users\Admin\.gradle\caches\modules-2\files-2.1\org.jcraft\jorbis\0.0.17\8872d22b293e8f5d7d56ff92be966e6dc28ebdc6\jorbis-0.0.17.jar;C:\Users\Admin\.gradle\caches\modules-2\files-2.1\org.joml\joml\1.10.8\fc0a71dad90a2cf41d82a76156a0e700af8e4f8d\joml-1.10.8.jar;C:\Users\Admin\.gradle\caches\modules-2\files-2.1\org.lwjgl\lwjgl-freetype\3.3.3\a0db6c84a8becc8ca05f9dbfa985edc348a824c7\lwjgl-freetype-3.3.3.jar;C:\Users\Admin\.gradle\caches\modules-2\files-2.1\org.lwjgl\lwjgl-freetype\3.3.3\81091b006dbb43fab04c8c638e9ac87c51b4096d\lwjgl-freetype-3.3.3-natives-windows.jar;C:\Users\Admin\.gradle\caches\modules-2\files-2.1\org.lwjgl\lwjgl-freetype\3.3.3\82028265a0a2ff33523ca75137ada7dc176e5210\lwjgl-freetype-3.3.3-natives-windows-arm64.jar;C:\Users\Admin\.gradle\caches\modules-2\files-2.1\org.lwjgl\lwjgl-freetype\3.3.3\15a8c1de7f51d07a92eae7ce1222557073a0c0c3\lwjgl-freetype-3.3.3-natives-windows-x86.jar;C:\Users\Admin\.gradle\caches\modules-2\files-2.1\org.lwjgl\lwjgl-glfw\3.3.3\efa1eb78c5ccd840e9f329717109b5e892d72f8e\lwjgl-glfw-3.3.3.jar;C:\Users\Admin\.gradle\caches\modules-2\files-2.1\org.lwjgl\lwjgl-glfw\3.3.3\e449e28b4891fc423c54c85fbc5bb0b9efece67a\lwjgl-glfw-3.3.3-natives-windows.jar;C:\Users\Admin\.gradle\caches\modules-2\files-2.1\org.lwjgl\lwjgl-glfw\3.3.3\f27018dc74f6289574502b46cce55d52817554e2\lwjgl-glfw-3.3.3-natives-windows-arm64.jar;C:\Users\Admin\.gradle\caches\modules-2\files-2.1\org.lwjgl\lwjgl-glfw\3.3.3\32334f3fd5270a59bad9939a93115acb6de36dcf\lwjgl-glfw-3.3.3-natives-windows-x86.jar;C:\Users\Admin\.gradle\caches\modules-2\files-2.1\org.lwjgl\lwjgl-jemalloc\3.3.3\b543467b7ff3c6920539a88ee602d34098628be5\lwjgl-jemalloc-3.3.3.jar;C:\Users\Admin\.gradle\caches\modules-2\files-2.1\org.lwjgl\lwjgl-jemalloc\3.3.3\426222fc027602a5f21b9c0fe79cde6a4c7a011f\lwjgl-jemalloc-3.3.3-natives-windows.jar;C:\Users\Admin\.gradle\caches\modules-2\files-2.1\org.lwjgl\lwjgl-jemalloc\3.3.3\ba1f3fed0ee4be0217eaa41c5bbfb4b9b1383c33\lwjgl-jemalloc-3.3.3-natives-windows-arm64.jar;C:\Users\Admin\.gradle\caches\modules-2\files-2.1\org.lwjgl\lwjgl-jemalloc\3.3.3\f6063b6e0f23be483c5c88d84ce51b39dc69126c\lwjgl-jemalloc-3.3.3-natives-windows-x86.jar;C:\Users\Admin\.gradle\caches\modules-2\files-2.1\org.lwjgl\lwjgl-openal\3.3.3\daada81ceb5fc0c291fbfdd4433cb8d9423577f2\lwjgl-openal-3.3.3.jar;C:\Users\Admin\.gradle\caches\modules-2\files-2.1\org.lwjgl\lwjgl-openal\3.3.3\cf83862ae95d98496b26915024c7e666d8ab1c8f\lwjgl-openal-3.3.3-natives-windows.jar;C:\Users\Admin\.gradle\caches\modules-2\files-2.1\org.lwjgl\lwjgl-openal\3.3.3\8e0615235116b9e4160dfe87bec90f5f6378bf72\lwjgl-openal-3.3.3-natives-windows-arm64.jar;C:\Users\Admin\.gradle\caches\modules-2\files-2.1\org.lwjgl\lwjgl-openal\3.3.3\87b8d5050e3adb46bb58fe1cb2669a4a48fce10d\lwjgl-openal-3.3.3-natives-windows-x86.jar;C:\Users\Admin\.gradle\caches\modules-2\files-2.1\org.lwjgl\lwjgl-opengl\3.3.3\2f6b0147078396a58979125a4c947664e98293a\lwjgl-opengl-3.3.3.jar;C:\Users\Admin\.gradle\caches\modules-2\files-2.1\org.lwjgl\lwjgl-opengl\3.3.3\e6c1eec8be8a71951b830a4d69efc01c6531900c\lwjgl-opengl-3.3.3-natives-windows.jar;C:\Users\Admin\.gradle\caches\modules-2\files-2.1\org.lwjgl\lwjgl-opengl\3.3.3\65e956d3735a1abdc82eff4baec1b61174697d4b\lwjgl-opengl-3.3.3-natives-windows-arm64.jar;C:\Users\Admin\.gradle\caches\modules-2\files-2.1\org.lwjgl\lwjgl-opengl\3.3.3\d32d833dcaa2f355a886eaf21f0408b5f03241d\lwjgl-opengl-3.3.3-natives-windows-x86.jar;C:\Users\Admin\.gradle\caches\modules-2\files-2.1\org.lwjgl\lwjgl-stb\3.3.3\25dd6161988d7e65f71d5065c99902402ee32746\lwjgl-stb-3.3.3.jar;C:\Users\Admin\.gradle\caches\modules-2\files-2.1\org.lwjgl\lwjgl-stb\3.3.3\1d9facdf6541de114b0f963be33505b7679c78cb\lwjgl-stb-3.3.3-natives-windows.jar;C:\Users\Admin\.gradle\caches\modules-2\files-2.1\org.lwjgl\lwjgl-stb\3.3.3\a584ab44de569708871f0a79561f4d8c37487f2c\lwjgl-stb-3.3.3-natives-windows-arm64.jar;C:\Users\Admin\.gradle\caches\modules-2\files-2.1\org.lwjgl\lwjgl-stb\3.3.3\b5c874687b9aac1a936501d4ed2c49567fd1b575\lwjgl-stb-3.3.3-natives-windows-x86.jar;C:\Users\Admin\.gradle\caches\modules-2\files-2.1\org.lwjgl\lwjgl-tinyfd\3.3.3\82d755ca94b102e9ca77283b9e2dc46d1b15fbe5\lwjgl-tinyfd-3.3.3.jar;C:\Users\Admin\.gradle\caches\modules-2\files-2.1\org.lwjgl\lwjgl-tinyfd\3.3.3\a6697981b0449a5087c1d546fc08b4f73e8f98c9\lwjgl-tinyfd-3.3.3-natives-windows.jar;C:\Users\Admin\.gradle\caches\modules-2\files-2.1\org.lwjgl\lwjgl-tinyfd\3.3.3\a88c494f3006eb91a7433b12a3a55a9a6c20788b\lwjgl-tinyfd-3.3.3-natives-windows-arm64.jar;C:\Users\Admin\.gradle\caches\modules-2\files-2.1\org.lwjgl\lwjgl-tinyfd\3.3.3\c336c84ee88cccb495c6ffa112395509e7378e8a\lwjgl-tinyfd-3.3.3-natives-windows-x86.jar;C:\Users\Admin\.gradle\caches\modules-2\files-2.1\org.lwjgl\lwjgl\3.3.3\29589b5f87ed335a6c7e7ee6a5775f81f97ecb84\lwjgl-3.3.3.jar;C:\Users\Admin\.gradle\caches\modules-2\files-2.1\org.lwjgl\lwjgl\3.3.3\a5ed18a2b82fc91b81f40d717cb1f64c9dcb0540\lwjgl-3.3.3-natives-windows.jar;C:\Users\Admin\.gradle\caches\modules-2\files-2.1\org.lwjgl\lwjgl\3.3.3\e9aca8c5479b520a2a7f0d542a118140e812c5e8\lwjgl-3.3.3-natives-windows-arm64.jar;C:\Users\Admin\.gradle\caches\modules-2\files-2.1\org.lwjgl\lwjgl\3.3.3\9e670718e050aeaeea0c2d5b907cffb142f2e58f\lwjgl-3.3.3-natives-windows-x86.jar;C:\Users\Admin\.gradle\caches\modules-2\files-2.1\org.lz4\lz4-java\1.8.0\4b986a99445e49ea5fbf5d149c4b63f6ed6c6780\lz4-java-1.8.0.jar;C:\Users\Admin\.gradle\caches\modules-2\files-2.1\com.github.hypfvieh\dbus-java-core\5.0.0\fe1faacc4e7be00387b715a16a658bcc1cfc6434\dbus-java-core-5.0.0.jar;C:\Users\Admin\.gradle\caches\modules-2\files-2.1\org.slf4j\slf4j-api\2.0.16\172931663a09a1fa515567af5fbef00897d3c04\slf4j-api-2.0.16.jar;C:\Users\Admin\Desktop\luxury2\.gradle\loom-cache\minecraftMaven\net\minecraft\minecraft-merged-a172fc6613\1.21.4-net.fabricmc.yarn.1_21_4.1.21.4+build.8-v2\minecraft-merged-a172fc6613-1.21.4-net.fabricmc.yarn.1_21_4.1.21.4+build.8-v2.jar;C:\Users\Admin\.gradle\caches\modules-2\files-2.1\io.netty\netty-transport-native-epoll\4.1.115.Final\a6cc58c4a259bad159cbb06120cea9b3474e86a0\netty-transport-native-epoll-4.1.115.Final-linux-x86_64.jar;C:\Users\Admin\.gradle\caches\modules-2\files-2.1\io.netty\netty-transport-native-epoll\4.1.115.Final\a80b32f98ceb4e27958c0ceaf22ddad9ea6c0d4e\netty-transport-native-epoll-4.1.115.Final-linux-aarch_64.jar;C:\Users\Admin\.gradle\caches\modules-2\files-2.1\net.fabricmc\fabric-loader\0.16.10\dbd932c2a3641d2c41cf9abfe47e140a5753fa86\fabric-loader-0.16.10.jar;C:\Users\Admin\.gradle\caches\modules-2\files-2.1\org.projectlombok\lombok\1.18.34\ec547ef414ab1d2c040118fb9c1c265ada63af14\lombok-1.18.34.jar;C:\Users\Admin\Desktop\luxury2\.gradle\loom-cache\remapped_mods\remapped\net\fabricmc\fabric-api\fabric-api-46549a5a\0.119.4+1.21.4\fabric-api-46549a5a-0.119.4+1.21.4.jar;C:\Users\Admin\Desktop\luxury2\.gradle\loom-cache\remapped_mods\remapped\net\fabricmc\fabric-api\fabric-transfer-api-v1-46549a5a\5.4.9+efa825c904\fabric-transfer-api-v1-46549a5a-5.4.9+efa825c904.jar;C:\Users\Admin\Desktop\luxury2\.gradle\loom-cache\remapped_mods\remapped\net\fabricmc\fabric-api\fabric-api-lookup-api-v1-46549a5a\1.6.86+b1caf1e904\fabric-api-lookup-api-v1-46549a5a-1.6.86+b1caf1e904.jar;C:\Users\Admin\Desktop\luxury2\.gradle\loom-cache\remapped_mods\remapped\net\fabricmc\fabric-api\fabric-blockrenderlayer-v1-46549a5a\2.0.8+7feeb73304\fabric-blockrenderlayer-v1-46549a5a-2.0.8+7feeb73304.jar;C:\Users\Admin\Desktop\luxury2\.gradle\loom-cache\remapped_mods\remapped\net\fabricmc\fabric-api\fabric-client-tags-api-v1-46549a5a\1.1.29+20ea1e2304\fabric-client-tags-api-v1-46549a5a-1.1.29+20ea1e2304.jar;C:\Users\Admin\Desktop\luxury2\.gradle\loom-cache\remapped_mods\remapped\net\fabricmc\fabric-api\fabric-command-api-v1-46549a5a\1.2.62+f71b366f04\fabric-command-api-v1-46549a5a-1.2.62+f71b366f04.jar;C:\Users\Admin\Desktop\luxury2\.gradle\loom-cache\remapped_mods\remapped\net\fabricmc\fabric-api\fabric-commands-v0-46549a5a\0.2.79+df3654b304\fabric-commands-v0-46549a5a-0.2.79+df3654b304.jar;C:\Users\Admin\Desktop\luxury2\.gradle\loom-cache\remapped_mods\remapped\net\fabricmc\fabric-api\fabric-command-api-v2-46549a5a\2.2.41+e496eb1504\fabric-command-api-v2-46549a5a-2.2.41+e496eb1504.jar;C:\Users\Admin\Desktop\luxury2\.gradle\loom-cache\remapped_mods\remapped\net\fabricmc\fabric-api\fabric-content-registries-v0-46549a5a\9.1.19+25d1a67604\fabric-content-registries-v0-46549a5a-9.1.19+25d1a67604.jar;C:\Users\Admin\Desktop\luxury2\.gradle\loom-cache\remapped_mods\remapped\net\fabricmc\fabric-api\fabric-data-generation-api-v1-46549a5a\22.3.1+0f4e5f5504\fabric-data-generation-api-v1-46549a5a-22.3.1+0f4e5f5504.jar;C:\Users\Admin\Desktop\luxury2\.gradle\loom-cache\remapped_mods\remapped\net\fabricmc\fabric-api\fabric-convention-tags-v1-46549a5a\2.1.20+7f945d5b04\fabric-convention-tags-v1-46549a5a-2.1.20+7f945d5b04.jar;C:\Users\Admin\Desktop\luxury2\.gradle\loom-cache\remapped_mods\remapped\net\fabricmc\fabric-api\fabric-convention-tags-v2-46549a5a\2.14.1+aebda09404\fabric-convention-tags-v2-46549a5a-2.14.1+aebda09404.jar;C:\Users\Admin\Desktop\luxury2\.gradle\loom-cache\remapped_mods\remapped\net\fabricmc\fabric-api\fabric-data-attachment-api-v1-46549a5a\1.6.2+e99da0f704\fabric-data-attachment-api-v1-46549a5a-1.6.2+e99da0f704.jar;C:\Users\Admin\Desktop\luxury2\.gradle\loom-cache\remapped_mods\remapped\net\fabricmc\fabric-api\fabric-entity-events-v1-46549a5a\2.0.15+62245bef04\fabric-entity-events-v1-46549a5a-2.0.15+62245bef04.jar;C:\Users\Admin\Desktop\luxury2\.gradle\loom-cache\remapped_mods\remapped\net\fabricmc\fabric-api\fabric-events-interaction-v0-46549a5a\4.0.4+a4eebcf004\fabric-events-interaction-v0-46549a5a-4.0.4+a4eebcf004.jar;C:\Users\Admin\Desktop\luxury2\.gradle\loom-cache\remapped_mods\remapped\net\fabricmc\fabric-api\fabric-gametest-api-v1-46549a5a\2.0.26+7feeb73304\fabric-gametest-api-v1-46549a5a-2.0.26+7feeb73304.jar;C:\Users\Admin\Desktop\luxury2\.gradle\loom-cache\remapped_mods\remapped\net\fabricmc\fabric-api\fabric-item-api-v1-46549a5a\11.4.0+189dd6fe04\fabric-item-api-v1-46549a5a-11.4.0+189dd6fe04.jar;C:\Users\Admin\Desktop\luxury2\.gradle\loom-cache\remapped_mods\remapped\net\fabricmc\fabric-api\fabric-item-group-api-v1-46549a5a\4.2.2+fcb9601404\fabric-item-group-api-v1-46549a5a-4.2.2+fcb9601404.jar;C:\Users\Admin\Desktop\luxury2\.gradle\loom-cache\remapped_mods\remapped\net\fabricmc\fabric-api\fabric-lifecycle-events-v1-46549a5a\2.5.4+bf2a60eb04\fabric-lifecycle-events-v1-46549a5a-2.5.4+bf2a60eb04.jar;C:\Users\Admin\Desktop\luxury2\.gradle\loom-cache\remapped_mods\remapped\net\fabricmc\fabric-api\fabric-loot-api-v2-46549a5a\3.0.38+3f89f5a504\fabric-loot-api-v2-46549a5a-3.0.38+3f89f5a504.jar;C:\Users\Admin\Desktop\luxury2\.gradle\loom-cache\remapped_mods\remapped\net\fabricmc\fabric-api\fabric-loot-api-v3-46549a5a\1.0.26+203e6b2304\fabric-loot-api-v3-46549a5a-1.0.26+203e6b2304.jar;C:\Users\Admin\Desktop\luxury2\.gradle\loom-cache\remapped_mods\remapped\net\fabricmc\fabric-api\fabric-message-api-v1-46549a5a\6.0.26+238a33c004\fabric-message-api-v1-46549a5a-6.0.26+238a33c004.jar;C:\Users\Admin\Desktop\luxury2\.gradle\loom-cache\remapped_mods\remapped\net\fabricmc\fabric-api\fabric-model-loading-api-v1-46549a5a\4.3.0+ae23723504\fabric-model-loading-api-v1-46549a5a-4.3.0+ae23723504.jar;C:\Users\Admin\Desktop\luxury2\.gradle\loom-cache\remapped_mods\remapped\net\fabricmc\fabric-api\fabric-recipe-api-v1-46549a5a\8.1.1+640e77ae04\fabric-recipe-api-v1-46549a5a-8.1.1+640e77ae04.jar;C:\Users\Admin\Desktop\luxury2\.gradle\loom-cache\remapped_mods\remapped\net\fabricmc\fabric-api\fabric-screen-handler-api-v1-46549a5a\1.3.118+7feeb73304\fabric-screen-handler-api-v1-46549a5a-1.3.118+7feeb73304.jar;C:\Users\Admin\Desktop\luxury2\.gradle\loom-cache\remapped_mods\remapped\net\fabricmc\fabric-api\fabric-registry-sync-v0-46549a5a\6.1.11+4a9c1ece04\fabric-registry-sync-v0-46549a5a-6.1.11+4a9c1ece04.jar;C:\Users\Admin\Desktop\luxury2\.gradle\loom-cache\remapped_mods\remapped\net\fabricmc\fabric-api\fabric-networking-api-v1-46549a5a\4.4.0+db5e668204\fabric-networking-api-v1-46549a5a-4.4.0+db5e668204.jar;C:\Users\Admin\Desktop\luxury2\.gradle\loom-cache\remapped_mods\remapped\net\fabricmc\fabric-api\fabric-object-builder-api-v1-46549a5a\18.0.14+38b0d59804\fabric-object-builder-api-v1-46549a5a-18.0.14+38b0d59804.jar;C:\Users\Admin\Desktop\luxury2\.gradle\loom-cache\remapped_mods\remapped\net\fabricmc\fabric-api\fabric-particles-v1-46549a5a\4.0.14+7feeb73304\fabric-particles-v1-46549a5a-4.0.14+7feeb73304.jar;C:\Users\Admin\Desktop\luxury2\.gradle\loom-cache\remapped_mods\remapped\net\fabricmc\fabric-api\fabric-renderer-indigo-46549a5a\2.0.3+50f0feb204\fabric-renderer-indigo-46549a5a-2.0.3+50f0feb204.jar;C:\Users\Admin\Desktop\luxury2\.gradle\loom-cache\remapped_mods\remapped\net\fabricmc\fabric-api\fabric-renderer-api-v1-46549a5a\5.0.3+50f0feb204\fabric-renderer-api-v1-46549a5a-5.0.3+50f0feb204.jar;C:\Users\Admin\Desktop\luxury2\.gradle\loom-cache\remapped_mods\remapped\net\fabricmc\fabric-api\fabric-rendering-fluids-v1-46549a5a\3.1.19+7feeb73304\fabric-rendering-fluids-v1-46549a5a-3.1.19+7feeb73304.jar;C:\Users\Admin\Desktop\luxury2\.gradle\loom-cache\remapped_mods\remapped\net\fabricmc\fabric-api\fabric-rendering-v1-46549a5a\10.2.1+0d31b09f04\fabric-rendering-v1-46549a5a-10.2.1+0d31b09f04.jar;C:\Users\Admin\Desktop\luxury2\.gradle\loom-cache\remapped_mods\remapped\net\fabricmc\fabric-api\fabric-tag-api-v1-46549a5a\1.0.7+7d48d43904\fabric-tag-api-v1-46549a5a-1.0.7+7d48d43904.jar;C:\Users\Admin\Desktop\luxury2\.gradle\loom-cache\remapped_mods\remapped\net\fabricmc\fabric-api\fabric-resource-loader-v0-46549a5a\3.1.1+360374ac04\fabric-resource-loader-v0-46549a5a-3.1.1+360374ac04.jar;C:\Users\Admin\Desktop\luxury2\.gradle\loom-cache\remapped_mods\remapped\net\fabricmc\fabric-api\fabric-screen-api-v1-46549a5a\2.0.38+7feeb73304\fabric-screen-api-v1-46549a5a-2.0.38+7feeb73304.jar;C:\Users\Admin\Desktop\luxury2\.gradle\loom-cache\remapped_mods\remapped\net\fabricmc\fabric-api\fabric-api-base-46549a5a\0.4.54+b47eab6b04\fabric-api-base-46549a5a-0.4.54+b47eab6b04.jar;C:\Users\Admin\Desktop\luxury2\.gradle\loom-cache\remapped_mods\remapped\net\fabricmc\fabric-api\fabric-biome-api-v1-46549a5a\15.0.6+b1c29d8e04\fabric-biome-api-v1-46549a5a-15.0.6+b1c29d8e04.jar;C:\Users\Admin\Desktop\luxury2\.gradle\loom-cache\remapped_mods\remapped\net\fabricmc\fabric-api\fabric-block-api-v1-46549a5a\1.0.31+7feeb73304\fabric-block-api-v1-46549a5a-1.0.31+7feeb73304.jar;C:\Users\Admin\Desktop\luxury2\.gradle\loom-cache\remapped_mods\remapped\net\fabricmc\fabric-api\fabric-rendering-data-attachment-v1-46549a5a\0.3.58+73761d2e04\fabric-rendering-data-attachment-v1-46549a5a-0.3.58+73761d2e04.jar;C:\Users\Admin\Desktop\luxury2\.gradle\loom-cache\remapped_mods\remapped\net\fabricmc\fabric-api\fabric-block-view-api-v2-46549a5a\1.0.20+9c49cc8c04\fabric-block-view-api-v2-46549a5a-1.0.20+9c49cc8c04.jar;C:\Users\Admin\Desktop\luxury2\.gradle\loom-cache\remapped_mods\remapped\net\fabricmc\fabric-api\fabric-client-gametest-api-v1-46549a5a\4.1.1+6816ccd404\fabric-client-gametest-api-v1-46549a5a-4.1.1+6816ccd404.jar;C:\Users\Admin\Desktop\luxury2\.gradle\loom-cache\remapped_mods\remapped\net\fabricmc\fabric-api\fabric-crash-report-info-v1-46549a5a\0.3.6+7feeb73304\fabric-crash-report-info-v1-46549a5a-0.3.6+7feeb73304.jar;C:\Users\Admin\Desktop\luxury2\.gradle\loom-cache\remapped_mods\remapped\net\fabricmc\fabric-api\fabric-dimensions-v1-46549a5a\4.0.10+7feeb73304\fabric-dimensions-v1-46549a5a-4.0.10+7feeb73304.jar;C:\Users\Admin\Desktop\luxury2\.gradle\loom-cache\remapped_mods\remapped\net\fabricmc\fabric-api\fabric-game-rule-api-v1-46549a5a\1.0.63+7d48d43904\fabric-game-rule-api-v1-46549a5a-1.0.63+7d48d43904.jar;C:\Users\Admin\Desktop\luxury2\.gradle\loom-cache\remapped_mods\remapped\net\fabricmc\fabric-api\fabric-keybindings-v0-46549a5a\0.2.55+df3654b304\fabric-keybindings-v0-46549a5a-0.2.55+df3654b304.jar;C:\Users\Admin\Desktop\luxury2\.gradle\loom-cache\remapped_mods\remapped\net\fabricmc\fabric-api\fabric-key-binding-api-v1-46549a5a\1.0.57+7d48d43904\fabric-key-binding-api-v1-46549a5a-1.0.57+7d48d43904.jar;C:\Users\Admin\Desktop\luxury2\.gradle\loom-cache\remapped_mods\remapped\net\fabricmc\fabric-api\fabric-resource-conditions-api-v1-46549a5a\5.0.13+203e6b2304\fabric-resource-conditions-api-v1-46549a5a-5.0.13+203e6b2304.jar;C:\Users\Admin\Desktop\luxury2\.gradle\loom-cache\remapped_mods\remapped\net\fabricmc\fabric-api\fabric-sound-api-v1-46549a5a\1.0.32+7feeb73304\fabric-sound-api-v1-46549a5a-1.0.32+7feeb73304.jar;C:\Users\Admin\Desktop\luxury2\.gradle\loom-cache\remapped_mods\remapped\net\fabricmc\fabric-api\fabric-transitive-access-wideners-v1-46549a5a\6.3.2+56e78b9b04\fabric-transitive-access-wideners-v1-46549a5a-6.3.2+56e78b9b04.jar;C:\Users\Admin\.gradle\caches\modules-2\files-2.1\org.jetbrains.kotlinx\kotlinx-serialization-core-jvm\1.6.3\6b6c17d0312ba7192893adea9d52959941d0119b\kotlinx-serialization-core-jvm-1.6.3.jar;C:\Users\Admin\.gradle\caches\modules-2\files-2.1\org.jetbrains.kotlin\kotlin-stdlib\1.9.22\d6c44cd08d8f3f9bece8101216dbe6553365c6e3\kotlin-stdlib-1.9.22.jar;C:\Users\Admin\.gradle\caches\modules-2\files-2.1\org.jline\jline-reader\3.20.0\8f15415b022a25b473e8e16c28ae913186ffb9c4\jline-reader-3.20.0.jar;C:\Users\Admin\.gradle\caches\modules-2\files-2.1\org.jetbrains\annotations\13.0\919f0dfe192fb4e063e7dacadee7f8bb9a2672a9\annotations-13.0.jar;C:\Users\Admin\.gradle\caches\modules-2\files-2.1\org.jline\jline-terminal\3.20.0\d0ddcc708ddf527a3454c941b7b9225cc83a15ff\jline-terminal-3.20.0.jar;C:\Users\Admin\.gradle\caches\modules-2\files-2.1\com.github.jnr\jnr-constants\0.10.4\9f6f23763bf40ea7b56391791f574174914430a\jnr-constants-0.10.4.jar;C:\Users\Admin\.gradle\caches\modules-2\files-2.1\com.github.jnr\jffi\1.3.12\a439d46fb5d5d9539f16db7d574c7aafb952874a\jffi-1.3.12.jar;C:\Users\Admin\.gradle\caches\modules-2\files-2.1\com.github.jnr\jffi\1.3.12\ebd0e45f447d80c16fbf2a82ff0253de28837b41\jffi-1.3.12-native.jar;C:\Users\Admin\.gradle\caches\modules-2\files-2.1\com.github.jnr\jnr-a64asm\1.0.0\a1cb8dbe71b5a6a0288043c3ba3ca64545be165\jnr-a64asm-1.0.0.jar;C:\Users\Admin\.gradle\caches\modules-2\files-2.1\com.github.jnr\jnr-x86asm\1.0.2\6936bbd6c5b235665d87bd450f5e13b52d4b48\jnr-x86asm-1.0.2.jar
Launcher Type: SUN_STANDARD

[Global flags]
     intx CICompilerCount                          = 3                                         {product} {ergonomic}
     uint ConcGCThreads                            = 1                                         {product} {ergonomic}
     uint G1ConcRefinementThreads                  = 4                                         {product} {ergonomic}
   size_t G1HeapRegionSize                         = 2097152                                   {product} {ergonomic}
    uintx GCDrainStackTargetSize                   = 64                                        {product} {ergonomic}
   size_t InitialHeapSize                          = 201326592                                 {product} {ergonomic}
   size_t MarkStackSize                            = 4194304                                   {product} {ergonomic}
   size_t MaxHeapSize                              = 3206545408                                {product} {ergonomic}
   size_t MaxNewSize                               = 1923088384                                {product} {ergonomic}
   size_t MinHeapDeltaBytes                        = 2097152                                   {product} {ergonomic}
   size_t MinHeapSize                              = 8388608                                   {product} {ergonomic}
    uintx NonNMethodCodeHeapSize                   = 5832780                                {pd product} {ergonomic}
    uintx NonProfiledCodeHeapSize                  = 122912730                              {pd product} {ergonomic}
    uintx ProfiledCodeHeapSize                     = 122912730                              {pd product} {ergonomic}
    uintx ReservedCodeCacheSize                    = 251658240                              {pd product} {ergonomic}
     bool SegmentedCodeCache                       = true                                      {product} {ergonomic}
   size_t SoftMaxHeapSize                          = 3206545408                             {manageable} {ergonomic}
     bool UseCompressedOops                        = true                           {product lp64_product} {ergonomic}
     bool UseG1GC                                  = true                                      {product} {ergonomic}
     bool UseLargePagesIndividualAllocation        = false                                  {pd product} {ergonomic}

Logging:
Log output configuration:
 #0: stdout all=warning uptime,level,tags foldmultilines=false
 #1: stderr all=off uptime,level,tags foldmultilines=false

Environment Variables:
PATH=C:\Program Files (x86)\NVIDIA Corporation\PhysX\Common;C:\Program Files\Common Files\Oracle\Java\javapath;C:\Program Files\Python311\Scripts\;C:\Program Files\Python311\;C:\Program Files\Python310\Scripts\;C:\Program Files\Python310\;C:\Program Files\Eclipse Adoptium\jdk-17.0.1.12-hotspot\bin;C:\Windows\system32;C:\Windows;C:\Windows\System32\Wbem;C:\Windows\System32\WindowsPowerShell\v1.0\;C:\Windows\System32\OpenSSH\;C:\Program Files\Cloudflare\Cloudflare WARP\;e:\cursor\resources\app\bin;C:\Program Files\Git\cmd;C:\Program Files\dotnet\;D:\Windows Kits\10\Windows Performance Toolkit\;D:\cursor\resources\app\bin;C:\Users\Admin\AppData\Local\Programs\Python\Python38-32\Scripts\;C:\Users\Admin\AppData\Local\Programs\Python\Python38-32\;C:\Users\Admin\AppData\Local\Microsoft\WindowsApps;;C:\Users\Admin\IntelliJ IDEA 2025.1.3\bin;C:\Program Files (x86)\rubberband;;E:\cursor\resources\app\bin;D:\IntelliJ IDEA Community Edition 2025.2.1\bin;E:\Microsoft VS Code\bin
USERNAME=Admin
OS=Windows_NT
PROCESSOR_IDENTIFIER=Intel64 Family 6 Model 158 Stepping 10, GenuineIntel
TMP=C:\Users\Admin\AppData\Local\Temp
TEMP=C:\Users\Admin\AppData\Local\Temp




Periodic native trim disabled

---------------  S Y S T E M  ---------------

OS:
 Windows 11 , 64 bit Build 22621 (10.0.22621.3371)
OS uptime: 0 days 5:45 hours

CPU: total 4 (initial active 4) (2 cores per cpu, 2 threads per core) family 6 model 158 stepping 10 microcode 0xde, cx8, cmov, fxsr, ht, mmx, 3dnowpref, sse, sse2, sse3, ssse3, sse4.1, sse4.2, popcnt, lzcnt, tsc, tscinvbit, aes, erms, clmul, clflush, clflushopt, rdtscp
Processor Information for the first 4 processors :
  Max Mhz: 3696, Current Mhz: 3696, Mhz Limit: 3696

Memory: 4k page, system-wide physical 12230M (1554M free)
TotalPageFile size 27463M (AvailPageFile size 6M)
current process WorkingSet (physical memory assigned to process): 1738M, peak: 2273M
current process commit charge ("private bytes"): 2672M, peak: 2695M

vm_info: OpenJDK 64-Bit Server VM (21.0.8+9-LTS) for windows-amd64 JRE (21.0.8+9-LTS), built on 2025-07-09T19:22:31Z by "Administrator" with MS VC++ 16.10 / 16.11 (VS2019)

END.
